0 0000000000000000 0000000000000000 0000000000000000 0 0 0
0 0000000000000000 8000000000000000 0000000000000000 0 0 0
0 0000000000000000 0000000000000001 0000000000000001 0 0 0
0 0000000000000000 8000000000000001 8000000000000001 0 0 0
0 0000000000000000 000fffffffffffff 000fffffffffffff 0 0 0
0 0000000000000000 0010000000000000 0010000000000000 0 0 0
0 0000000000000000 0010000000000001 0010000000000001 0 0 0
0 0000000000000000 3ff0000000000000 3ff0000000000000 0 0 0
0 0000000000000000 bff0000000000000 bff0000000000000 0 0 0
0 0000000000000000 4000000000000000 4000000000000000 0 0 0
0 0000000000000000 4008000000000000 4008000000000000 0 0 0
0 0000000000000000 7fefffffffffffff 7fefffffffffffff 0 0 0
0 0000000000000000 ffefffffffffffff ffefffffffffffff 0 0 0
0 0000000000000000 7ff0000000000000 7ff0000000000000 0 0 0
0 0000000000000000 fff0000000000000 fff0000000000000 0 0 0
0 0000000000000000 7ff0000000000001 7ff8000000000000 1 0 0
0 0000000000000000 7ff8000000000000 7ff8000000000000 0 0 0
0 0000000000000000 3fe0000000000000 3fe0000000000000 0 0 0
0 0000000000000000 bfe0000000000000 bfe0000000000000 0 0 0
0 8000000000000000 0000000000000000 0000000000000000 0 0 0
0 8000000000000000 8000000000000000 8000000000000000 0 0 0
0 8000000000000000 0000000000000001 0000000000000001 0 0 0
0 8000000000000000 8000000000000001 8000000000000001 0 0 0
0 8000000000000000 000fffffffffffff 000fffffffffffff 0 0 0
0 8000000000000000 0010000000000000 0010000000000000 0 0 0
0 8000000000000000 0010000000000001 0010000000000001 0 0 0
0 8000000000000000 3ff0000000000000 3ff0000000000000 0 0 0
0 8000000000000000 bff0000000000000 bff0000000000000 0 0 0
0 8000000000000000 4000000000000000 4000000000000000 0 0 0
0 8000000000000000 4008000000000000 4008000000000000 0 0 0
0 8000000000000000 7fefffffffffffff 7fefffffffffffff 0 0 0
0 8000000000000000 ffefffffffffffff ffefffffffffffff 0 0 0
0 8000000000000000 7ff0000000000000 7ff0000000000000 0 0 0
0 8000000000000000 fff0000000000000 fff0000000000000 0 0 0
0 8000000000000000 7ff0000000000001 7ff8000000000000 1 0 0
0 8000000000000000 7ff8000000000000 7ff8000000000000 0 0 0
0 8000000000000000 3fe0000000000000 3fe0000000000000 0 0 0
0 8000000000000000 bfe0000000000000 bfe0000000000000 0 0 0
0 0000000000000001 0000000000000000 0000000000000001 0 0 0
0 0000000000000001 8000000000000000 0000000000000001 0 0 0
0 0000000000000001 0000000000000001 0000000000000002 0 0 0
0 0000000000000001 8000000000000001 0000000000000000 0 0 0
0 0000000000000001 000fffffffffffff 0010000000000000 0 0 0
0 0000000000000001 0010000000000000 0010000000000001 0 0 0
0 0000000000000001 0010000000000001 0010000000000002 0 0 0
0 0000000000000001 3ff0000000000000 3ff0000000000000 10 0 0
0 0000000000000001 bff0000000000000 bff0000000000000 10 0 0
0 0000000000000001 4000000000000000 4000000000000000 10 0 0
0 0000000000000001 4008000000000000 4008000000000000 10 0 0
0 0000000000000001 7fefffffffffffff 7fefffffffffffff 10 0 0
0 0000000000000001 ffefffffffffffff ffefffffffffffff 10 0 0
0 0000000000000001 7ff0000000000000 7ff0000000000000 0 0 0
0 0000000000000001 fff0000000000000 fff0000000000000 0 0 0
0 0000000000000001 7ff0000000000001 7ff8000000000000 1 0 0
0 0000000000000001 7ff8000000000000 7ff8000000000000 0 0 0
0 0000000000000001 3fe0000000000000 3fe0000000000000 10 0 0
0 0000000000000001 bfe0000000000000 bfe0000000000000 10 0 0
0 8000000000000001 0000000000000000 8000000000000001 0 0 0
0 8000000000000001 8000000000000000 8000000000000001 0 0 0
0 8000000000000001 0000000000000001 0000000000000000 0 0 0
0 8000000000000001 8000000000000001 8000000000000002 0 0 0
0 8000000000000001 000fffffffffffff 000ffffffffffffe 0 0 0
0 8000000000000001 0010000000000000 000fffffffffffff 0 0 0
0 8000000000000001 0010000000000001 0010000000000000 0 0 0
0 8000000000000001 3ff0000000000000 3ff0000000000000 10 0 0
0 8000000000000001 bff0000000000000 bff0000000000000 10 0 0
0 8000000000000001 4000000000000000 4000000000000000 10 0 0
0 8000000000000001 4008000000000000 4008000000000000 10 0 0
0 8000000000000001 7fefffffffffffff 7fefffffffffffff 10 0 0
0 8000000000000001 ffefffffffffffff ffefffffffffffff 10 0 0
0 8000000000000001 7ff0000000000000 7ff0000000000000 0 0 0
0 8000000000000001 fff0000000000000 fff0000000000000 0 0 0
0 8000000000000001 7ff0000000000001 7ff8000000000000 1 0 0
0 8000000000000001 7ff8000000000000 7ff8000000000000 0 0 0
0 8000000000000001 3fe0000000000000 3fe0000000000000 10 0 0
0 8000000000000001 bfe0000000000000 bfe0000000000000 10 0 0
0 000fffffffffffff 0000000000000000 000fffffffffffff 0 0 0
0 000fffffffffffff 8000000000000000 000fffffffffffff 0 0 0
0 000fffffffffffff 0000000000000001 0010000000000000 0 0 0
0 000fffffffffffff 8000000000000001 000ffffffffffffe 0 0 0
0 000fffffffffffff 000fffffffffffff 001ffffffffffffe 0 0 0
0 000fffffffffffff 0010000000000000 001fffffffffffff 0 0 0
0 000fffffffffffff 0010000000000001 0020000000000000 0 0 0
0 000fffffffffffff 3ff0000000000000 3ff0000000000000 10 0 0
0 000fffffffffffff bff0000000000000 bff0000000000000 10 0 0
0 000fffffffffffff 4000000000000000 4000000000000000 10 0 0
0 000fffffffffffff 4008000000000000 4008000000000000 10 0 0
0 000fffffffffffff 7fefffffffffffff 7fefffffffffffff 10 0 0
0 000fffffffffffff ffefffffffffffff ffefffffffffffff 10 0 0
0 000fffffffffffff 7ff0000000000000 7ff0000000000000 0 0 0
0 000fffffffffffff fff0000000000000 fff0000000000000 0 0 0
0 000fffffffffffff 7ff0000000000001 7ff8000000000000 1 0 0
0 000fffffffffffff 7ff8000000000000 7ff8000000000000 0 0 0
0 000fffffffffffff 3fe0000000000000 3fe0000000000000 10 0 0
0 000fffffffffffff bfe0000000000000 bfe0000000000000 10 0 0
0 0010000000000000 0000000000000000 0010000000000000 0 0 0
0 0010000000000000 8000000000000000 0010000000000000 0 0 0
0 0010000000000000 0000000000000001 0010000000000001 0 0 0
0 0010000000000000 8000000000000001 000fffffffffffff 0 0 0
0 0010000000000000 000fffffffffffff 001fffffffffffff 0 0 0
0 0010000000000000 0010000000000000 0020000000000000 0 0 0
0 0010000000000000 0010000000000001 0020000000000000 10 0 0
0 0010000000000000 3ff0000000000000 3ff0000000000000 10 0 0
0 0010000000000000 bff0000000000000 bff0000000000000 10 0 0
0 0010000000000000 4000000000000000 4000000000000000 10 0 0
0 0010000000000000 4008000000000000 4008000000000000 10 0 0
0 0010000000000000 7fefffffffffffff 7fefffffffffffff 10 0 0
0 0010000000000000 ffefffffffffffff ffefffffffffffff 10 0 0
0 0010000000000000 7ff0000000000000 7ff0000000000000 0 0 0
0 0010000000000000 fff0000000000000 fff0000000000000 0 0 0
0 0010000000000000 7ff0000000000001 7ff8000000000000 1 0 0
0 0010000000000000 7ff8000000000000 7ff8000000000000 0 0 0
0 0010000000000000 3fe0000000000000 3fe0000000000000 10 0 0
0 0010000000000000 bfe0000000000000 bfe0000000000000 10 0 0
0 0010000000000001 0000000000000000 0010000000000001 0 0 0
0 0010000000000001 8000000000000000 0010000000000001 0 0 0
0 0010000000000001 0000000000000001 0010000000000002 0 0 0
0 0010000000000001 8000000000000001 0010000000000000 0 0 0
0 0010000000000001 000fffffffffffff 0020000000000000 0 0 0
0 0010000000000001 0010000000000000 0020000000000000 10 0 0
0 0010000000000001 0010000000000001 0020000000000001 0 0 0
0 0010000000000001 3ff0000000000000 3ff0000000000000 10 0 0
0 0010000000000001 bff0000000000000 bff0000000000000 10 0 0
0 0010000000000001 4000000000000000 4000000000000000 10 0 0
0 0010000000000001 4008000000000000 4008000000000000 10 0 0
0 0010000000000001 7fefffffffffffff 7fefffffffffffff 10 0 0
0 0010000000000001 ffefffffffffffff ffefffffffffffff 10 0 0
0 0010000000000001 7ff0000000000000 7ff0000000000000 0 0 0
0 0010000000000001 fff0000000000000 fff0000000000000 0 0 0
0 0010000000000001 7ff0000000000001 7ff8000000000000 1 0 0
0 0010000000000001 7ff8000000000000 7ff8000000000000 0 0 0
0 0010000000000001 3fe0000000000000 3fe0000000000000 10 0 0
0 0010000000000001 bfe0000000000000 bfe0000000000000 10 0 0
0 3ff0000000000000 0000000000000000 3ff0000000000000 0 0 0
0 3ff0000000000000 8000000000000000 3ff0000000000000 0 0 0
0 3ff0000000000000 0000000000000001 3ff0000000000000 10 0 0
0 3ff0000000000000 8000000000000001 3ff0000000000000 10 0 0
0 3ff0000000000000 000fffffffffffff 3ff0000000000000 10 0 0
0 3ff0000000000000 0010000000000000 3ff0000000000000 10 0 0
0 3ff0000000000000 0010000000000001 3ff0000000000000 10 0 0
0 3ff0000000000000 3ff0000000000000 4000000000000000 0 0 0
0 3ff0000000000000 bff0000000000000 0000000000000000 0 0 0
0 3ff0000000000000 4000000000000000 4008000000000000 0 0 0
0 3ff0000000000000 4008000000000000 4010000000000000 0 0 0
0 3ff0000000000000 7fefffffffffffff 7fefffffffffffff 10 0 0
0 3ff0000000000000 ffefffffffffffff ffefffffffffffff 10 0 0
0 3ff0000000000000 7ff0000000000000 7ff0000000000000 0 0 0
0 3ff0000000000000 fff0000000000000 fff0000000000000 0 0 0
0 3ff0000000000000 7ff0000000000001 7ff8000000000000 1 0 0
0 3ff0000000000000 7ff8000000000000 7ff8000000000000 0 0 0
0 3ff0000000000000 3fe0000000000000 3ff8000000000000 0 0 0
0 3ff0000000000000 bfe0000000000000 3fe0000000000000 0 0 0
0 bff0000000000000 0000000000000000 bff0000000000000 0 0 0
0 bff0000000000000 8000000000000000 bff0000000000000 0 0 0
0 bff0000000000000 0000000000000001 bff0000000000000 10 0 0
0 bff0000000000000 8000000000000001 bff0000000000000 10 0 0
0 bff0000000000000 000fffffffffffff bff0000000000000 10 0 0
0 bff0000000000000 0010000000000000 bff0000000000000 10 0 0
0 bff0000000000000 0010000000000001 bff0000000000000 10 0 0
0 bff0000000000000 3ff0000000000000 0000000000000000 0 0 0
0 bff0000000000000 bff0000000000000 c000000000000000 0 0 0
0 bff0000000000000 4000000000000000 3ff0000000000000 0 0 0
0 bff0000000000000 4008000000000000 4000000000000000 0 0 0
0 bff0000000000000 7fefffffffffffff 7fefffffffffffff 10 0 0
0 bff0000000000000 ffefffffffffffff ffefffffffffffff 10 0 0
0 bff0000000000000 7ff0000000000000 7ff0000000000000 0 0 0
0 bff0000000000000 fff0000000000000 fff0000000000000 0 0 0
0 bff0000000000000 7ff0000000000001 7ff8000000000000 1 0 0
0 bff0000000000000 7ff8000000000000 7ff8000000000000 0 0 0
0 bff0000000000000 3fe0000000000000 bfe0000000000000 0 0 0
0 bff0000000000000 bfe0000000000000 bff8000000000000 0 0 0
0 4000000000000000 0000000000000000 4000000000000000 0 0 0
0 4000000000000000 8000000000000000 4000000000000000 0 0 0
0 4000000000000000 0000000000000001 4000000000000000 10 0 0
0 4000000000000000 8000000000000001 4000000000000000 10 0 0
0 4000000000000000 000fffffffffffff 4000000000000000 10 0 0
0 4000000000000000 0010000000000000 4000000000000000 10 0 0
0 4000000000000000 0010000000000001 4000000000000000 10 0 0
0 4000000000000000 3ff0000000000000 4008000000000000 0 0 0
0 4000000000000000 bff0000000000000 3ff0000000000000 0 0 0
0 4000000000000000 4000000000000000 4010000000000000 0 0 0
0 4000000000000000 4008000000000000 4014000000000000 0 0 0
0 4000000000000000 7fefffffffffffff 7fefffffffffffff 10 0 0
0 4000000000000000 ffefffffffffffff ffefffffffffffff 10 0 0
0 4000000000000000 7ff0000000000000 7ff0000000000000 0 0 0
0 4000000000000000 fff0000000000000 fff0000000000000 0 0 0
0 4000000000000000 7ff0000000000001 7ff8000000000000 1 0 0
0 4000000000000000 7ff8000000000000 7ff8000000000000 0 0 0
0 4000000000000000 3fe0000000000000 4004000000000000 0 0 0
0 4000000000000000 bfe0000000000000 3ff8000000000000 0 0 0
0 4008000000000000 0000000000000000 4008000000000000 0 0 0
0 4008000000000000 8000000000000000 4008000000000000 0 0 0
0 4008000000000000 0000000000000001 4008000000000000 10 0 0
0 4008000000000000 8000000000000001 4008000000000000 10 0 0
0 4008000000000000 000fffffffffffff 4008000000000000 10 0 0
0 4008000000000000 0010000000000000 4008000000000000 10 0 0
0 4008000000000000 0010000000000001 4008000000000000 10 0 0
0 4008000000000000 3ff0000000000000 4010000000000000 0 0 0
0 4008000000000000 bff0000000000000 4000000000000000 0 0 0
0 4008000000000000 4000000000000000 4014000000000000 0 0 0
0 4008000000000000 4008000000000000 4018000000000000 0 0 0
0 4008000000000000 7fefffffffffffff 7fefffffffffffff 10 0 0
0 4008000000000000 ffefffffffffffff ffefffffffffffff 10 0 0
0 4008000000000000 7ff0000000000000 7ff0000000000000 0 0 0
0 4008000000000000 fff0000000000000 fff0000000000000 0 0 0
0 4008000000000000 7ff0000000000001 7ff8000000000000 1 0 0
0 4008000000000000 7ff8000000000000 7ff8000000000000 0 0 0
0 4008000000000000 3fe0000000000000 400c000000000000 0 0 0
0 4008000000000000 bfe0000000000000 4004000000000000 0 0 0
0 7fefffffffffffff 0000000000000000 7fefffffffffffff 0 0 0
0 7fefffffffffffff 8000000000000000 7fefffffffffffff 0 0 0
0 7fefffffffffffff 0000000000000001 7fefffffffffffff 10 0 0
0 7fefffffffffffff 8000000000000001 7fefffffffffffff 10 0 0
0 7fefffffffffffff 000fffffffffffff 7fefffffffffffff 10 0 0
0 7fefffffffffffff 0010000000000000 7fefffffffffffff 10 0 0
0 7fefffffffffffff 0010000000000001 7fefffffffffffff 10 0 0
0 7fefffffffffffff 3ff0000000000000 7fefffffffffffff 10 0 0
0 7fefffffffffffff bff0000000000000 7fefffffffffffff 10 0 0
0 7fefffffffffffff 4000000000000000 7fefffffffffffff 10 0 0
0 7fefffffffffffff 4008000000000000 7fefffffffffffff 10 0 0
0 7fefffffffffffff 7fefffffffffffff 7ff0000000000000 14 0 0
0 7fefffffffffffff ffefffffffffffff 0000000000000000 0 0 0
0 7fefffffffffffff 7ff0000000000000 7ff0000000000000 0 0 0
0 7fefffffffffffff fff0000000000000 fff0000000000000 0 0 0
0 7fefffffffffffff 7ff0000000000001 7ff8000000000000 1 0 0
0 7fefffffffffffff 7ff8000000000000 7ff8000000000000 0 0 0
0 7fefffffffffffff 3fe0000000000000 7fefffffffffffff 10 0 0
0 7fefffffffffffff bfe0000000000000 7fefffffffffffff 10 0 0
0 ffefffffffffffff 0000000000000000 ffefffffffffffff 0 0 0
0 ffefffffffffffff 8000000000000000 ffefffffffffffff 0 0 0
0 ffefffffffffffff 0000000000000001 ffefffffffffffff 10 0 0
0 ffefffffffffffff 8000000000000001 ffefffffffffffff 10 0 0
0 ffefffffffffffff 000fffffffffffff ffefffffffffffff 10 0 0
0 ffefffffffffffff 0010000000000000 ffefffffffffffff 10 0 0
0 ffefffffffffffff 0010000000000001 ffefffffffffffff 10 0 0
0 ffefffffffffffff 3ff0000000000000 ffefffffffffffff 10 0 0
0 ffefffffffffffff bff0000000000000 ffefffffffffffff 10 0 0
0 ffefffffffffffff 4000000000000000 ffefffffffffffff 10 0 0
0 ffefffffffffffff 4008000000000000 ffefffffffffffff 10 0 0
0 ffefffffffffffff 7fefffffffffffff 0000000000000000 0 0 0
0 ffefffffffffffff ffefffffffffffff fff0000000000000 14 0 0
0 ffefffffffffffff 7ff0000000000000 7ff0000000000000 0 0 0
0 ffefffffffffffff fff0000000000000 fff0000000000000 0 0 0
0 ffefffffffffffff 7ff0000000000001 7ff8000000000000 1 0 0
0 ffefffffffffffff 7ff8000000000000 7ff8000000000000 0 0 0
0 ffefffffffffffff 3fe0000000000000 ffefffffffffffff 10 0 0
0 ffefffffffffffff bfe0000000000000 ffefffffffffffff 10 0 0
0 7ff0000000000000 0000000000000000 7ff0000000000000 0 0 0
0 7ff0000000000000 8000000000000000 7ff0000000000000 0 0 0
0 7ff0000000000000 0000000000000001 7ff0000000000000 0 0 0
0 7ff0000000000000 8000000000000001 7ff0000000000000 0 0 0
0 7ff0000000000000 000fffffffffffff 7ff0000000000000 0 0 0
0 7ff0000000000000 0010000000000000 7ff0000000000000 0 0 0
0 7ff0000000000000 0010000000000001 7ff0000000000000 0 0 0
0 7ff0000000000000 3ff0000000000000 7ff0000000000000 0 0 0
0 7ff0000000000000 bff0000000000000 7ff0000000000000 0 0 0
0 7ff0000000000000 4000000000000000 7ff0000000000000 0 0 0
0 7ff0000000000000 4008000000000000 7ff0000000000000 0 0 0
0 7ff0000000000000 7fefffffffffffff 7ff0000000000000 0 0 0
0 7ff0000000000000 ffefffffffffffff 7ff0000000000000 0 0 0
0 7ff0000000000000 7ff0000000000000 7ff0000000000000 0 0 0
0 7ff0000000000000 fff0000000000000 7ff8000000000000 1 0 0
0 7ff0000000000000 7ff0000000000001 7ff8000000000000 1 0 0
0 7ff0000000000000 7ff8000000000000 7ff8000000000000 0 0 0
0 7ff0000000000000 3fe0000000000000 7ff0000000000000 0 0 0
0 7ff0000000000000 bfe0000000000000 7ff0000000000000 0 0 0
0 fff0000000000000 0000000000000000 fff0000000000000 0 0 0
0 fff0000000000000 8000000000000000 fff0000000000000 0 0 0
0 fff0000000000000 0000000000000001 fff0000000000000 0 0 0
0 fff0000000000000 8000000000000001 fff0000000000000 0 0 0
0 fff0000000000000 000fffffffffffff fff0000000000000 0 0 0
0 fff0000000000000 0010000000000000 fff0000000000000 0 0 0
0 fff0000000000000 0010000000000001 fff0000000000000 0 0 0
0 fff0000000000000 3ff0000000000000 fff0000000000000 0 0 0
0 fff0000000000000 bff0000000000000 fff0000000000000 0 0 0
0 fff0000000000000 4000000000000000 fff0000000000000 0 0 0
0 fff0000000000000 4008000000000000 fff0000000000000 0 0 0
0 fff0000000000000 7fefffffffffffff fff0000000000000 0 0 0
0 fff0000000000000 ffefffffffffffff fff0000000000000 0 0 0
0 fff0000000000000 7ff0000000000000 7ff8000000000000 1 0 0
0 fff0000000000000 fff0000000000000 fff0000000000000 0 0 0
0 fff0000000000000 7ff0000000000001 7ff8000000000000 1 0 0
0 fff0000000000000 7ff8000000000000 7ff8000000000000 0 0 0
0 fff0000000000000 3fe0000000000000 fff0000000000000 0 0 0
0 fff0000000000000 bfe0000000000000 fff0000000000000 0 0 0
0 7ff0000000000001 0000000000000000 7ff8000000000000 1 0 0
0 7ff0000000000001 8000000000000000 7ff8000000000000 1 0 0
0 7ff0000000000001 0000000000000001 7ff8000000000000 1 0 0
0 7ff0000000000001 8000000000000001 7ff8000000000000 1 0 0
0 7ff0000000000001 000fffffffffffff 7ff8000000000000 1 0 0
0 7ff0000000000001 0010000000000000 7ff8000000000000 1 0 0
0 7ff0000000000001 0010000000000001 7ff8000000000000 1 0 0
0 7ff0000000000001 3ff0000000000000 7ff8000000000000 1 0 0
0 7ff0000000000001 bff0000000000000 7ff8000000000000 1 0 0
0 7ff0000000000001 4000000000000000 7ff8000000000000 1 0 0
0 7ff0000000000001 4008000000000000 7ff8000000000000 1 0 0
0 7ff0000000000001 7fefffffffffffff 7ff8000000000000 1 0 0
0 7ff0000000000001 ffefffffffffffff 7ff8000000000000 1 0 0
0 7ff0000000000001 7ff0000000000000 7ff8000000000000 1 0 0
0 7ff0000000000001 fff0000000000000 7ff8000000000000 1 0 0
0 7ff0000000000001 7ff0000000000001 7ff8000000000000 1 0 0
0 7ff0000000000001 7ff8000000000000 7ff8000000000000 1 0 0
0 7ff0000000000001 3fe0000000000000 7ff8000000000000 1 0 0
0 7ff0000000000001 bfe0000000000000 7ff8000000000000 1 0 0
0 7ff8000000000000 0000000000000000 7ff8000000000000 0 0 0
0 7ff8000000000000 8000000000000000 7ff8000000000000 0 0 0
0 7ff8000000000000 0000000000000001 7ff8000000000000 0 0 0
0 7ff8000000000000 8000000000000001 7ff8000000000000 0 0 0
0 7ff8000000000000 000fffffffffffff 7ff8000000000000 0 0 0
0 7ff8000000000000 0010000000000000 7ff8000000000000 0 0 0
0 7ff8000000000000 0010000000000001 7ff8000000000000 0 0 0
0 7ff8000000000000 3ff0000000000000 7ff8000000000000 0 0 0
0 7ff8000000000000 bff0000000000000 7ff8000000000000 0 0 0
0 7ff8000000000000 4000000000000000 7ff8000000000000 0 0 0
0 7ff8000000000000 4008000000000000 7ff8000000000000 0 0 0
0 7ff8000000000000 7fefffffffffffff 7ff8000000000000 0 0 0
0 7ff8000000000000 ffefffffffffffff 7ff8000000000000 0 0 0
0 7ff8000000000000 7ff0000000000000 7ff8000000000000 0 0 0
0 7ff8000000000000 fff0000000000000 7ff8000000000000 0 0 0
0 7ff8000000000000 7ff0000000000001 7ff8000000000000 1 0 0
0 7ff8000000000000 7ff8000000000000 7ff8000000000000 0 0 0
0 7ff8000000000000 3fe0000000000000 7ff8000000000000 0 0 0
0 7ff8000000000000 bfe0000000000000 7ff8000000000000 0 0 0
0 3fe0000000000000 0000000000000000 3fe0000000000000 0 0 0
0 3fe0000000000000 8000000000000000 3fe0000000000000 0 0 0
0 3fe0000000000000 0000000000000001 3fe0000000000000 10 0 0
0 3fe0000000000000 8000000000000001 3fe0000000000000 10 0 0
0 3fe0000000000000 000fffffffffffff 3fe0000000000000 10 0 0
0 3fe0000000000000 0010000000000000 3fe0000000000000 10 0 0
0 3fe0000000000000 0010000000000001 3fe0000000000000 10 0 0
0 3fe0000000000000 3ff0000000000000 3ff8000000000000 0 0 0
0 3fe0000000000000 bff0000000000000 bfe0000000000000 0 0 0
0 3fe0000000000000 4000000000000000 4004000000000000 0 0 0
0 3fe0000000000000 4008000000000000 400c000000000000 0 0 0
0 3fe0000000000000 7fefffffffffffff 7fefffffffffffff 10 0 0
0 3fe0000000000000 ffefffffffffffff ffefffffffffffff 10 0 0
0 3fe0000000000000 7ff0000000000000 7ff0000000000000 0 0 0
0 3fe0000000000000 fff0000000000000 fff0000000000000 0 0 0
0 3fe0000000000000 7ff0000000000001 7ff8000000000000 1 0 0
0 3fe0000000000000 7ff8000000000000 7ff8000000000000 0 0 0
0 3fe0000000000000 3fe0000000000000 3ff0000000000000 0 0 0
0 3fe0000000000000 bfe0000000000000 0000000000000000 0 0 0
0 bfe0000000000000 0000000000000000 bfe0000000000000 0 0 0
0 bfe0000000000000 8000000000000000 bfe0000000000000 0 0 0
0 bfe0000000000000 0000000000000001 bfe0000000000000 10 0 0
0 bfe0000000000000 8000000000000001 bfe0000000000000 10 0 0
0 bfe0000000000000 000fffffffffffff bfe0000000000000 10 0 0
0 bfe0000000000000 0010000000000000 bfe0000000000000 10 0 0
0 bfe0000000000000 0010000000000001 bfe0000000000000 10 0 0
0 bfe0000000000000 3ff0000000000000 3fe0000000000000 0 0 0
0 bfe0000000000000 bff0000000000000 bff8000000000000 0 0 0
0 bfe0000000000000 4000000000000000 3ff8000000000000 0 0 0
0 bfe0000000000000 4008000000000000 4004000000000000 0 0 0
0 bfe0000000000000 7fefffffffffffff 7fefffffffffffff 10 0 0
0 bfe0000000000000 ffefffffffffffff ffefffffffffffff 10 0 0
0 bfe0000000000000 7ff0000000000000 7ff0000000000000 0 0 0
0 bfe0000000000000 fff0000000000000 fff0000000000000 0 0 0
0 bfe0000000000000 7ff0000000000001 7ff8000000000000 1 0 0
0 bfe0000000000000 7ff8000000000000 7ff8000000000000 0 0 0
0 bfe0000000000000 3fe0000000000000 0000000000000000 0 0 0
0 bfe0000000000000 bfe0000000000000 bff0000000000000 0 0 0
1 0000000000000000 0000000000000000 0000000000000000 0 0 0
1 0000000000000000 8000000000000000 0000000000000000 0 0 0
1 0000000000000000 0000000000000001 8000000000000001 0 0 0
1 0000000000000000 8000000000000001 0000000000000001 0 0 0
1 0000000000000000 000fffffffffffff 800fffffffffffff 0 0 0
1 0000000000000000 0010000000000000 8010000000000000 0 0 0
1 0000000000000000 0010000000000001 8010000000000001 0 0 0
1 0000000000000000 3ff0000000000000 bff0000000000000 0 0 0
1 0000000000000000 bff0000000000000 3ff0000000000000 0 0 0
1 0000000000000000 4000000000000000 c000000000000000 0 0 0
1 0000000000000000 4008000000000000 c008000000000000 0 0 0
1 0000000000000000 7fefffffffffffff ffefffffffffffff 0 0 0
1 0000000000000000 ffefffffffffffff 7fefffffffffffff 0 0 0
1 0000000000000000 7ff0000000000000 fff0000000000000 0 0 0
1 0000000000000000 fff0000000000000 7ff0000000000000 0 0 0
1 0000000000000000 7ff0000000000001 7ff8000000000000 1 0 0
1 0000000000000000 7ff8000000000000 7ff8000000000000 0 0 0
1 0000000000000000 3fe0000000000000 bfe0000000000000 0 0 0
1 0000000000000000 bfe0000000000000 3fe0000000000000 0 0 0
1 8000000000000000 0000000000000000 8000000000000000 0 0 0
1 8000000000000000 8000000000000000 0000000000000000 0 0 0
1 8000000000000000 0000000000000001 8000000000000001 0 0 0
1 8000000000000000 8000000000000001 0000000000000001 0 0 0
1 8000000000000000 000fffffffffffff 800fffffffffffff 0 0 0
1 8000000000000000 0010000000000000 8010000000000000 0 0 0
1 8000000000000000 0010000000000001 8010000000000001 0 0 0
1 8000000000000000 3ff0000000000000 bff0000000000000 0 0 0
1 8000000000000000 bff0000000000000 3ff0000000000000 0 0 0
1 8000000000000000 4000000000000000 c000000000000000 0 0 0
1 8000000000000000 4008000000000000 c008000000000000 0 0 0
1 8000000000000000 7fefffffffffffff ffefffffffffffff 0 0 0
1 8000000000000000 ffefffffffffffff 7fefffffffffffff 0 0 0
1 8000000000000000 7ff0000000000000 fff0000000000000 0 0 0
1 8000000000000000 fff0000000000000 7ff0000000000000 0 0 0
1 8000000000000000 7ff0000000000001 7ff8000000000000 1 0 0
1 8000000000000000 7ff8000000000000 7ff8000000000000 0 0 0
1 8000000000000000 3fe0000000000000 bfe0000000000000 0 0 0
1 8000000000000000 bfe0000000000000 3fe0000000000000 0 0 0
1 0000000000000001 0000000000000000 0000000000000001 0 0 0
1 0000000000000001 8000000000000000 0000000000000001 0 0 0
1 0000000000000001 0000000000000001 0000000000000000 0 0 0
1 0000000000000001 8000000000000001 0000000000000002 0 0 0
1 0000000000000001 000fffffffffffff 800ffffffffffffe 0 0 0
1 0000000000000001 0010000000000000 800fffffffffffff 0 0 0
1 0000000000000001 0010000000000001 8010000000000000 0 0 0
1 0000000000000001 3ff0000000000000 bff0000000000000 10 0 0
1 0000000000000001 bff0000000000000 3ff0000000000000 10 0 0
1 0000000000000001 4000000000000000 c000000000000000 10 0 0
1 0000000000000001 4008000000000000 c008000000000000 10 0 0
1 0000000000000001 7fefffffffffffff ffefffffffffffff 10 0 0
1 0000000000000001 ffefffffffffffff 7fefffffffffffff 10 0 0
1 0000000000000001 7ff0000000000000 fff0000000000000 0 0 0
1 0000000000000001 fff0000000000000 7ff0000000000000 0 0 0
1 0000000000000001 7ff0000000000001 7ff8000000000000 1 0 0
1 0000000000000001 7ff8000000000000 7ff8000000000000 0 0 0
1 0000000000000001 3fe0000000000000 bfe0000000000000 10 0 0
1 0000000000000001 bfe0000000000000 3fe0000000000000 10 0 0
1 8000000000000001 0000000000000000 8000000000000001 0 0 0
1 8000000000000001 8000000000000000 8000000000000001 0 0 0
1 8000000000000001 0000000000000001 8000000000000002 0 0 0
1 8000000000000001 8000000000000001 0000000000000000 0 0 0
1 8000000000000001 000fffffffffffff 8010000000000000 0 0 0
1 8000000000000001 0010000000000000 8010000000000001 0 0 0
1 8000000000000001 0010000000000001 8010000000000002 0 0 0
1 8000000000000001 3ff0000000000000 bff0000000000000 10 0 0
1 8000000000000001 bff0000000000000 3ff0000000000000 10 0 0
1 8000000000000001 4000000000000000 c000000000000000 10 0 0
1 8000000000000001 4008000000000000 c008000000000000 10 0 0
1 8000000000000001 7fefffffffffffff ffefffffffffffff 10 0 0
1 8000000000000001 ffefffffffffffff 7fefffffffffffff 10 0 0
1 8000000000000001 7ff0000000000000 fff0000000000000 0 0 0
1 8000000000000001 fff0000000000000 7ff0000000000000 0 0 0
1 8000000000000001 7ff0000000000001 7ff8000000000000 1 0 0
1 8000000000000001 7ff8000000000000 7ff8000000000000 0 0 0
1 8000000000000001 3fe0000000000000 bfe0000000000000 10 0 0
1 8000000000000001 bfe0000000000000 3fe0000000000000 10 0 0
1 000fffffffffffff 0000000000000000 000fffffffffffff 0 0 0
1 000fffffffffffff 8000000000000000 000fffffffffffff 0 0 0
1 000fffffffffffff 0000000000000001 000ffffffffffffe 0 0 0
1 000fffffffffffff 8000000000000001 0010000000000000 0 0 0
1 000fffffffffffff 000fffffffffffff 0000000000000000 0 0 0
1 000fffffffffffff 0010000000000000 8000000000000001 0 0 0
1 000fffffffffffff 0010000000000001 8000000000000002 0 0 0
1 000fffffffffffff 3ff0000000000000 bff0000000000000 10 0 0
1 000fffffffffffff bff0000000000000 3ff0000000000000 10 0 0
1 000fffffffffffff 4000000000000000 c000000000000000 10 0 0
1 000fffffffffffff 4008000000000000 c008000000000000 10 0 0
1 000fffffffffffff 7fefffffffffffff ffefffffffffffff 10 0 0
1 000fffffffffffff ffefffffffffffff 7fefffffffffffff 10 0 0
1 000fffffffffffff 7ff0000000000000 fff0000000000000 0 0 0
1 000fffffffffffff fff0000000000000 7ff0000000000000 0 0 0
1 000fffffffffffff 7ff0000000000001 7ff8000000000000 1 0 0
1 000fffffffffffff 7ff8000000000000 7ff8000000000000 0 0 0
1 000fffffffffffff 3fe0000000000000 bfe0000000000000 10 0 0
1 000fffffffffffff bfe0000000000000 3fe0000000000000 10 0 0
1 0010000000000000 0000000000000000 0010000000000000 0 0 0
1 0010000000000000 8000000000000000 0010000000000000 0 0 0
1 0010000000000000 0000000000000001 000fffffffffffff 0 0 0
1 0010000000000000 8000000000000001 0010000000000001 0 0 0
1 0010000000000000 000fffffffffffff 0000000000000001 0 0 0
1 0010000000000000 0010000000000000 0000000000000000 0 0 0
1 0010000000000000 0010000000000001 8000000000000001 0 0 0
1 0010000000000000 3ff0000000000000 bff0000000000000 10 0 0
1 0010000000000000 bff0000000000000 3ff0000000000000 10 0 0
1 0010000000000000 4000000000000000 c000000000000000 10 0 0
1 0010000000000000 4008000000000000 c008000000000000 10 0 0
1 0010000000000000 7fefffffffffffff ffefffffffffffff 10 0 0
1 0010000000000000 ffefffffffffffff 7fefffffffffffff 10 0 0
1 0010000000000000 7ff0000000000000 fff0000000000000 0 0 0
1 0010000000000000 fff0000000000000 7ff0000000000000 0 0 0
1 0010000000000000 7ff0000000000001 7ff8000000000000 1 0 0
1 0010000000000000 7ff8000000000000 7ff8000000000000 0 0 0
1 0010000000000000 3fe0000000000000 bfe0000000000000 10 0 0
1 0010000000000000 bfe0000000000000 3fe0000000000000 10 0 0
1 0010000000000001 0000000000000000 0010000000000001 0 0 0
1 0010000000000001 8000000000000000 0010000000000001 0 0 0
1 0010000000000001 0000000000000001 0010000000000000 0 0 0
1 0010000000000001 8000000000000001 0010000000000002 0 0 0
1 0010000000000001 000fffffffffffff 0000000000000002 0 0 0
1 0010000000000001 0010000000000000 0000000000000001 0 0 0
1 0010000000000001 0010000000000001 0000000000000000 0 0 0
1 0010000000000001 3ff0000000000000 bff0000000000000 10 0 0
1 0010000000000001 bff0000000000000 3ff0000000000000 10 0 0
1 0010000000000001 4000000000000000 c000000000000000 10 0 0
1 0010000000000001 4008000000000000 c008000000000000 10 0 0
1 0010000000000001 7fefffffffffffff ffefffffffffffff 10 0 0
1 0010000000000001 ffefffffffffffff 7fefffffffffffff 10 0 0
1 0010000000000001 7ff0000000000000 fff0000000000000 0 0 0
1 0010000000000001 fff0000000000000 7ff0000000000000 0 0 0
1 0010000000000001 7ff0000000000001 7ff8000000000000 1 0 0
1 0010000000000001 7ff8000000000000 7ff8000000000000 0 0 0
1 0010000000000001 3fe0000000000000 bfe0000000000000 10 0 0
1 0010000000000001 bfe0000000000000 3fe0000000000000 10 0 0
1 3ff0000000000000 0000000000000000 3ff0000000000000 0 0 0
1 3ff0000000000000 8000000000000000 3ff0000000000000 0 0 0
1 3ff0000000000000 0000000000000001 3ff0000000000000 10 0 0
1 3ff0000000000000 8000000000000001 3ff0000000000000 10 0 0
1 3ff0000000000000 000fffffffffffff 3ff0000000000000 10 0 0
1 3ff0000000000000 0010000000000000 3ff0000000000000 10 0 0
1 3ff0000000000000 0010000000000001 3ff0000000000000 10 0 0
1 3ff0000000000000 3ff0000000000000 0000000000000000 0 0 0
1 3ff0000000000000 bff0000000000000 4000000000000000 0 0 0
1 3ff0000000000000 4000000000000000 bff0000000000000 0 0 0
1 3ff0000000000000 4008000000000000 c000000000000000 0 0 0
1 3ff0000000000000 7fefffffffffffff ffefffffffffffff 10 0 0
1 3ff0000000000000 ffefffffffffffff 7fefffffffffffff 10 0 0
1 3ff0000000000000 7ff0000000000000 fff0000000000000 0 0 0
1 3ff0000000000000 fff0000000000000 7ff0000000000000 0 0 0
1 3ff0000000000000 7ff0000000000001 7ff8000000000000 1 0 0
1 3ff0000000000000 7ff8000000000000 7ff8000000000000 0 0 0
1 3ff0000000000000 3fe0000000000000 3fe0000000000000 0 0 0
1 3ff0000000000000 bfe0000000000000 3ff8000000000000 0 0 0
1 bff0000000000000 0000000000000000 bff0000000000000 0 0 0
1 bff0000000000000 8000000000000000 bff0000000000000 0 0 0
1 bff0000000000000 0000000000000001 bff0000000000000 10 0 0
1 bff0000000000000 8000000000000001 bff0000000000000 10 0 0
1 bff0000000000000 000fffffffffffff bff0000000000000 10 0 0
1 bff0000000000000 0010000000000000 bff0000000000000 10 0 0
1 bff0000000000000 0010000000000001 bff0000000000000 10 0 0
1 bff0000000000000 3ff0000000000000 c000000000000000 0 0 0
1 bff0000000000000 bff0000000000000 0000000000000000 0 0 0
1 bff0000000000000 4000000000000000 c008000000000000 0 0 0
1 bff0000000000000 4008000000000000 c010000000000000 0 0 0
1 bff0000000000000 7fefffffffffffff ffefffffffffffff 10 0 0
1 bff0000000000000 ffefffffffffffff 7fefffffffffffff 10 0 0
1 bff0000000000000 7ff0000000000000 fff0000000000000 0 0 0
1 bff0000000000000 fff0000000000000 7ff0000000000000 0 0 0
1 bff0000000000000 7ff0000000000001 7ff8000000000000 1 0 0
1 bff0000000000000 7ff8000000000000 7ff8000000000000 0 0 0
1 bff0000000000000 3fe0000000000000 bff8000000000000 0 0 0
1 bff0000000000000 bfe0000000000000 bfe0000000000000 0 0 0
1 4000000000000000 0000000000000000 4000000000000000 0 0 0
1 4000000000000000 8000000000000000 4000000000000000 0 0 0
1 4000000000000000 0000000000000001 4000000000000000 10 0 0
1 4000000000000000 8000000000000001 4000000000000000 10 0 0
1 4000000000000000 000fffffffffffff 4000000000000000 10 0 0
1 4000000000000000 0010000000000000 4000000000000000 10 0 0
1 4000000000000000 0010000000000001 4000000000000000 10 0 0
1 4000000000000000 3ff0000000000000 3ff0000000000000 0 0 0
1 4000000000000000 bff0000000000000 4008000000000000 0 0 0
1 4000000000000000 4000000000000000 0000000000000000 0 0 0
1 4000000000000000 4008000000000000 bff0000000000000 0 0 0
1 4000000000000000 7fefffffffffffff ffefffffffffffff 10 0 0
1 4000000000000000 ffefffffffffffff 7fefffffffffffff 10 0 0
1 4000000000000000 7ff0000000000000 fff0000000000000 0 0 0
1 4000000000000000 fff0000000000000 7ff0000000000000 0 0 0
1 4000000000000000 7ff0000000000001 7ff8000000000000 1 0 0
1 4000000000000000 7ff8000000000000 7ff8000000000000 0 0 0
1 4000000000000000 3fe0000000000000 3ff8000000000000 0 0 0
1 4000000000000000 bfe0000000000000 4004000000000000 0 0 0
1 4008000000000000 0000000000000000 4008000000000000 0 0 0
1 4008000000000000 8000000000000000 4008000000000000 0 0 0
1 4008000000000000 0000000000000001 4008000000000000 10 0 0
1 4008000000000000 8000000000000001 4008000000000000 10 0 0
1 4008000000000000 000fffffffffffff 4008000000000000 10 0 0
1 4008000000000000 0010000000000000 4008000000000000 10 0 0
1 4008000000000000 0010000000000001 4008000000000000 10 0 0
1 4008000000000000 3ff0000000000000 4000000000000000 0 0 0
1 4008000000000000 bff0000000000000 4010000000000000 0 0 0
1 4008000000000000 4000000000000000 3ff0000000000000 0 0 0
1 4008000000000000 4008000000000000 0000000000000000 0 0 0
1 4008000000000000 7fefffffffffffff ffefffffffffffff 10 0 0
1 4008000000000000 ffefffffffffffff 7fefffffffffffff 10 0 0
1 4008000000000000 7ff0000000000000 fff0000000000000 0 0 0
1 4008000000000000 fff0000000000000 7ff0000000000000 0 0 0
1 4008000000000000 7ff0000000000001 7ff8000000000000 1 0 0
1 4008000000000000 7ff8000000000000 7ff8000000000000 0 0 0
1 4008000000000000 3fe0000000000000 4004000000000000 0 0 0
1 4008000000000000 bfe0000000000000 400c000000000000 0 0 0
1 7fefffffffffffff 0000000000000000 7fefffffffffffff 0 0 0
1 7fefffffffffffff 8000000000000000 7fefffffffffffff 0 0 0
1 7fefffffffffffff 0000000000000001 7fefffffffffffff 10 0 0
1 7fefffffffffffff 8000000000000001 7fefffffffffffff 10 0 0
1 7fefffffffffffff 000fffffffffffff 7fefffffffffffff 10 0 0
1 7fefffffffffffff 0010000000000000 7fefffffffffffff 10 0 0
1 7fefffffffffffff 0010000000000001 7fefffffffffffff 10 0 0
1 7fefffffffffffff 3ff0000000000000 7fefffffffffffff 10 0 0
1 7fefffffffffffff bff0000000000000 7fefffffffffffff 10 0 0
1 7fefffffffffffff 4000000000000000 7fefffffffffffff 10 0 0
1 7fefffffffffffff 4008000000000000 7fefffffffffffff 10 0 0
1 7fefffffffffffff 7fefffffffffffff 0000000000000000 0 0 0
1 7fefffffffffffff ffefffffffffffff 7ff0000000000000 14 0 0
1 7fefffffffffffff 7ff0000000000000 fff0000000000000 0 0 0
1 7fefffffffffffff fff0000000000000 7ff0000000000000 0 0 0
1 7fefffffffffffff 7ff0000000000001 7ff8000000000000 1 0 0
1 7fefffffffffffff 7ff8000000000000 7ff8000000000000 0 0 0
1 7fefffffffffffff 3fe0000000000000 7fefffffffffffff 10 0 0
1 7fefffffffffffff bfe0000000000000 7fefffffffffffff 10 0 0
1 ffefffffffffffff 0000000000000000 ffefffffffffffff 0 0 0
1 ffefffffffffffff 8000000000000000 ffefffffffffffff 0 0 0
1 ffefffffffffffff 0000000000000001 ffefffffffffffff 10 0 0
1 ffefffffffffffff 8000000000000001 ffefffffffffffff 10 0 0
1 ffefffffffffffff 000fffffffffffff ffefffffffffffff 10 0 0
1 ffefffffffffffff 0010000000000000 ffefffffffffffff 10 0 0
1 ffefffffffffffff 0010000000000001 ffefffffffffffff 10 0 0
1 ffefffffffffffff 3ff0000000000000 ffefffffffffffff 10 0 0
1 ffefffffffffffff bff0000000000000 ffefffffffffffff 10 0 0
1 ffefffffffffffff 4000000000000000 ffefffffffffffff 10 0 0
1 ffefffffffffffff 4008000000000000 ffefffffffffffff 10 0 0
1 ffefffffffffffff 7fefffffffffffff fff0000000000000 14 0 0
1 ffefffffffffffff ffefffffffffffff 0000000000000000 0 0 0
1 ffefffffffffffff 7ff0000000000000 fff0000000000000 0 0 0
1 ffefffffffffffff fff0000000000000 7ff0000000000000 0 0 0
1 ffefffffffffffff 7ff0000000000001 7ff8000000000000 1 0 0
1 ffefffffffffffff 7ff8000000000000 7ff8000000000000 0 0 0
1 ffefffffffffffff 3fe0000000000000 ffefffffffffffff 10 0 0
1 ffefffffffffffff bfe0000000000000 ffefffffffffffff 10 0 0
1 7ff0000000000000 0000000000000000 7ff0000000000000 0 0 0
1 7ff0000000000000 8000000000000000 7ff0000000000000 0 0 0
1 7ff0000000000000 0000000000000001 7ff0000000000000 0 0 0
1 7ff0000000000000 8000000000000001 7ff0000000000000 0 0 0
1 7ff0000000000000 000fffffffffffff 7ff0000000000000 0 0 0
1 7ff0000000000000 0010000000000000 7ff0000000000000 0 0 0
1 7ff0000000000000 0010000000000001 7ff0000000000000 0 0 0
1 7ff0000000000000 3ff0000000000000 7ff0000000000000 0 0 0
1 7ff0000000000000 bff0000000000000 7ff0000000000000 0 0 0
1 7ff0000000000000 4000000000000000 7ff0000000000000 0 0 0
1 7ff0000000000000 4008000000000000 7ff0000000000000 0 0 0
1 7ff0000000000000 7fefffffffffffff 7ff0000000000000 0 0 0
1 7ff0000000000000 ffefffffffffffff 7ff0000000000000 0 0 0
1 7ff0000000000000 7ff0000000000000 7ff8000000000000 1 0 0
1 7ff0000000000000 fff0000000000000 7ff0000000000000 0 0 0
1 7ff0000000000000 7ff0000000000001 7ff8000000000000 1 0 0
1 7ff0000000000000 7ff8000000000000 7ff8000000000000 0 0 0
1 7ff0000000000000 3fe0000000000000 7ff0000000000000 0 0 0
1 7ff0000000000000 bfe0000000000000 7ff0000000000000 0 0 0
1 fff0000000000000 0000000000000000 fff0000000000000 0 0 0
1 fff0000000000000 8000000000000000 fff0000000000000 0 0 0
1 fff0000000000000 0000000000000001 fff0000000000000 0 0 0
1 fff0000000000000 8000000000000001 fff0000000000000 0 0 0
1 fff0000000000000 000fffffffffffff fff0000000000000 0 0 0
1 fff0000000000000 0010000000000000 fff0000000000000 0 0 0
1 fff0000000000000 0010000000000001 fff0000000000000 0 0 0
1 fff0000000000000 3ff0000000000000 fff0000000000000 0 0 0
1 fff0000000000000 bff0000000000000 fff0000000000000 0 0 0
1 fff0000000000000 4000000000000000 fff0000000000000 0 0 0
1 fff0000000000000 4008000000000000 fff0000000000000 0 0 0
1 fff0000000000000 7fefffffffffffff fff0000000000000 0 0 0
1 fff0000000000000 ffefffffffffffff fff0000000000000 0 0 0
1 fff0000000000000 7ff0000000000000 fff0000000000000 0 0 0
1 fff0000000000000 fff0000000000000 7ff8000000000000 1 0 0
1 fff0000000000000 7ff0000000000001 7ff8000000000000 1 0 0
1 fff0000000000000 7ff8000000000000 7ff8000000000000 0 0 0
1 fff0000000000000 3fe0000000000000 fff0000000000000 0 0 0
1 fff0000000000000 bfe0000000000000 fff0000000000000 0 0 0
1 7ff0000000000001 0000000000000000 7ff8000000000000 1 0 0
1 7ff0000000000001 8000000000000000 7ff8000000000000 1 0 0
1 7ff0000000000001 0000000000000001 7ff8000000000000 1 0 0
1 7ff0000000000001 8000000000000001 7ff8000000000000 1 0 0
1 7ff0000000000001 000fffffffffffff 7ff8000000000000 1 0 0
1 7ff0000000000001 0010000000000000 7ff8000000000000 1 0 0
1 7ff0000000000001 0010000000000001 7ff8000000000000 1 0 0
1 7ff0000000000001 3ff0000000000000 7ff8000000000000 1 0 0
1 7ff0000000000001 bff0000000000000 7ff8000000000000 1 0 0
1 7ff0000000000001 4000000000000000 7ff8000000000000 1 0 0
1 7ff0000000000001 4008000000000000 7ff8000000000000 1 0 0
1 7ff0000000000001 7fefffffffffffff 7ff8000000000000 1 0 0
1 7ff0000000000001 ffefffffffffffff 7ff8000000000000 1 0 0
1 7ff0000000000001 7ff0000000000000 7ff8000000000000 1 0 0
1 7ff0000000000001 fff0000000000000 7ff8000000000000 1 0 0
1 7ff0000000000001 7ff0000000000001 7ff8000000000000 1 0 0
1 7ff0000000000001 7ff8000000000000 7ff8000000000000 1 0 0
1 7ff0000000000001 3fe0000000000000 7ff8000000000000 1 0 0
1 7ff0000000000001 bfe0000000000000 7ff8000000000000 1 0 0
1 7ff8000000000000 0000000000000000 7ff8000000000000 0 0 0
1 7ff8000000000000 8000000000000000 7ff8000000000000 0 0 0
1 7ff8000000000000 0000000000000001 7ff8000000000000 0 0 0
1 7ff8000000000000 8000000000000001 7ff8000000000000 0 0 0
1 7ff8000000000000 000fffffffffffff 7ff8000000000000 0 0 0
1 7ff8000000000000 0010000000000000 7ff8000000000000 0 0 0
1 7ff8000000000000 0010000000000001 7ff8000000000000 0 0 0
1 7ff8000000000000 3ff0000000000000 7ff8000000000000 0 0 0
1 7ff8000000000000 bff0000000000000 7ff8000000000000 0 0 0
1 7ff8000000000000 4000000000000000 7ff8000000000000 0 0 0
1 7ff8000000000000 4008000000000000 7ff8000000000000 0 0 0
1 7ff8000000000000 7fefffffffffffff 7ff8000000000000 0 0 0
1 7ff8000000000000 ffefffffffffffff 7ff8000000000000 0 0 0
1 7ff8000000000000 7ff0000000000000 7ff8000000000000 0 0 0
1 7ff8000000000000 fff0000000000000 7ff8000000000000 0 0 0
1 7ff8000000000000 7ff0000000000001 7ff8000000000000 1 0 0
1 7ff8000000000000 7ff8000000000000 7ff8000000000000 0 0 0
1 7ff8000000000000 3fe0000000000000 7ff8000000000000 0 0 0
1 7ff8000000000000 bfe0000000000000 7ff8000000000000 0 0 0
1 3fe0000000000000 0000000000000000 3fe0000000000000 0 0 0
1 3fe0000000000000 8000000000000000 3fe0000000000000 0 0 0
1 3fe0000000000000 0000000000000001 3fe0000000000000 10 0 0
1 3fe0000000000000 8000000000000001 3fe0000000000000 10 0 0
1 3fe0000000000000 000fffffffffffff 3fe0000000000000 10 0 0
1 3fe0000000000000 0010000000000000 3fe0000000000000 10 0 0
1 3fe0000000000000 0010000000000001 3fe0000000000000 10 0 0
1 3fe0000000000000 3ff0000000000000 bfe0000000000000 0 0 0
1 3fe0000000000000 bff0000000000000 3ff8000000000000 0 0 0
1 3fe0000000000000 4000000000000000 bff8000000000000 0 0 0
1 3fe0000000000000 4008000000000000 c004000000000000 0 0 0
1 3fe0000000000000 7fefffffffffffff ffefffffffffffff 10 0 0
1 3fe0000000000000 ffefffffffffffff 7fefffffffffffff 10 0 0
1 3fe0000000000000 7ff0000000000000 fff0000000000000 0 0 0
1 3fe0000000000000 fff0000000000000 7ff0000000000000 0 0 0
1 3fe0000000000000 7ff0000000000001 7ff8000000000000 1 0 0
1 3fe0000000000000 7ff8000000000000 7ff8000000000000 0 0 0
1 3fe0000000000000 3fe0000000000000 0000000000000000 0 0 0
1 3fe0000000000000 bfe0000000000000 3ff0000000000000 0 0 0
1 bfe0000000000000 0000000000000000 bfe0000000000000 0 0 0
1 bfe0000000000000 8000000000000000 bfe0000000000000 0 0 0
1 bfe0000000000000 0000000000000001 bfe0000000000000 10 0 0
1 bfe0000000000000 8000000000000001 bfe0000000000000 10 0 0
1 bfe0000000000000 000fffffffffffff bfe0000000000000 10 0 0
1 bfe0000000000000 0010000000000000 bfe0000000000000 10 0 0
1 bfe0000000000000 0010000000000001 bfe0000000000000 10 0 0
1 bfe0000000000000 3ff0000000000000 bff8000000000000 0 0 0
1 bfe0000000000000 bff0000000000000 3fe0000000000000 0 0 0
1 bfe0000000000000 4000000000000000 c004000000000000 0 0 0
1 bfe0000000000000 4008000000000000 c00c000000000000 0 0 0
1 bfe0000000000000 7fefffffffffffff ffefffffffffffff 10 0 0
1 bfe0000000000000 ffefffffffffffff 7fefffffffffffff 10 0 0
1 bfe0000000000000 7ff0000000000000 fff0000000000000 0 0 0
1 bfe0000000000000 fff0000000000000 7ff0000000000000 0 0 0
1 bfe0000000000000 7ff0000000000001 7ff8000000000000 1 0 0
1 bfe0000000000000 7ff8000000000000 7ff8000000000000 0 0 0
1 bfe0000000000000 3fe0000000000000 bff0000000000000 0 0 0
1 bfe0000000000000 bfe0000000000000 0000000000000000 0 0 0
2 0000000000000000 0000000000000000 0000000000000000 0 0 0
2 0000000000000000 8000000000000000 8000000000000000 0 0 0
2 0000000000000000 0000000000000001 0000000000000000 0 0 0
2 0000000000000000 8000000000000001 8000000000000000 0 0 0
2 0000000000000000 000fffffffffffff 0000000000000000 0 0 0
2 0000000000000000 0010000000000000 0000000000000000 0 0 0
2 0000000000000000 0010000000000001 0000000000000000 0 0 0
2 0000000000000000 3ff0000000000000 0000000000000000 0 0 0
2 0000000000000000 bff0000000000000 8000000000000000 0 0 0
2 0000000000000000 4000000000000000 0000000000000000 0 0 0
2 0000000000000000 4008000000000000 0000000000000000 0 0 0
2 0000000000000000 7fefffffffffffff 0000000000000000 0 0 0
2 0000000000000000 ffefffffffffffff 8000000000000000 0 0 0
2 0000000000000000 7ff0000000000000 7ff8000000000000 1 0 0
2 0000000000000000 fff0000000000000 7ff8000000000000 1 0 0
2 0000000000000000 7ff0000000000001 7ff8000000000000 1 0 0
2 0000000000000000 7ff8000000000000 7ff8000000000000 0 0 0
2 0000000000000000 3fe0000000000000 0000000000000000 0 0 0
2 0000000000000000 bfe0000000000000 8000000000000000 0 0 0
2 8000000000000000 0000000000000000 8000000000000000 0 0 0
2 8000000000000000 8000000000000000 0000000000000000 0 0 0
2 8000000000000000 0000000000000001 8000000000000000 0 0 0
2 8000000000000000 8000000000000001 0000000000000000 0 0 0
2 8000000000000000 000fffffffffffff 8000000000000000 0 0 0
2 8000000000000000 0010000000000000 8000000000000000 0 0 0
2 8000000000000000 0010000000000001 8000000000000000 0 0 0
2 8000000000000000 3ff0000000000000 8000000000000000 0 0 0
2 8000000000000000 bff0000000000000 0000000000000000 0 0 0
2 8000000000000000 4000000000000000 8000000000000000 0 0 0
2 8000000000000000 4008000000000000 8000000000000000 0 0 0
2 8000000000000000 7fefffffffffffff 8000000000000000 0 0 0
2 8000000000000000 ffefffffffffffff 0000000000000000 0 0 0
2 8000000000000000 7ff0000000000000 7ff8000000000000 1 0 0
2 8000000000000000 fff0000000000000 7ff8000000000000 1 0 0
2 8000000000000000 7ff0000000000001 7ff8000000000000 1 0 0
2 8000000000000000 7ff8000000000000 7ff8000000000000 0 0 0
2 8000000000000000 3fe0000000000000 8000000000000000 0 0 0
2 8000000000000000 bfe0000000000000 0000000000000000 0 0 0
2 0000000000000001 0000000000000000 0000000000000000 0 0 0
2 0000000000000001 8000000000000000 8000000000000000 0 0 0
2 0000000000000001 0000000000000001 0000000000000000 18 0 0
2 0000000000000001 8000000000000001 8000000000000000 18 0 0
2 0000000000000001 000fffffffffffff 0000000000000000 18 0 0
2 0000000000000001 0010000000000000 0000000000000000 18 0 0
2 0000000000000001 0010000000000001 0000000000000000 18 0 0
2 0000000000000001 3ff0000000000000 0000000000000001 0 0 0
2 0000000000000001 bff0000000000000 8000000000000001 0 0 0
2 0000000000000001 4000000000000000 0000000000000002 0 0 0
2 0000000000000001 4008000000000000 0000000000000003 0 0 0
2 0000000000000001 7fefffffffffffff 3ccfffffffffffff 0 0 0
2 0000000000000001 ffefffffffffffff bccfffffffffffff 0 0 0
2 0000000000000001 7ff0000000000000 7ff0000000000000 0 0 0
2 0000000000000001 fff0000000000000 fff0000000000000 0 0 0
2 0000000000000001 7ff0000000000001 7ff8000000000000 1 0 0
2 0000000000000001 7ff8000000000000 7ff8000000000000 0 0 0
2 0000000000000001 3fe0000000000000 0000000000000000 18 0 0
2 0000000000000001 bfe0000000000000 8000000000000000 18 0 0
2 8000000000000001 0000000000000000 8000000000000000 0 0 0
2 8000000000000001 8000000000000000 0000000000000000 0 0 0
2 8000000000000001 0000000000000001 8000000000000000 18 0 0
2 8000000000000001 8000000000000001 0000000000000000 18 0 0
2 8000000000000001 000fffffffffffff 8000000000000000 18 0 0
2 8000000000000001 0010000000000000 8000000000000000 18 0 0
2 8000000000000001 0010000000000001 8000000000000000 18 0 0
2 8000000000000001 3ff0000000000000 8000000000000001 0 0 0
2 8000000000000001 bff0000000000000 0000000000000001 0 0 0
2 8000000000000001 4000000000000000 8000000000000002 0 0 0
2 8000000000000001 4008000000000000 8000000000000003 0 0 0
2 8000000000000001 7fefffffffffffff bccfffffffffffff 0 0 0
2 8000000000000001 ffefffffffffffff 3ccfffffffffffff 0 0 0
2 8000000000000001 7ff0000000000000 fff0000000000000 0 0 0
2 8000000000000001 fff0000000000000 7ff0000000000000 0 0 0
2 8000000000000001 7ff0000000000001 7ff8000000000000 1 0 0
2 8000000000000001 7ff8000000000000 7ff8000000000000 0 0 0
2 8000000000000001 3fe0000000000000 8000000000000000 18 0 0
2 8000000000000001 bfe0000000000000 0000000000000000 18 0 0
2 000fffffffffffff 0000000000000000 0000000000000000 0 0 0
2 000fffffffffffff 8000000000000000 8000000000000000 0 0 0
2 000fffffffffffff 0000000000000001 0000000000000000 18 0 0
2 000fffffffffffff 8000000000000001 8000000000000000 18 0 0
2 000fffffffffffff 000fffffffffffff 0000000000000000 18 0 0
2 000fffffffffffff 0010000000000000 0000000000000000 18 0 0
2 000fffffffffffff 0010000000000001 0000000000000000 18 0 0
2 000fffffffffffff 3ff0000000000000 000fffffffffffff 0 0 0
2 000fffffffffffff bff0000000000000 800fffffffffffff 0 0 0
2 000fffffffffffff 4000000000000000 001ffffffffffffe 0 0 0
2 000fffffffffffff 4008000000000000 0027fffffffffffe 10 0 0
2 000fffffffffffff 7fefffffffffffff 400ffffffffffffd 10 0 0
2 000fffffffffffff ffefffffffffffff c00ffffffffffffd 10 0 0
2 000fffffffffffff 7ff0000000000000 7ff0000000000000 0 0 0
2 000fffffffffffff fff0000000000000 fff0000000000000 0 0 0
2 000fffffffffffff 7ff0000000000001 7ff8000000000000 1 0 0
2 000fffffffffffff 7ff8000000000000 7ff8000000000000 0 0 0
2 000fffffffffffff 3fe0000000000000 0008000000000000 18 0 0
2 000fffffffffffff bfe0000000000000 8008000000000000 18 0 0
2 0010000000000000 0000000000000000 0000000000000000 0 0 0
2 0010000000000000 8000000000000000 8000000000000000 0 0 0
2 0010000000000000 0000000000000001 0000000000000000 18 0 0
2 0010000000000000 8000000000000001 8000000000000000 18 0 0
2 0010000000000000 000fffffffffffff 0000000000000000 18 0 0
2 0010000000000000 0010000000000000 0000000000000000 18 0 0
2 0010000000000000 0010000000000001 0000000000000000 18 0 0
2 0010000000000000 3ff0000000000000 0010000000000000 0 0 0
2 0010000000000000 bff0000000000000 8010000000000000 0 0 0
2 0010000000000000 4000000000000000 0020000000000000 0 0 0
2 0010000000000000 4008000000000000 0028000000000000 0 0 0
2 0010000000000000 7fefffffffffffff 400fffffffffffff 0 0 0
2 0010000000000000 ffefffffffffffff c00fffffffffffff 0 0 0
2 0010000000000000 7ff0000000000000 7ff0000000000000 0 0 0
2 0010000000000000 fff0000000000000 fff0000000000000 0 0 0
2 0010000000000000 7ff0000000000001 7ff8000000000000 1 0 0
2 0010000000000000 7ff8000000000000 7ff8000000000000 0 0 0
2 0010000000000000 3fe0000000000000 0008000000000000 0 0 0
2 0010000000000000 bfe0000000000000 8008000000000000 0 0 0
2 0010000000000001 0000000000000000 0000000000000000 0 0 0
2 0010000000000001 8000000000000000 8000000000000000 0 0 0
2 0010000000000001 0000000000000001 0000000000000000 18 0 0
2 0010000000000001 8000000000000001 8000000000000000 18 0 0
2 0010000000000001 000fffffffffffff 0000000000000000 18 0 0
2 0010000000000001 0010000000000000 0000000000000000 18 0 0
2 0010000000000001 0010000000000001 0000000000000000 18 0 0
2 0010000000000001 3ff0000000000000 0010000000000001 0 0 0
2 0010000000000001 bff0000000000000 8010000000000001 0 0 0
2 0010000000000001 4000000000000000 0020000000000001 0 0 0
2 0010000000000001 4008000000000000 0028000000000002 10 0 0
2 0010000000000001 7fefffffffffffff 4010000000000000 10 0 0
2 0010000000000001 ffefffffffffffff c010000000000000 10 0 0
2 0010000000000001 7ff0000000000000 7ff0000000000000 0 0 0
2 0010000000000001 fff0000000000000 fff0000000000000 0 0 0
2 0010000000000001 7ff0000000000001 7ff8000000000000 1 0 0
2 0010000000000001 7ff8000000000000 7ff8000000000000 0 0 0
2 0010000000000001 3fe0000000000000 0008000000000000 18 0 0
2 0010000000000001 bfe0000000000000 8008000000000000 18 0 0
2 3ff0000000000000 0000000000000000 0000000000000000 0 0 0
2 3ff0000000000000 8000000000000000 8000000000000000 0 0 0
2 3ff0000000000000 0000000000000001 0000000000000001 0 0 0
2 3ff0000000000000 8000000000000001 8000000000000001 0 0 0
2 3ff0000000000000 000fffffffffffff 000fffffffffffff 0 0 0
2 3ff0000000000000 0010000000000000 0010000000000000 0 0 0
2 3ff0000000000000 0010000000000001 0010000000000001 0 0 0
2 3ff0000000000000 3ff0000000000000 3ff0000000000000 0 0 0
2 3ff0000000000000 bff0000000000000 bff0000000000000 0 0 0
2 3ff0000000000000 4000000000000000 4000000000000000 0 0 0
2 3ff0000000000000 4008000000000000 4008000000000000 0 0 0
2 3ff0000000000000 7fefffffffffffff 7fefffffffffffff 0 0 0
2 3ff0000000000000 ffefffffffffffff ffefffffffffffff 0 0 0
2 3ff0000000000000 7ff0000000000000 7ff0000000000000 0 0 0
2 3ff0000000000000 fff0000000000000 fff0000000000000 0 0 0
2 3ff0000000000000 7ff0000000000001 7ff8000000000000 1 0 0
2 3ff0000000000000 7ff8000000000000 7ff8000000000000 0 0 0
2 3ff0000000000000 3fe0000000000000 3fe0000000000000 0 0 0
2 3ff0000000000000 bfe0000000000000 bfe0000000000000 0 0 0
2 bff0000000000000 0000000000000000 8000000000000000 0 0 0
2 bff0000000000000 8000000000000000 0000000000000000 0 0 0
2 bff0000000000000 0000000000000001 8000000000000001 0 0 0
2 bff0000000000000 8000000000000001 0000000000000001 0 0 0
2 bff0000000000000 000fffffffffffff 800fffffffffffff 0 0 0
2 bff0000000000000 0010000000000000 8010000000000000 0 0 0
2 bff0000000000000 0010000000000001 8010000000000001 0 0 0
2 bff0000000000000 3ff0000000000000 bff0000000000000 0 0 0
2 bff0000000000000 bff0000000000000 3ff0000000000000 0 0 0
2 bff0000000000000 4000000000000000 c000000000000000 0 0 0
2 bff0000000000000 4008000000000000 c008000000000000 0 0 0
2 bff0000000000000 7fefffffffffffff ffefffffffffffff 0 0 0
2 bff0000000000000 ffefffffffffffff 7fefffffffffffff 0 0 0
2 bff0000000000000 7ff0000000000000 fff0000000000000 0 0 0
2 bff0000000000000 fff0000000000000 7ff0000000000000 0 0 0
2 bff0000000000000 7ff0000000000001 7ff8000000000000 1 0 0
2 bff0000000000000 7ff8000000000000 7ff8000000000000 0 0 0
2 bff0000000000000 3fe0000000000000 bfe0000000000000 0 0 0
2 bff0000000000000 bfe0000000000000 3fe0000000000000 0 0 0
2 4000000000000000 0000000000000000 0000000000000000 0 0 0
2 4000000000000000 8000000000000000 8000000000000000 0 0 0
2 4000000000000000 0000000000000001 0000000000000002 0 0 0
2 4000000000000000 8000000000000001 8000000000000002 0 0 0
2 4000000000000000 000fffffffffffff 001ffffffffffffe 0 0 0
2 4000000000000000 0010000000000000 0020000000000000 0 0 0
2 4000000000000000 0010000000000001 0020000000000001 0 0 0
2 4000000000000000 3ff0000000000000 4000000000000000 0 0 0
2 4000000000000000 bff0000000000000 c000000000000000 0 0 0
2 4000000000000000 4000000000000000 4010000000000000 0 0 0
2 4000000000000000 4008000000000000 4018000000000000 0 0 0
2 4000000000000000 7fefffffffffffff 7ff0000000000000 14 0 0
2 4000000000000000 ffefffffffffffff fff0000000000000 14 0 0
2 4000000000000000 7ff0000000000000 7ff0000000000000 0 0 0
2 4000000000000000 fff0000000000000 fff0000000000000 0 0 0
2 4000000000000000 7ff0000000000001 7ff8000000000000 1 0 0
2 4000000000000000 7ff8000000000000 7ff8000000000000 0 0 0
2 4000000000000000 3fe0000000000000 3ff0000000000000 0 0 0
2 4000000000000000 bfe0000000000000 bff0000000000000 0 0 0
2 4008000000000000 0000000000000000 0000000000000000 0 0 0
2 4008000000000000 8000000000000000 8000000000000000 0 0 0
2 4008000000000000 0000000000000001 0000000000000003 0 0 0
2 4008000000000000 8000000000000001 8000000000000003 0 0 0
2 4008000000000000 000fffffffffffff 0027fffffffffffe 10 0 0
2 4008000000000000 0010000000000000 0028000000000000 0 0 0
2 4008000000000000 0010000000000001 0028000000000002 10 0 0
2 4008000000000000 3ff0000000000000 4008000000000000 0 0 0
2 4008000000000000 bff0000000000000 c008000000000000 0 0 0
2 4008000000000000 4000000000000000 4018000000000000 0 0 0
2 4008000000000000 4008000000000000 4022000000000000 0 0 0
2 4008000000000000 7fefffffffffffff 7ff0000000000000 14 0 0
2 4008000000000000 ffefffffffffffff fff0000000000000 14 0 0
2 4008000000000000 7ff0000000000000 7ff0000000000000 0 0 0
2 4008000000000000 fff0000000000000 fff0000000000000 0 0 0
2 4008000000000000 7ff0000000000001 7ff8000000000000 1 0 0
2 4008000000000000 7ff8000000000000 7ff8000000000000 0 0 0
2 4008000000000000 3fe0000000000000 3ff8000000000000 0 0 0
2 4008000000000000 bfe0000000000000 bff8000000000000 0 0 0
2 7fefffffffffffff 0000000000000000 0000000000000000 0 0 0
2 7fefffffffffffff 8000000000000000 8000000000000000 0 0 0
2 7fefffffffffffff 0000000000000001 3ccfffffffffffff 0 0 0
2 7fefffffffffffff 8000000000000001 bccfffffffffffff 0 0 0
2 7fefffffffffffff 000fffffffffffff 400ffffffffffffd 10 0 0
2 7fefffffffffffff 0010000000000000 400fffffffffffff 0 0 0
2 7fefffffffffffff 0010000000000001 4010000000000000 10 0 0
2 7fefffffffffffff 3ff0000000000000 7fefffffffffffff 0 0 0
2 7fefffffffffffff bff0000000000000 ffefffffffffffff 0 0 0
2 7fefffffffffffff 4000000000000000 7ff0000000000000 14 0 0
2 7fefffffffffffff 4008000000000000 7ff0000000000000 14 0 0
2 7fefffffffffffff 7fefffffffffffff 7ff0000000000000 14 0 0
2 7fefffffffffffff ffefffffffffffff fff0000000000000 14 0 0
2 7fefffffffffffff 7ff0000000000000 7ff0000000000000 0 0 0
2 7fefffffffffffff fff0000000000000 fff0000000000000 0 0 0
2 7fefffffffffffff 7ff0000000000001 7ff8000000000000 1 0 0
2 7fefffffffffffff 7ff8000000000000 7ff8000000000000 0 0 0
2 7fefffffffffffff 3fe0000000000000 7fdfffffffffffff 0 0 0
2 7fefffffffffffff bfe0000000000000 ffdfffffffffffff 0 0 0
2 ffefffffffffffff 0000000000000000 8000000000000000 0 0 0
2 ffefffffffffffff 8000000000000000 0000000000000000 0 0 0
2 ffefffffffffffff 0000000000000001 bccfffffffffffff 0 0 0
2 ffefffffffffffff 8000000000000001 3ccfffffffffffff 0 0 0
2 ffefffffffffffff 000fffffffffffff c00ffffffffffffd 10 0 0
2 ffefffffffffffff 0010000000000000 c00fffffffffffff 0 0 0
2 ffefffffffffffff 0010000000000001 c010000000000000 10 0 0
2 ffefffffffffffff 3ff0000000000000 ffefffffffffffff 0 0 0
2 ffefffffffffffff bff0000000000000 7fefffffffffffff 0 0 0
2 ffefffffffffffff 4000000000000000 fff0000000000000 14 0 0
2 ffefffffffffffff 4008000000000000 fff0000000000000 14 0 0
2 ffefffffffffffff 7fefffffffffffff fff0000000000000 14 0 0
2 ffefffffffffffff ffefffffffffffff 7ff0000000000000 14 0 0
2 ffefffffffffffff 7ff0000000000000 fff0000000000000 0 0 0
2 ffefffffffffffff fff0000000000000 7ff0000000000000 0 0 0
2 ffefffffffffffff 7ff0000000000001 7ff8000000000000 1 0 0
2 ffefffffffffffff 7ff8000000000000 7ff8000000000000 0 0 0
2 ffefffffffffffff 3fe0000000000000 ffdfffffffffffff 0 0 0
2 ffefffffffffffff bfe0000000000000 7fdfffffffffffff 0 0 0
2 7ff0000000000000 0000000000000000 7ff8000000000000 1 0 0
2 7ff0000000000000 8000000000000000 7ff8000000000000 1 0 0
2 7ff0000000000000 0000000000000001 7ff0000000000000 0 0 0
2 7ff0000000000000 8000000000000001 fff0000000000000 0 0 0
2 7ff0000000000000 000fffffffffffff 7ff0000000000000 0 0 0
2 7ff0000000000000 0010000000000000 7ff0000000000000 0 0 0
2 7ff0000000000000 0010000000000001 7ff0000000000000 0 0 0
2 7ff0000000000000 3ff0000000000000 7ff0000000000000 0 0 0
2 7ff0000000000000 bff0000000000000 fff0000000000000 0 0 0
2 7ff0000000000000 4000000000000000 7ff0000000000000 0 0 0
2 7ff0000000000000 4008000000000000 7ff0000000000000 0 0 0
2 7ff0000000000000 7fefffffffffffff 7ff0000000000000 0 0 0
2 7ff0000000000000 ffefffffffffffff fff0000000000000 0 0 0
2 7ff0000000000000 7ff0000000000000 7ff0000000000000 0 0 0
2 7ff0000000000000 fff0000000000000 fff0000000000000 0 0 0
2 7ff0000000000000 7ff0000000000001 7ff8000000000000 1 0 0
2 7ff0000000000000 7ff8000000000000 7ff8000000000000 0 0 0
2 7ff0000000000000 3fe0000000000000 7ff0000000000000 0 0 0
2 7ff0000000000000 bfe0000000000000 fff0000000000000 0 0 0
2 fff0000000000000 0000000000000000 7ff8000000000000 1 0 0
2 fff0000000000000 8000000000000000 7ff8000000000000 1 0 0
2 fff0000000000000 0000000000000001 fff0000000000000 0 0 0
2 fff0000000000000 8000000000000001 7ff0000000000000 0 0 0
2 fff0000000000000 000fffffffffffff fff0000000000000 0 0 0
2 fff0000000000000 0010000000000000 fff0000000000000 0 0 0
2 fff0000000000000 0010000000000001 fff0000000000000 0 0 0
2 fff0000000000000 3ff0000000000000 fff0000000000000 0 0 0
2 fff0000000000000 bff0000000000000 7ff0000000000000 0 0 0
2 fff0000000000000 4000000000000000 fff0000000000000 0 0 0
2 fff0000000000000 4008000000000000 fff0000000000000 0 0 0
2 fff0000000000000 7fefffffffffffff fff0000000000000 0 0 0
2 fff0000000000000 ffefffffffffffff 7ff0000000000000 0 0 0
2 fff0000000000000 7ff0000000000000 fff0000000000000 0 0 0
2 fff0000000000000 fff0000000000000 7ff0000000000000 0 0 0
2 fff0000000000000 7ff0000000000001 7ff8000000000000 1 0 0
2 fff0000000000000 7ff8000000000000 7ff8000000000000 0 0 0
2 fff0000000000000 3fe0000000000000 fff0000000000000 0 0 0
2 fff0000000000000 bfe0000000000000 7ff0000000000000 0 0 0
2 7ff0000000000001 0000000000000000 7ff8000000000000 1 0 0
2 7ff0000000000001 8000000000000000 7ff8000000000000 1 0 0
2 7ff0000000000001 0000000000000001 7ff8000000000000 1 0 0
2 7ff0000000000001 8000000000000001 7ff8000000000000 1 0 0
2 7ff0000000000001 000fffffffffffff 7ff8000000000000 1 0 0
2 7ff0000000000001 0010000000000000 7ff8000000000000 1 0 0
2 7ff0000000000001 0010000000000001 7ff8000000000000 1 0 0
2 7ff0000000000001 3ff0000000000000 7ff8000000000000 1 0 0
2 7ff0000000000001 bff0000000000000 7ff8000000000000 1 0 0
2 7ff0000000000001 4000000000000000 7ff8000000000000 1 0 0
2 7ff0000000000001 4008000000000000 7ff8000000000000 1 0 0
2 7ff0000000000001 7fefffffffffffff 7ff8000000000000 1 0 0
2 7ff0000000000001 ffefffffffffffff 7ff8000000000000 1 0 0
2 7ff0000000000001 7ff0000000000000 7ff8000000000000 1 0 0
2 7ff0000000000001 fff0000000000000 7ff8000000000000 1 0 0
2 7ff0000000000001 7ff0000000000001 7ff8000000000000 1 0 0
2 7ff0000000000001 7ff8000000000000 7ff8000000000000 1 0 0
2 7ff0000000000001 3fe0000000000000 7ff8000000000000 1 0 0
2 7ff0000000000001 bfe0000000000000 7ff8000000000000 1 0 0
2 7ff8000000000000 0000000000000000 7ff8000000000000 0 0 0
2 7ff8000000000000 8000000000000000 7ff8000000000000 0 0 0
2 7ff8000000000000 0000000000000001 7ff8000000000000 0 0 0
2 7ff8000000000000 8000000000000001 7ff8000000000000 0 0 0
2 7ff8000000000000 000fffffffffffff 7ff8000000000000 0 0 0
2 7ff8000000000000 0010000000000000 7ff8000000000000 0 0 0
2 7ff8000000000000 0010000000000001 7ff8000000000000 0 0 0
2 7ff8000000000000 3ff0000000000000 7ff8000000000000 0 0 0
2 7ff8000000000000 bff0000000000000 7ff8000000000000 0 0 0
2 7ff8000000000000 4000000000000000 7ff8000000000000 0 0 0
2 7ff8000000000000 4008000000000000 7ff8000000000000 0 0 0
2 7ff8000000000000 7fefffffffffffff 7ff8000000000000 0 0 0
2 7ff8000000000000 ffefffffffffffff 7ff8000000000000 0 0 0
2 7ff8000000000000 7ff0000000000000 7ff8000000000000 0 0 0
2 7ff8000000000000 fff0000000000000 7ff8000000000000 0 0 0
2 7ff8000000000000 7ff0000000000001 7ff8000000000000 1 0 0
2 7ff8000000000000 7ff8000000000000 7ff8000000000000 0 0 0
2 7ff8000000000000 3fe0000000000000 7ff8000000000000 0 0 0
2 7ff8000000000000 bfe0000000000000 7ff8000000000000 0 0 0
2 3fe0000000000000 0000000000000000 0000000000000000 0 0 0
2 3fe0000000000000 8000000000000000 8000000000000000 0 0 0
2 3fe0000000000000 0000000000000001 0000000000000000 18 0 0
2 3fe0000000000000 8000000000000001 8000000000000000 18 0 0
2 3fe0000000000000 000fffffffffffff 0008000000000000 18 0 0
2 3fe0000000000000 0010000000000000 0008000000000000 0 0 0
2 3fe0000000000000 0010000000000001 0008000000000000 18 0 0
2 3fe0000000000000 3ff0000000000000 3fe0000000000000 0 0 0
2 3fe0000000000000 bff0000000000000 bfe0000000000000 0 0 0
2 3fe0000000000000 4000000000000000 3ff0000000000000 0 0 0
2 3fe0000000000000 4008000000000000 3ff8000000000000 0 0 0
2 3fe0000000000000 7fefffffffffffff 7fdfffffffffffff 0 0 0
2 3fe0000000000000 ffefffffffffffff ffdfffffffffffff 0 0 0
2 3fe0000000000000 7ff0000000000000 7ff0000000000000 0 0 0
2 3fe0000000000000 fff0000000000000 fff0000000000000 0 0 0
2 3fe0000000000000 7ff0000000000001 7ff8000000000000 1 0 0
2 3fe0000000000000 7ff8000000000000 7ff8000000000000 0 0 0
2 3fe0000000000000 3fe0000000000000 3fd0000000000000 0 0 0
2 3fe0000000000000 bfe0000000000000 bfd0000000000000 0 0 0
2 bfe0000000000000 0000000000000000 8000000000000000 0 0 0
2 bfe0000000000000 8000000000000000 0000000000000000 0 0 0
2 bfe0000000000000 0000000000000001 8000000000000000 18 0 0
2 bfe0000000000000 8000000000000001 0000000000000000 18 0 0
2 bfe0000000000000 000fffffffffffff 8008000000000000 18 0 0
2 bfe0000000000000 0010000000000000 8008000000000000 0 0 0
2 bfe0000000000000 0010000000000001 8008000000000000 18 0 0
2 bfe0000000000000 3ff0000000000000 bfe0000000000000 0 0 0
2 bfe0000000000000 bff0000000000000 3fe0000000000000 0 0 0
2 bfe0000000000000 4000000000000000 bff0000000000000 0 0 0
2 bfe0000000000000 4008000000000000 bff8000000000000 0 0 0
2 bfe0000000000000 7fefffffffffffff ffdfffffffffffff 0 0 0
2 bfe0000000000000 ffefffffffffffff 7fdfffffffffffff 0 0 0
2 bfe0000000000000 7ff0000000000000 fff0000000000000 0 0 0
2 bfe0000000000000 fff0000000000000 7ff0000000000000 0 0 0
2 bfe0000000000000 7ff0000000000001 7ff8000000000000 1 0 0
2 bfe0000000000000 7ff8000000000000 7ff8000000000000 0 0 0
2 bfe0000000000000 3fe0000000000000 bfd0000000000000 0 0 0
2 bfe0000000000000 bfe0000000000000 3fd0000000000000 0 0 0
3 0000000000000000 0000000000000000 7ff8000000000000 1 0 0
3 0000000000000000 8000000000000000 7ff8000000000000 1 0 0
3 0000000000000000 0000000000000001 0000000000000000 0 0 0
3 0000000000000000 8000000000000001 8000000000000000 0 0 0
3 0000000000000000 000fffffffffffff 0000000000000000 0 0 0
3 0000000000000000 0010000000000000 0000000000000000 0 0 0
3 0000000000000000 0010000000000001 0000000000000000 0 0 0
3 0000000000000000 3ff0000000000000 0000000000000000 0 0 0
3 0000000000000000 bff0000000000000 8000000000000000 0 0 0
3 0000000000000000 4000000000000000 0000000000000000 0 0 0
3 0000000000000000 4008000000000000 0000000000000000 0 0 0
3 0000000000000000 7fefffffffffffff 0000000000000000 0 0 0
3 0000000000000000 ffefffffffffffff 8000000000000000 0 0 0
3 0000000000000000 7ff0000000000000 0000000000000000 0 0 0
3 0000000000000000 fff0000000000000 8000000000000000 0 0 0
3 0000000000000000 7ff0000000000001 7ff8000000000000 1 0 0
3 0000000000000000 7ff8000000000000 7ff8000000000000 0 0 0
3 0000000000000000 3fe0000000000000 0000000000000000 0 0 0
3 0000000000000000 bfe0000000000000 8000000000000000 0 0 0
3 8000000000000000 0000000000000000 7ff8000000000000 1 0 0
3 8000000000000000 8000000000000000 7ff8000000000000 1 0 0
3 8000000000000000 0000000000000001 8000000000000000 0 0 0
3 8000000000000000 8000000000000001 0000000000000000 0 0 0
3 8000000000000000 000fffffffffffff 8000000000000000 0 0 0
3 8000000000000000 0010000000000000 8000000000000000 0 0 0
3 8000000000000000 0010000000000001 8000000000000000 0 0 0
3 8000000000000000 3ff0000000000000 8000000000000000 0 0 0
3 8000000000000000 bff0000000000000 0000000000000000 0 0 0
3 8000000000000000 4000000000000000 8000000000000000 0 0 0
3 8000000000000000 4008000000000000 8000000000000000 0 0 0
3 8000000000000000 7fefffffffffffff 8000000000000000 0 0 0
3 8000000000000000 ffefffffffffffff 0000000000000000 0 0 0
3 8000000000000000 7ff0000000000000 8000000000000000 0 0 0
3 8000000000000000 fff0000000000000 0000000000000000 0 0 0
3 8000000000000000 7ff0000000000001 7ff8000000000000 1 0 0
3 8000000000000000 7ff8000000000000 7ff8000000000000 0 0 0
3 8000000000000000 3fe0000000000000 8000000000000000 0 0 0
3 8000000000000000 bfe0000000000000 0000000000000000 0 0 0
3 0000000000000001 0000000000000000 7ff0000000000000 2 0 0
3 0000000000000001 8000000000000000 fff0000000000000 2 0 0
3 0000000000000001 0000000000000001 3ff0000000000000 0 0 0
3 0000000000000001 8000000000000001 bff0000000000000 0 0 0
3 0000000000000001 000fffffffffffff 3cb0000000000001 10 0 0
3 0000000000000001 0010000000000000 3cb0000000000000 0 0 0
3 0000000000000001 0010000000000001 3caffffffffffffe 10 0 0
3 0000000000000001 3ff0000000000000 0000000000000001 0 0 0
3 0000000000000001 bff0000000000000 8000000000000001 0 0 0
3 0000000000000001 4000000000000000 0000000000000000 18 0 0
3 0000000000000001 4008000000000000 0000000000000000 18 0 0
3 0000000000000001 7fefffffffffffff 0000000000000000 18 0 0
3 0000000000000001 ffefffffffffffff 8000000000000000 18 0 0
3 0000000000000001 7ff0000000000000 0000000000000000 0 0 0
3 0000000000000001 fff0000000000000 8000000000000000 0 0 0
3 0000000000000001 7ff0000000000001 7ff8000000000000 1 0 0
3 0000000000000001 7ff8000000000000 7ff8000000000000 0 0 0
3 0000000000000001 3fe0000000000000 0000000000000002 0 0 0
3 0000000000000001 bfe0000000000000 8000000000000002 0 0 0
3 8000000000000001 0000000000000000 fff0000000000000 2 0 0
3 8000000000000001 8000000000000000 7ff0000000000000 2 0 0
3 8000000000000001 0000000000000001 bff0000000000000 0 0 0
3 8000000000000001 8000000000000001 3ff0000000000000 0 0 0
3 8000000000000001 000fffffffffffff bcb0000000000001 10 0 0
3 8000000000000001 0010000000000000 bcb0000000000000 0 0 0
3 8000000000000001 0010000000000001 bcaffffffffffffe 10 0 0
3 8000000000000001 3ff0000000000000 8000000000000001 0 0 0
3 8000000000000001 bff0000000000000 0000000000000001 0 0 0
3 8000000000000001 4000000000000000 8000000000000000 18 0 0
3 8000000000000001 4008000000000000 8000000000000000 18 0 0
3 8000000000000001 7fefffffffffffff 8000000000000000 18 0 0
3 8000000000000001 ffefffffffffffff 0000000000000000 18 0 0
3 8000000000000001 7ff0000000000000 8000000000000000 0 0 0
3 8000000000000001 fff0000000000000 0000000000000000 0 0 0
3 8000000000000001 7ff0000000000001 7ff8000000000000 1 0 0
3 8000000000000001 7ff8000000000000 7ff8000000000000 0 0 0
3 8000000000000001 3fe0000000000000 8000000000000002 0 0 0
3 8000000000000001 bfe0000000000000 0000000000000002 0 0 0
3 000fffffffffffff 0000000000000000 7ff0000000000000 2 0 0
3 000fffffffffffff 8000000000000000 fff0000000000000 2 0 0
3 000fffffffffffff 0000000000000001 432ffffffffffffe 0 0 0
3 000fffffffffffff 8000000000000001 c32ffffffffffffe 0 0 0
3 000fffffffffffff 000fffffffffffff 3ff0000000000000 0 0 0
3 000fffffffffffff 0010000000000000 3feffffffffffffe 0 0 0
3 000fffffffffffff 0010000000000001 3feffffffffffffc 10 0 0
3 000fffffffffffff 3ff0000000000000 000fffffffffffff 0 0 0
3 000fffffffffffff bff0000000000000 800fffffffffffff 0 0 0
3 000fffffffffffff 4000000000000000 0008000000000000 18 0 0
3 000fffffffffffff 4008000000000000 0005555555555555 0 0 0
3 000fffffffffffff 7fefffffffffffff 0000000000000000 18 0 0
3 000fffffffffffff ffefffffffffffff 8000000000000000 18 0 0
3 000fffffffffffff 7ff0000000000000 0000000000000000 0 0 0
3 000fffffffffffff fff0000000000000 8000000000000000 0 0 0
3 000fffffffffffff 7ff0000000000001 7ff8000000000000 1 0 0
3 000fffffffffffff 7ff8000000000000 7ff8000000000000 0 0 0
3 000fffffffffffff 3fe0000000000000 001ffffffffffffe 0 0 0
3 000fffffffffffff bfe0000000000000 801ffffffffffffe 0 0 0
3 0010000000000000 0000000000000000 7ff0000000000000 2 0 0
3 0010000000000000 8000000000000000 fff0000000000000 2 0 0
3 0010000000000000 0000000000000001 4330000000000000 0 0 0
3 0010000000000000 8000000000000001 c330000000000000 0 0 0
3 0010000000000000 000fffffffffffff 3ff0000000000001 10 0 0
3 0010000000000000 0010000000000000 3ff0000000000000 0 0 0
3 0010000000000000 0010000000000001 3feffffffffffffe 10 0 0
3 0010000000000000 3ff0000000000000 0010000000000000 0 0 0
3 0010000000000000 bff0000000000000 8010000000000000 0 0 0
3 0010000000000000 4000000000000000 0008000000000000 0 0 0
3 0010000000000000 4008000000000000 0005555555555555 18 0 0
3 0010000000000000 7fefffffffffffff 0000000000000000 18 0 0
3 0010000000000000 ffefffffffffffff 8000000000000000 18 0 0
3 0010000000000000 7ff0000000000000 0000000000000000 0 0 0
3 0010000000000000 fff0000000000000 8000000000000000 0 0 0
3 0010000000000000 7ff0000000000001 7ff8000000000000 1 0 0
3 0010000000000000 7ff8000000000000 7ff8000000000000 0 0 0
3 0010000000000000 3fe0000000000000 0020000000000000 0 0 0
3 0010000000000000 bfe0000000000000 8020000000000000 0 0 0
3 0010000000000001 0000000000000000 7ff0000000000000 2 0 0
3 0010000000000001 8000000000000000 fff0000000000000 2 0 0
3 0010000000000001 0000000000000001 4330000000000001 0 0 0
3 0010000000000001 8000000000000001 c330000000000001 0 0 0
3 0010000000000001 000fffffffffffff 3ff0000000000002 10 0 0
3 0010000000000001 0010000000000000 3ff0000000000001 0 0 0
3 0010000000000001 0010000000000001 3ff0000000000000 0 0 0
3 0010000000000001 3ff0000000000000 0010000000000001 0 0 0
3 0010000000000001 bff0000000000000 8010000000000001 0 0 0
3 0010000000000001 4000000000000000 0008000000000000 18 0 0
3 0010000000000001 4008000000000000 0005555555555556 18 0 0
3 0010000000000001 7fefffffffffffff 0000000000000000 18 0 0
3 0010000000000001 ffefffffffffffff 8000000000000000 18 0 0
3 0010000000000001 7ff0000000000000 0000000000000000 0 0 0
3 0010000000000001 fff0000000000000 8000000000000000 0 0 0
3 0010000000000001 7ff0000000000001 7ff8000000000000 1 0 0
3 0010000000000001 7ff8000000000000 7ff8000000000000 0 0 0
3 0010000000000001 3fe0000000000000 0020000000000001 0 0 0
3 0010000000000001 bfe0000000000000 8020000000000001 0 0 0
3 3ff0000000000000 0000000000000000 7ff0000000000000 2 0 0
3 3ff0000000000000 8000000000000000 fff0000000000000 2 0 0
3 3ff0000000000000 0000000000000001 7ff0000000000000 14 0 0
3 3ff0000000000000 8000000000000001 fff0000000000000 14 0 0
3 3ff0000000000000 000fffffffffffff 7fd0000000000001 10 0 0
3 3ff0000000000000 0010000000000000 7fd0000000000000 0 0 0
3 3ff0000000000000 0010000000000001 7fcffffffffffffe 10 0 0
3 3ff0000000000000 3ff0000000000000 3ff0000000000000 0 0 0
3 3ff0000000000000 bff0000000000000 bff0000000000000 0 0 0
3 3ff0000000000000 4000000000000000 3fe0000000000000 0 0 0
3 3ff0000000000000 4008000000000000 3fd5555555555555 10 0 0
3 3ff0000000000000 7fefffffffffffff 0004000000000000 18 0 0
3 3ff0000000000000 ffefffffffffffff 8004000000000000 18 0 0
3 3ff0000000000000 7ff0000000000000 0000000000000000 0 0 0
3 3ff0000000000000 fff0000000000000 8000000000000000 0 0 0
3 3ff0000000000000 7ff0000000000001 7ff8000000000000 1 0 0
3 3ff0000000000000 7ff8000000000000 7ff8000000000000 0 0 0
3 3ff0000000000000 3fe0000000000000 4000000000000000 0 0 0
3 3ff0000000000000 bfe0000000000000 c000000000000000 0 0 0
3 bff0000000000000 0000000000000000 fff0000000000000 2 0 0
3 bff0000000000000 8000000000000000 7ff0000000000000 2 0 0
3 bff0000000000000 0000000000000001 fff0000000000000 14 0 0
3 bff0000000000000 8000000000000001 7ff0000000000000 14 0 0
3 bff0000000000000 000fffffffffffff ffd0000000000001 10 0 0
3 bff0000000000000 0010000000000000 ffd0000000000000 0 0 0
3 bff0000000000000 0010000000000001 ffcffffffffffffe 10 0 0
3 bff0000000000000 3ff0000000000000 bff0000000000000 0 0 0
3 bff0000000000000 bff0000000000000 3ff0000000000000 0 0 0
3 bff0000000000000 4000000000000000 bfe0000000000000 0 0 0
3 bff0000000000000 4008000000000000 bfd5555555555555 10 0 0
3 bff0000000000000 7fefffffffffffff 8004000000000000 18 0 0
3 bff0000000000000 ffefffffffffffff 0004000000000000 18 0 0
3 bff0000000000000 7ff0000000000000 8000000000000000 0 0 0
3 bff0000000000000 fff0000000000000 0000000000000000 0 0 0
3 bff0000000000000 7ff0000000000001 7ff8000000000000 1 0 0
3 bff0000000000000 7ff8000000000000 7ff8000000000000 0 0 0
3 bff0000000000000 3fe0000000000000 c000000000000000 0 0 0
3 bff0000000000000 bfe0000000000000 4000000000000000 0 0 0
3 4000000000000000 0000000000000000 7ff0000000000000 2 0 0
3 4000000000000000 8000000000000000 fff0000000000000 2 0 0
3 4000000000000000 0000000000000001 7ff0000000000000 14 0 0
3 4000000000000000 8000000000000001 fff0000000000000 14 0 0
3 4000000000000000 000fffffffffffff 7fe0000000000001 10 0 0
3 4000000000000000 0010000000000000 7fe0000000000000 0 0 0
3 4000000000000000 0010000000000001 7fdffffffffffffe 10 0 0
3 4000000000000000 3ff0000000000000 4000000000000000 0 0 0
3 4000000000000000 bff0000000000000 c000000000000000 0 0 0
3 4000000000000000 4000000000000000 3ff0000000000000 0 0 0
3 4000000000000000 4008000000000000 3fe5555555555555 10 0 0
3 4000000000000000 7fefffffffffffff 0008000000000000 18 0 0
3 4000000000000000 ffefffffffffffff 8008000000000000 18 0 0
3 4000000000000000 7ff0000000000000 0000000000000000 0 0 0
3 4000000000000000 fff0000000000000 8000000000000000 0 0 0
3 4000000000000000 7ff0000000000001 7ff8000000000000 1 0 0
3 4000000000000000 7ff8000000000000 7ff8000000000000 0 0 0
3 4000000000000000 3fe0000000000000 4010000000000000 0 0 0
3 4000000000000000 bfe0000000000000 c010000000000000 0 0 0
3 4008000000000000 0000000000000000 7ff0000000000000 2 0 0
3 4008000000000000 8000000000000000 fff0000000000000 2 0 0
3 4008000000000000 0000000000000001 7ff0000000000000 14 0 0
3 4008000000000000 8000000000000001 fff0000000000000 14 0 0
3 4008000000000000 000fffffffffffff 7fe8000000000002 10 0 0
3 4008000000000000 0010000000000000 7fe8000000000000 0 0 0
3 4008000000000000 0010000000000001 7fe7ffffffffffff 10 0 0
3 4008000000000000 3ff0000000000000 4008000000000000 0 0 0
3 4008000000000000 bff0000000000000 c008000000000000 0 0 0
3 4008000000000000 4000000000000000 3ff8000000000000 0 0 0
3 4008000000000000 4008000000000000 3ff0000000000000 0 0 0
3 4008000000000000 7fefffffffffffff 000c000000000000 18 0 0
3 4008000000000000 ffefffffffffffff 800c000000000000 18 0 0
3 4008000000000000 7ff0000000000000 0000000000000000 0 0 0
3 4008000000000000 fff0000000000000 8000000000000000 0 0 0
3 4008000000000000 7ff0000000000001 7ff8000000000000 1 0 0
3 4008000000000000 7ff8000000000000 7ff8000000000000 0 0 0
3 4008000000000000 3fe0000000000000 4018000000000000 0 0 0
3 4008000000000000 bfe0000000000000 c018000000000000 0 0 0
3 7fefffffffffffff 0000000000000000 7ff0000000000000 2 0 0
3 7fefffffffffffff 8000000000000000 fff0000000000000 2 0 0
3 7fefffffffffffff 0000000000000001 7ff0000000000000 14 0 0
3 7fefffffffffffff 8000000000000001 fff0000000000000 14 0 0
3 7fefffffffffffff 000fffffffffffff 7ff0000000000000 14 0 0
3 7fefffffffffffff 0010000000000000 7ff0000000000000 14 0 0
3 7fefffffffffffff 0010000000000001 7ff0000000000000 14 0 0
3 7fefffffffffffff 3ff0000000000000 7fefffffffffffff 0 0 0
3 7fefffffffffffff bff0000000000000 ffefffffffffffff 0 0 0
3 7fefffffffffffff 4000000000000000 7fdfffffffffffff 0 0 0
3 7fefffffffffffff 4008000000000000 7fd5555555555555 10 0 0
3 7fefffffffffffff 7fefffffffffffff 3ff0000000000000 0 0 0
3 7fefffffffffffff ffefffffffffffff bff0000000000000 0 0 0
3 7fefffffffffffff 7ff0000000000000 0000000000000000 0 0 0
3 7fefffffffffffff fff0000000000000 8000000000000000 0 0 0
3 7fefffffffffffff 7ff0000000000001 7ff8000000000000 1 0 0
3 7fefffffffffffff 7ff8000000000000 7ff8000000000000 0 0 0
3 7fefffffffffffff 3fe0000000000000 7ff0000000000000 14 0 0
3 7fefffffffffffff bfe0000000000000 fff0000000000000 14 0 0
3 ffefffffffffffff 0000000000000000 fff0000000000000 2 0 0
3 ffefffffffffffff 8000000000000000 7ff0000000000000 2 0 0
3 ffefffffffffffff 0000000000000001 fff0000000000000 14 0 0
3 ffefffffffffffff 8000000000000001 7ff0000000000000 14 0 0
3 ffefffffffffffff 000fffffffffffff fff0000000000000 14 0 0
3 ffefffffffffffff 0010000000000000 fff0000000000000 14 0 0
3 ffefffffffffffff 0010000000000001 fff0000000000000 14 0 0
3 ffefffffffffffff 3ff0000000000000 ffefffffffffffff 0 0 0
3 ffefffffffffffff bff0000000000000 7fefffffffffffff 0 0 0
3 ffefffffffffffff 4000000000000000 ffdfffffffffffff 0 0 0
3 ffefffffffffffff 4008000000000000 ffd5555555555555 10 0 0
3 ffefffffffffffff 7fefffffffffffff bff0000000000000 0 0 0
3 ffefffffffffffff ffefffffffffffff 3ff0000000000000 0 0 0
3 ffefffffffffffff 7ff0000000000000 8000000000000000 0 0 0
3 ffefffffffffffff fff0000000000000 0000000000000000 0 0 0
3 ffefffffffffffff 7ff0000000000001 7ff8000000000000 1 0 0
3 ffefffffffffffff 7ff8000000000000 7ff8000000000000 0 0 0
3 ffefffffffffffff 3fe0000000000000 fff0000000000000 14 0 0
3 ffefffffffffffff bfe0000000000000 7ff0000000000000 14 0 0
3 7ff0000000000000 0000000000000000 7ff0000000000000 0 0 0
3 7ff0000000000000 8000000000000000 fff0000000000000 0 0 0
3 7ff0000000000000 0000000000000001 7ff0000000000000 0 0 0
3 7ff0000000000000 8000000000000001 fff0000000000000 0 0 0
3 7ff0000000000000 000fffffffffffff 7ff0000000000000 0 0 0
3 7ff0000000000000 0010000000000000 7ff0000000000000 0 0 0
3 7ff0000000000000 0010000000000001 7ff0000000000000 0 0 0
3 7ff0000000000000 3ff0000000000000 7ff0000000000000 0 0 0
3 7ff0000000000000 bff0000000000000 fff0000000000000 0 0 0
3 7ff0000000000000 4000000000000000 7ff0000000000000 0 0 0
3 7ff0000000000000 4008000000000000 7ff0000000000000 0 0 0
3 7ff0000000000000 7fefffffffffffff 7ff0000000000000 0 0 0
3 7ff0000000000000 ffefffffffffffff fff0000000000000 0 0 0
3 7ff0000000000000 7ff0000000000000 7ff8000000000000 1 0 0
3 7ff0000000000000 fff0000000000000 7ff8000000000000 1 0 0
3 7ff0000000000000 7ff0000000000001 7ff8000000000000 1 0 0
3 7ff0000000000000 7ff8000000000000 7ff8000000000000 0 0 0
3 7ff0000000000000 3fe0000000000000 7ff0000000000000 0 0 0
3 7ff0000000000000 bfe0000000000000 fff0000000000000 0 0 0
3 fff0000000000000 0000000000000000 fff0000000000000 0 0 0
3 fff0000000000000 8000000000000000 7ff0000000000000 0 0 0
3 fff0000000000000 0000000000000001 fff0000000000000 0 0 0
3 fff0000000000000 8000000000000001 7ff0000000000000 0 0 0
3 fff0000000000000 000fffffffffffff fff0000000000000 0 0 0
3 fff0000000000000 0010000000000000 fff0000000000000 0 0 0
3 fff0000000000000 0010000000000001 fff0000000000000 0 0 0
3 fff0000000000000 3ff0000000000000 fff0000000000000 0 0 0
3 fff0000000000000 bff0000000000000 7ff0000000000000 0 0 0
3 fff0000000000000 4000000000000000 fff0000000000000 0 0 0
3 fff0000000000000 4008000000000000 fff0000000000000 0 0 0
3 fff0000000000000 7fefffffffffffff fff0000000000000 0 0 0
3 fff0000000000000 ffefffffffffffff 7ff0000000000000 0 0 0
3 fff0000000000000 7ff0000000000000 7ff8000000000000 1 0 0
3 fff0000000000000 fff0000000000000 7ff8000000000000 1 0 0
3 fff0000000000000 7ff0000000000001 7ff8000000000000 1 0 0
3 fff0000000000000 7ff8000000000000 7ff8000000000000 0 0 0
3 fff0000000000000 3fe0000000000000 fff0000000000000 0 0 0
3 fff0000000000000 bfe0000000000000 7ff0000000000000 0 0 0
3 7ff0000000000001 0000000000000000 7ff8000000000000 1 0 0
3 7ff0000000000001 8000000000000000 7ff8000000000000 1 0 0
3 7ff0000000000001 0000000000000001 7ff8000000000000 1 0 0
3 7ff0000000000001 8000000000000001 7ff8000000000000 1 0 0
3 7ff0000000000001 000fffffffffffff 7ff8000000000000 1 0 0
3 7ff0000000000001 0010000000000000 7ff8000000000000 1 0 0
3 7ff0000000000001 0010000000000001 7ff8000000000000 1 0 0
3 7ff0000000000001 3ff0000000000000 7ff8000000000000 1 0 0
3 7ff0000000000001 bff0000000000000 7ff8000000000000 1 0 0
3 7ff0000000000001 4000000000000000 7ff8000000000000 1 0 0
3 7ff0000000000001 4008000000000000 7ff8000000000000 1 0 0
3 7ff0000000000001 7fefffffffffffff 7ff8000000000000 1 0 0
3 7ff0000000000001 ffefffffffffffff 7ff8000000000000 1 0 0
3 7ff0000000000001 7ff0000000000000 7ff8000000000000 1 0 0
3 7ff0000000000001 fff0000000000000 7ff8000000000000 1 0 0
3 7ff0000000000001 7ff0000000000001 7ff8000000000000 1 0 0
3 7ff0000000000001 7ff8000000000000 7ff8000000000000 1 0 0
3 7ff0000000000001 3fe0000000000000 7ff8000000000000 1 0 0
3 7ff0000000000001 bfe0000000000000 7ff8000000000000 1 0 0
3 7ff8000000000000 0000000000000000 7ff8000000000000 0 0 0
3 7ff8000000000000 8000000000000000 7ff8000000000000 0 0 0
3 7ff8000000000000 0000000000000001 7ff8000000000000 0 0 0
3 7ff8000000000000 8000000000000001 7ff8000000000000 0 0 0
3 7ff8000000000000 000fffffffffffff 7ff8000000000000 0 0 0
3 7ff8000000000000 0010000000000000 7ff8000000000000 0 0 0
3 7ff8000000000000 0010000000000001 7ff8000000000000 0 0 0
3 7ff8000000000000 3ff0000000000000 7ff8000000000000 0 0 0
3 7ff8000000000000 bff0000000000000 7ff8000000000000 0 0 0
3 7ff8000000000000 4000000000000000 7ff8000000000000 0 0 0
3 7ff8000000000000 4008000000000000 7ff8000000000000 0 0 0
3 7ff8000000000000 7fefffffffffffff 7ff8000000000000 0 0 0
3 7ff8000000000000 ffefffffffffffff 7ff8000000000000 0 0 0
3 7ff8000000000000 7ff0000000000000 7ff8000000000000 0 0 0
3 7ff8000000000000 fff0000000000000 7ff8000000000000 0 0 0
3 7ff8000000000000 7ff0000000000001 7ff8000000000000 1 0 0
3 7ff8000000000000 7ff8000000000000 7ff8000000000000 0 0 0
3 7ff8000000000000 3fe0000000000000 7ff8000000000000 0 0 0
3 7ff8000000000000 bfe0000000000000 7ff8000000000000 0 0 0
3 3fe0000000000000 0000000000000000 7ff0000000000000 2 0 0
3 3fe0000000000000 8000000000000000 fff0000000000000 2 0 0
3 3fe0000000000000 0000000000000001 7ff0000000000000 14 0 0
3 3fe0000000000000 8000000000000001 fff0000000000000 14 0 0
3 3fe0000000000000 000fffffffffffff 7fc0000000000001 10 0 0
3 3fe0000000000000 0010000000000000 7fc0000000000000 0 0 0
3 3fe0000000000000 0010000000000001 7fbffffffffffffe 10 0 0
3 3fe0000000000000 3ff0000000000000 3fe0000000000000 0 0 0
3 3fe0000000000000 bff0000000000000 bfe0000000000000 0 0 0
3 3fe0000000000000 4000000000000000 3fd0000000000000 0 0 0
3 3fe0000000000000 4008000000000000 3fc5555555555555 10 0 0
3 3fe0000000000000 7fefffffffffffff 0002000000000000 18 0 0
3 3fe0000000000000 ffefffffffffffff 8002000000000000 18 0 0
3 3fe0000000000000 7ff0000000000000 0000000000000000 0 0 0
3 3fe0000000000000 fff0000000000000 8000000000000000 0 0 0
3 3fe0000000000000 7ff0000000000001 7ff8000000000000 1 0 0
3 3fe0000000000000 7ff8000000000000 7ff8000000000000 0 0 0
3 3fe0000000000000 3fe0000000000000 3ff0000000000000 0 0 0
3 3fe0000000000000 bfe0000000000000 bff0000000000000 0 0 0
3 bfe0000000000000 0000000000000000 fff0000000000000 2 0 0
3 bfe0000000000000 8000000000000000 7ff0000000000000 2 0 0
3 bfe0000000000000 0000000000000001 fff0000000000000 14 0 0
3 bfe0000000000000 8000000000000001 7ff0000000000000 14 0 0
3 bfe0000000000000 000fffffffffffff ffc0000000000001 10 0 0
3 bfe0000000000000 0010000000000000 ffc0000000000000 0 0 0
3 bfe0000000000000 0010000000000001 ffbffffffffffffe 10 0 0
3 bfe0000000000000 3ff0000000000000 bfe0000000000000 0 0 0
3 bfe0000000000000 bff0000000000000 3fe0000000000000 0 0 0
3 bfe0000000000000 4000000000000000 bfd0000000000000 0 0 0
3 bfe0000000000000 4008000000000000 bfc5555555555555 10 0 0
3 bfe0000000000000 7fefffffffffffff 8002000000000000 18 0 0
3 bfe0000000000000 ffefffffffffffff 0002000000000000 18 0 0
3 bfe0000000000000 7ff0000000000000 8000000000000000 0 0 0
3 bfe0000000000000 fff0000000000000 0000000000000000 0 0 0
3 bfe0000000000000 7ff0000000000001 7ff8000000000000 1 0 0
3 bfe0000000000000 7ff8000000000000 7ff8000000000000 0 0 0
3 bfe0000000000000 3fe0000000000000 bff0000000000000 0 0 0
3 bfe0000000000000 bfe0000000000000 3ff0000000000000 0 0 0
d 0000000000000000 0000000000000000 0000000000000000 0 2 0
d 0000000000000000 8000000000000000 0000000000000000 0 2 0
d 0000000000000000 0000000000000001 0000000000000000 0 1 0
d 0000000000000000 8000000000000001 0000000000000000 0 0 0
d 0000000000000000 000fffffffffffff 0000000000000000 0 1 0
d 0000000000000000 0010000000000000 0000000000000000 0 1 0
d 0000000000000000 0010000000000001 0000000000000000 0 1 0
d 0000000000000000 3ff0000000000000 0000000000000000 0 1 0
d 0000000000000000 bff0000000000000 0000000000000000 0 0 0
d 0000000000000000 4000000000000000 0000000000000000 0 1 0
d 0000000000000000 4008000000000000 0000000000000000 0 1 0
d 0000000000000000 7fefffffffffffff 0000000000000000 0 1 0
d 0000000000000000 ffefffffffffffff 0000000000000000 0 0 0
d 0000000000000000 7ff0000000000000 0000000000000000 0 1 0
d 0000000000000000 fff0000000000000 0000000000000000 0 0 0
d 0000000000000000 7ff0000000000001 0000000000000000 1 4 0
d 0000000000000000 7ff8000000000000 0000000000000000 0 4 0
d 0000000000000000 3fe0000000000000 0000000000000000 0 1 0
d 0000000000000000 bfe0000000000000 0000000000000000 0 0 0
d 8000000000000000 0000000000000000 0000000000000000 0 2 0
d 8000000000000000 8000000000000000 0000000000000000 0 2 0
d 8000000000000000 0000000000000001 0000000000000000 0 1 0
d 8000000000000000 8000000000000001 0000000000000000 0 0 0
d 8000000000000000 000fffffffffffff 0000000000000000 0 1 0
d 8000000000000000 0010000000000000 0000000000000000 0 1 0
d 8000000000000000 0010000000000001 0000000000000000 0 1 0
d 8000000000000000 3ff0000000000000 0000000000000000 0 1 0
d 8000000000000000 bff0000000000000 0000000000000000 0 0 0
d 8000000000000000 4000000000000000 0000000000000000 0 1 0
d 8000000000000000 4008000000000000 0000000000000000 0 1 0
d 8000000000000000 7fefffffffffffff 0000000000000000 0 1 0
d 8000000000000000 ffefffffffffffff 0000000000000000 0 0 0
d 8000000000000000 7ff0000000000000 0000000000000000 0 1 0
d 8000000000000000 fff0000000000000 0000000000000000 0 0 0
d 8000000000000000 7ff0000000000001 0000000000000000 1 4 0
d 8000000000000000 7ff8000000000000 0000000000000000 0 4 0
d 8000000000000000 3fe0000000000000 0000000000000000 0 1 0
d 8000000000000000 bfe0000000000000 0000000000000000 0 0 0
d 0000000000000001 0000000000000000 0000000000000000 0 0 0
d 0000000000000001 8000000000000000 0000000000000000 0 0 0
d 0000000000000001 0000000000000001 0000000000000000 0 2 0
d 0000000000000001 8000000000000001 0000000000000000 0 0 0
d 0000000000000001 000fffffffffffff 0000000000000000 0 1 0
d 0000000000000001 0010000000000000 0000000000000000 0 1 0
d 0000000000000001 0010000000000001 0000000000000000 0 1 0
d 0000000000000001 3ff0000000000000 0000000000000000 0 1 0
d 0000000000000001 bff0000000000000 0000000000000000 0 0 0
d 0000000000000001 4000000000000000 0000000000000000 0 1 0
d 0000000000000001 4008000000000000 0000000000000000 0 1 0
d 0000000000000001 7fefffffffffffff 0000000000000000 0 1 0
d 0000000000000001 ffefffffffffffff 0000000000000000 0 0 0
d 0000000000000001 7ff0000000000000 0000000000000000 0 1 0
d 0000000000000001 fff0000000000000 0000000000000000 0 0 0
d 0000000000000001 7ff0000000000001 0000000000000000 1 4 0
d 0000000000000001 7ff8000000000000 0000000000000000 0 4 0
d 0000000000000001 3fe0000000000000 0000000000000000 0 1 0
d 0000000000000001 bfe0000000000000 0000000000000000 0 0 0
d 8000000000000001 0000000000000000 0000000000000000 0 1 0
d 8000000000000001 8000000000000000 0000000000000000 0 1 0
d 8000000000000001 0000000000000001 0000000000000000 0 1 0
d 8000000000000001 8000000000000001 0000000000000000 0 2 0
d 8000000000000001 000fffffffffffff 0000000000000000 0 1 0
d 8000000000000001 0010000000000000 0000000000000000 0 1 0
d 8000000000000001 0010000000000001 0000000000000000 0 1 0
d 8000000000000001 3ff0000000000000 0000000000000000 0 1 0
d 8000000000000001 bff0000000000000 0000000000000000 0 0 0
d 8000000000000001 4000000000000000 0000000000000000 0 1 0
d 8000000000000001 4008000000000000 0000000000000000 0 1 0
d 8000000000000001 7fefffffffffffff 0000000000000000 0 1 0
d 8000000000000001 ffefffffffffffff 0000000000000000 0 0 0
d 8000000000000001 7ff0000000000000 0000000000000000 0 1 0
d 8000000000000001 fff0000000000000 0000000000000000 0 0 0
d 8000000000000001 7ff0000000000001 0000000000000000 1 4 0
d 8000000000000001 7ff8000000000000 0000000000000000 0 4 0
d 8000000000000001 3fe0000000000000 0000000000000000 0 1 0
d 8000000000000001 bfe0000000000000 0000000000000000 0 0 0
d 000fffffffffffff 0000000000000000 0000000000000000 0 0 0
d 000fffffffffffff 8000000000000000 0000000000000000 0 0 0
d 000fffffffffffff 0000000000000001 0000000000000000 0 0 0
d 000fffffffffffff 8000000000000001 0000000000000000 0 0 0
d 000fffffffffffff 000fffffffffffff 0000000000000000 0 2 0
d 000fffffffffffff 0010000000000000 0000000000000000 0 1 0
d 000fffffffffffff 0010000000000001 0000000000000000 0 1 0
d 000fffffffffffff 3ff0000000000000 0000000000000000 0 1 0
d 000fffffffffffff bff0000000000000 0000000000000000 0 0 0
d 000fffffffffffff 4000000000000000 0000000000000000 0 1 0
d 000fffffffffffff 4008000000000000 0000000000000000 0 1 0
d 000fffffffffffff 7fefffffffffffff 0000000000000000 0 1 0
d 000fffffffffffff ffefffffffffffff 0000000000000000 0 0 0
d 000fffffffffffff 7ff0000000000000 0000000000000000 0 1 0
d 000fffffffffffff fff0000000000000 0000000000000000 0 0 0
d 000fffffffffffff 7ff0000000000001 0000000000000000 1 4 0
d 000fffffffffffff 7ff8000000000000 0000000000000000 0 4 0
d 000fffffffffffff 3fe0000000000000 0000000000000000 0 1 0
d 000fffffffffffff bfe0000000000000 0000000000000000 0 0 0
d 0010000000000000 0000000000000000 0000000000000000 0 0 0
d 0010000000000000 8000000000000000 0000000000000000 0 0 0
d 0010000000000000 0000000000000001 0000000000000000 0 0 0
d 0010000000000000 8000000000000001 0000000000000000 0 0 0
d 0010000000000000 000fffffffffffff 0000000000000000 0 0 0
d 0010000000000000 0010000000000000 0000000000000000 0 2 0
d 0010000000000000 0010000000000001 0000000000000000 0 1 0
d 0010000000000000 3ff0000000000000 0000000000000000 0 1 0
d 0010000000000000 bff0000000000000 0000000000000000 0 0 0
d 0010000000000000 4000000000000000 0000000000000000 0 1 0
d 0010000000000000 4008000000000000 0000000000000000 0 1 0
d 0010000000000000 7fefffffffffffff 0000000000000000 0 1 0
d 0010000000000000 ffefffffffffffff 0000000000000000 0 0 0
d 0010000000000000 7ff0000000000000 0000000000000000 0 1 0
d 0010000000000000 fff0000000000000 0000000000000000 0 0 0
d 0010000000000000 7ff0000000000001 0000000000000000 1 4 0
d 0010000000000000 7ff8000000000000 0000000000000000 0 4 0
d 0010000000000000 3fe0000000000000 0000000000000000 0 1 0
d 0010000000000000 bfe0000000000000 0000000000000000 0 0 0
d 0010000000000001 0000000000000000 0000000000000000 0 0 0
d 0010000000000001 8000000000000000 0000000000000000 0 0 0
d 0010000000000001 0000000000000001 0000000000000000 0 0 0
d 0010000000000001 8000000000000001 0000000000000000 0 0 0
d 0010000000000001 000fffffffffffff 0000000000000000 0 0 0
d 0010000000000001 0010000000000000 0000000000000000 0 0 0
d 0010000000000001 0010000000000001 0000000000000000 0 2 0
d 0010000000000001 3ff0000000000000 0000000000000000 0 1 0
d 0010000000000001 bff0000000000000 0000000000000000 0 0 0
d 0010000000000001 4000000000000000 0000000000000000 0 1 0
d 0010000000000001 4008000000000000 0000000000000000 0 1 0
d 0010000000000001 7fefffffffffffff 0000000000000000 0 1 0
d 0010000000000001 ffefffffffffffff 0000000000000000 0 0 0
d 0010000000000001 7ff0000000000000 0000000000000000 0 1 0
d 0010000000000001 fff0000000000000 0000000000000000 0 0 0
d 0010000000000001 7ff0000000000001 0000000000000000 1 4 0
d 0010000000000001 7ff8000000000000 0000000000000000 0 4 0
d 0010000000000001 3fe0000000000000 0000000000000000 0 1 0
d 0010000000000001 bfe0000000000000 0000000000000000 0 0 0
d 3ff0000000000000 0000000000000000 0000000000000000 0 0 0
d 3ff0000000000000 8000000000000000 0000000000000000 0 0 0
d 3ff0000000000000 0000000000000001 0000000000000000 0 0 0
d 3ff0000000000000 8000000000000001 0000000000000000 0 0 0
d 3ff0000000000000 000fffffffffffff 0000000000000000 0 0 0
d 3ff0000000000000 0010000000000000 0000000000000000 0 0 0
d 3ff0000000000000 0010000000000001 0000000000000000 0 0 0
d 3ff0000000000000 3ff0000000000000 0000000000000000 0 2 0
d 3ff0000000000000 bff0000000000000 0000000000000000 0 0 0
d 3ff0000000000000 4000000000000000 0000000000000000 0 1 0
d 3ff0000000000000 4008000000000000 0000000000000000 0 1 0
d 3ff0000000000000 7fefffffffffffff 0000000000000000 0 1 0
d 3ff0000000000000 ffefffffffffffff 0000000000000000 0 0 0
d 3ff0000000000000 7ff0000000000000 0000000000000000 0 1 0
d 3ff0000000000000 fff0000000000000 0000000000000000 0 0 0
d 3ff0000000000000 7ff0000000000001 0000000000000000 1 4 0
d 3ff0000000000000 7ff8000000000000 0000000000000000 0 4 0
d 3ff0000000000000 3fe0000000000000 0000000000000000 0 0 0
d 3ff0000000000000 bfe0000000000000 0000000000000000 0 0 0
d bff0000000000000 0000000000000000 0000000000000000 0 1 0
d bff0000000000000 8000000000000000 0000000000000000 0 1 0
d bff0000000000000 0000000000000001 0000000000000000 0 1 0
d bff0000000000000 8000000000000001 0000000000000000 0 1 0
d bff0000000000000 000fffffffffffff 0000000000000000 0 1 0
d bff0000000000000 0010000000000000 0000000000000000 0 1 0
d bff0000000000000 0010000000000001 0000000000000000 0 1 0
d bff0000000000000 3ff0000000000000 0000000000000000 0 1 0
d bff0000000000000 bff0000000000000 0000000000000000 0 2 0
d bff0000000000000 4000000000000000 0000000000000000 0 1 0
d bff0000000000000 4008000000000000 0000000000000000 0 1 0
d bff0000000000000 7fefffffffffffff 0000000000000000 0 1 0
d bff0000000000000 ffefffffffffffff 0000000000000000 0 0 0
d bff0000000000000 7ff0000000000000 0000000000000000 0 1 0
d bff0000000000000 fff0000000000000 0000000000000000 0 0 0
d bff0000000000000 7ff0000000000001 0000000000000000 1 4 0
d bff0000000000000 7ff8000000000000 0000000000000000 0 4 0
d bff0000000000000 3fe0000000000000 0000000000000000 0 1 0
d bff0000000000000 bfe0000000000000 0000000000000000 0 1 0
d 4000000000000000 0000000000000000 0000000000000000 0 0 0
d 4000000000000000 8000000000000000 0000000000000000 0 0 0
d 4000000000000000 0000000000000001 0000000000000000 0 0 0
d 4000000000000000 8000000000000001 0000000000000000 0 0 0
d 4000000000000000 000fffffffffffff 0000000000000000 0 0 0
d 4000000000000000 0010000000000000 0000000000000000 0 0 0
d 4000000000000000 0010000000000001 0000000000000000 0 0 0
d 4000000000000000 3ff0000000000000 0000000000000000 0 0 0
d 4000000000000000 bff0000000000000 0000000000000000 0 0 0
d 4000000000000000 4000000000000000 0000000000000000 0 2 0
d 4000000000000000 4008000000000000 0000000000000000 0 1 0
d 4000000000000000 7fefffffffffffff 0000000000000000 0 1 0
d 4000000000000000 ffefffffffffffff 0000000000000000 0 0 0
d 4000000000000000 7ff0000000000000 0000000000000000 0 1 0
d 4000000000000000 fff0000000000000 0000000000000000 0 0 0
d 4000000000000000 7ff0000000000001 0000000000000000 1 4 0
d 4000000000000000 7ff8000000000000 0000000000000000 0 4 0
d 4000000000000000 3fe0000000000000 0000000000000000 0 0 0
d 4000000000000000 bfe0000000000000 0000000000000000 0 0 0
d 4008000000000000 0000000000000000 0000000000000000 0 0 0
d 4008000000000000 8000000000000000 0000000000000000 0 0 0
d 4008000000000000 0000000000000001 0000000000000000 0 0 0
d 4008000000000000 8000000000000001 0000000000000000 0 0 0
d 4008000000000000 000fffffffffffff 0000000000000000 0 0 0
d 4008000000000000 0010000000000000 0000000000000000 0 0 0
d 4008000000000000 0010000000000001 0000000000000000 0 0 0
d 4008000000000000 3ff0000000000000 0000000000000000 0 0 0
d 4008000000000000 bff0000000000000 0000000000000000 0 0 0
d 4008000000000000 4000000000000000 0000000000000000 0 0 0
d 4008000000000000 4008000000000000 0000000000000000 0 2 0
d 4008000000000000 7fefffffffffffff 0000000000000000 0 1 0
d 4008000000000000 ffefffffffffffff 0000000000000000 0 0 0
d 4008000000000000 7ff0000000000000 0000000000000000 0 1 0
d 4008000000000000 fff0000000000000 0000000000000000 0 0 0
d 4008000000000000 7ff0000000000001 0000000000000000 1 4 0
d 4008000000000000 7ff8000000000000 0000000000000000 0 4 0
d 4008000000000000 3fe0000000000000 0000000000000000 0 0 0
d 4008000000000000 bfe0000000000000 0000000000000000 0 0 0
d 7fefffffffffffff 0000000000000000 0000000000000000 0 0 0
d 7fefffffffffffff 8000000000000000 0000000000000000 0 0 0
d 7fefffffffffffff 0000000000000001 0000000000000000 0 0 0
d 7fefffffffffffff 8000000000000001 0000000000000000 0 0 0
d 7fefffffffffffff 000fffffffffffff 0000000000000000 0 0 0
d 7fefffffffffffff 0010000000000000 0000000000000000 0 0 0
d 7fefffffffffffff 0010000000000001 0000000000000000 0 0 0
d 7fefffffffffffff 3ff0000000000000 0000000000000000 0 0 0
d 7fefffffffffffff bff0000000000000 0000000000000000 0 0 0
d 7fefffffffffffff 4000000000000000 0000000000000000 0 0 0
d 7fefffffffffffff 4008000000000000 0000000000000000 0 0 0
d 7fefffffffffffff 7fefffffffffffff 0000000000000000 0 2 0
d 7fefffffffffffff ffefffffffffffff 0000000000000000 0 0 0
d 7fefffffffffffff 7ff0000000000000 0000000000000000 0 1 0
d 7fefffffffffffff fff0000000000000 0000000000000000 0 0 0
d 7fefffffffffffff 7ff0000000000001 0000000000000000 1 4 0
d 7fefffffffffffff 7ff8000000000000 0000000000000000 0 4 0
d 7fefffffffffffff 3fe0000000000000 0000000000000000 0 0 0
d 7fefffffffffffff bfe0000000000000 0000000000000000 0 0 0
d ffefffffffffffff 0000000000000000 0000000000000000 0 1 0
d ffefffffffffffff 8000000000000000 0000000000000000 0 1 0
d ffefffffffffffff 0000000000000001 0000000000000000 0 1 0
d ffefffffffffffff 8000000000000001 0000000000000000 0 1 0
d ffefffffffffffff 000fffffffffffff 0000000000000000 0 1 0
d ffefffffffffffff 0010000000000000 0000000000000000 0 1 0
d ffefffffffffffff 0010000000000001 0000000000000000 0 1 0
d ffefffffffffffff 3ff0000000000000 0000000000000000 0 1 0
d ffefffffffffffff bff0000000000000 0000000000000000 0 1 0
d ffefffffffffffff 4000000000000000 0000000000000000 0 1 0
d ffefffffffffffff 4008000000000000 0000000000000000 0 1 0
d ffefffffffffffff 7fefffffffffffff 0000000000000000 0 1 0
d ffefffffffffffff ffefffffffffffff 0000000000000000 0 2 0
d ffefffffffffffff 7ff0000000000000 0000000000000000 0 1 0
d ffefffffffffffff fff0000000000000 0000000000000000 0 0 0
d ffefffffffffffff 7ff0000000000001 0000000000000000 1 4 0
d ffefffffffffffff 7ff8000000000000 0000000000000000 0 4 0
d ffefffffffffffff 3fe0000000000000 0000000000000000 0 1 0
d ffefffffffffffff bfe0000000000000 0000000000000000 0 1 0
d 7ff0000000000000 0000000000000000 0000000000000000 0 0 0
d 7ff0000000000000 8000000000000000 0000000000000000 0 0 0
d 7ff0000000000000 0000000000000001 0000000000000000 0 0 0
d 7ff0000000000000 8000000000000001 0000000000000000 0 0 0
d 7ff0000000000000 000fffffffffffff 0000000000000000 0 0 0
d 7ff0000000000000 0010000000000000 0000000000000000 0 0 0
d 7ff0000000000000 0010000000000001 0000000000000000 0 0 0
d 7ff0000000000000 3ff0000000000000 0000000000000000 0 0 0
d 7ff0000000000000 bff0000000000000 0000000000000000 0 0 0
d 7ff0000000000000 4000000000000000 0000000000000000 0 0 0
d 7ff0000000000000 4008000000000000 0000000000000000 0 0 0
d 7ff0000000000000 7fefffffffffffff 0000000000000000 0 0 0
d 7ff0000000000000 ffefffffffffffff 0000000000000000 0 0 0
d 7ff0000000000000 7ff0000000000000 0000000000000000 0 2 0
d 7ff0000000000000 fff0000000000000 0000000000000000 0 0 0
d 7ff0000000000000 7ff0000000000001 0000000000000000 1 4 0
d 7ff0000000000000 7ff8000000000000 0000000000000000 0 4 0
d 7ff0000000000000 3fe0000000000000 0000000000000000 0 0 0
d 7ff0000000000000 bfe0000000000000 0000000000000000 0 0 0
d fff0000000000000 0000000000000000 0000000000000000 0 1 0
d fff0000000000000 8000000000000000 0000000000000000 0 1 0
d fff0000000000000 0000000000000001 0000000000000000 0 1 0
d fff0000000000000 8000000000000001 0000000000000000 0 1 0
d fff0000000000000 000fffffffffffff 0000000000000000 0 1 0
d fff0000000000000 0010000000000000 0000000000000000 0 1 0
d fff0000000000000 0010000000000001 0000000000000000 0 1 0
d fff0000000000000 3ff0000000000000 0000000000000000 0 1 0
d fff0000000000000 bff0000000000000 0000000000000000 0 1 0
d fff0000000000000 4000000000000000 0000000000000000 0 1 0
d fff0000000000000 4008000000000000 0000000000000000 0 1 0
d fff0000000000000 7fefffffffffffff 0000000000000000 0 1 0
d fff0000000000000 ffefffffffffffff 0000000000000000 0 1 0
d fff0000000000000 7ff0000000000000 0000000000000000 0 1 0
d fff0000000000000 fff0000000000000 0000000000000000 0 2 0
d fff0000000000000 7ff0000000000001 0000000000000000 1 4 0
d fff0000000000000 7ff8000000000000 0000000000000000 0 4 0
d fff0000000000000 3fe0000000000000 0000000000000000 0 1 0
d fff0000000000000 bfe0000000000000 0000000000000000 0 1 0
d 7ff0000000000001 0000000000000000 0000000000000000 1 4 0
d 7ff0000000000001 8000000000000000 0000000000000000 1 4 0
d 7ff0000000000001 0000000000000001 0000000000000000 1 4 0
d 7ff0000000000001 8000000000000001 0000000000000000 1 4 0
d 7ff0000000000001 000fffffffffffff 0000000000000000 1 4 0
d 7ff0000000000001 0010000000000000 0000000000000000 1 4 0
d 7ff0000000000001 0010000000000001 0000000000000000 1 4 0
d 7ff0000000000001 3ff0000000000000 0000000000000000 1 4 0
d 7ff0000000000001 bff0000000000000 0000000000000000 1 4 0
d 7ff0000000000001 4000000000000000 0000000000000000 1 4 0
d 7ff0000000000001 4008000000000000 0000000000000000 1 4 0
d 7ff0000000000001 7fefffffffffffff 0000000000000000 1 4 0
d 7ff0000000000001 ffefffffffffffff 0000000000000000 1 4 0
d 7ff0000000000001 7ff0000000000000 0000000000000000 1 4 0
d 7ff0000000000001 fff0000000000000 0000000000000000 1 4 0
d 7ff0000000000001 7ff0000000000001 0000000000000000 1 4 0
d 7ff0000000000001 7ff8000000000000 0000000000000000 1 4 0
d 7ff0000000000001 3fe0000000000000 0000000000000000 1 4 0
d 7ff0000000000001 bfe0000000000000 0000000000000000 1 4 0
d 7ff8000000000000 0000000000000000 0000000000000000 0 4 0
d 7ff8000000000000 8000000000000000 0000000000000000 0 4 0
d 7ff8000000000000 0000000000000001 0000000000000000 0 4 0
d 7ff8000000000000 8000000000000001 0000000000000000 0 4 0
d 7ff8000000000000 000fffffffffffff 0000000000000000 0 4 0
d 7ff8000000000000 0010000000000000 0000000000000000 0 4 0
d 7ff8000000000000 0010000000000001 0000000000000000 0 4 0
d 7ff8000000000000 3ff0000000000000 0000000000000000 0 4 0
d 7ff8000000000000 bff0000000000000 0000000000000000 0 4 0
d 7ff8000000000000 4000000000000000 0000000000000000 0 4 0
d 7ff8000000000000 4008000000000000 0000000000000000 0 4 0
d 7ff8000000000000 7fefffffffffffff 0000000000000000 0 4 0
d 7ff8000000000000 ffefffffffffffff 0000000000000000 0 4 0
d 7ff8000000000000 7ff0000000000000 0000000000000000 0 4 0
d 7ff8000000000000 fff0000000000000 0000000000000000 0 4 0
d 7ff8000000000000 7ff0000000000001 0000000000000000 1 4 0
d 7ff8000000000000 7ff8000000000000 0000000000000000 0 4 0
d 7ff8000000000000 3fe0000000000000 0000000000000000 0 4 0
d 7ff8000000000000 bfe0000000000000 0000000000000000 0 4 0
d 3fe0000000000000 0000000000000000 0000000000000000 0 0 0
d 3fe0000000000000 8000000000000000 0000000000000000 0 0 0
d 3fe0000000000000 0000000000000001 0000000000000000 0 0 0
d 3fe0000000000000 8000000000000001 0000000000000000 0 0 0
d 3fe0000000000000 000fffffffffffff 0000000000000000 0 0 0
d 3fe0000000000000 0010000000000000 0000000000000000 0 0 0
d 3fe0000000000000 0010000000000001 0000000000000000 0 0 0
d 3fe0000000000000 3ff0000000000000 0000000000000000 0 1 0
d 3fe0000000000000 bff0000000000000 0000000000000000 0 0 0
d 3fe0000000000000 4000000000000000 0000000000000000 0 1 0
d 3fe0000000000000 4008000000000000 0000000000000000 0 1 0
d 3fe0000000000000 7fefffffffffffff 0000000000000000 0 1 0
d 3fe0000000000000 ffefffffffffffff 0000000000000000 0 0 0
d 3fe0000000000000 7ff0000000000000 0000000000000000 0 1 0
d 3fe0000000000000 fff0000000000000 0000000000000000 0 0 0
d 3fe0000000000000 7ff0000000000001 0000000000000000 1 4 0
d 3fe0000000000000 7ff8000000000000 0000000000000000 0 4 0
d 3fe0000000000000 3fe0000000000000 0000000000000000 0 2 0
d 3fe0000000000000 bfe0000000000000 0000000000000000 0 0 0
d bfe0000000000000 0000000000000000 0000000000000000 0 1 0
d bfe0000000000000 8000000000000000 0000000000000000 0 1 0
d bfe0000000000000 0000000000000001 0000000000000000 0 1 0
d bfe0000000000000 8000000000000001 0000000000000000 0 1 0
d bfe0000000000000 000fffffffffffff 0000000000000000 0 1 0
d bfe0000000000000 0010000000000000 0000000000000000 0 1 0
d bfe0000000000000 0010000000000001 0000000000000000 0 1 0
d bfe0000000000000 3ff0000000000000 0000000000000000 0 1 0
d bfe0000000000000 bff0000000000000 0000000000000000 0 0 0
d bfe0000000000000 4000000000000000 0000000000000000 0 1 0
d bfe0000000000000 4008000000000000 0000000000000000 0 1 0
d bfe0000000000000 7fefffffffffffff 0000000000000000 0 1 0
d bfe0000000000000 ffefffffffffffff 0000000000000000 0 0 0
d bfe0000000000000 7ff0000000000000 0000000000000000 0 1 0
d bfe0000000000000 fff0000000000000 0000000000000000 0 0 0
d bfe0000000000000 7ff0000000000001 0000000000000000 1 4 0
d bfe0000000000000 7ff8000000000000 0000000000000000 0 4 0
d bfe0000000000000 3fe0000000000000 0000000000000000 0 1 0
d bfe0000000000000 bfe0000000000000 0000000000000000 0 2 0
4 0000000000000000 0000000000000000 0000000000000000 0 0 0
5 0000000000000000 0000000000000000 0000000000000000 0 0 8
6 0000000000000000 0000000000000000 3ff0000000000000 0 0 8
8 0000000000000000 0000000000000000 3ff0000000000000 0 0 8
9 0000000000000000 0000000000000000 fff0000000000000 2 0 0
a 0000000000000000 0000000000000000 3ff921fb54442d18 10 0 8
4 8000000000000000 0000000000000000 8000000000000000 0 0 0
5 8000000000000000 0000000000000000 8000000000000000 0 0 8
6 8000000000000000 0000000000000000 3ff0000000000000 0 0 8
8 8000000000000000 0000000000000000 3ff0000000000000 0 0 8
9 8000000000000000 0000000000000000 fff0000000000000 2 0 0
a 8000000000000000 0000000000000000 3ff921fb54442d18 10 0 8
4 0000000000000001 0000000000000000 1e60000000000000 0 0 0
5 0000000000000001 0000000000000000 0000000000000001 18 0 8
6 0000000000000001 0000000000000000 3ff0000000000000 10 0 8
8 0000000000000001 0000000000000000 3ff0000000000000 10 0 8
9 0000000000000001 0000000000000000 c0874385446d71c3 10 0 8
a 0000000000000001 0000000000000000 3ff921fb54442d18 10 0 8
4 8000000000000001 0000000000000000 7ff8000000000000 1 0 0
5 8000000000000001 0000000000000000 8000000000000001 18 0 8
6 8000000000000001 0000000000000000 3ff0000000000000 10 0 8
8 8000000000000001 0000000000000000 3ff0000000000000 10 0 8
9 8000000000000001 0000000000000000 7ff8000000000000 1 0 0
a 8000000000000001 0000000000000000 3ff921fb54442d18 10 0 8
4 000fffffffffffff 0000000000000000 1fffffffffffffff 10 0 0
5 000fffffffffffff 0000000000000000 000fffffffffffff 18 0 8
6 000fffffffffffff 0000000000000000 3ff0000000000000 10 0 8
8 000fffffffffffff 0000000000000000 3ff0000000000000 10 0 8
9 000fffffffffffff 0000000000000000 c086232bdd7abcd2 10 0 8
a 000fffffffffffff 0000000000000000 3ff921fb54442d18 10 0 8
4 0010000000000000 0000000000000000 2000000000000000 0 0 0
5 0010000000000000 0000000000000000 0010000000000000 10 0 8
6 0010000000000000 0000000000000000 3ff0000000000000 10 0 8
8 0010000000000000 0000000000000000 3ff0000000000000 10 0 8
9 0010000000000000 0000000000000000 c086232bdd7abcd2 10 0 8
a 0010000000000000 0000000000000000 3ff921fb54442d18 10 0 8
4 0010000000000001 0000000000000000 2000000000000000 10 0 0
5 0010000000000001 0000000000000000 0010000000000001 10 0 8
6 0010000000000001 0000000000000000 3ff0000000000000 10 0 8
8 0010000000000001 0000000000000000 3ff0000000000000 10 0 8
9 0010000000000001 0000000000000000 c086232bdd7abcd2 10 0 8
a 0010000000000001 0000000000000000 3ff921fb54442d18 10 0 8
4 3ff0000000000000 0000000000000000 3ff0000000000000 0 0 0
5 3ff0000000000000 0000000000000000 3feaed548f090cee 10 0 8
6 3ff0000000000000 0000000000000000 3fe14a280fb5068c 10 0 8
8 3ff0000000000000 0000000000000000 4005bf0a8b145769 10 0 8
9 3ff0000000000000 0000000000000000 0000000000000000 0 0 8
a 3ff0000000000000 0000000000000000 0000000000000000 0 0 8
4 bff0000000000000 0000000000000000 7ff8000000000000 1 0 0
5 bff0000000000000 0000000000000000 bfeaed548f090cee 10 0 8
6 bff0000000000000 0000000000000000 3fe14a280fb5068c 10 0 8
8 bff0000000000000 0000000000000000 3fd78b56362cef38 10 0 8
9 bff0000000000000 0000000000000000 7ff8000000000000 1 0 0
a bff0000000000000 0000000000000000 400921fb54442d18 10 0 8
4 4000000000000000 0000000000000000 3ff6a09e667f3bcd 10 0 0
5 4000000000000000 0000000000000000 3fed18f6ead1b446 10 0 8
6 4000000000000000 0000000000000000 bfdaa22657537205 10 0 8
8 4000000000000000 0000000000000000 401d8e64b8d4ddae 10 0 8
9 4000000000000000 0000000000000000 3fe62e42fefa39ef 10 0 8
a 4000000000000000 0000000000000000 7ff8000000000000 1 0 0
4 4008000000000000 0000000000000000 3ffbb67ae8584caa 10 0 0
5 4008000000000000 0000000000000000 3fc210386db6d55b 10 0 8
6 4008000000000000 0000000000000000 bfefae04be85e5d2 10 0 8
8 4008000000000000 0000000000000000 403415e5bf6fb106 10 0 8
9 4008000000000000 0000000000000000 3ff193ea7aad030b 10 0 8
a 4008000000000000 0000000000000000 7ff8000000000000 1 0 0
4 7fefffffffffffff 0000000000000000 5fefffffffffffff 10 0 0
5 7fefffffffffffff 0000000000000000 3f7452fc98b34e97 10 0 8
6 7fefffffffffffff 0000000000000000 bfefffe62ecfab75 10 0 8
8 7fefffffffffffff 0000000000000000 7ff0000000000000 14 0 8
9 7fefffffffffffff 0000000000000000 40862e42fefa39ef 10 0 8
a 7fefffffffffffff 0000000000000000 7ff8000000000000 1 0 0
4 ffefffffffffffff 0000000000000000 7ff8000000000000 1 0 0
5 ffefffffffffffff 0000000000000000 bf7452fc98b34e97 10 0 8
6 ffefffffffffffff 0000000000000000 bfefffe62ecfab75 10 0 8
8 ffefffffffffffff 0000000000000000 0000000000000000 18 0 8
9 ffefffffffffffff 0000000000000000 7ff8000000000000 1 0 0
a ffefffffffffffff 0000000000000000 7ff8000000000000 1 0 0
4 7ff0000000000000 0000000000000000 7ff0000000000000 0 0 0
5 7ff0000000000000 0000000000000000 7ff8000000000000 1 0 0
6 7ff0000000000000 0000000000000000 7ff8000000000000 1 0 0
8 7ff0000000000000 0000000000000000 7ff0000000000000 0 0 8
9 7ff0000000000000 0000000000000000 7ff0000000000000 0 0 8
a 7ff0000000000000 0000000000000000 7ff8000000000000 1 0 0
4 fff0000000000000 0000000000000000 7ff8000000000000 1 0 0
5 fff0000000000000 0000000000000000 7ff8000000000000 1 0 0
6 fff0000000000000 0000000000000000 7ff8000000000000 1 0 0
8 fff0000000000000 0000000000000000 0000000000000000 0 0 8
9 fff0000000000000 0000000000000000 7ff8000000000000 1 0 0
a fff0000000000000 0000000000000000 7ff8000000000000 1 0 0
4 7ff0000000000001 0000000000000000 7ff8000000000000 1 0 0
5 7ff0000000000001 0000000000000000 7ff8000000000000 1 0 0
6 7ff0000000000001 0000000000000000 7ff8000000000000 1 0 0
8 7ff0000000000001 0000000000000000 7ff8000000000000 1 0 0
9 7ff0000000000001 0000000000000000 7ff8000000000000 1 0 0
a 7ff0000000000001 0000000000000000 7ff8000000000000 1 0 0
4 7ff8000000000000 0000000000000000 7ff8000000000000 0 0 0
5 7ff8000000000000 0000000000000000 7ff8000000000000 0 0 0
6 7ff8000000000000 0000000000000000 7ff8000000000000 0 0 0
8 7ff8000000000000 0000000000000000 7ff8000000000000 0 0 0
9 7ff8000000000000 0000000000000000 7ff8000000000000 0 0 0
a 7ff8000000000000 0000000000000000 7ff8000000000000 0 0 0
4 3fe0000000000000 0000000000000000 3fe6a09e667f3bcd 10 0 0
5 3fe0000000000000 0000000000000000 3fdeaee8744b05f0 10 0 8
6 3fe0000000000000 0000000000000000 3fec1528065b7d50 10 0 8
8 3fe0000000000000 0000000000000000 3ffa61298e1e069c 10 0 8
9 3fe0000000000000 0000000000000000 bfe62e42fefa39ef 10 0 8
a 3fe0000000000000 0000000000000000 3ff0c152382d7366 10 0 8
4 bfe0000000000000 0000000000000000 7ff8000000000000 1 0 0
5 bfe0000000000000 0000000000000000 bfdeaee8744b05f0 10 0 8
6 bfe0000000000000 0000000000000000 3fec1528065b7d50 10 0 8
8 bfe0000000000000 0000000000000000 3fe368b2fc6f960a 10 0 8
9 bfe0000000000000 0000000000000000 7ff8000000000000 1 0 0
a bfe0000000000000 0000000000000000 4000c152382d7366 10 0 8
7 0000000000000000 0000000000000000 0000000000000000 0 0 8
7 0000000000000000 8000000000000000 400921fb54442d18 10 0 8
7 0000000000000000 0000000000000001 0000000000000000 0 0 8
7 0000000000000000 8000000000000001 400921fb54442d18 10 0 8
7 0000000000000000 000fffffffffffff 0000000000000000 0 0 8
7 0000000000000000 0010000000000000 0000000000000000 0 0 8
7 0000000000000000 0010000000000001 0000000000000000 0 0 8
7 0000000000000000 3ff0000000000000 0000000000000000 0 0 8
7 0000000000000000 bff0000000000000 400921fb54442d18 10 0 8
7 0000000000000000 4000000000000000 0000000000000000 0 0 8
7 0000000000000000 4008000000000000 0000000000000000 0 0 8
7 0000000000000000 7fefffffffffffff 0000000000000000 0 0 8
7 0000000000000000 ffefffffffffffff 400921fb54442d18 10 0 8
7 0000000000000000 7ff0000000000000 0000000000000000 0 0 8
7 0000000000000000 fff0000000000000 400921fb54442d18 10 0 8
7 0000000000000000 7ff0000000000001 7ff8000000000000 1 0 0
7 0000000000000000 7ff8000000000000 7ff8000000000000 0 0 0
7 0000000000000000 3fe0000000000000 0000000000000000 0 0 8
7 0000000000000000 bfe0000000000000 400921fb54442d18 10 0 8
7 8000000000000000 0000000000000000 8000000000000000 0 0 8
7 8000000000000000 8000000000000000 c00921fb54442d18 10 0 8
7 8000000000000000 0000000000000001 8000000000000000 0 0 8
7 8000000000000000 8000000000000001 c00921fb54442d18 10 0 8
7 8000000000000000 000fffffffffffff 8000000000000000 0 0 8
7 8000000000000000 0010000000000000 8000000000000000 0 0 8
7 8000000000000000 0010000000000001 8000000000000000 0 0 8
7 8000000000000000 3ff0000000000000 8000000000000000 0 0 8
7 8000000000000000 bff0000000000000 c00921fb54442d18 10 0 8
7 8000000000000000 4000000000000000 8000000000000000 0 0 8
7 8000000000000000 4008000000000000 8000000000000000 0 0 8
7 8000000000000000 7fefffffffffffff 8000000000000000 0 0 8
7 8000000000000000 ffefffffffffffff c00921fb54442d18 10 0 8
7 8000000000000000 7ff0000000000000 8000000000000000 0 0 8
7 8000000000000000 fff0000000000000 c00921fb54442d18 10 0 8
7 8000000000000000 7ff0000000000001 7ff8000000000000 1 0 0
7 8000000000000000 7ff8000000000000 7ff8000000000000 0 0 0
7 8000000000000000 3fe0000000000000 8000000000000000 0 0 8
7 8000000000000000 bfe0000000000000 c00921fb54442d18 10 0 8
7 0000000000000001 0000000000000000 3ff921fb54442d18 10 0 8
7 0000000000000001 8000000000000000 3ff921fb54442d18 10 0 8
7 0000000000000001 0000000000000001 3fe921fb54442d18 10 0 8
7 0000000000000001 8000000000000001 4002d97c7f3321d2 10 0 8
7 0000000000000001 000fffffffffffff 3cb0000000000001 10 0 8
7 0000000000000001 0010000000000000 3cb0000000000000 10 0 8
7 0000000000000001 0010000000000001 3caffffffffffffe 10 0 8
7 0000000000000001 3ff0000000000000 0000000000000001 18 0 8
7 0000000000000001 bff0000000000000 400921fb54442d18 10 0 8
7 0000000000000001 4000000000000000 0000000000000000 18 0 8
7 0000000000000001 4008000000000000 0000000000000000 18 0 8
7 0000000000000001 7fefffffffffffff 0000000000000000 18 0 8
7 0000000000000001 ffefffffffffffff 400921fb54442d18 10 0 8
7 0000000000000001 7ff0000000000000 0000000000000000 0 0 8
7 0000000000000001 fff0000000000000 400921fb54442d18 10 0 8
7 0000000000000001 7ff0000000000001 7ff8000000000000 1 0 0
7 0000000000000001 7ff8000000000000 7ff8000000000000 0 0 0
7 0000000000000001 3fe0000000000000 0000000000000002 18 0 8
7 0000000000000001 bfe0000000000000 400921fb54442d18 10 0 8
7 8000000000000001 0000000000000000 bff921fb54442d18 10 0 8
7 8000000000000001 8000000000000000 bff921fb54442d18 10 0 8
7 8000000000000001 0000000000000001 bfe921fb54442d18 10 0 8
7 8000000000000001 8000000000000001 c002d97c7f3321d2 10 0 8
7 8000000000000001 000fffffffffffff bcb0000000000001 10 0 8
7 8000000000000001 0010000000000000 bcb0000000000000 10 0 8
7 8000000000000001 0010000000000001 bcaffffffffffffe 10 0 8
7 8000000000000001 3ff0000000000000 8000000000000001 18 0 8
7 8000000000000001 bff0000000000000 c00921fb54442d18 10 0 8
7 8000000000000001 4000000000000000 8000000000000000 18 0 8
7 8000000000000001 4008000000000000 8000000000000000 18 0 8
7 8000000000000001 7fefffffffffffff 8000000000000000 18 0 8
7 8000000000000001 ffefffffffffffff c00921fb54442d18 10 0 8
7 8000000000000001 7ff0000000000000 8000000000000000 0 0 8
7 8000000000000001 fff0000000000000 c00921fb54442d18 10 0 8
7 8000000000000001 7ff0000000000001 7ff8000000000000 1 0 0
7 8000000000000001 7ff8000000000000 7ff8000000000000 0 0 0
7 8000000000000001 3fe0000000000000 8000000000000002 18 0 8
7 8000000000000001 bfe0000000000000 c00921fb54442d18 10 0 8
7 000fffffffffffff 0000000000000000 3ff921fb54442d18 10 0 8
7 000fffffffffffff 8000000000000000 3ff921fb54442d18 10 0 8
7 000fffffffffffff 0000000000000001 3ff921fb54442d17 10 0 8
7 000fffffffffffff 8000000000000001 3ff921fb54442d19 10 0 8
7 000fffffffffffff 000fffffffffffff 3fe921fb54442d18 10 0 8
7 000fffffffffffff 0010000000000000 3fe921fb54442d17 10 0 8
7 000fffffffffffff 0010000000000001 3fe921fb54442d16 10 0 8
7 000fffffffffffff 3ff0000000000000 000fffffffffffff 18 0 8
7 000fffffffffffff bff0000000000000 400921fb54442d18 10 0 8
7 000fffffffffffff 4000000000000000 0008000000000000 18 0 8
7 000fffffffffffff 4008000000000000 0005555555555555 18 0 8
7 000fffffffffffff 7fefffffffffffff 0000000000000000 18 0 8
7 000fffffffffffff ffefffffffffffff 400921fb54442d18 10 0 8
7 000fffffffffffff 7ff0000000000000 0000000000000000 0 0 8
7 000fffffffffffff fff0000000000000 400921fb54442d18 10 0 8
7 000fffffffffffff 7ff0000000000001 7ff8000000000000 1 0 0
7 000fffffffffffff 7ff8000000000000 7ff8000000000000 0 0 0
7 000fffffffffffff 3fe0000000000000 001ffffffffffffe 10 0 8
7 000fffffffffffff bfe0000000000000 400921fb54442d18 10 0 8
7 0010000000000000 0000000000000000 3ff921fb54442d18 10 0 8
7 0010000000000000 8000000000000000 3ff921fb54442d18 10 0 8
7 0010000000000000 0000000000000001 3ff921fb54442d17 10 0 8
7 0010000000000000 8000000000000001 3ff921fb54442d19 10 0 8
7 0010000000000000 000fffffffffffff 3fe921fb54442d19 10 0 8
7 0010000000000000 0010000000000000 3fe921fb54442d18 10 0 8
7 0010000000000000 0010000000000001 3fe921fb54442d17 10 0 8
7 0010000000000000 3ff0000000000000 0010000000000000 10 0 8
7 0010000000000000 bff0000000000000 400921fb54442d18 10 0 8
7 0010000000000000 4000000000000000 0008000000000000 18 0 8
7 0010000000000000 4008000000000000 0005555555555555 18 0 8
7 0010000000000000 7fefffffffffffff 0000000000000000 18 0 8
7 0010000000000000 ffefffffffffffff 400921fb54442d18 10 0 8
7 0010000000000000 7ff0000000000000 0000000000000000 0 0 8
7 0010000000000000 fff0000000000000 400921fb54442d18 10 0 8
7 0010000000000000 7ff0000000000001 7ff8000000000000 1 0 0
7 0010000000000000 7ff8000000000000 7ff8000000000000 0 0 0
7 0010000000000000 3fe0000000000000 0020000000000000 10 0 8
7 0010000000000000 bfe0000000000000 400921fb54442d18 10 0 8
7 0010000000000001 0000000000000000 3ff921fb54442d18 10 0 8
7 0010000000000001 8000000000000000 3ff921fb54442d18 10 0 8
7 0010000000000001 0000000000000001 3ff921fb54442d17 10 0 8
7 0010000000000001 8000000000000001 3ff921fb54442d19 10 0 8
7 0010000000000001 000fffffffffffff 3fe921fb54442d1a 10 0 8
7 0010000000000001 0010000000000000 3fe921fb54442d19 10 0 8
7 0010000000000001 0010000000000001 3fe921fb54442d18 10 0 8
7 0010000000000001 3ff0000000000000 0010000000000001 10 0 8
7 0010000000000001 bff0000000000000 400921fb54442d18 10 0 8
7 0010000000000001 4000000000000000 0008000000000000 18 0 8
7 0010000000000001 4008000000000000 0005555555555556 18 0 8
7 0010000000000001 7fefffffffffffff 0000000000000000 18 0 8
7 0010000000000001 ffefffffffffffff 400921fb54442d18 10 0 8
7 0010000000000001 7ff0000000000000 0000000000000000 0 0 8
7 0010000000000001 fff0000000000000 400921fb54442d18 10 0 8
7 0010000000000001 7ff0000000000001 7ff8000000000000 1 0 0
7 0010000000000001 7ff8000000000000 7ff8000000000000 0 0 0
7 0010000000000001 3fe0000000000000 0020000000000001 10 0 8
7 0010000000000001 bfe0000000000000 400921fb54442d18 10 0 8
7 3ff0000000000000 0000000000000000 3ff921fb54442d18 10 0 8
7 3ff0000000000000 8000000000000000 3ff921fb54442d18 10 0 8
7 3ff0000000000000 0000000000000001 3ff921fb54442d18 10 0 8
7 3ff0000000000000 8000000000000001 3ff921fb54442d18 10 0 8
7 3ff0000000000000 000fffffffffffff 3ff921fb54442d18 10 0 8
7 3ff0000000000000 0010000000000000 3ff921fb54442d18 10 0 8
7 3ff0000000000000 0010000000000001 3ff921fb54442d18 10 0 8
7 3ff0000000000000 3ff0000000000000 3fe921fb54442d18 10 0 8
7 3ff0000000000000 bff0000000000000 4002d97c7f3321d2 10 0 8
7 3ff0000000000000 4000000000000000 3fddac670561bb4f 10 0 8
7 3ff0000000000000 4008000000000000 3fd4978fa3269ee1 10 0 8
7 3ff0000000000000 7fefffffffffffff 0004000000000000 18 0 8
7 3ff0000000000000 ffefffffffffffff 400921fb54442d18 10 0 8
7 3ff0000000000000 7ff0000000000000 0000000000000000 0 0 8
7 3ff0000000000000 fff0000000000000 400921fb54442d18 10 0 8
7 3ff0000000000000 7ff0000000000001 7ff8000000000000 1 0 0
7 3ff0000000000000 7ff8000000000000 7ff8000000000000 0 0 0
7 3ff0000000000000 3fe0000000000000 3ff1b6e192ebbe44 10 0 8
7 3ff0000000000000 bfe0000000000000 4000468a8ace4df6 10 0 8
7 bff0000000000000 0000000000000000 bff921fb54442d18 10 0 8
7 bff0000000000000 8000000000000000 bff921fb54442d18 10 0 8
7 bff0000000000000 0000000000000001 bff921fb54442d18 10 0 8
7 bff0000000000000 8000000000000001 bff921fb54442d18 10 0 8
7 bff0000000000000 000fffffffffffff bff921fb54442d18 10 0 8
7 bff0000000000000 0010000000000000 bff921fb54442d18 10 0 8
7 bff0000000000000 0010000000000001 bff921fb54442d18 10 0 8
7 bff0000000000000 3ff0000000000000 bfe921fb54442d18 10 0 8
7 bff0000000000000 bff0000000000000 c002d97c7f3321d2 10 0 8
7 bff0000000000000 4000000000000000 bfddac670561bb4f 10 0 8
7 bff0000000000000 4008000000000000 bfd4978fa3269ee1 10 0 8
7 bff0000000000000 7fefffffffffffff 8004000000000000 18 0 8
7 bff0000000000000 ffefffffffffffff c00921fb54442d18 10 0 8
7 bff0000000000000 7ff0000000000000 8000000000000000 0 0 8
7 bff0000000000000 fff0000000000000 c00921fb54442d18 10 0 8
7 bff0000000000000 7ff0000000000001 7ff8000000000000 1 0 0
7 bff0000000000000 7ff8000000000000 7ff8000000000000 0 0 0
7 bff0000000000000 3fe0000000000000 bff1b6e192ebbe44 10 0 8
7 bff0000000000000 bfe0000000000000 c000468a8ace4df6 10 0 8
7 4000000000000000 0000000000000000 3ff921fb54442d18 10 0 8
7 4000000000000000 8000000000000000 3ff921fb54442d18 10 0 8
7 4000000000000000 0000000000000001 3ff921fb54442d18 10 0 8
7 4000000000000000 8000000000000001 3ff921fb54442d18 10 0 8
7 4000000000000000 000fffffffffffff 3ff921fb54442d18 10 0 8
7 4000000000000000 0010000000000000 3ff921fb54442d18 10 0 8
7 4000000000000000 0010000000000001 3ff921fb54442d18 10 0 8
7 4000000000000000 3ff0000000000000 3ff1b6e192ebbe44 10 0 8
7 4000000000000000 bff0000000000000 4000468a8ace4df6 10 0 8
7 4000000000000000 4000000000000000 3fe921fb54442d18 10 0 8
7 4000000000000000 4008000000000000 3fe2d0ead6066395 10 0 8
7 4000000000000000 7fefffffffffffff 0008000000000000 18 0 8
7 4000000000000000 ffefffffffffffff 400921fb54442d18 10 0 8
7 4000000000000000 7ff0000000000000 0000000000000000 0 0 8
7 4000000000000000 fff0000000000000 400921fb54442d18 10 0 8
7 4000000000000000 7ff0000000000001 7ff8000000000000 1 0 0
7 4000000000000000 7ff8000000000000 7ff8000000000000 0 0 0
7 4000000000000000 3fe0000000000000 3ff5368c951e9cfd 10 0 8
7 4000000000000000 bfe0000000000000 3ffd0d6a1369bd34 10 0 8
7 4008000000000000 0000000000000000 3ff921fb54442d18 10 0 8
7 4008000000000000 8000000000000000 3ff921fb54442d18 10 0 8
7 4008000000000000 0000000000000001 3ff921fb54442d18 10 0 8
7 4008000000000000 8000000000000001 3ff921fb54442d18 10 0 8
7 4008000000000000 000fffffffffffff 3ff921fb54442d18 10 0 8
7 4008000000000000 0010000000000000 3ff921fb54442d18 10 0 8
7 4008000000000000 0010000000000001 3ff921fb54442d18 10 0 8
7 4008000000000000 3ff0000000000000 3ff3fc176b7a8560 10 0 8
7 4008000000000000 bff0000000000000 3ffe47df3d0dd4d1 10 0 8
7 4008000000000000 4000000000000000 3fef730bd281f69b 10 0 8
7 4008000000000000 4008000000000000 3fe921fb54442d18 10 0 8
7 4008000000000000 7fefffffffffffff 000c000000000000 18 0 8
7 4008000000000000 ffefffffffffffff 400921fb54442d18 10 0 8
7 4008000000000000 7ff0000000000000 0000000000000000 0 0 8
7 4008000000000000 fff0000000000000 400921fb54442d18 10 0 8
7 4008000000000000 7ff0000000000001 7ff8000000000000 1 0 0
7 4008000000000000 7ff8000000000000 7ff8000000000000 0 0 0
7 4008000000000000 3fe0000000000000 3ff67d8863bc99bd 10 0 8
7 4008000000000000 bfe0000000000000 3ffbc66e44cbc074 10 0 8
7 7fefffffffffffff 0000000000000000 3ff921fb54442d18 10 0 8
7 7fefffffffffffff 8000000000000000 3ff921fb54442d18 10 0 8
7 7fefffffffffffff 0000000000000001 3ff921fb54442d18 10 0 8
7 7fefffffffffffff 8000000000000001 3ff921fb54442d18 10 0 8
7 7fefffffffffffff 000fffffffffffff 3ff921fb54442d18 10 0 8
7 7fefffffffffffff 0010000000000000 3ff921fb54442d18 10 0 8
7 7fefffffffffffff 0010000000000001 3ff921fb54442d18 10 0 8
7 7fefffffffffffff 3ff0000000000000 3ff921fb54442d18 10 0 8
7 7fefffffffffffff bff0000000000000 3ff921fb54442d18 10 0 8
7 7fefffffffffffff 4000000000000000 3ff921fb54442d18 10 0 8
7 7fefffffffffffff 4008000000000000 3ff921fb54442d18 10 0 8
7 7fefffffffffffff 7fefffffffffffff 3fe921fb54442d18 10 0 8
7 7fefffffffffffff ffefffffffffffff 4002d97c7f3321d2 10 0 8
7 7fefffffffffffff 7ff0000000000000 0000000000000000 0 0 8
7 7fefffffffffffff fff0000000000000 400921fb54442d18 10 0 8
7 7fefffffffffffff 7ff0000000000001 7ff8000000000000 1 0 0
7 7fefffffffffffff 7ff8000000000000 7ff8000000000000 0 0 0
7 7fefffffffffffff 3fe0000000000000 3ff921fb54442d18 10 0 8
7 7fefffffffffffff bfe0000000000000 3ff921fb54442d18 10 0 8
7 ffefffffffffffff 0000000000000000 bff921fb54442d18 10 0 8
7 ffefffffffffffff 8000000000000000 bff921fb54442d18 10 0 8
7 ffefffffffffffff 0000000000000001 bff921fb54442d18 10 0 8
7 ffefffffffffffff 8000000000000001 bff921fb54442d18 10 0 8
7 ffefffffffffffff 000fffffffffffff bff921fb54442d18 10 0 8
7 ffefffffffffffff 0010000000000000 bff921fb54442d18 10 0 8
7 ffefffffffffffff 0010000000000001 bff921fb54442d18 10 0 8
7 ffefffffffffffff 3ff0000000000000 bff921fb54442d18 10 0 8
7 ffefffffffffffff bff0000000000000 bff921fb54442d18 10 0 8
7 ffefffffffffffff 4000000000000000 bff921fb54442d18 10 0 8
7 ffefffffffffffff 4008000000000000 bff921fb54442d18 10 0 8
7 ffefffffffffffff 7fefffffffffffff bfe921fb54442d18 10 0 8
7 ffefffffffffffff ffefffffffffffff c002d97c7f3321d2 10 0 8
7 ffefffffffffffff 7ff0000000000000 8000000000000000 0 0 8
7 ffefffffffffffff fff0000000000000 c00921fb54442d18 10 0 8
7 ffefffffffffffff 7ff0000000000001 7ff8000000000000 1 0 0
7 ffefffffffffffff 7ff8000000000000 7ff8000000000000 0 0 0
7 ffefffffffffffff 3fe0000000000000 bff921fb54442d18 10 0 8
7 ffefffffffffffff bfe0000000000000 bff921fb54442d18 10 0 8
7 7ff0000000000000 0000000000000000 3ff921fb54442d18 10 0 8
7 7ff0000000000000 8000000000000000 3ff921fb54442d18 10 0 8
7 7ff0000000000000 0000000000000001 3ff921fb54442d18 10 0 8
7 7ff0000000000000 8000000000000001 3ff921fb54442d18 10 0 8
7 7ff0000000000000 000fffffffffffff 3ff921fb54442d18 10 0 8
7 7ff0000000000000 0010000000000000 3ff921fb54442d18 10 0 8
7 7ff0000000000000 0010000000000001 3ff921fb54442d18 10 0 8
7 7ff0000000000000 3ff0000000000000 3ff921fb54442d18 10 0 8
7 7ff0000000000000 bff0000000000000 3ff921fb54442d18 10 0 8
7 7ff0000000000000 4000000000000000 3ff921fb54442d18 10 0 8
7 7ff0000000000000 4008000000000000 3ff921fb54442d18 10 0 8
7 7ff0000000000000 7fefffffffffffff 3ff921fb54442d18 10 0 8
7 7ff0000000000000 ffefffffffffffff 3ff921fb54442d18 10 0 8
7 7ff0000000000000 7ff0000000000000 3fe921fb54442d18 10 0 8
7 7ff0000000000000 fff0000000000000 4002d97c7f3321d2 10 0 8
7 7ff0000000000000 7ff0000000000001 7ff8000000000000 1 0 0
7 7ff0000000000000 7ff8000000000000 7ff8000000000000 0 0 0
7 7ff0000000000000 3fe0000000000000 3ff921fb54442d18 10 0 8
7 7ff0000000000000 bfe0000000000000 3ff921fb54442d18 10 0 8
7 fff0000000000000 0000000000000000 bff921fb54442d18 10 0 8
7 fff0000000000000 8000000000000000 bff921fb54442d18 10 0 8
7 fff0000000000000 0000000000000001 bff921fb54442d18 10 0 8
7 fff0000000000000 8000000000000001 bff921fb54442d18 10 0 8
7 fff0000000000000 000fffffffffffff bff921fb54442d18 10 0 8
7 fff0000000000000 0010000000000000 bff921fb54442d18 10 0 8
7 fff0000000000000 0010000000000001 bff921fb54442d18 10 0 8
7 fff0000000000000 3ff0000000000000 bff921fb54442d18 10 0 8
7 fff0000000000000 bff0000000000000 bff921fb54442d18 10 0 8
7 fff0000000000000 4000000000000000 bff921fb54442d18 10 0 8
7 fff0000000000000 4008000000000000 bff921fb54442d18 10 0 8
7 fff0000000000000 7fefffffffffffff bff921fb54442d18 10 0 8
7 fff0000000000000 ffefffffffffffff bff921fb54442d18 10 0 8
7 fff0000000000000 7ff0000000000000 bfe921fb54442d18 10 0 8
7 fff0000000000000 fff0000000000000 c002d97c7f3321d2 10 0 8
7 fff0000000000000 7ff0000000000001 7ff8000000000000 1 0 0
7 fff0000000000000 7ff8000000000000 7ff8000000000000 0 0 0
7 fff0000000000000 3fe0000000000000 bff921fb54442d18 10 0 8
7 fff0000000000000 bfe0000000000000 bff921fb54442d18 10 0 8
7 7ff0000000000001 0000000000000000 7ff8000000000000 1 0 0
7 7ff0000000000001 8000000000000000 7ff8000000000000 1 0 0
7 7ff0000000000001 0000000000000001 7ff8000000000000 1 0 0
7 7ff0000000000001 8000000000000001 7ff8000000000000 1 0 0
7 7ff0000000000001 000fffffffffffff 7ff8000000000000 1 0 0
7 7ff0000000000001 0010000000000000 7ff8000000000000 1 0 0
7 7ff0000000000001 0010000000000001 7ff8000000000000 1 0 0
7 7ff0000000000001 3ff0000000000000 7ff8000000000000 1 0 0
7 7ff0000000000001 bff0000000000000 7ff8000000000000 1 0 0
7 7ff0000000000001 4000000000000000 7ff8000000000000 1 0 0
7 7ff0000000000001 4008000000000000 7ff8000000000000 1 0 0
7 7ff0000000000001 7fefffffffffffff 7ff8000000000000 1 0 0
7 7ff0000000000001 ffefffffffffffff 7ff8000000000000 1 0 0
7 7ff0000000000001 7ff0000000000000 7ff8000000000000 1 0 0
7 7ff0000000000001 fff0000000000000 7ff8000000000000 1 0 0
7 7ff0000000000001 7ff0000000000001 7ff8000000000000 1 0 0
7 7ff0000000000001 7ff8000000000000 7ff8000000000000 1 0 0
7 7ff0000000000001 3fe0000000000000 7ff8000000000000 1 0 0
7 7ff0000000000001 bfe0000000000000 7ff8000000000000 1 0 0
7 7ff8000000000000 0000000000000000 7ff8000000000000 0 0 0
7 7ff8000000000000 8000000000000000 7ff8000000000000 0 0 0
7 7ff8000000000000 0000000000000001 7ff8000000000000 0 0 0
7 7ff8000000000000 8000000000000001 7ff8000000000000 0 0 0
7 7ff8000000000000 000fffffffffffff 7ff8000000000000 0 0 0
7 7ff8000000000000 0010000000000000 7ff8000000000000 0 0 0
7 7ff8000000000000 0010000000000001 7ff8000000000000 0 0 0
7 7ff8000000000000 3ff0000000000000 7ff8000000000000 0 0 0
7 7ff8000000000000 bff0000000000000 7ff8000000000000 0 0 0
7 7ff8000000000000 4000000000000000 7ff8000000000000 0 0 0
7 7ff8000000000000 4008000000000000 7ff8000000000000 0 0 0
7 7ff8000000000000 7fefffffffffffff 7ff8000000000000 0 0 0
7 7ff8000000000000 ffefffffffffffff 7ff8000000000000 0 0 0
7 7ff8000000000000 7ff0000000000000 7ff8000000000000 0 0 0
7 7ff8000000000000 fff0000000000000 7ff8000000000000 0 0 0
7 7ff8000000000000 7ff0000000000001 7ff8000000000000 1 0 0
7 7ff8000000000000 7ff8000000000000 7ff8000000000000 0 0 0
7 7ff8000000000000 3fe0000000000000 7ff8000000000000 0 0 0
7 7ff8000000000000 bfe0000000000000 7ff8000000000000 0 0 0
7 3fe0000000000000 0000000000000000 3ff921fb54442d18 10 0 8
7 3fe0000000000000 8000000000000000 3ff921fb54442d18 10 0 8
7 3fe0000000000000 0000000000000001 3ff921fb54442d18 10 0 8
7 3fe0000000000000 8000000000000001 3ff921fb54442d18 10 0 8
7 3fe0000000000000 000fffffffffffff 3ff921fb54442d18 10 0 8
7 3fe0000000000000 0010000000000000 3ff921fb54442d18 10 0 8
7 3fe0000000000000 0010000000000001 3ff921fb54442d18 10 0 8
7 3fe0000000000000 3ff0000000000000 3fddac670561bb4f 10 0 8
7 3fe0000000000000 bff0000000000000 40056c6e7397f5ae 10 0 8
7 3fe0000000000000 4000000000000000 3fcf5b75f92c80dd 10 0 8
7 3fe0000000000000 4008000000000000 3fc52397843c9add 10 0 8
7 3fe0000000000000 7fefffffffffffff 0002000000000000 18 0 8
7 3fe0000000000000 ffefffffffffffff 400921fb54442d18 10 0 8
7 3fe0000000000000 7ff0000000000000 0000000000000000 0 0 8
7 3fe0000000000000 fff0000000000000 400921fb54442d18 10 0 8
7 3fe0000000000000 7ff0000000000001 7ff8000000000000 1 0 0
7 3fe0000000000000 7ff8000000000000 7ff8000000000000 0 0 0
7 3fe0000000000000 3fe0000000000000 3fe921fb54442d18 10 0 8
7 3fe0000000000000 bfe0000000000000 4002d97c7f3321d2 10 0 8
7 bfe0000000000000 0000000000000000 bff921fb54442d18 10 0 8
7 bfe0000000000000 8000000000000000 bff921fb54442d18 10 0 8
7 bfe0000000000000 0000000000000001 bff921fb54442d18 10 0 8
7 bfe0000000000000 8000000000000001 bff921fb54442d18 10 0 8
7 bfe0000000000000 000fffffffffffff bff921fb54442d18 10 0 8
7 bfe0000000000000 0010000000000000 bff921fb54442d18 10 0 8
7 bfe0000000000000 0010000000000001 bff921fb54442d18 10 0 8
7 bfe0000000000000 3ff0000000000000 bfddac670561bb4f 10 0 8
7 bfe0000000000000 bff0000000000000 c0056c6e7397f5ae 10 0 8
7 bfe0000000000000 4000000000000000 bfcf5b75f92c80dd 10 0 8
7 bfe0000000000000 4008000000000000 bfc52397843c9add 10 0 8
7 bfe0000000000000 7fefffffffffffff 8002000000000000 18 0 8
7 bfe0000000000000 ffefffffffffffff c00921fb54442d18 10 0 8
7 bfe0000000000000 7ff0000000000000 8000000000000000 0 0 8
7 bfe0000000000000 fff0000000000000 c00921fb54442d18 10 0 8
7 bfe0000000000000 7ff0000000000001 7ff8000000000000 1 0 0
7 bfe0000000000000 7ff8000000000000 7ff8000000000000 0 0 0
7 bfe0000000000000 3fe0000000000000 bfe921fb54442d18 10 0 8
7 bfe0000000000000 bfe0000000000000 c002d97c7f3321d2 10 0 8
0 488e79d6712bbb8c cd1d2c81792a2027 cd1d2c81792a2027 10 0 0
1 488e79d6712bbb8c cd1d2c81792a2027 4d1d2c81792a2027 10 0 0
2 488e79d6712bbb8c cd1d2c81792a2027 d5bbc8cd2bf887b5 10 0 0
3 488e79d6712bbb8c cd1d2c81792a2027 bb60b6cfb3967c74 10 0 0
4 488e79d6712bbb8c cd1d2c81792a2027 443f3a89fd3b3822 10 0 0
d 488e79d6712bbb8c cd1d2c81792a2027 0000000000000000 0 0 0
5 488e79d6712bbb8c 0000000000000000 3fef917f89bb0a61 10 0 8
6 488e79d6712bbb8c 0000000000000000 3fc4f3f483c373a7 10 0 8
7 488e79d6712bbb8c cd1d2c81792a2027 400921fb54442d18 10 0 8
9 488e79d6712bbb8c 0000000000000000 4057e6c0b60b8696 10 0 8
b 0000000098f508b0 0000000000000000 bb1ea11600000000 0 0 0
c 488e79d6712bbb8c 0000000000000000 000000007f800000 14 0 0
0 05819c61f7b94b87 07f15883b0c4f093 07f15883b0c513cc 10 0 0
1 05819c61f7b94b87 07f15883b0c4f093 87f15883b0c4cd5a 10 0 0
2 05819c61f7b94b87 07f15883b0c4f093 0000000000000000 18 0 0
3 05819c61f7b94b87 07f15883b0c4f093 3d803e9a4e21868a 10 0 0
4 05819c61f7b94b87 07f15883b0c4f093 22b7bd39c0c58799 10 0 0
d 05819c61f7b94b87 07f15883b0c4f093 0000000000000000 0 1 0
5 05819c61f7b94b87 0000000000000000 05819c61f7b94b87 10 0 8
6 05819c61f7b94b87 0000000000000000 3ff0000000000000 10 0 8
7 05819c61f7b94b87 07f15883b0c4f093 3d803e9a4e21868a 10 0 8
9 05819c61f7b94b87 0000000000000000 c0843ff936a1158c 10 0 8
b 00000000f40678f8 0000000000000000 c680cf1f00000000 0 0 0
c 05819c61f7b94b87 0000000000000000 0000000000000000 18 0 0
0 5835cbf4c82c5171 02485e70394d0cd3 5835cbf4c82c5171 10 0 0
1 5835cbf4c82c5171 02485e70394d0cd3 5835cbf4c82c5171 10 0 0
2 5835cbf4c82c5171 02485e70394d0cd3 1a90994b260dc365 10 0 0
3 5835cbf4c82c5171 02485e70394d0cd3 7ff0000000000000 14 0 0
4 5835cbf4c82c5171 02485e70394d0cd3 4c12acbe1fdac5cb 10 0 0
d 5835cbf4c82c5171 02485e70394d0cd3 0000000000000000 0 0 0
5 5835cbf4c82c5171 0000000000000000 3fdab71111c54fa2 10 0 8
6 5835cbf4c82c5171 0000000000000000 3fed142b53a0db9e 10 0 8
7 5835cbf4c82c5171 02485e70394d0cd3 3ff921fb54442d18 10 0 8
9 5835cbf4c82c5171 0000000000000000 4070d401218113eb 10 0 8
b 00000000823337b8 0000000000000000 b84666f700000000 0 0 0
c 5835cbf4c82c5171 0000000000000000 000000007f800000 14 0 0
0 7c4cfe9a906625f5 cfcd5cb9ef139c14 7c4cfe9a906625f5 10 0 0
1 7c4cfe9a906625f5 cfcd5cb9ef139c14 7c4cfe9a906625f5 10 0 0
2 7c4cfe9a906625f5 cfcd5cb9ef139c14 fff0000000000000 14 0 0
3 7c4cfe9a906625f5 cfcd5cb9ef139c14 ec6f996bfebdff19 10 0 0
4 7c4cfe9a906625f5 cfcd5cb9ef139c14 5e1e75d17b4f864f 10 0 0
d 7c4cfe9a906625f5 cfcd5cb9ef139c14 0000000000000000 0 0 0
5 7c4cfe9a906625f5 0000000000000000 3fec93fdf890e685 10 0 8
6 7c4cfe9a906625f5 0000000000000000 3fdccb99c3116a7f 10 0 8
7 7c4cfe9a906625f5 cfcd5cb9ef139c14 3ff921fb54442d18 10 0 8
9 7c4cfe9a906625f5 0000000000000000 4084ebda35f963b8 10 0 8
b 000000000ebb19dc 0000000000000000 39d7633b80000000 0 0 0
c 7c4cfe9a906625f5 0000000000000000 000000007f800000 14 0 0
0 dd954c9cf4d8257f fe8015c47b2590d8 fe8015c47b2590d8 10 0 0
1 dd954c9cf4d8257f fe8015c47b2590d8 7e8015c47b2590d8 10 0 0
2 dd954c9cf4d8257f fe8015c47b2590d8 7ff0000000000000 14 0 0
3 dd954c9cf4d8257f fe8015c47b2590d8 1f052fca0f27e7d2 10 0 0
4 dd954c9cf4d8257f fe8015c47b2590d8 7ff8000000000000 1 0 0
d dd954c9cf4d8257f fe8015c47b2590d8 0000000000000000 0 0 0
5 dd954c9cf4d8257f 0000000000000000 bf5560a902f3b154 10 0 8
6 dd954c9cf4d8257f 0000000000000000 3feffffe36ffb993 10 0 8
7 dd954c9cf4d8257f fe8015c47b2590d8 c00921fb54442d18 10 0 8
9 5d954c9cf4d8257f 0000000000000000 40748d67d2f308e5 10 0 8
b 00000000eee07ca7 0000000000000000 c5dc0f94e0000000 0 0 0
c dd954c9cf4d8257f 0000000000000000 00000000ff800000 14 0 0
0 cfe96fbda1c968f2 163abdb9703a129f cfe96fbda1c968f2 10 0 0
1 cfe96fbda1c968f2 163abdb9703a129f cfe96fbda1c968f2 10 0 0
2 cfe96fbda1c968f2 163abdb9703a129f a635419972acc338 10 0 0
3 cfe96fbda1c968f2 163abdb9703a129f f99e7055dbb01e94 10 0 0
4 cfe96fbda1c968f2 163abdb9703a129f 7ff8000000000000 1 0 0
d cfe96fbda1c968f2 163abdb9703a129f 0000000000000000 0 1 0
5 cfe96fbda1c968f2 0000000000000000 bfe076b942cc2de0 10 0 8
6 cfe96fbda1c968f2 0000000000000000 bfeb7098edd70e03 10 0 8
7 cfe96fbda1c968f2 163abdb9703a129f bff921fb54442d18 10 0 8
9 4fe96fbda1c968f2 0000000000000000 406626ea831c78e4 10 0 8
b 000000007f549ecb 0000000000000000 47ea93d960000000 0 0 0
c cfe96fbda1c968f2 0000000000000000 00000000ff800000 14 0 0
0 7d3c992d2d308a01 b2663319f4a00a7b 7d3c992d2d308a01 10 0 0
1 7d3c992d2d308a01 b2663319f4a00a7b 7d3c992d2d308a01 10 0 0
2 7d3c992d2d308a01 b2663319f4a00a7b efb3d6fa615baf43 10 0 0
3 7d3c992d2d308a01 b2663319f4a00a7b fff0000000000000 14 0 0
4 7d3c992d2d308a01 b2663319f4a00a7b 5e956416816d5991 10 0 0
d 7d3c992d2d308a01 b2663319f4a00a7b 0000000000000000 0 0 0
5 7d3c992d2d308a01 0000000000000000 bfeffecc7826d5c6 10 0 8
6 7d3c992d2d308a01 0000000000000000 bf918931573469f4 10 0 8
7 7d3c992d2d308a01 b2663319f4a00a7b 3ff921fb54442d18 10 0 8
9 7d3c992d2d308a01 0000000000000000 40853eeb8398f7d0 10 0 8
b 00000000480d010c 0000000000000000 4101a02180000000 0 0 0
c 7d3c992d2d308a01 0000000000000000 000000007f800000 14 0 0
0 edb2565a4851f926 99d5511c4d2fd407 edb2565a4851f926 10 0 0
1 edb2565a4851f926 99d5511c4d2fd407 edb2565a4851f926 10 0 0
2 edb2565a4851f926 99d5511c4d2fd407 47986e4c178e17b4 10 0 0
3 edb2565a4851f926 99d5511c4d2fd407 7ff0000000000000 14 0 0
4 edb2565a4851f926 99d5511c4d2fd407 7ff8000000000000 1 0 0
d edb2565a4851f926 99d5511c4d2fd407 0000000000000000 0 1 0
5 edb2565a4851f926 0000000000000000 3fed4b05e5a969b1 10 0 8
6 edb2565a4851f926 0000000000000000 3fd9c300dfd0518e 10 0 8
7 edb2565a4851f926 99d5511c4d2fd407 bff921fb54442d18 10 0 8
9 6db2565a4851f926 0000000000000000 407fb852452e7eb0 10 0 8
b 00000000424295d0 0000000000000000 404852ba00000000 0 0 0
c edb2565a4851f926 0000000000000000 00000000ff800000 14 0 0
0 0feb282c373d363b aeb9c6065950ea7a aeb9c6065950ea7a 10 0 0
1 0feb282c373d363b aeb9c6065950ea7a 2eb9c6065950ea7a 10 0 0
2 0feb282c373d363b aeb9c6065950ea7a 80000000577dc200 18 0 0
3 0feb282c373d363b aeb9c6065950ea7a a120dbda25d3e7a6 10 0 0
4 0feb282c373d363b aeb9c6065950ea7a 27ed7aab0666d078 10 0 0
d 0feb282c373d363b aeb9c6065950ea7a 0000000000000000 0 0 0
5 0feb282c373d363b 0000000000000000 0feb282c373d363b 10 0 8
6 0feb282c373d363b 0000000000000000 3ff0000000000000 10 0 8
7 0feb282c373d363b aeb9c6065950ea7a 400921fb54442d18 10 0 8
9 0feb282c373d363b 0000000000000000 c080a40254e7bbd9 10 0 8
b 00000000c7ee86d5 0000000000000000 c0fdd0daa0000000 0 0 0
c 0feb282c373d363b 0000000000000000 0000000000000000 18 0 0
0 f1b184afe5a4839d cf3437b67198b9b7 f1b184afe5a4839d 10 0 0
1 f1b184afe5a4839d cf3437b67198b9b7 f1b184afe5a4839d 10 0 0
2 f1b184afe5a4839d cf3437b67198b9b7 7ff0000000000000 14 0 0
3 f1b184afe5a4839d cf3437b67198b9b7 626bba42aecad2cc 10 0 0
4 f1b184afe5a4839d cf3437b67198b9b7 7ff8000000000000 1 0 0
d f1b184afe5a4839d cf3437b67198b9b7 0000000000000000 0 1 0
5 f1b184afe5a4839d 0000000000000000 bfc6fd8d4dc2f1b0 10 0 8
6 f1b184afe5a4839d 0000000000000000 bfef7ac6d3aeef1c 10 0 8
7 f1b184afe5a4839d cf3437b67198b9b7 bff921fb54442d18 10 0 8
9 71b184afe5a4839d 0000000000000000 40813eafbf05aef4 10 0 8
b 00000000b36336e0 0000000000000000 be6c66dc00000000 0 0 0
c f1b184afe5a4839d 0000000000000000 00000000ff800000 14 0 0
0 6254dbdfdcc7ae48 08d9e32fa33f3751 6254dbdfdcc7ae48 10 0 0
1 6254dbdfdcc7ae48 08d9e32fa33f3751 6254dbdfdcc7ae48 10 0 0
2 6254dbdfdcc7ae48 08d9e32fa33f3751 2b40dfddaddc2626 10 0 0
3 6254dbdfdcc7ae48 08d9e32fa33f3751 7ff0000000000000 14 0 0
4 6254dbdfdcc7ae48 08d9e32fa33f3751 512244c3b38a9e26 10 0 0
d 6254dbdfdcc7ae48 08d9e32fa33f3751 0000000000000000 0 0 0
5 6254dbdfdcc7ae48 0000000000000000 bfd0820d23550ce3 10 0 8
6 6254dbdfdcc7ae48 0000000000000000 bfeeeacba0b9374d 10 0 8
7 6254dbdfdcc7ae48 08d9e32fa33f3751 3ff921fb54442d18 10 0 8
9 6254dbdfdcc7ae48 0000000000000000 4077d7f031168cfa 10 0 8
b 00000000ff7382db 0000000000000000 c7ee705b60000000 0 0 0
c 6254dbdfdcc7ae48 0000000000000000 000000007f800000 14 0 0
0 6a3c0caf9e9ab61b c36ff4d783544f8d 6a3c0caf9e9ab61b 10 0 0
1 6a3c0caf9e9ab61b c36ff4d783544f8d 6a3c0caf9e9ab61b 10 0 0
2 6a3c0caf9e9ab61b c36ff4d783544f8d edbc02e7c51903af 10 0 0
3 6a3c0caf9e9ab61b c36ff4d783544f8d e6bc167ae25ff13c 10 0 0
4 6a3c0caf9e9ab61b c36ff4d783544f8d 55152f4a9b061f5a 10 0 0
d 6a3c0caf9e9ab61b c36ff4d783544f8d 0000000000000000 0 0 0
5 6a3c0caf9e9ab61b 0000000000000000 bfe6281872a0272c 10 0 8
6 6a3c0caf9e9ab61b 0000000000000000 3fe716af59479c06 10 0 8
7 6a3c0caf9e9ab61b c36ff4d783544f8d 3ff921fb54442d18 10 0 8
9 6a3c0caf9e9ab61b 0000000000000000 407d520fe27a090e 10 0 8
b 000000005e18b13f 0000000000000000 43c31627e0000000 0 0 0
c 6a3c0caf9e9ab61b 0000000000000000 000000007f800000 14 0 0
0 4fd1d120cb48909a f22c3ad7dbaaedec f22c3ad7dbaaedec 10 0 0
1 4fd1d120cb48909a f22c3ad7dbaaedec 722c3ad7dbaaedec 10 0 0
2 4fd1d120cb48909a f22c3ad7dbaaedec fff0000000000000 14 0 0
3 4fd1d120cb48909a f22c3ad7dbaaedec 9d94324636672bcc 10 0 0
4 4fd1d120cb48909a f22c3ad7dbaaedec 47e0e24fdcce18ff 10 0 0
d 4fd1d120cb48909a f22c3ad7dbaaedec 0000000000000000 0 0 0
5 4fd1d120cb48909a 0000000000000000 3fe0fa400b62a23e 10 0 8
6 4fd1d120cb48909a 0000000000000000 3feb1ffd00d62090 10 0 8
7 4fd1d120cb48909a f22c3ad7dbaaedec 400921fb54442d18 10 0 8
9 4fd1d120cb48909a 0000000000000000 4066055798c2357a 10 0 8
b 0000000044f2f207 0000000000000000 409e5e40e0000000 0 0 0
c 4fd1d120cb48909a 0000000000000000 000000007f800000 14 0 0
0 4cf1f49e3e23b84f 6c65e79ac24f35f1 6c65e79ac24f35f1 10 0 0
1 4cf1f49e3e23b84f 6c65e79ac24f35f1 ec65e79ac24f35f1 10 0 0
2 4cf1f49e3e23b84f 6c65e79ac24f35f1 796894f90ab1febc 10 0 0
3 4cf1f49e3e23b84f 6c65e79ac24f35f1 207a3b13b15db801 10 0 0
4 4cf1f49e3e23b84f 6c65e79ac24f35f1 4670f31864886c34 10 0 0
d 4cf1f49e3e23b84f 6c65e79ac24f35f1 0000000000000000 0 1 0
5 4cf1f49e3e23b84f 0000000000000000 3fefda041c61c25f 10 0 8
6 4cf1f49e3e23b84f 0000000000000000 3fb89fb4ca2b12c8 10 0 8
7 4cf1f49e3e23b84f 6c65e79ac24f35f1 207a3b13b15db801 10 0 8
9 4cf1f49e3e23b84f 0000000000000000 406209470dad57b6 10 0 8
b 00000000bad1f6a9 0000000000000000 bf5a3ed520000000 0 0 0
c 4cf1f49e3e23b84f 0000000000000000 000000007f800000 14 0 0
0 049601cb514f701c 56d958fac502e539 56d958fac502e539 10 0 0
1 049601cb514f701c 56d958fac502e539 d6d958fac502e539 10 0 0
2 049601cb514f701c 56d958fac502e539 1b816e983c271eb4 10 0 0
3 049601cb514f701c 56d958fac502e539 0000000000000000 18 0 0
4 049601cb514f701c 56d958fac502e539 2242c3c02fe1b3f2 10 0 0
d 049601cb514f701c 56d958fac502e539 0000000000000000 0 1 0
5 049601cb514f701c 0000000000000000 049601cb514f701c 10 0 8
6 049601cb514f701c 0000000000000000 3ff0000000000000 10 0 8
7 049601cb514f701c 56d958fac502e539 0000000000000000 18 0 8
9 049601cb514f701c 0000000000000000 c084915e4f1564fa 10 0 8
b 00000000ad14b48b 0000000000000000 bda2969160000000 0 0 0
c 049601cb514f701c 0000000000000000 0000000000000000 18 0 0
0 4b3ce0693104d5d1 dc6aa1ce82379907 dc6aa1ce82379907 10 0 0
1 4b3ce0693104d5d1 dc6aa1ce82379907 5c6aa1ce82379907 10 0 0
2 4b3ce0693104d5d1 dc6aa1ce82379907 e7b80858e33990c0 10 0 0
3 4b3ce0693104d5d1 dc6aa1ce82379907 aec15935e7e2aa66 10 0 0
4 4b3ce0693104d5d1 dc6aa1ce82379907 45957eaa1386a3e4 10 0 0
d 4b3ce0693104d5d1 dc6aa1ce82379907 0000000000000000 0 0 0
5 4b3ce0693104d5d1 0000000000000000 3fe976477acc9efc 10 0 8
6 4b3ce0693104d5d1 0000000000000000 bfe361f1f7ccaaec 10 0 8
7 4b3ce0693104d5d1 dc6aa1ce82379907 400921fb54442d18 10 0 8
9 4b3ce0693104d5d1 0000000000000000 405f56d80822d53c 10 0 8
b 0000000053ff700c 0000000000000000 427fee0180000000 0 0 0
c 4b3ce0693104d5d1 0000000000000000 000000007f800000 14 0 0
0 022b7093eb1df76f ebf78f7759352d1b ebf78f7759352d1b 10 0 0
1 022b7093eb1df76f ebf78f7759352d1b 6bf78f7759352d1b 10 0 0
2 022b7093eb1df76f ebf78f7759352d1b ae3433efbd24fea1 10 0 0
3 022b7093eb1df76f ebf78f7759352d1b 8000000000000000 18 0 0
4 022b7093eb1df76f ebf78f7759352d1b 210da1dd54f51579 10 0 0
d 022b7093eb1df76f ebf78f7759352d1b 0000000000000000 0 0 0
5 022b7093eb1df76f 0000000000000000 022b7093eb1df76f 10 0 8
6 022b7093eb1df76f 0000000000000000 3ff0000000000000 10 0 8
7 022b7093eb1df76f ebf78f7759352d1b 400921fb54442d18 10 0 8
9 022b7093eb1df76f 0000000000000000 c08567dd81995c52 10 0 8
b 000000006e505950 0000000000000000 45ca0b2a00000000 0 0 0
c 022b7093eb1df76f 0000000000000000 0000000000000000 18 0 0
0 ca37164d372ae472 1f36a5a0bbdacc41 ca37164d372ae472 10 0 0
1 ca37164d372ae472 1f36a5a0bbdacc41 ca37164d372ae472 10 0 0
2 ca37164d372ae472 1f36a5a0bbdacc41 a98056d40b1c3494 10 0 0
3 ca37164d372ae472 1f36a5a0bbdacc41 eaf04f9a81a83be3 10 0 0
4 ca37164d372ae472 1f36a5a0bbdacc41 7ff8000000000000 1 0 0
d ca37164d372ae472 1f36a5a0bbdacc41 0000000000000000 0 1 0
5 ca37164d372ae472 0000000000000000 3fed42ba97dfe3ba 10 0 8
6 ca37164d372ae472 0000000000000000 3fd9e89988f3640a 10 0 8
7 ca37164d372ae472 1f36a5a0bbdacc41 bff921fb54442d18 10 0 8
9 4a37164d372ae472 0000000000000000 405c82bd9f27e9a6 10 0 8
b 00000000a8013068 0000000000000000 bd00260d00000000 0 0 0
c ca37164d372ae472 0000000000000000 00000000ff800000 14 0 0
0 4f829aae863dcc65 c99f041d0a8aa2f3 4f829aae863dcc65 10 0 0
1 4f829aae863dcc65 c99f041d0a8aa2f3 4f829aae863dcc65 10 0 0
2 4f829aae863dcc65 c99f041d0a8aa2f3 d932083d4a2bbfba 10 0 0
3 4f829aae863dcc65 c99f041d0a8aa2f3 c5d331c50a834ef9 10 0 0
4 4f829aae863dcc65 c99f041d0a8aa2f3 47b866451e0612ba 10 0 0
d 4f829aae863dcc65 c99f041d0a8aa2f3 0000000000000000 0 0 0
5 4f829aae863dcc65 0000000000000000 3fd04925156c7353 10 0 8
6 4f829aae863dcc65 0000000000000000 3feef2563e60f4b8 10 0 8
7 4f829aae863dcc65 c99f041d0a8aa2f3 3ff921fb54442d18 10 0 8
9 4f829aae863dcc65 0000000000000000 406597d2848d389f 10 0 8
b 0000000084495eb9 0000000000000000 b8892bd720000000 0 0 0
c 4f829aae863dcc65 0000000000000000 000000007f800000 14 0 0
0 5c5b07b6a916e5e0 c0f139951fbea4f4 5c5b07b6a916e5e0 10 0 0
1 5c5b07b6a916e5e0 c0f139951fbea4f4 5c5b07b6a916e5e0 10 0 0
2 5c5b07b6a916e5e0 c0f139951fbea4f4 dd5d19797bd8c0a2 10 0 0
3 5c5b07b6a916e5e0 c0f139951fbea4f4 db591ba037bf993d 10 0 0
4 5c5b07b6a916e5e0 c0f139951fbea4f4 4e24cbd404158944 10 0 0
d 5c5b07b6a916e5e0 c0f139951fbea4f4 0000000000000000 0 0 0
5 5c5b07b6a916e5e0 0000000000000000 3feffb434cacdf87 10 0 8
6 5c5b07b6a916e5e0 0000000000000000 bfa168ceebbb3557 10 0 8
7 5c5b07b6a916e5e0 c0f139951fbea4f4 3ff921fb54442d18 10 0 8
9 5c5b07b6a916e5e0 0000000000000000 4073b369330e3d34 10 0 8
b 00000000af286de4 0000000000000000 bde50dbc80000000 0 0 0
c 5c5b07b6a916e5e0 0000000000000000 000000007f800000 14 0 0
0 f003296e30fadcd9 0758e44961e8fd81 f003296e30fadcd9 10 0 0
1 f003296e30fadcd9 0758e44961e8fd81 f003296e30fadcd9 10 0 0
2 f003296e30fadcd9 0758e44961e8fd81 b76dcf8b8dfb35e9 10 0 0
3 f003296e30fadcd9 0758e44961e8fd81 fff0000000000000 14 0 0
4 f003296e30fadcd9 0758e44961e8fd81 7ff8000000000000 1 0 0
d f003296e30fadcd9 0758e44961e8fd81 0000000000000000 0 1 0
5 f003296e30fadcd9 0000000000000000 bfef0e966031f20c 10 0 8
6 f003296e30fadcd9 0000000000000000 bfced85a3c733253 10 0 8
7 f003296e30fadcd9 0758e44961e8fd81 bff921fb54442d18 10 0 8
9 7003296e30fadcd9 0000000000000000 4080a9af21dccc82 10 0 8
b 00000000b544b70d 0000000000000000 bea896e1a0000000 0 0 0
c f003296e30fadcd9 0000000000000000 00000000ff800000 14 0 0
0 5705dd3f78eb26ae 9be3fe9162043da9 5705dd3f78eb26ae 10 0 0
1 5705dd3f78eb26ae 9be3fe9162043da9 5705dd3f78eb26ae 10 0 0
2 5705dd3f78eb26ae 9be3fe9162043da9 b2fb529a5a36fb1f 10 0 0
3 5705dd3f78eb26ae 9be3fe9162043da9 fb117f0d1993d7f3 10 0 0
4 5705dd3f78eb26ae 9be3fe9162043da9 4b7a737577f4c534 10 0 0
d 5705dd3f78eb26ae 9be3fe9162043da9 0000000000000000 0 0 0
5 5705dd3f78eb26ae 0000000000000000 3fdb1b8776a22f9c 10 0 8
6 5705dd3f78eb26ae 0000000000000000 3fecfce3a82eaca9 10 0 8
7 5705dd3f78eb26ae 9be3fe9162043da9 3ff921fb54442d18 10 0 8
9 5705dd3f78eb26ae 0000000000000000 407001565174c259 10 0 8
b 00000000539c8151 0000000000000000 4273902a20000000 0 0 0
c 5705dd3f78eb26ae 0000000000000000 000000007f800000 14 0 0
0 b56ed1ca85a36a41 f58cf8b439d3f2d9 f58cf8b439d3f2d9 10 0 0
1 b56ed1ca85a36a41 f58cf8b439d3f2d9 758cf8b439d3f2d9 10 0 0
2 b56ed1ca85a36a41 f58cf8b439d3f2d9 6b0be718aa3fb119 10 0 0
3 b56ed1ca85a36a41 f58cf8b439d3f2d9 00011054534a722d 18 0 0
4 b56ed1ca85a36a41 f58cf8b439d3f2d9 7ff8000000000000 1 0 0
d b56ed1ca85a36a41 f58cf8b439d3f2d9 0000000000000000 0 0 0
5 b56ed1ca85a36a41 0000000000000000 b56ed1ca85a36a41 10 0 8
6 b56ed1ca85a36a41 0000000000000000 3ff0000000000000 10 0 8
7 b56ed1ca85a36a41 f58cf8b439d3f2d9 c00921fb54442d18 10 0 8
9 356ed1ca85a36a41 0000000000000000 c05d1f1fc7e07a86 10 0 8
b 00000000b696d2bd 0000000000000000 bed2da57a0000000 0 0 0
c b56ed1ca85a36a41 0000000000000000 0000000080000000 18 0 0
0 f4e9df7d2fc5073e 6b72954f02b65de2 f4e9df7d2fc5073e 10 0 0
1 f4e9df7d2fc5073e 6b72954f02b65de2 f4e9df7d2fc5073e 10 0 0
2 f4e9df7d2fc5073e 6b72954f02b65de2 fff0000000000000 14 0 0
3 f4e9df7d2fc5073e 6b72954f02b65de2 c96646c3b8d42992 10 0 0
4 f4e9df7d2fc5073e 6b72954f02b65de2 7ff8000000000000 1 0 0
d f4e9df7d2fc5073e 6b72954f02b65de2 0000000000000000 0 1 0
5 f4e9df7d2fc5073e 0000000000000000 bfe8c087e6795144 10 0 8
6 f4e9df7d2fc5073e 0000000000000000 3fe448094925dc03 10 0 8
7 f4e9df7d2fc5073e 6b72954f02b65de2 bff921fb54442d18 10 0 8
9 74e9df7d2fc5073e 0000000000000000 40825c9c352f82a7 10 0 8
b 00000000e8455587 0000000000000000 c508aab0e0000000 0 0 0
c f4e9df7d2fc5073e 0000000000000000 00000000ff800000 14 0 0
0 1c470b5d58b66cab 314b817a6df8d8c8 314b817a6df8d8c8 10 0 0
1 1c470b5d58b66cab 314b817a6df8d8c8 b14b817a6df8d8c8 10 0 0
2 1c470b5d58b66cab 314b817a6df8d8c8 0da3ced4bdad5774 10 0 0
3 1c470b5d58b66cab 314b817a6df8d8c8 2aeacf462a119127 10 0 0
4 1c470b5d58b66cab 314b817a6df8d8c8 2e1b27ce1f77b649 10 0 0
d 1c470b5d58b66cab 314b817a6df8d8c8 0000000000000000 0 1 0
5 1c470b5d58b66cab 0000000000000000 1c470b5d58b66cab 10 0 8
6 1c470b5d58b66cab 0000000000000000 3ff0000000000000 10 0 8
7 1c470b5d58b66cab 314b817a6df8d8c8 2aeacf462a119127 10 0 8
9 1c470b5d58b66cab 0000000000000000 c078b6c15b6d1541 10 0 8
b 00000000aadd94b8 0000000000000000 bd5bb29700000000 0 0 0
c 1c470b5d58b66cab 0000000000000000 0000000000000000 18 0 0
0 11198b3d2fb95b42 9ef23c6af69d0a75 9ef23c6af69d0a75 10 0 0
1 11198b3d2fb95b42 9ef23c6af69d0a75 1ef23c6af69d0a75 10 0 0
2 11198b3d2fb95b42 9ef23c6af69d0a75 8000000000000000 18 0 0
3 11198b3d2fb95b42 9ef23c6af69d0a75 b216696e378c59ec 10 0 0
4 11198b3d2fb95b42 9ef23c6af69d0a75 288437655b5ae2cf 10 0 0
d 11198b3d2fb95b42 9ef23c6af69d0a75 0000000000000000 0 0 0
5 11198b3d2fb95b42 0000000000000000 11198b3d2fb95b42 10 0 8
6 11198b3d2fb95b42 0000000000000000 3ff0000000000000 10 0 8
7 11198b3d2fb95b42 9ef23c6af69d0a75 400921fb54442d18 10 0 8
9 11198b3d2fb95b42 0000000000000000 c0803b23fea0ce8c 10 0 8
b 00000000ada3b21c 0000000000000000 bdb4764380000000 0 0 0
c 11198b3d2fb95b42 0000000000000000 0000000000000000 18 0 0
0 a7eba26ca76f3c5f 5c7b798d5a12c528 5c7b798d5a12c528 10 0 0
1 a7eba26ca76f3c5f 5c7b798d5a12c528 dc7b798d5a12c528 10 0 0
2 a7eba26ca76f3c5f 5c7b798d5a12c528 c477ba03e996c085 10 0 0
3 a7eba26ca76f3c5f 5c7b798d5a12c528 8b6017cd51fbe673 10 0 0
4 a7eba26ca76f3c5f 5c7b798d5a12c528 7ff8000000000000 1 0 0
d a7eba26ca76f3c5f 5c7b798d5a12c528 0000000000000000 0 1 0
5 a7eba26ca76f3c5f 0000000000000000 a7eba26ca76f3c5f 10 0 8
6 a7eba26ca76f3c5f 0000000000000000 3ff0000000000000 10 0 8
7 a7eba26ca76f3c5f 5c7b798d5a12c528 8b6017cd51fbe673 10 0 8
9 27eba26ca76f3c5f 0000000000000000 c070a50b03f3b458 10 0 8
b 00000000544f4a13 0000000000000000 4289e94260000000 0 0 0
c a7eba26ca76f3c5f 0000000000000000 0000000080000000 18 0 0
0 1ca3e6356ccbb6e7 58fc266c5a08c6f4 58fc266c5a08c6f4 10 0 0
1 1ca3e6356ccbb6e7 58fc266c5a08c6f4 d8fc266c5a08c6f4 10 0 0
2 1ca3e6356ccbb6e7 58fc266c5a08c6f4 35b181537f94acaa 10 0 0
3 1ca3e6356ccbb6e7 58fc266c5a08c6f4 03969ee948e9e2f8 10 0 0
4 1ca3e6356ccbb6e7 58fc266c5a08c6f4 2e493c031f69fd14 10 0 0
d 1ca3e6356ccbb6e7 58fc266c5a08c6f4 0000000000000000 0 1 0
5 1ca3e6356ccbb6e7 0000000000000000 1ca3e6356ccbb6e7 10 0 8
6 1ca3e6356ccbb6e7 0000000000000000 3ff0000000000000 10 0 8
7 1ca3e6356ccbb6e7 58fc266c5a08c6f4 03969ee948e9e2f8 10 0 8
9 1ca3e6356ccbb6e7 0000000000000000 c078768f9ececdaa 10 0 8
b 00000000181a947f 0000000000000000 3b03528fe0000000 0 0 0
c 1ca3e6356ccbb6e7 0000000000000000 0000000000000000 18 0 0
0 183f77952f783293 0c6286c6cbf77bfb 183f77952f783293 10 0 0
1 183f77952f783293 0c6286c6cbf77bfb 183f77952f783293 10 0 0
2 183f77952f783293 0c6286c6cbf77bfb 0000000000000000 18 0 0
3 183f77952f783293 0c6286c6cbf77bfb 4bcb2d09341e485b 10 0 0
4 183f77952f783293 0c6286c6cbf77bfb 2c16702f7c67d976 10 0 0
d 183f77952f783293 0c6286c6cbf77bfb 0000000000000000 0 0 0
5 183f77952f783293 0000000000000000 183f77952f783293 10 0 8
6 183f77952f783293 0000000000000000 3ff0000000000000 10 0 8
7 183f77952f783293 0c6286c6cbf77bfb 3ff921fb54442d18 10 0 8
9 183f77952f783293 0000000000000000 c07b82a4dfa95c44 10 0 8
b 00000000b5893e5f 0000000000000000 beb127cbe0000000 0 0 0
c 183f77952f783293 0000000000000000 0000000000000000 18 0 0
0 da1078be75fd959d 2e84917a29da6acf da1078be75fd959d 10 0 0
1 da1078be75fd959d 2e84917a29da6acf da1078be75fd959d 10 0 0
2 da1078be75fd959d 2e84917a29da6acf c8a52cb2154ccbf4 10 0 0
3 da1078be75fd959d 2e84917a29da6acf eb79a06300a1649c 10 0 0
4 da1078be75fd959d 2e84917a29da6acf 7ff8000000000000 1 0 0
d da1078be75fd959d 2e84917a29da6acf 0000000000000000 0 1 0
5 da1078be75fd959d 0000000000000000 bfdf99d61e0a3791 10 0 8
6 da1078be75fd959d 0000000000000000 3febd3ba5eea9d73 10 0 8
7 da1078be75fd959d 2e84917a29da6acf bff921fb54442d18 10 0 8
9 5a1078be75fd959d 0000000000000000 40721c3bb1c9fde5 10 0 8
b 00000000f4f4a94e 0000000000000000 c69e9529c0000000 0 0 0
c da1078be75fd959d 0000000000000000 00000000ff800000 14 0 0
0 5a766da06f86ee61 fb187fc468f03334 fb187fc468f03334 10 0 0
1 5a766da06f86ee61 fb187fc468f03334 7b187fc468f03334 10 0 0
2 5a766da06f86ee61 fb187fc468f03334 fff0000000000000 14 0 0
3 5a766da06f86ee61 fb187fc468f03334 9f4d4b8bbd873703 10 0 0
4 5a766da06f86ee61 fb187fc468f03334 4d32f181643b2626 10 0 0
d 5a766da06f86ee61 fb187fc468f03334 0000000000000000 0 0 0
5 5a766da06f86ee61 0000000000000000 bfefe7cf31395f15 10 0 8
6 5a766da06f86ee61 0000000000000000 3fb3a8b8c5cba59e 10 0 8
7 5a766da06f86ee61 fb187fc468f03334 400921fb54442d18 10 0 8
9 5a766da06f86ee61 0000000000000000 407263b6d47cbc5e 10 0 8
b 00000000bc460b9f 0000000000000000 bf88c173e0000000 0 0 0
c 5a766da06f86ee61 0000000000000000 000000007f800000 14 0 0
0 db8f75a592422838 3fed30daa731b801 db8f75a592422838 10 0 0
1 db8f75a592422838 3fed30daa731b801 db8f75a592422838 10 0 0
2 db8f75a592422838 3fed30daa731b801 db8cb2a57abe2530 10 0 0
3 db8f75a592422838 3fed30daa731b801 db913e57aad7a86b 10 0 0
4 db8f75a592422838 3fed30daa731b801 7ff8000000000000 1 0 0
d db8f75a592422838 3fed30daa731b801 0000000000000000 0 1 0
5 db8f75a592422838 0000000000000000 3fefe8e40eb5a9ee 10 0 8
6 db8f75a592422838 0000000000000000 bfb3371905479c14 10 0 8
7 db8f75a592422838 3fed30daa731b801 bff921fb54442d18 10 0 8
9 5b8f75a592422838 0000000000000000 407325aa11a755ad 10 0 8
b 00000000960bd339 0000000000000000 bac17a6720000000 0 0 0
c db8f75a592422838 0000000000000000 00000000ff800000 14 0 0
0 61fc24ef49577dbf 7af9172f5b87bf01 7af9172f5b87bf01 10 0 0
1 61fc24ef49577dbf 7af9172f5b87bf01 faf9172f5b87bf01 10 0 0
2 61fc24ef49577dbf 7af9172f5b87bf01 7ff0000000000000 14 0 0
3 61fc24ef49577dbf 7af9172f5b87bf01 26f1f2838d8e1521 10 0 0
4 61fc24ef49577dbf 7af9172f5b87bf01 50f53870d57bf4a1 10 0 0
d 61fc24ef49577dbf 7af9172f5b87bf01 0000000000000000 0 1 0
5 61fc24ef49577dbf 0000000000000000 3fd7e2b288226216 10 0 8
6 61fc24ef49577dbf 0000000000000000 3fedb018f9d96b1e 10 0 8
7 61fc24ef49577dbf 7af9172f5b87bf01 26f1f2838d8e1521 10 0 8
9 61fc24ef49577dbf 0000000000000000 40779a306bbf1026 10 0 8
b 00000000209eef72 0000000000000000 3c13ddee40000000 0 0 0
c 61fc24ef49577dbf 0000000000000000 000000007f800000 14 0 0
0 536ae88ac10e5957 4eb334e52ddf9eb2 536ae88ac10e5957 10 0 0
1 536ae88ac10e5957 4eb334e52ddf9eb2 536ae88ac10e5957 10 0 0
2 536ae88ac10e5957 4eb334e52ddf9eb2 6230268cface3f04 10 0 0
3 536ae88ac10e5957 4eb334e52ddf9eb2 44a66a78f5b5bc33 10 0 0
4 536ae88ac10e5957 4eb334e52ddf9eb2 49ad580d7f563c78 10 0 0
d 536ae88ac10e5957 4eb334e52ddf9eb2 0000000000000000 0 0 0
5 536ae88ac10e5957 0000000000000000 3fe0065db347d3ec 10 0 8
6 536ae88ac10e5957 0000000000000000 3febb2cd06367089 10 0 8
7 536ae88ac10e5957 4eb334e52ddf9eb2 3ff921fb54442d18 10 0 8
9 536ae88ac10e5957 0000000000000000 406b02d5fd37378e 10 0 8
b 000000001f3f8776 0000000000000000 3be7f0eec0000000 0 0 0
c 536ae88ac10e5957 0000000000000000 000000007f800000 14 0 0
0 15f7235ec20fe990 d88337ce712fb693 d88337ce712fb693 10 0 0
1 15f7235ec20fe990 d88337ce712fb693 588337ce712fb693 10 0 0
2 15f7235ec20fe990 d88337ce712fb693 ae8bcab4a740cbc3 10 0 0
3 15f7235ec20fe990 d88337ce712fb693 8000000000000268 18 0 0
4 15f7235ec20fe990 d88337ce712fb693 2af33da8e66a204a 10 0 0
d 15f7235ec20fe990 d88337ce712fb693 0000000000000000 0 0 0
5 15f7235ec20fe990 0000000000000000 15f7235ec20fe990 10 0 8
6 15f7235ec20fe990 0000000000000000 3ff0000000000000 10 0 8
7 15f7235ec20fe990 d88337ce712fb693 400921fb54442d18 10 0 8
9 15f7235ec20fe990 0000000000000000 c07d16d0f08c7fd6 10 0 8
b 00000000784f38cd 0000000000000000 4709e719a0000000 0 0 0
c 15f7235ec20fe990 0000000000000000 0000000000000000 18 0 0
0 758c3ba6ade8d99a 6da39c17da0f13e7 758c3ba6ade8d99a 10 0 0
1 758c3ba6ade8d99a 6da39c17da0f13e7 758c3ba6ade8d99a 10 0 0
2 758c3ba6ade8d99a 6da39c17da0f13e7 7ff0000000000000 14 0 0
3 758c3ba6ade8d99a 6da39c17da0f13e7 47d709316fc78dd4 10 0 0
4 758c3ba6ade8d99a 6da39c17da0f13e7 5abe0ebbad8ad12a 10 0 0
d 758c3ba6ade8d99a 6da39c17da0f13e7 0000000000000000 0 0 0
5 758c3ba6ade8d99a 0000000000000000 3fcfb615ae27183a 10 0 8
6 758c3ba6ade8d99a 0000000000000000 3fef009e3fb5a709 10 0 8
7 758c3ba6ade8d99a 6da39c17da0f13e7 3ff921fb54442d18 10 0 8
9 758c3ba6ade8d99a 0000000000000000 408294c2a2bbc145 10 0 8
b 00000000360e141e 0000000000000000 3ec1c283c0000000 0 0 0
c 758c3ba6ade8d99a 0000000000000000 000000007f800000 14 0 0
0 653865585bf963b1 866076b69e68af4d 653865585bf963b1 10 0 0
1 653865585bf963b1 866076b69e68af4d 653865585bf963b1 10 0 0
2 653865585bf963b1 866076b69e68af4d aba91a5a39f52fb9 10 0 0
3 653865585bf963b1 866076b69e68af4d fff0000000000000 14 0 0
4 653865585bf963b1 866076b69e68af4d 5293c1c27f5cd0d8 10 0 0
d 653865585bf963b1 866076b69e68af4d 0000000000000000 0 0 0
5 653865585bf963b1 0000000000000000 3feff13410edcfe0 10 0 8
6 653865585bf963b1 0000000000000000 bfaec25ac54bf8b0 10 0 8
7 653865585bf963b1 866076b69e68af4d 3ff921fb54442d18 10 0 8
9 653865585bf963b1 0000000000000000 4079d899c8edeb01 10 0 8
b 00000000fba81b2d 0000000000000000 c7750365a0000000 0 0 0
c 653865585bf963b1 0000000000000000 000000007f800000 14 0 0
0 e1752e2bd2bde213 b10918ecd08eed26 e1752e2bd2bde213 10 0 0
1 e1752e2bd2bde213 b10918ecd08eed26 e1752e2bd2bde213 10 0 0
2 e1752e2bd2bde213 b10918ecd08eed26 52909c919c104ff4 10 0 0
3 e1752e2bd2bde213 b10918ecd08eed26 705b017452e613c4 10 0 0
4 e1752e2bd2bde213 b10918ecd08eed26 7ff8000000000000 1 0 0
d e1752e2bd2bde213 b10918ecd08eed26 0000000000000000 0 1 0
5 e1752e2bd2bde213 0000000000000000 3fec94262c7dbb41 10 0 8
6 e1752e2bd2bde213 0000000000000000 3fdccafa27c132de 10 0 8
7 e1752e2bd2bde213 b10918ecd08eed26 bff921fb54442d18 10 0 8
9 61752e2bd2bde213 0000000000000000 40773ceb01399c09 10 0 8
b 00000000a86f5dd3 0000000000000000 bd0debba60000000 0 0 0
c e1752e2bd2bde213 0000000000000000 00000000ff800000 14 0 0
0 39769b19a8ac0c73 0d6d64a29ed7ff9e 39769b19a8ac0c73 10 0 0
1 39769b19a8ac0c73 0d6d64a29ed7ff9e 39769b19a8ac0c73 10 0 0
2 39769b19a8ac0c73 0d6d64a29ed7ff9e 06f4c3a6d273502f 10 0 0
3 39769b19a8ac0c73 0d6d64a29ed7ff9e 6bf89c5ca4de866f 10 0 0
4 39769b19a8ac0c73 0d6d64a29ed7ff9e 3cb304abe9e508e0 10 0 0
d 39769b19a8ac0c73 0d6d64a29ed7ff9e 0000000000000000 0 0 0
5 39769b19a8ac0c73 0000000000000000 39769b19a8ac0c73 10 0 8
6 39769b19a8ac0c73 0000000000000000 3ff0000000000000 10 0 8
7 39769b19a8ac0c73 0d6d64a29ed7ff9e 3ff921fb54442d18 10 0 8
9 39769b19a8ac0c73 0000000000000000 c051ef77c9ea05a5 10 0 8
b 0000000045a5ee8c 0000000000000000 40b4bdd180000000 0 0 0
c 39769b19a8ac0c73 0000000000000000 000000000bb4d8cd 10 0 0
0 f6f64476f16bf20a 6a74467fb5c13362 f6f64476f16bf20a 10 0 0
1 f6f64476f16bf20a 6a74467fb5c13362 f6f64476f16bf20a 10 0 0
2 f6f64476f16bf20a 6a74467fb5c13362 fff0000000000000 14 0 0
3 f6f64476f16bf20a 6a74467fb5c13362 cc71926e7045f6f1 10 0 0
4 f6f64476f16bf20a 6a74467fb5c13362 7ff8000000000000 1 0 0
d f6f64476f16bf20a 6a74467fb5c13362 0000000000000000 0 1 0
5 f6f64476f16bf20a 0000000000000000 3fb6d768d58c871c 10 0 8
6 f6f64476f16bf20a 0000000000000000 bfefdf539d6dbedd 10 0 8
7 f6f64476f16bf20a 6a74467fb5c13362 bff921fb54442d18 10 0 8
9 76f64476f16bf20a 0000000000000000 408312668398db53 10 0 8
b 00000000e60a6c34 0000000000000000 c4c14d8680000000 0 0 0
c f6f64476f16bf20a 0000000000000000 00000000ff800000 14 0 0
0 da1b87b2f75fca44 ccfee4af1d0a9fda da1b87b2f75fca44 10 0 0
1 da1b87b2f75fca44 ccfee4af1d0a9fda da1b87b2f75fca44 10 0 0
2 da1b87b2f75fca44 ccfee4af1d0a9fda 672a93f54a232f13 10 0 0
3 da1b87b2f75fca44 ccfee4af1d0a9fda 4d0c842bf0a5ffe4 10 0 0
4 da1b87b2f75fca44 ccfee4af1d0a9fda 7ff8000000000000 1 0 0
d da1b87b2f75fca44 ccfee4af1d0a9fda 0000000000000000 0 1 0
5 da1b87b2f75fca44 0000000000000000 bfd502fb894fe5b5 10 0 8
6 da1b87b2f75fca44 0000000000000000 bfee39ed16394ebc 10 0 8
7 da1b87b2f75fca44 ccfee4af1d0a9fda bff921fb54442d18 10 0 8
9 5a1b87b2f75fca44 0000000000000000 407224738e31d41d 10 0 8
b 0000000090ceece2 0000000000000000 ba19dd9c40000000 0 0 0
c da1b87b2f75fca44 0000000000000000 00000000ff800000 14 0 0
0 e703c32b73bb7f98 9546463cedbcf77c e703c32b73bb7f98 10 0 0
1 e703c32b73bb7f98 9546463cedbcf77c e703c32b73bb7f98 10 0 0
2 e703c32b73bb7f98 9546463cedbcf77c 3c5b831cdec3704d 10 0 0
3 e703c32b73bb7f98 9546463cedbcf77c 7ff0000000000000 14 0 0
4 e703c32b73bb7f98 9546463cedbcf77c 7ff8000000000000 1 0 0
d e703c32b73bb7f98 9546463cedbcf77c 0000000000000000 0 1 0
5 e703c32b73bb7f98 0000000000000000 bfe84ee9467c6bc1 10 0 8
6 e703c32b73bb7f98 0000000000000000 bfe4cfafa8120df7 10 0 8
7 e703c32b73bb7f98 9546463cedbcf77c bff921fb54442d18 10 0 8
9 6703c32b73bb7f98 0000000000000000 407b16d9d2968875 10 0 8
b 00000000193a9475 0000000000000000 3b27528ea0000000 0 0 0
c e703c32b73bb7f98 0000000000000000 00000000ff800000 14 0 0
0 3d36244fce48aa90 b84224bd666aa037 3d36244fce48aa90 10 0 0
1 3d36244fce48aa90 b84224bd666aa037 3d36244fce48aa90 10 0 0
2 3d36244fce48aa90 b84224bd666aa037 b5891bb1964ba327 10 0 0
3 3d36244fce48aa90 b84224bd666aa037 c4e386a514c69773 10 0 0
4 3d36244fce48aa90 b84224bd666aa037 3e92d271b9b44331 10 0 0
d 3d36244fce48aa90 b84224bd666aa037 0000000000000000 0 0 0
5 3d36244fce48aa90 0000000000000000 3d36244fce48aa90 10 0 8
6 3d36244fce48aa90 0000000000000000 3ff0000000000000 10 0 8
7 3d36244fce48aa90 b84224bd666aa037 3ff921fb54442d18 10 0 8
9 3d36244fce48aa90 0000000000000000 c03e2c70c165f86b 10 0 8
b 000000007fe77921 0000000000000000 7ff8000000000000 0 0 0
c 3d36244fce48aa90 0000000000000000 0000000029b1227e 10 0 0
0 88a139405ea4be04 e5ef0c7688580686 e5ef0c7688580686 10 0 0
1 88a139405ea4be04 e5ef0c7688580686 65ef0c7688580686 10 0 0
2 88a139405ea4be04 e5ef0c7688580686 2ea0b62ba0532561 10 0 0
3 88a139405ea4be04 e5ef0c7688580686 0000000000000000 18 0 0
4 88a139405ea4be04 e5ef0c7688580686 7ff8000000000000 1 0 0
d 88a139405ea4be04 e5ef0c7688580686 0000000000000000 0 0 0
5 88a139405ea4be04 0000000000000000 88a139405ea4be04 10 0 8
6 88a139405ea4be04 0000000000000000 3ff0000000000000 10 0 8
7 88a139405ea4be04 e5ef0c7688580686 c00921fb54442d18 10 0 8
9 08a139405ea4be04 0000000000000000 c0832ae479f63cb5 10 0 8
b 000000009998da82 0000000000000000 bb331b5040000000 0 0 0
c 88a139405ea4be04 0000000000000000 0000000080000000 18 0 0
0 dbd3a72649d1271d cb64810433c1b866 dbd3a72649d1271d 10 0 0
1 dbd3a72649d1271d cb64810433c1b866 dbd3a72649d1271d 10 0 0
2 dbd3a72649d1271d cb64810433c1b866 67492f68aa54e66d 10 0 0
3 dbd3a72649d1271d cb64810433c1b866 505eabfb23b03037 10 0 0
4 dbd3a72649d1271d cb64810433c1b866 7ff8000000000000 1 0 0
d dbd3a72649d1271d cb64810433c1b866 0000000000000000 0 1 0
5 dbd3a72649d1271d 0000000000000000 bfe3769411c33ba5 10 0 8
6 dbd3a72649d1271d 0000000000000000 3fe96685520125e1 10 0 8
7 dbd3a72649d1271d cb64810433c1b866 bff921fb54442d18 10 0 8
9 5bd3a72649d1271d 0000000000000000 40735596a6c60f98 10 0 8
b 000000009d623a00 0000000000000000 bbac474000000000 0 0 0
c dbd3a72649d1271d 0000000000000000 00000000ff800000 14 0 0
0 9e68b5319114fb96 c2a1a805038f0975 c2a1a805038f0975 10 0 0
1 9e68b5319114fb96 c2a1a805038f0975 42a1a805038f0975 10 0 0
2 9e68b5319114fb96 c2a1a805038f0975 211b43faf0b80048 10 0 0
3 9e68b5319114fb96 c2a1a805038f0975 1bb663d5005dd3a4 10 0 0
4 9e68b5319114fb96 c2a1a805038f0975 7ff8000000000000 1 0 0
d 9e68b5319114fb96 c2a1a805038f0975 0000000000000000 0 0 0
5 9e68b5319114fb96 0000000000000000 9e68b5319114fb96 10 0 8
6 9e68b5319114fb96 0000000000000000 3ff0000000000000 10 0 8
7 9e68b5319114fb96 c2a1a805038f0975 c00921fb54442d18 10 0 8
9 1e68b5319114fb96 0000000000000000 c0773c916ef3a343 10 0 8
b 00000000b69adc85 0000000000000000 bed35b90a0000000 0 0 0
c 9e68b5319114fb96 0000000000000000 0000000080000000 18 0 0
0 4c4b4a0084604825 21f17c77c18cf248 4c4b4a0084604825 10 0 0
1 4c4b4a0084604825 21f17c77c18cf248 4c4b4a0084604825 10 0 0
2 4c4b4a0084604825 21f17c77c18cf248 2e4dd2ea51291a5e 10 0 0
3 4c4b4a0084604825 21f17c77c18cf248 6a48f83de247822c 10 0 0
4 4c4b4a0084604825 21f17c77c18cf248 461d8d01c0843654 10 0 0
d 4c4b4a0084604825 21f17c77c18cf248 0000000000000000 0 0 0
5 4c4b4a0084604825 0000000000000000 bfc5bfd5b2cc9be9 10 0 8
6 4c4b4a0084604825 0000000000000000 bfef88e01135e114 10 0 8
7 4c4b4a0084604825 21f17c77c18cf248 3ff921fb54442d18 10 0 8
9 4c4b4a0084604825 0000000000000000 406122af3e85f319 10 0 8
b 00000000a77e68ea 0000000000000000 bcefcd1d40000000 0 0 0
c 4c4b4a0084604825 0000000000000000 000000007f800000 14 0 0
0 2600a6bb682c25d0 7e5c20fbb224869a 7e5c20fbb224869a 10 0 0
1 2600a6bb682c25d0 7e5c20fbb224869a fe5c20fbb224869a 10 0 0
2 2600a6bb682c25d0 7e5c20fbb224869a 646d461b5e1e74cd 10 0 0
3 2600a6bb682c25d0 7e5c20fbb224869a 0000000000000000 18 0 0
4 2600a6bb682c25d0 7e5c20fbb224869a 32f715571424b223 10 0 0
d 2600a6bb682c25d0 7e5c20fbb224869a 0000000000000000 0 1 0
5 2600a6bb682c25d0 0000000000000000 2600a6bb682c25d0 10 0 8
6 2600a6bb682c25d0 0000000000000000 3ff0000000000000 10 0 8
7 2600a6bb682c25d0 7e5c20fbb224869a 0000000000000000 18 0 8
9 2600a6bb682c25d0 0000000000000000 c071f9dbe01f7866 10 0 8
b 000000007c0d2bc1 0000000000000000 4781a57820000000 0 0 0
c 2600a6bb682c25d0 0000000000000000 0000000000000000 18 0 0
0 f7d9881b1d8be5b6 469fb028a3c7e4c5 f7d9881b1d8be5b6 10 0 0
1 f7d9881b1d8be5b6 469fb028a3c7e4c5 f7d9881b1d8be5b6 10 0 0
2 f7d9881b1d8be5b6 469fb028a3c7e4c5 fe8948674690b3f5 10 0 0
3 f7d9881b1d8be5b6 469fb028a3c7e4c5 f129c86f75b0c601 10 0 0
4 f7d9881b1d8be5b6 469fb028a3c7e4c5 7ff8000000000000 1 0 0
d f7d9881b1d8be5b6 469fb028a3c7e4c5 0000000000000000 0 1 0
5 f7d9881b1d8be5b6 0000000000000000 3fe8d8137982f1fc 10 0 8
6 f7d9881b1d8be5b6 0000000000000000 bfe42b2ad2c60cf6 10 0 8
7 f7d9881b1d8be5b6 469fb028a3c7e4c5 bff921fb54442d18 10 0 8
9 77d9881b1d8be5b6 0000000000000000 408361209578eac3 10 0 8
b 00000000b4b2062a 0000000000000000 be9640c540000000 0 0 0
c f7d9881b1d8be5b6 0000000000000000 00000000ff800000 14 0 0
0 7a90be31c783bbda afecd7669501b126 7a90be31c783bbda 10 0 0
1 7a90be31c783bbda afecd7669501b126 7a90be31c783bbda 10 0 0
2 7a90be31c783bbda afecd7669501b126 ea8e2e3e3279cfa6 10 0 0
3 7a90be31c783bbda afecd7669501b126 fff0000000000000 14 0 0
4 7a90be31c783bbda afecd7669501b126 5d405e04a863e57a 10 0 0
d 7a90be31c783bbda afecd7669501b126 0000000000000000 0 0 0
5 7a90be31c783bbda 0000000000000000 bfef2b6fd0388885 10 0 8
6 7a90be31c783bbda 0000000000000000 bfccf825c88a374c 10 0 8
7 7a90be31c783bbda afecd7669501b126 3ff921fb54442d18 10 0 8
9 7a90be31c783bbda 0000000000000000 408451bd53250f0d 10 0 8
b 00000000c7813634 0000000000000000 c0f026c680000000 0 0 0
c 7a90be31c783bbda 0000000000000000 000000007f800000 14 0 0
0 c9bf14774d0ddc0f 2704ae69ebf336ad c9bf14774d0ddc0f 10 0 0
1 c9bf14774d0ddc0f 2704ae69ebf336ad c9bf14774d0ddc0f 10 0 0
2 c9bf14774d0ddc0f 2704ae69ebf336ad b0d41630b92d9e5e 10 0 0
3 c9bf14774d0ddc0f 2704ae69ebf336ad e2a80b7c2d562d86 10 0 0
4 c9bf14774d0ddc0f 2704ae69ebf336ad 7ff8000000000000 1 0 0
d c9bf14774d0ddc0f 2704ae69ebf336ad 0000000000000000 0 1 0
5 c9bf14774d0ddc0f 0000000000000000 bfe6049f810ac435 10 0 8
6 c9bf14774d0ddc0f 0000000000000000 bfe73885b057c463 10 0 8
7 c9bf14774d0ddc0f 2704ae69ebf336ad bff921fb54442d18 10 0 8
9 49bf14774d0ddc0f 0000000000000000 405b32e033c059f4 10 0 8
b 0000000029fcd7fe 0000000000000000 3d3f9affc0000000 0 0 0
c c9bf14774d0ddc0f 0000000000000000 00000000ff800000 14 0 0
0 d36a819fe87d2653 da5b6108793d7c95 da5b6108793d7c95 10 0 0
1 d36a819fe87d2653 da5b6108793d7c95 5a5b6108793d7c95 10 0 0
2 d36a819fe87d2653 da5b6108793d7c95 6dd6adbeddb760c3 10 0 0
3 d36a819fe87d2653 da5b6108793d7c95 38fefae29e2badc6 10 0 0
4 d36a819fe87d2653 da5b6108793d7c95 7ff8000000000000 1 0 0
d d36a819fe87d2653 da5b6108793d7c95 0000000000000000 0 0 0
5 d36a819fe87d2653 0000000000000000 bfd852f0c14e42a0 10 0 8
6 d36a819fe87d2653 0000000000000000 bfed99479849c4cb 10 0 8
7 d36a819fe87d2653 da5b6108793d7c95 c00921fb54442d18 10 0 8
9 536a819fe87d2653 0000000000000000 406b025aac92cb24 10 0 8
b 0000000003594f82 0000000000000000 386b29f040000000 0 0 0
c d36a819fe87d2653 0000000000000000 00000000ff800000 14 0 0
0 7f8a4016c69be192 ef96640641c0042d 7f8a4016c69be192 10 0 0
1 7f8a4016c69be192 ef96640641c0042d 7f8a4016c69be192 10 0 0
2 7f8a4016c69be192 ef96640641c0042d fff0000000000000 14 0 0
3 7f8a4016c69be192 ef96640641c0042d cfe2c20d88d8c50a 10 0 0
4 7f8a4016c69be192 ef96640641c0042d 5fbcfba24e685c72 10 0 0
d 7f8a4016c69be192 ef96640641c0042d 0000000000000000 0 0 0
5 7f8a4016c69be192 0000000000000000 bfe6c580a2d45498 10 0 8
6 7f8a4016c69be192 0000000000000000 3fe67b7fa7efe225 10 0 8
7 7f8a4016c69be192 ef96640641c0042d 3ff921fb54442d18 10 0 8
9 7f8a4016c69be192 0000000000000000 40860b67fbbee2b3 10 0 8
b 0000000069f5156f 0000000000000000 453ea2ade0000000 0 0 0
c 7f8a4016c69be192 0000000000000000 000000007f800000 14 0 0
0 a04a88a3da8c918c 5f1b8f92f3d2c426 5f1b8f92f3d2c426 10 0 0
1 a04a88a3da8c918c 5f1b8f92f3d2c426 df1b8f92f3d2c426 10 0 0
2 a04a88a3da8c918c 5f1b8f92f3d2c426 bf76da56b63733b5 10 0 0
3 a04a88a3da8c918c 5f1b8f92f3d2c426 811eceb73fbc760d 10 0 0
4 a04a88a3da8c918c 5f1b8f92f3d2c426 7ff8000000000000 1 0 0
d a04a88a3da8c918c 5f1b8f92f3d2c426 0000000000000000 0 1 0
5 a04a88a3da8c918c 0000000000000000 a04a88a3da8c918c 10 0 8
6 a04a88a3da8c918c 0000000000000000 3ff0000000000000 10 0 8
7 a04a88a3da8c918c 5f1b8f92f3d2c426 811eceb73fbc760d 10 0 8
9 204a88a3da8c918c 0000000000000000 c075eeb7778e0453 10 0 8
b 00000000c19c602d 0000000000000000 c0338c05a0000000 0 0 0
c a04a88a3da8c918c 0000000000000000 0000000080000000 18 0 0
0 fea53ac1665bf1df 1463a00f6c2c77fe fea53ac1665bf1df 10 0 0
1 fea53ac1665bf1df 1463a00f6c2c77fe fea53ac1665bf1df 10 0 0
2 fea53ac1665bf1df 1463a00f6c2c77fe d31a0a25ae29b0df 10 0 0
3 fea53ac1665bf1df 1463a00f6c2c77fe fff0000000000000 14 0 0
4 fea53ac1665bf1df 1463a00f6c2c77fe 7ff8000000000000 1 0 0
d fea53ac1665bf1df 1463a00f6c2c77fe 0000000000000000 0 1 0
5 fea53ac1665bf1df 0000000000000000 bfd6b6ac5956130e 10 0 8
6 fea53ac1665bf1df 0000000000000000 3fedeabcc2ea0c6a 10 0 8
7 fea53ac1665bf1df 1463a00f6c2c77fe bff921fb54442d18 10 0 8
9 7ea53ac1665bf1df 0000000000000000 4085bc134dcd97e1 10 0 8
b 00000000b8ab1477 0000000000000000 bf15628ee0000000 0 0 0
c fea53ac1665bf1df 0000000000000000 00000000ff800000 14 0 0
0 9e96b5c54de80b92 dfd7d63f8714b257 dfd7d63f8714b257 10 0 0
1 9e96b5c54de80b92 dfd7d63f8714b257 5fd7d63f8714b257 10 0 0
2 9e96b5c54de80b92 dfd7d63f8714b257 3e80eab27d31c20c 10 0 0
3 9e96b5c54de80b92 dfd7d63f8714b257 000000003cf976a4 18 0 0
4 9e96b5c54de80b92 dfd7d63f8714b257 7ff8000000000000 1 0 0
d 9e96b5c54de80b92 dfd7d63f8714b257 0000000000000000 0 0 0
5 9e96b5c54de80b92 0000000000000000 9e96b5c54de80b92 10 0 8
6 9e96b5c54de80b92 0000000000000000 3ff0000000000000 10 0 8
7 9e96b5c54de80b92 dfd7d63f8714b257 c00921fb54442d18 10 0 8
9 1e96b5c54de80b92 0000000000000000 c0771ca5613e3232 10 0 8
b 000000003a9505f8 0000000000000000 3f52a0bf00000000 0 0 0
c 9e96b5c54de80b92 0000000000000000 0000000080000000 18 0 0
0 df63554d0c9f5aa8 1e8f00ed2cc92b24 df63554d0c9f5aa8 10 0 0
1 df63554d0c9f5aa8 1e8f00ed2cc92b24 df63554d0c9f5aa8 10 0 0
2 df63554d0c9f5aa8 1e8f00ed2cc92b24 be02bb31ef0bd91d 10 0 0
3 df63554d0c9f5aa8 1e8f00ed2cc92b24 fff0000000000000 14 0 0
4 df63554d0c9f5aa8 1e8f00ed2cc92b24 7ff8000000000000 1 0 0
d df63554d0c9f5aa8 1e8f00ed2cc92b24 0000000000000000 0 1 0
5 df63554d0c9f5aa8 0000000000000000 bfe6cfa4f70b1ebb 10 0 8
6 df63554d0c9f5aa8 0000000000000000 bfe671354d123b3d 10 0 8
7 df63554d0c9f5aa8 1e8f00ed2cc92b24 bff921fb54442d18 10 0 8
9 5f63554d0c9f5aa8 0000000000000000 4075cd79ed4237e4 10 0 8
b 000000003c1851b2 0000000000000000 3f830a3640000000 0 0 0
c df63554d0c9f5aa8 0000000000000000 00000000ff800000 14 0 0
0 f3ef5e051dd1b052 50a7525fe7710a09 f3ef5e051dd1b052 10 0 0
1 f3ef5e051dd1b052 50a7525fe7710a09 f3ef5e051dd1b052 10 0 0
2 f3ef5e051dd1b052 50a7525fe7710a09 fff0000000000000 14 0 0
3 f3ef5e051dd1b052 50a7525fe7710a09 e335850734b23b1a 10 0 0
4 f3ef5e051dd1b052 50a7525fe7710a09 7ff8000000000000 1 0 0
d f3ef5e051dd1b052 50a7525fe7710a09 0000000000000000 0 1 0
5 f3ef5e051dd1b052 0000000000000000 bfe7b2fe72eab7d6 10 0 8
6 f3ef5e051dd1b052 0000000000000000 bfe5809595e66e0f 10 0 8
7 f3ef5e051dd1b052 50a7525fe7710a09 bff921fb54442d18 10 0 8
9 73ef5e051dd1b052 0000000000000000 4082056d88962a42 10 0 8
b 0000000000396b31 0000000000000000 37fcb59880000000 0 0 0
c f3ef5e051dd1b052 0000000000000000 00000000ff800000 14 0 0
0 86b4ee5e749b5fc1 f30d7e70c4a95231 f30d7e70c4a95231 10 0 0
1 86b4ee5e749b5fc1 f30d7e70c4a95231 730d7e70c4a95231 10 0 0
2 86b4ee5e749b5fc1 f30d7e70c4a95231 39d34ab9f0854de0 10 0 0
3 86b4ee5e749b5fc1 f30d7e70c4a95231 0000000000000000 18 0 0
4 86b4ee5e749b5fc1 f30d7e70c4a95231 7ff8000000000000 1 0 0
d 86b4ee5e749b5fc1 f30d7e70c4a95231 0000000000000000 0 0 0
5 86b4ee5e749b5fc1 0000000000000000 86b4ee5e749b5fc1 10 0 8
6 86b4ee5e749b5fc1 0000000000000000 3ff0000000000000 10 0 8
7 86b4ee5e749b5fc1 f30d7e70c4a95231 c00921fb54442d18 10 0 8
9 06b4ee5e749b5fc1 0000000000000000 c083d53bbcc5d020 10 0 8
b 00000000330fad86 0000000000000000 3e61f5b0c0000000 0 0 0
c 86b4ee5e749b5fc1 0000000000000000 0000000080000000 18 0 0
0 115ed5f9b7d39129 7b2ca9922dcd4d3d 7b2ca9922dcd4d3d 10 0 0
1 115ed5f9b7d39129 7b2ca9922dcd4d3d fb2ca9922dcd4d3d 10 0 0
2 115ed5f9b7d39129 7b2ca9922dcd4d3d 4c9b9ea16c120770 10 0 0
3 115ed5f9b7d39129 7b2ca9922dcd4d3d 0000000000000000 18 0 0
4 115ed5f9b7d39129 7b2ca9922dcd4d3d 28a63646670de126 10 0 0
d 115ed5f9b7d39129 7b2ca9922dcd4d3d 0000000000000000 0 1 0
5 115ed5f9b7d39129 0000000000000000 115ed5f9b7d39129 10 0 8
6 115ed5f9b7d39129 0000000000000000 3ff0000000000000 10 0 8
7 115ed5f9b7d39129 7b2ca9922dcd4d3d 0000000000000000 18 0 8
9 115ed5f9b7d39129 0000000000000000 c0802374232ce732 10 0 8
b 00000000093f4e08 0000000000000000 3927e9c100000000 0 0 0
c 115ed5f9b7d39129 0000000000000000 0000000000000000 18 0 0
0 ff39f097e4457042 03efb9e46ebb322d ff39f097e4457042 10 0 0
1 ff39f097e4457042 03efb9e46ebb322d ff39f097e4457042 10 0 0
2 ff39f097e4457042 03efb9e46ebb322d c339b7c33f3ff964 10 0 0
3 ff39f097e4457042 03efb9e46ebb322d fff0000000000000 14 0 0
4 ff39f097e4457042 03efb9e46ebb322d 7ff8000000000000 1 0 0
d ff39f097e4457042 03efb9e46ebb322d 0000000000000000 0 1 0
5 ff39f097e4457042 0000000000000000 bfeced92017811e3 10 0 8
6 ff39f097e4457042 0000000000000000 bfdb5cae8ed6a8d0 10 0 8
7 ff39f097e4457042 03efb9e46ebb322d bff921fb54442d18 10 0 8
9 7f39f097e4457042 0000000000000000 4085ef95c8eec2c7 10 0 8
b 00000000172c5c12 0000000000000000 3ae58b8240000000 0 0 0
c ff39f097e4457042 0000000000000000 00000000ff800000 14 0 0
0 09641ae5cd2700d9 8abafea778a0f610 8abafea6d7c9c7a7 10 0 0
1 09641ae5cd2700d9 8abafea778a0f610 0abafea819782479 10 0 0
2 09641ae5cd2700d9 8abafea778a0f610 8000000000000000 18 0 0
3 09641ae5cd2700d9 8abafea778a0f610 be97d536fdab2f99 10 0 0
4 09641ae5cd2700d9 8abafea778a0f610 24a95d557d079b34 10 0 0
d 09641ae5cd2700d9 8abafea778a0f610 0000000000000000 0 0 0
5 09641ae5cd2700d9 0000000000000000 09641ae5cd2700d9 10 0 8
6 09641ae5cd2700d9 0000000000000000 3ff0000000000000 10 0 8
7 09641ae5cd2700d9 8abafea778a0f610 400921fb2499bf1d 10 0 8
9 09641ae5cd2700d9 0000000000000000 c082e71ce347f329 10 0 8
b 00000000aa3a6101 0000000000000000 bd474c2020000000 0 0 0
c 09641ae5cd2700d9 0000000000000000 0000000000000000 18 0 0
0 255c738cce99655a a478dc234060987d 255c73295e0c63d8 10 0 0
1 255c738cce99655a a478dc234060987d 255c73f03f2666dc 10 0 0
2 255c738cce99655a a478dc234060987d 89e61a635a9e686c 10 0 0
3 255c738cce99655a a478dc234060987d c0d24fbd5c83b8ee 10 0 0
4 255c738cce99655a a478dc234060987d 32a555ff757dd851 10 0 0
d 255c738cce99655a a478dc234060987d 0000000000000000 0 0 0
5 255c738cce99655a 0000000000000000 255c738cce99655a 10 0 8
6 255c738cce99655a 0000000000000000 3ff0000000000000 10 0 8
7 255c738cce99655a a478dc234060987d 3ff9223340178819 10 0 8
9 255c738cce99655a 0000000000000000 c0726b480df15471 10 0 8
b 000000003e8d288a 0000000000000000 3fd1a51140000000 0 0 0
c 255c738cce99655a 0000000000000000 0000000000000000 18 0 0
0 e8188dc4cdae5394 fc46df3ad39011aa fc46df3ad39011aa 10 0 0
1 e8188dc4cdae5394 fc46df3ad39011aa 7c46df3ad39011aa 10 0 0
2 e8188dc4cdae5394 fc46df3ad39011aa 7ff0000000000000 14 0 0
3 e8188dc4cdae5394 fc46df3ad39011aa 2bc12d2e7f1470e8 10 0 0
4 e8188dc4cdae5394 fc46df3ad39011aa 7ff8000000000000 1 0 0
d e8188dc4cdae5394 fc46df3ad39011aa 0000000000000000 0 0 0
5 e8188dc4cdae5394 0000000000000000 3fb18a7a9ab553a7 10 0 8
6 e8188dc4cdae5394 0000000000000000 bfefecbf423e7dde 10 0 8
7 e8188dc4cdae5394 fc46df3ad39011aa c00921fb54442d18 10 0 8
9 68188dc4cdae5394 0000000000000000 407bd6dc3afa6a9d 10 0 8
b 00000000e5021678 0000000000000000 c4a042cf00000000 0 0 0
c e8188dc4cdae5394 0000000000000000 00000000ff800000 14 0 0
0 5e65f65ef5668729 95f508e8a9ea411c 5e65f65ef5668729 10 0 0
1 5e65f65ef5668729 95f508e8a9ea411c 5e65f65ef5668729 10 0 0
2 5e65f65ef5668729 95f508e8a9ea411c b46cdf972f2e0284 10 0 0
3 5e65f65ef5668729 95f508e8a9ea411c fff0000000000000 14 0 0
4 5e65f65ef5668729 95f508e8a9ea411c 4f2a82a3775e882b 10 0 0
d 5e65f65ef5668729 95f508e8a9ea411c 0000000000000000 0 0 0
5 5e65f65ef5668729 0000000000000000 bfd9ed3a2b9b1b2a 10 0 8
6 5e65f65ef5668729 0000000000000000 3fed41b440aaba65 10 0 8
7 5e65f65ef5668729 95f508e8a9ea411c 3ff921fb54442d18 10 0 8
9 5e65f65ef5668729 0000000000000000 40751e121a2cddc0 10 0 8
b 00000000d8ff8ef8 0000000000000000 c31ff1df00000000 0 0 0
c 5e65f65ef5668729 0000000000000000 000000007f800000 14 0 0
0 0d33d7688c037c67 927259a0f1809563 927259a0f1809563 10 0 0
1 0d33d7688c037c67 927259a0f1809563 127259a0f1809563 10 0 0
2 0d33d7688c037c67 927259a0f1809563 8000000000000000 18 0 0
3 0d33d7688c037c67 927259a0f1809563 bab14ce288d53d76 10 0 0
4 0d33d7688c037c67 927259a0f1809563 2691d1472944310e 10 0 0
d 0d33d7688c037c67 927259a0f1809563 0000000000000000 0 0 0
5 0d33d7688c037c67 0000000000000000 0d33d7688c037c67 10 0 8
6 0d33d7688c037c67 0000000000000000 3ff0000000000000 10 0 8
7 0d33d7688c037c67 927259a0f1809563 400921fb54442d18 10 0 8
9 0d33d7688c037c67 0000000000000000 c08194f66dd93a11 10 0 8
b 0000000086bc1a55 0000000000000000 b8d7834aa0000000 0 0 0
c 0d33d7688c037c67 0000000000000000 0000000000000000 18 0 0
0 bb21ad6e5f096f28 2f669d9e66715d74 bb21ad6e5f096f28 10 0 0
1 bb21ad6e5f096f28 2f669d9e66715d74 bb21ad6e5f096f28 10 0 0
2 bb21ad6e5f096f28 2f669d9e66715d74 aa98fc9c8f824fa0 10 0 0
3 bb21ad6e5f096f28 2f669d9e66715d74 cba9033e0993338a 10 0 0
4 bb21ad6e5f096f28 2f669d9e66715d74 7ff8000000000000 1 0 0
d bb21ad6e5f096f28 2f669d9e66715d74 0000000000000000 0 1 0
5 bb21ad6e5f096f28 0000000000000000 bb21ad6e5f096f28 10 0 8
6 bb21ad6e5f096f28 0000000000000000 3ff0000000000000 10 0 8
7 bb21ad6e5f096f28 2f669d9e66715d74 bff921fb54442d18 10 0 8
9 3b21ad6e5f096f28 0000000000000000 c04aa2e59213dfee 10 0 8
b 00000000f62088fb 0000000000000000 c6c4111f60000000 0 0 0
c bb21ad6e5f096f28 0000000000000000 00000000990d6b73 10 0 0
0 00ccf7e45837277c 27c7db1048131d02 27c7db1048131d02 10 0 0
1 00ccf7e45837277c 27c7db1048131d02 a7c7db1048131d02 10 0 0
2 00ccf7e45837277c 27c7db1048131d02 0000000000000000 18 0 0
3 00ccf7e45837277c 27c7db1048131d02 18f36dd45ea57975 10 0 0
4 00ccf7e45837277c 27c7db1048131d02 205e724abd573883 10 0 0
d 00ccf7e45837277c 27c7db1048131d02 0000000000000000 0 1 0
5 00ccf7e45837277c 0000000000000000 00ccf7e45837277c 10 0 8
6 00ccf7e45837277c 0000000000000000 3ff0000000000000 10 0 8
7 00ccf7e45837277c 27c7db1048131d02 18f36dd45ea57975 10 0 8
9 00ccf7e45837277c 0000000000000000 c085e16cec590ace 10 0 8
b 000000005dda53bb 0000000000000000 43bb4a7760000000 0 0 0
c 00ccf7e45837277c 0000000000000000 0000000000000000 18 0 0
0 e20a35cd32cb3514 d95a7b2051f837df e20a35cd32cb3514 10 0 0
1 e20a35cd32cb3514 d95a7b2051f837df e20a35cd32cb3514 10 0 0
2 e20a35cd32cb3514 d95a7b2051f837df 7b75b08ffef10921 10 0 0
3 e20a35cd32cb3514 d95a7b2051f837df 489fac3a1b2ff6a3 10 0 0
4 e20a35cd32cb3514 d95a7b2051f837df 7ff8000000000000 1 0 0
d e20a35cd32cb3514 d95a7b2051f837df 0000000000000000 0 1 0
5 e20a35cd32cb3514 0000000000000000 bfe0c80ac0592641 10 0 8
6 e20a35cd32cb3514 0000000000000000 3feb3f29834e3b47 10 0 8
7 e20a35cd32cb3514 d95a7b2051f837df bff921fb54442d18 10 0 8
9 620a35cd32cb3514 0000000000000000 4077a423edff4622 10 0 8
b 00000000b77c779e 0000000000000000 beef8ef3c0000000 0 0 0
c e20a35cd32cb3514 0000000000000000 00000000ff800000 14 0 0
0 087ac0795eccc023 1fd0aba75e2d9055 1fd0aba75e2d9055 10 0 0
1 087ac0795eccc023 1fd0aba75e2d9055 9fd0aba75e2d9055 10 0 0
2 087ac0795eccc023 1fd0aba75e2d9055 0000000000000000 18 0 0
3 087ac0795eccc023 1fd0aba75e2d9055 2899ad03b252c275 10 0 0
4 087ac0795eccc023 1fd0aba75e2d9055 2434b05a3e2fdc44 10 0 0
d 087ac0795eccc023 1fd0aba75e2d9055 0000000000000000 0 1 0
5 087ac0795eccc023 0000000000000000 087ac0795eccc023 10 0 8
6 087ac0795eccc023 0000000000000000 3ff0000000000000 10 0 8
7 087ac0795eccc023 1fd0aba75e2d9055 2899ad03b252c275 10 0 8
9 087ac0795eccc023 0000000000000000 c0833801653a15b3 10 0 8
b 0000000068cf8e86 0000000000000000 4519f1d0c0000000 0 0 0
c 087ac0795eccc023 0000000000000000 0000000000000000 18 0 0
0 baff432901d306e4 40f97a03989c963f 40f97a03989c963f 10 0 0
1 baff432901d306e4 40f97a03989c963f c0f97a03989c963f 10 0 0
2 baff432901d306e4 40f97a03989c963f bc08e3ab9927a711 10 0 0
3 baff432901d306e4 40f97a03989c963f b9f3a233162617c6 10 0 0
4 baff432901d306e4 40f97a03989c963f 7ff8000000000000 1 0 0
d baff432901d306e4 40f97a03989c963f 0000000000000000 0 1 0
5 baff432901d306e4 0000000000000000 baff432901d306e4 10 0 8
6 baff432901d306e4 0000000000000000 3ff0000000000000 10 0 8
7 baff432901d306e4 40f97a03989c963f b9f3a233162617c6 10 0 8
9 3aff432901d306e4 0000000000000000 c04b6416e658054c 10 0 8
b 0000000041351152 0000000000000000 4026a22a40000000 0 0 0
c baff432901d306e4 0000000000000000 0000000097fa1948 10 0 0
0 80fb3b7d1509fe57 72a26df6dc8afd78 72a26df6dc8afd78 10 0 0
1 80fb3b7d1509fe57 72a26df6dc8afd78 f2a26df6dc8afd78 10 0 0
2 80fb3b7d1509fe57 72a26df6dc8afd78 b3af5e1625cc3e11 10 0 0
3 80fb3b7d1509fe57 72a26df6dc8afd78 8000000000000000 18 0 0
4 80fb3b7d1509fe57 72a26df6dc8afd78 7ff8000000000000 1 0 0
d 80fb3b7d1509fe57 72a26df6dc8afd78 0000000000000000 0 1 0
5 80fb3b7d1509fe57 0000000000000000 80fb3b7d1509fe57 10 0 8
6 80fb3b7d1509fe57 0000000000000000 3ff0000000000000 10 0 8
7 80fb3b7d1509fe57 72a26df6dc8afd78 8000000000000000 18 0 8
9 00fb3b7d1509fe57 0000000000000000 c085d148c941cfdd 10 0 8
b 00000000e79221aa 0000000000000000 c4f2443540000000 0 0 0
c 80fb3b7d1509fe57 0000000000000000 0000000080000000 18 0 0
0 d7413f59e5e6868c 93d49ef70145a0b2 d7413f59e5e6868c 10 0 0
1 d7413f59e5e6868c 93d49ef70145a0b2 d7413f59e5e6868c 10 0 0
2 d7413f59e5e6868c 93d49ef70145a0b2 2b263a8c3a793dc2 10 0 0
3 d7413f59e5e6868c 93d49ef70145a0b2 7ff0000000000000 14 0 0
4 d7413f59e5e6868c 93d49ef70145a0b2 7ff8000000000000 1 0 0
d d7413f59e5e6868c 93d49ef70145a0b2 0000000000000000 0 1 0
5 d7413f59e5e6868c 0000000000000000 3fc865e652ce2cf3 10 0 8
6 d7413f59e5e6868c 0000000000000000 3fef69ce987fe664 10 0 8
7 d7413f59e5e6868c 93d49ef70145a0b2 bff921fb54442d18 10 0 8
9 57413f59e5e6868c 0000000000000000 407029e75226fd67 10 0 8
b 000000001f24f97b 0000000000000000 3be49f2f60000000 0 0 0
c d7413f59e5e6868c 0000000000000000 00000000ff800000 14 0 0
0 8170f6be6b4854cd 5be940850cc2f659 5be940850cc2f659 10 0 0
1 8170f6be6b4854cd 5be940850cc2f659 dbe940850cc2f659 10 0 0
2 8170f6be6b4854cd 5be940850cc2f659 9d6ac5f191e4c562 10 0 0
3 8170f6be6b4854cd 5be940850cc2f659 8000000000000000 18 0 0
4 8170f6be6b4854cd 5be940850cc2f659 7ff8000000000000 1 0 0
d 8170f6be6b4854cd 5be940850cc2f659 0000000000000000 0 1 0
5 8170f6be6b4854cd 0000000000000000 8170f6be6b4854cd 10 0 8
6 8170f6be6b4854cd 0000000000000000 3ff0000000000000 10 0 8
7 8170f6be6b4854cd 5be940850cc2f659 8000000000000000 18 0 8
9 0170f6be6b4854cd 0000000000000000 c085a8b5a0862ca6 10 0 8
b 00000000133614fd 0000000000000000 3a66c29fa0000000 0 0 0
c 8170f6be6b4854cd 0000000000000000 0000000080000000 18 0 0
0 e492590959d6f4d0 6eda59b6987de340 6eda59b6987de340 10 0 0
1 e492590959d6f4d0 6eda59b6987de340 eeda59b6987de340 10 0 0
2 e492590959d6f4d0 6eda59b6987de340 fff0000000000000 14 0 0
3 e492590959d6f4d0 6eda59b6987de340 b5a64815d002d6ae 10 0 0
4 e492590959d6f4d0 6eda59b6987de340 7ff8000000000000 1 0 0
d e492590959d6f4d0 6eda59b6987de340 0000000000000000 0 1 0
5 e492590959d6f4d0 0000000000000000 bfc1b2b64d55e8e3 10 0 8
6 e492590959d6f4d0 0000000000000000 bfefb151058c6f09 10 0 8
7 e492590959d6f4d0 6eda59b6987de340 b5a64815d002d6ae 10 0 8
9 6492590959d6f4d0 0000000000000000 4079652381cb8925 10 0 8
b 00000000a6abd80a 0000000000000000 bcd57b0140000000 0 0 0
c e492590959d6f4d0 0000000000000000 00000000ff800000 14 0 0
0 68f42d3f4724c956 1fc2ac7103d983b7 68f42d3f4724c956 10 0 0
1 68f42d3f4724c956 1fc2ac7103d983b7 68f42d3f4724c956 10 0 0
2 68f42d3f4724c956 1fc2ac7103d983b7 48c78c5c1cafdc0a 10 0 0
3 68f42d3f4724c956 1fc2ac7103d983b7 7ff0000000000000 14 0 0
4 68f42d3f4724c956 1fc2ac7103d983b7 5471f7a869a316fb 10 0 0
d 68f42d3f4724c956 1fc2ac7103d983b7 0000000000000000 0 0 0
5 68f42d3f4724c956 0000000000000000 3fd0cc7fe5ea9936 10 0 8
6 68f42d3f4724c956 0000000000000000 3feee0c3847f8857 10 0 8
7 68f42d3f4724c956 1fc2ac7103d983b7 3ff921fb54442d18 10 0 8
9 68f42d3f4724c956 0000000000000000 407c6efbdf940147 10 0 8
b 0000000046403660 0000000000000000 40c806cc00000000 0 0 0
c 68f42d3f4724c956 0000000000000000 000000007f800000 14 0 0
0 510ed2e6e118beaf 2f699ce98262e0f3 510ed2e6e118beaf 10 0 0
1 510ed2e6e118beaf 2f699ce98262e0f3 510ed2e6e118beaf 10 0 0
2 510ed2e6e118beaf 2f699ce98262e0f3 4088abe9729dcd1a 10 0 0
3 510ed2e6e118beaf 2f699ce98262e0f3 619341528a57297b 10 0 0
4 510ed2e6e118beaf 2f699ce98262e0f3 487f680aa3112c55 10 0 0
d 510ed2e6e118beaf 2f699ce98262e0f3 0000000000000000 0 0 0
5 510ed2e6e118beaf 0000000000000000 3fdfcd9eafaa4928 10 0 8
6 510ed2e6e118beaf 0000000000000000 bfebc4f6ced38291 10 0 8
7 510ed2e6e118beaf 2f699ce98262e0f3 3ff921fb54442d18 10 0 8
9 510ed2e6e118beaf 0000000000000000 4067bc50ef8645b1 10 0 8
b 0000000011e1166d 0000000000000000 3a3c22cda0000000 0 0 0
c 510ed2e6e118beaf 0000000000000000 000000007f800000 14 0 0
0 56b9509be9ebd70e f2418febb42d4895 f2418febb42d4895 10 0 0
1 56b9509be9ebd70e f2418febb42d4895 72418febb42d4895 10 0 0
2 56b9509be9ebd70e f2418febb42d4895 fff0000000000000 14 0 0
3 56b9509be9ebd70e f2418febb42d4895 a467102581bae4fa 10 0 0
4 56b9509be9ebd70e f2418febb42d4895 4b542024896127d9 10 0 0
d 56b9509be9ebd70e f2418febb42d4895 0000000000000000 0 0 0
5 56b9509be9ebd70e 0000000000000000 bfeb336b361cbe03 10 0 8
6 56b9509be9ebd70e 0000000000000000 bfe0db0cfbcfdfa2 10 0 8
7 56b9509be9ebd70e f2418febb42d4895 400921fb54442d18 10 0 8
9 56b9509be9ebd70e 0000000000000000 406f9875c771f16b 10 0 8
b 00000000bac3274a 0000000000000000 bf5864e940000000 0 0 0
c 56b9509be9ebd70e 0000000000000000 000000007f800000 14 0 0
0 1b6b03bf18871811 8b2dffb3afab3e1e 1b6b03bf18871811 10 0 0
1 1b6b03bf18871811 8b2dffb3afab3e1e 1b6b03bf18871811 10 0 0
2 1b6b03bf18871811 8b2dffb3afab3e1e 8000000000000000 18 0 0
3 1b6b03bf18871811 8b2dffb3afab3e1e d02cd11523ab0567 10 0 0
4 1b6b03bf18871811 8b2dffb3afab3e1e 2dad66df1cc01e13 10 0 0
d 1b6b03bf18871811 8b2dffb3afab3e1e 0000000000000000 0 0 0
5 1b6b03bf18871811 0000000000000000 1b6b03bf18871811 10 0 8
6 1b6b03bf18871811 0000000000000000 3ff0000000000000 10 0 8
7 1b6b03bf18871811 8b2dffb3afab3e1e 3ff921fb54442d18 10 0 8
9 1b6b03bf18871811 0000000000000000 c0794f7a1aafdc7c 10 0 8
b 00000000c57bdf6a 0000000000000000 c0af7bed40000000 0 0 0
c 1b6b03bf18871811 0000000000000000 0000000000000000 18 0 0
0 6c4ec4012d1972a6 6afbd30003e0b2ed 6c4ec4020bb172c5 10 0 0
1 6c4ec4012d1972a6 6afbd30003e0b2ed 6c4ec4004e817287 10 0 0
2 6c4ec4012d1972a6 6afbd30003e0b2ed 7ff0000000000000 14 0 0
3 6c4ec4012d1972a6 6afbd30003e0b2ed 4141b101b57f020f 10 0 0
4 6c4ec4012d1972a6 6afbd30003e0b2ed 561f6072d3e21e58 10 0 0
d 6c4ec4012d1972a6 6afbd30003e0b2ed 0000000000000000 0 0 0
5 6c4ec4012d1972a6 0000000000000000 3fe99877963d00ba 10 0 8
6 6c4ec4012d1972a6 0000000000000000 bfe334b5ca97065b 10 0 8
7 6c4ec4012d1972a6 6afbd30003e0b2ed 3ff921fae0810a53 10 0 8
9 6c4ec4012d1972a6 0000000000000000 407ec185c76870b2 10 0 8
b 00000000a21e1e53 0000000000000000 bc43c3ca60000000 0 0 0
c 6c4ec4012d1972a6 0000000000000000 000000007f800000 14 0 0
0 5b5d9999e5b7786e 5ded1b532e678610 5ded1b532e6794dd 10 0 0
1 5b5d9999e5b7786e 5ded1b532e678610 dded1b532e677743 10 0 0
2 5b5d9999e5b7786e 5ded1b532e678610 795aec7a035bd369 10 0 0
3 5b5d9999e5b7786e 5ded1b532e678610 3d60456a065b872a 10 0 0
4 5b5d9999e5b7786e 5ded1b532e678610 4da5c329a9cf3113 10 0 0
d 5b5d9999e5b7786e 5ded1b532e678610 0000000000000000 0 1 0
5 5b5d9999e5b7786e 0000000000000000 bfec3b6386028f06 10 0 8
6 5b5d9999e5b7786e 0000000000000000 bfde214a92794d84 10 0 8
7 5b5d9999e5b7786e 5ded1b532e678610 3d60456a065b872a 10 0 8
9 5b5d9999e5b7786e 0000000000000000 4073036b1d2ec23f 10 0 8
b 000000000a18c102 0000000000000000 3943182040000000 0 0 0
c 5b5d9999e5b7786e 0000000000000000 000000007f800000 14 0 0
0 55298bdeee1d4717 990f09687c649a59 55298bdeee1d4717 10 0 0
1 55298bdeee1d4717 990f09687c649a59 55298bdeee1d4717 10 0 0
2 55298bdeee1d4717 990f09687c649a59 ae48c702b7422b25 10 0 0
3 55298bdeee1d4717 990f09687c649a59 fc0a56d73acc509e 10 0 0
4 55298bdeee1d4717 990f09687c649a59 4a8c9777fb7161d7 10 0 0
d 55298bdeee1d4717 990f09687c649a59 0000000000000000 0 0 0
5 55298bdeee1d4717 0000000000000000 3fed46314d21a5b3 10 0 8
6 55298bdeee1d4717 0000000000000000 3fd9d8ee25b6657e 10 0 8
7 55298bdeee1d4717 990f09687c649a59 3ff921fb54442d18 10 0 8
9 55298bdeee1d4717 0000000000000000 406d6e3bcec05c75 10 0 8
b 000000000ad6740e 0000000000000000 395ace81c0000000 0 0 0
c 55298bdeee1d4717 0000000000000000 000000007f800000 14 0 0
0 4ead128573455b9b defca7800b9cd246 defca7800b9cd246 10 0 0
1 4ead128573455b9b defca7800b9cd246 5efca7800b9cd246 10 0 0
2 4ead128573455b9b defca7800b9cd246 edba0861c1f0e666 10 0 0
3 4ead128573455b9b defca7800b9cd246 afa03bc22cfa74aa 10 0 0
4 4ead128573455b9b defca7800b9cd246 474e80460166ede3 10 0 0
d 4ead128573455b9b defca7800b9cd246 0000000000000000 0 0 0
5 4ead128573455b9b 0000000000000000 3fef2693e2bd4d7b 10 0 8
6 4ead128573455b9b 0000000000000000 bfcd4b4e751146b0 10 0 8
7 4ead128573455b9b defca7800b9cd246 400921fb54442d18 10 0 8
9 4ead128573455b9b 0000000000000000 40646f93c0b10181 10 0 8
b 00000000ab5f0f2c 0000000000000000 bd6be1e580000000 0 0 0
c 4ead128573455b9b 0000000000000000 000000007f800000 14 0 0
0 1defe451cdd32883 b0a080a2b6268ff8 b0a080a2b6268ff8 10 0 0
1 1defe451cdd32883 b0a080a2b6268ff8 30a080a2b6268ff8 10 0 0
2 1defe451cdd32883 b0a080a2b6268ff8 8ea0725c578802c0 10 0 0
3 1defe451cdd32883 b0a080a2b6268ff8 ad3eebb98ea36460 10 0 0
4 1defe451cdd32883 b0a080a2b6268ff8 2eeff225e7685f16 10 0 0
d 1defe451cdd32883 b0a080a2b6268ff8 0000000000000000 0 0 0
5 1defe451cdd32883 0000000000000000 1defe451cdd32883 10 0 8
6 1defe451cdd32883 0000000000000000 3ff0000000000000 10 0 8
7 1defe451cdd32883 b0a080a2b6268ff8 400921fb54442d18 10 0 8
9 1defe451cdd32883 0000000000000000 c07791350c02d429 10 0 8
b 000000009cee3e94 0000000000000000 bb9dc7d280000000 0 0 0
c 1defe451cdd32883 0000000000000000 0000000000000000 18 0 0
0 3caef24abe1fa419 19088bb707b39e88 3caef24abe1fa419 10 0 0
1 3caef24abe1fa419 19088bb707b39e88 3caef24abe1fa419 10 0 0
2 3caef24abe1fa419 19088bb707b39e88 15c7bcd5844fb8c4 10 0 0
3 3caef24abe1fa419 19088bb707b39e88 63942c18999199dc 10 0 0
4 3caef24abe1fa419 19088bb707b39e88 3e4f780471f3cf34 10 0 0
d 3caef24abe1fa419 19088bb707b39e88 0000000000000000 0 0 0
5 3caef24abe1fa419 0000000000000000 3caef24abe1fa419 10 0 8
6 3caef24abe1fa419 0000000000000000 3ff0000000000000 10 0 8
7 3caef24abe1fa419 19088bb707b39e88 3ff921fb54442d18 10 0 8
9 3caef24abe1fa419 0000000000000000 c04209df6ceb57bb 10 0 8
b 00000000f8363399 0000000000000000 c706c67320000000 0 0 0
c 3caef24abe1fa419 0000000000000000 0000000025779256 10 0 0
0 f6e49bdbd666eb94 6999added86a3a2f f6e49bdbd666eb94 10 0 0
1 f6e49bdbd666eb94 6999added86a3a2f f6e49bdbd666eb94 10 0 0
2 f6e49bdbd666eb94 6999added86a3a2f fff0000000000000 14 0 0
3 f6e49bdbd666eb94 6999added86a3a2f cd39ae7d0305767c 10 0 0
4 f6e49bdbd666eb94 6999added86a3a2f 7ff8000000000000 1 0 0
d f6e49bdbd666eb94 6999added86a3a2f 0000000000000000 0 1 0
5 f6e49bdbd666eb94 0000000000000000 3fe62b85099bbd3d 10 0 8
6 f6e49bdbd666eb94 0000000000000000 bfe71365a7bb0384 10 0 8
7 f6e49bdbd666eb94 6999added86a3a2f bff921fb54442d18 10 0 8
9 76e49bdbd666eb94 0000000000000000 40830c3c6bb1a777 10 0 8
b 000000007add22b8 0000000000000000 475ba45700000000 0 0 0
c f6e49bdbd666eb94 0000000000000000 00000000ff800000 14 0 0
0 0fc3f25d408539b9 11ff26605358c3d9 11ff2660535b4225 10 0 0
1 0fc3f25d408539b9 11ff26605358c3d9 91ff26605356458d 10 0 0
2 0fc3f25d408539b9 11ff26605358c3d9 0000000000000000 18 0 0
3 0fc3f25d408539b9 11ff26605358c3d9 3db47db807b2a73d 10 0 0
4 0fc3f25d408539b9 11ff26605358c3d9 27d943b703e02fc0 10 0 0
d 0fc3f25d408539b9 11ff26605358c3d9 0000000000000000 0 1 0
5 0fc3f25d408539b9 0000000000000000 0fc3f25d408539b9 10 0 8
6 0fc3f25d408539b9 0000000000000000 3ff0000000000000 10 0 8
7 0fc3f25d408539b9 11ff26605358c3d9 3db47db807b2a73d 10 0 8
9 0fc3f25d408539b9 0000000000000000 c080b1916827daf7 10 0 8
b 000000002f5b0f48 0000000000000000 3deb61e900000000 0 0 0
c 0fc3f25d408539b9 0000000000000000 0000000000000000 18 0 0
0 98f72a31cb97a9c9 eb7c455e19212215 eb7c455e19212215 10 0 0
1 98f72a31cb97a9c9 eb7c455e19212215 6b7c455e19212215 10 0 0
2 98f72a31cb97a9c9 eb7c455e19212215 44847722aba6ecba 10 0 0
3 98f72a31cb97a9c9 eb7c455e19212215 0000000000000000 18 0 0
4 98f72a31cb97a9c9 eb7c455e19212215 7ff8000000000000 1 0 0
d 98f72a31cb97a9c9 eb7c455e19212215 0000000000000000 0 0 0
5 98f72a31cb97a9c9 0000000000000000 98f72a31cb97a9c9 10 0 8
6 98f72a31cb97a9c9 0000000000000000 3ff0000000000000 10 0 8
7 98f72a31cb97a9c9 eb7c455e19212215 c00921fb54442d18 10 0 8
9 18f72a31cb97a9c9 0000000000000000 c07b0275f144546a 10 0 8
b 0000000091100824 0000000000000000 ba22010480000000 0 0 0
c 98f72a31cb97a9c9 0000000000000000 0000000080000000 18 0 0
0 928cc5ee4c111e36 952ad27d23c7ac2f 952ad27d23c7b360 10 0 0
1 928cc5ee4c111e36 952ad27d23c7ac2f 152ad27d23c7a4fe 10 0 0
2 928cc5ee4c111e36 952ad27d23c7ac2f 0000000000000000 18 0 0
3 928cc5ee4c111e36 952ad27d23c7ac2f 3d5129ed63ecf751 10 0 0
4 928cc5ee4c111e36 952ad27d23c7ac2f 7ff8000000000000 1 0 0
d 928cc5ee4c111e36 952ad27d23c7ac2f 0000000000000000 0 0 0
5 928cc5ee4c111e36 0000000000000000 928cc5ee4c111e36 10 0 8
6 928cc5ee4c111e36 0000000000000000 3ff0000000000000 10 0 8
7 928cc5ee4c111e36 952ad27d23c7ac2f c00921fb54442af3 10 0 8
9 128cc5ee4c111e36 0000000000000000 c07f754c5f75a472 10 0 8
b 000000001e06c6ce 0000000000000000 3bc0d8d9c0000000 0 0 0
c 928cc5ee4c111e36 0000000000000000 0000000080000000 18 0 0
0 1d33d181877b8200 1044ca3da966f93c 1d33d181877b8200 10 0 0
1 1d33d181877b8200 1044ca3da966f93c 1d33d181877b8200 10 0 0
2 1d33d181877b8200 1044ca3da966f93c 0000000000000000 18 0 0
3 1d33d181877b8200 1044ca3da966f93c 4cde81259d6351ce 10 0 0
4 1d33d181877b8200 1044ca3da966f93c 2e91cea08588bb5a 10 0 0
d 1d33d181877b8200 1044ca3da966f93c 0000000000000000 0 0 0
5 1d33d181877b8200 0000000000000000 1d33d181877b8200 10 0 8
6 1d33d181877b8200 0000000000000000 3ff0000000000000 10 0 8
7 1d33d181877b8200 1044ca3da966f93c 3ff921fb54442d18 10 0 8
9 1d33d181877b8200 0000000000000000 c07812d01f642213 10 0 8
b 00000000be69019c 0000000000000000 bfcd203380000000 0 0 0
c 1d33d181877b8200 0000000000000000 0000000000000000 18 0 0
0 55031891f43550b9 9a69aaa848a35bf6 55031891f43550b9 10 0 0
1 55031891f43550b9 9a69aaa848a35bf6 55031891f43550b9 10 0 0
2 55031891f43550b9 9a69aaa848a35bf6 af7ea211f50411a6 10 0 0
3 55031891f43550b9 9a69aaa848a35bf6 fa87ced96cf84aa5 10 0 0
4 55031891f43550b9 9a69aaa848a35bf6 4a78b84876d1dc9a 10 0 0
d 55031891f43550b9 9a69aaa848a35bf6 0000000000000000 0 0 0
5 55031891f43550b9 0000000000000000 bfebab216aa30726 10 0 8
6 55031891f43550b9 0000000000000000 bfe013986eec782b 10 0 8
7 55031891f43550b9 9a69aaa848a35bf6 3ff921fb54442d18 10 0 8
9 55031891f43550b9 0000000000000000 406d388f44b43381 10 0 8
b 00000000586cc918 0000000000000000 430d992300000000 0 0 0
c 55031891f43550b9 0000000000000000 000000007f800000 14 0 0
0 e8ba9e5fd5555f07 a8058bfd363ecf40 e8ba9e5fd5555f07 10 0 0
1 e8ba9e5fd5555f07 a8058bfd363ecf40 e8ba9e5fd5555f07 10 0 0
2 e8ba9e5fd5555f07 a8058bfd363ecf40 50d1ec61758be0d4 10 0 0
3 e8ba9e5fd5555f07 a8058bfd363ecf40 7ff0000000000000 14 0 0
4 e8ba9e5fd5555f07 a8058bfd363ecf40 7ff8000000000000 1 0 0
d e8ba9e5fd5555f07 a8058bfd363ecf40 0000000000000000 0 1 0
5 e8ba9e5fd5555f07 0000000000000000 bfeffbb711db45f1 10 0 8
6 e8ba9e5fd5555f07 0000000000000000 3fa08ecc2e80d56d 10 0 8
7 e8ba9e5fd5555f07 a8058bfd363ecf40 bff921fb54442d18 10 0 8
9 68ba9e5fd5555f07 0000000000000000 407c470e46629b07 10 0 8
b 000000001501adcb 0000000000000000 3aa035b960000000 0 0 0
c e8ba9e5fd5555f07 0000000000000000 00000000ff800000 14 0 0
0 37a36f7713f9e871 f00c3e4a8f6df0a8 f00c3e4a8f6df0a8 10 0 0
1 37a36f7713f9e871 f00c3e4a8f6df0a8 700c3e4a8f6df0a8 10 0 0
2 37a36f7713f9e871 f00c3e4a8f6df0a8 e7c1275d71119fc0 10 0 0
3 37a36f7713f9e871 f00c3e4a8f6df0a8 87860541cf8e3618 10 0 0
4 37a36f7713f9e871 f00c3e4a8f6df0a8 3bc8f047443d134a 10 0 0
d 37a36f7713f9e871 f00c3e4a8f6df0a8 0000000000000000 0 0 0
5 37a36f7713f9e871 0000000000000000 37a36f7713f9e871 10 0 8
6 37a36f7713f9e871 0000000000000000 3ff0000000000000 10 0 8
7 37a36f7713f9e871 f00c3e4a8f6df0a8 400921fb54442d18 10 0 8
9 37a36f7713f9e871 0000000000000000 c056ff9ecb5b6384 10 0 8
b 000000001e65ea94 0000000000000000 3bccbd5280000000 0 0 0
c 37a36f7713f9e871 0000000000000000 00000000000136f7 18 0 0
0 c5d05aef1f366889 96c312da679d3a56 c5d05aef1f366889 10 0 0
1 c5d05aef1f366889 96c312da679d3a56 c5d05aef1f366889 10 0 0
2 c5d05aef1f366889 96c312da679d3a56 1ca37f4182f7dde2 10 0 0
3 c5d05aef1f366889 96c312da679d3a56 6efb7073859361d0 10 0 0
4 c5d05aef1f366889 96c312da679d3a56 7ff8000000000000 1 0 0
d c5d05aef1f366889 96c312da679d3a56 0000000000000000 0 1 0
5 c5d05aef1f366889 0000000000000000 bfe9ead44ac58f71 10 0 8
6 c5d05aef1f366889 0000000000000000 3fe2c4fccb0166c4 10 0 8
7 c5d05aef1f366889 96c312da679d3a56 bff921fb54442d18 10 0 8
9 45d05aef1f366889 0000000000000000 40504b60f528b32c 10 0 8
b 00000000da24dd9d 0000000000000000 c3449bb3a0000000 0 0 0
c c5d05aef1f366889 0000000000000000 00000000ee82d779 10 0 0
0 737cf7965c466b71 b4287f45c3d0d605 737cf7965c466b71 10 0 0
1 737cf7965c466b71 b4287f45c3d0d605 737cf7965c466b71 10 0 0
2 737cf7965c466b71 b4287f45c3d0d605 e7b62ce689110657 10 0 0
3 737cf7965c466b71 b4287f45c3d0d605 ff42eb64f2dfa39a 10 0 0
4 737cf7965c466b71 b4287f45c3d0d605 59b5874893285bb1 10 0 0
d 737cf7965c466b71 b4287f45c3d0d605 0000000000000000 0 0 0
5 737cf7965c466b71 0000000000000000 bfc19816b15a26e3 10 0 8
6 737cf7965c466b71 0000000000000000 bfefb23e2fb73c41 10 0 8
7 737cf7965c466b71 b4287f45c3d0d605 3ff921fb54442d18 10 0 8
9 737cf7965c466b71 0000000000000000 4081ddf98c886ed5 10 0 8
b 00000000fb134b2d 0000000000000000 c7626965a0000000 0 0 0
c 737cf7965c466b71 0000000000000000 000000007f800000 14 0 0
0 dca2e0d697b471ca 282a9c8c0cdf0b71 dca2e0d697b471ca 10 0 0
1 dca2e0d697b471ca 282a9c8c0cdf0b71 dca2e0d697b471ca 10 0 0
2 dca2e0d697b471ca 282a9c8c0cdf0b71 c4df66122151d3c9 10 0 0
3 dca2e0d697b471ca 282a9c8c0cdf0b71 f466b36cf909fb5b 10 0 0
4 dca2e0d697b471ca 282a9c8c0cdf0b71 7ff8000000000000 1 0 0
d dca2e0d697b471ca 282a9c8c0cdf0b71 0000000000000000 0 1 0
5 dca2e0d697b471ca 0000000000000000 3fe5fdf1645b364f 10 0 8
6 dca2e0d697b471ca 0000000000000000 bfe73ed966ecf65a 10 0 8
7 dca2e0d697b471ca 282a9c8c0cdf0b71 bff921fb54442d18 10 0 8
9 5ca2e0d697b471ca 0000000000000000 4073e51ea235c0fa 10 0 8
b 000000005b9ae889 0000000000000000 43735d1120000000 0 0 0
c dca2e0d697b471ca 0000000000000000 00000000ff800000 14 0 0
0 d7f2b24cb6d520b1 4aa233d097de823c d7f2b24cb6d520b1 10 0 0
1 d7f2b24cb6d520b1 4aa233d097de823c d7f2b24cb6d520b1 10 0 0
2 d7f2b24cb6d520b1 4aa233d097de823c e2a5452261928b07 10 0 0
3 d7f2b24cb6d520b1 4aa233d097de823c cd406f2e48da20fe 10 0 0
4 d7f2b24cb6d520b1 4aa233d097de823c 7ff8000000000000 1 0 0
d d7f2b24cb6d520b1 4aa233d097de823c 0000000000000000 0 1 0
5 d7f2b24cb6d520b1 0000000000000000 bfdf94e349489cc1 10 0 8
6 d7f2b24cb6d520b1 0000000000000000 3febd521e26df4bf 10 0 8
7 d7f2b24cb6d520b1 4aa233d097de823c bff921fb54442d18 10 0 8
9 57f2b24cb6d520b1 0000000000000000 4070a5302f7f7b15 10 0 8
b 00000000b4bd1ff0 0000000000000000 be97a3fe00000000 0 0 0
c d7f2b24cb6d520b1 0000000000000000 00000000ff800000 14 0 0
0 ff219e715114d8c6 8b83c5c0944c37fd ff219e715114d8c6 10 0 0
1 ff219e715114d8c6 8b83c5c0944c37fd ff219e715114d8c6 10 0 0
2 ff219e715114d8c6 8b83c5c0944c37fd 4ab5c5e9741c6582 10 0 0
3 ff219e715114d8c6 8b83c5c0944c37fd 7ff0000000000000 14 0 0
4 ff219e715114d8c6 8b83c5c0944c37fd 7ff8000000000000 1 0 0
d ff219e715114d8c6 8b83c5c0944c37fd 0000000000000000 0 1 0
5 ff219e715114d8c6 0000000000000000 bfeff5c0bc85e7fc 10 0 8
6 ff219e715114d8c6 0000000000000000 bfa999d420a0d1b1 10 0 8
7 ff219e715114d8c6 8b83c5c0944c37fd bff921fb54442d18 10 0 8
9 7f219e715114d8c6 0000000000000000 4085e6f20a6dd0b2 10 0 8
b 0000000044c04a24 0000000000000000 4098094480000000 0 0 0
c ff219e715114d8c6 0000000000000000 00000000ff800000 14 0 0
0 fd197026b0a6eca8 cb489c11c190def4 fd197026b0a6eca8 10 0 0
1 fd197026b0a6eca8 cb489c11c190def4 fd197026b0a6eca8 10 0 0
2 fd197026b0a6eca8 cb489c11c190def4 7ff0000000000000 14 0 0
3 fd197026b0a6eca8 cb489c11c190def4 71c089e2a2e884da 10 0 0
4 fd197026b0a6eca8 cb489c11c190def4 7ff8000000000000 1 0 0
d fd197026b0a6eca8 cb489c11c190def4 0000000000000000 0 1 0
5 fd197026b0a6eca8 0000000000000000 3fef4e561128b389 10 0 8
6 fd197026b0a6eca8 0000000000000000 bfca83602c34631f 10 0 8
7 fd197026b0a6eca8 cb489c11c190def4 bff921fb54442d18 10 0 8
9 7d197026b0a6eca8 0000000000000000 408532e48f58b29f 10 0 8
b 00000000938849b3 0000000000000000 ba71093660000000 0 0 0
c fd197026b0a6eca8 0000000000000000 00000000ff800000 14 0 0
0 cd72f96cd9b93823 2919c8dd104e7b5c cd72f96cd9b93823 10 0 0
1 cd72f96cd9b93823 2919c8dd104e7b5c cd72f96cd9b93823 10 0 0
2 cd72f96cd9b93823 2919c8dd104e7b5c b69e93ee0d58f15a 10 0 0
3 cd72f96cd9b93823 2919c8dd104e7b5c e4478c4e69caf708 10 0 0
4 cd72f96cd9b93823 2919c8dd104e7b5c 7ff8000000000000 1 0 0
d cd72f96cd9b93823 2919c8dd104e7b5c 0000000000000000 0 1 0
5 cd72f96cd9b93823 0000000000000000 3fecd3824c146eef 10 0 8
6 cd72f96cd9b93823 0000000000000000 bfdbc9d94d3fb750 10 0 8
7 cd72f96cd9b93823 2919c8dd104e7b5c bff921fb54442d18 10 0 8
9 4d72f96cd9b93823 0000000000000000 4062bc7d3e8d2baf 10 0 8
b 000000003b970d0e 0000000000000000 3f72e1a1c0000000 0 0 0
c cd72f96cd9b93823 0000000000000000 00000000ff800000 14 0 0
0 9ce2a2b5de38bb0f e27ecbc35bd07e40 e27ecbc35bd07e40 10 0 0
1 9ce2a2b5de38bb0f e27ecbc35bd07e40 627ecbc35bd07e40 10 0 0
2 9ce2a2b5de38bb0f e27ecbc35bd07e40 3f71ef34770b49be 10 0 0
3 9ce2a2b5de38bb0f e27ecbc35bd07e40 0000000000000000 18 0 0
4 9ce2a2b5de38bb0f e27ecbc35bd07e40 7ff8000000000000 1 0 0
d 9ce2a2b5de38bb0f e27ecbc35bd07e40 0000000000000000 0 0 0
5 9ce2a2b5de38bb0f 0000000000000000 9ce2a2b5de38bb0f 10 0 8
6 9ce2a2b5de38bb0f 0000000000000000 3ff0000000000000 10 0 8
7 9ce2a2b5de38bb0f e27ecbc35bd07e40 c00921fb54442d18 10 0 8
9 1ce2a2b5de38bb0f 0000000000000000 c0784b3fd4f56cc4 10 0 8
b 00000000d712ddcc 0000000000000000 c2e25bb980000000 0 0 0
c 9ce2a2b5de38bb0f 0000000000000000 0000000080000000 18 0 0
0 19c868b98f371816 ea882f8c0042de30 ea882f8c0042de30 10 0 0
1 19c868b98f371816 ea882f8c0042de30 6a882f8c0042de30 10 0 0
2 19c868b98f371816 ea882f8c0042de30 c46272cfc6527f07 10 0 0
3 19c868b98f371816 ea882f8c0042de30 8000000000000000 18 0 0
4 19c868b98f371816 ea882f8c0042de30 2cdbf2b0031c63d5 10 0 0
d 19c868b98f371816 ea882f8c0042de30 0000000000000000 0 0 0
5 19c868b98f371816 0000000000000000 19c868b98f371816 10 0 8
6 19c868b98f371816 0000000000000000 3ff0000000000000 10 0 8
7 19c868b98f371816 ea882f8c0042de30 400921fb54442d18 10 0 8
9 19c868b98f371816 0000000000000000 c07a7172efdf929f 10 0 8
b 000000002b1a8db2 0000000000000000 3d6351b640000000 0 0 0
c 19c868b98f371816 0000000000000000 0000000000000000 18 0 0
0 2f32ec642574f25b dcc637445ff9f033 dcc637445ff9f033 10 0 0
1 2f32ec642574f25b dcc637445ff9f033 5cc637445ff9f033 10 0 0
2 2f32ec642574f25b dcc637445ff9f033 cc0a466729ee5bfa 10 0 0
3 2f32ec642574f25b dcc637445ff9f033 925b41e9a023e4cf 10 0 0
4 2f32ec642574f25b dcc637445ff9f033 379166819c9d40ee 10 0 0
d 2f32ec642574f25b dcc637445ff9f033 0000000000000000 0 0 0
5 2f32ec642574f25b 0000000000000000 2f32ec642574f25b 10 0 8
6 2f32ec642574f25b 0000000000000000 3ff0000000000000 10 0 8
7 2f32ec642574f25b dcc637445ff9f033 400921fb54442d18 10 0 8
9 2f32ec642574f25b 0000000000000000 c067330f6e65cb87 10 0 8
b 000000005e0bb94c 0000000000000000 43c1772980000000 0 0 0
c 2f32ec642574f25b 0000000000000000 0000000000000000 18 0 0
0 0d67967d0aa17c89 83398c31e54158ae 0d67967d0aa17c89 10 0 0
1 0d67967d0aa17c89 83398c31e54158ae 0d67967d0aa17c89 10 0 0
2 0d67967d0aa17c89 83398c31e54158ae 8000000000000000 18 0 0
3 0d67967d0aa17c89 83398c31e54158ae ca1d8b94de9f29ad 10 0 0
4 0d67967d0aa17c89 83398c31e54158ae 26ab794c96efd4ca 10 0 0
d 0d67967d0aa17c89 83398c31e54158ae 0000000000000000 0 0 0
5 0d67967d0aa17c89 0000000000000000 0d67967d0aa17c89 10 0 8
6 0d67967d0aa17c89 0000000000000000 3ff0000000000000 10 0 8
7 0d67967d0aa17c89 83398c31e54158ae 3ff921fb54442d18 10 0 8
9 0d67967d0aa17c89 0000000000000000 c08182f1834fb5e6 10 0 8
b 0000000004cb0f04 0000000000000000 389961e080000000 0 0 0
c 0d67967d0aa17c89 0000000000000000 0000000000000000 18 0 0
0 c05c0fb174ebe3e4 1a7b924f6e7a8c96 c05c0fb174ebe3e4 10 0 0
1 c05c0fb174ebe3e4 1a7b924f6e7a8c96 c05c0fb174ebe3e4 10 0 0
2 c05c0fb174ebe3e4 1a7b924f6e7a8c96 9ae82d8afbebfe4d 10 0 0
3 c05c0fb174ebe3e4 1a7b924f6e7a8c96 e5d048c2c4b7d44a 10 0 0
4 c05c0fb174ebe3e4 1a7b924f6e7a8c96 7ff8000000000000 1 0 0
d c05c0fb174ebe3e4 1a7b924f6e7a8c96 0000000000000000 0 1 0
5 c05c0fb174ebe3e4 0000000000000000 3fe815fcf13e5019 10 0 8
6 c05c0fb174ebe3e4 0000000000000000 3fe51176d10b9e78 10 0 8
7 c05c0fb174ebe3e4 1a7b924f6e7a8c96 bff921fb54442d18 10 0 8
9 405c0fb174ebe3e4 0000000000000000 4012e1fb7692086a 10 0 8
b 00000000c2e23f22 0000000000000000 c05c47e440000000 0 0 0
c c05c0fb174ebe3e4 0000000000000000 00000000c2e07d8c 10 0 0
0 25c189818ac5dcd9 1a826ab6ad44aadc 25c189818ac5dcd9 10 0 0
1 25c189818ac5dcd9 1a826ab6ad44aadc 25c189818ac5dcd9 10 0 0
2 25c189818ac5dcd9 1a826ab6ad44aadc 00542fa8f0618e2f 10 0 0
3 25c189818ac5dcd9 1a826ab6ad44aadc 4b2e78b16a0d927c 10 0 0
4 25c189818ac5dcd9 1a826ab6ad44aadc 32d7b07d524f12e7 10 0 0
d 25c189818ac5dcd9 1a826ab6ad44aadc 0000000000000000 0 0 0
5 25c189818ac5dcd9 0000000000000000 25c189818ac5dcd9 10 0 8
6 25c189818ac5dcd9 0000000000000000 3ff0000000000000 10 0 8
7 25c189818ac5dcd9 1a826ab6ad44aadc 3ff921fb54442d18 10 0 8
9 25c189818ac5dcd9 0000000000000000 c072256417e8a1f1 10 0 8
b 000000003bf9ecb3 0000000000000000 3f7f3d9660000000 0 0 0
c 25c189818ac5dcd9 0000000000000000 0000000000000000 18 0 0
0 cb9e7f048ba15a5b bda72fee5302bba3 cb9e7f048ba15a5b 10 0 0
1 cb9e7f048ba15a5b bda72fee5302bba3 cb9e7f048ba15a5b 10 0 0
2 cb9e7f048ba15a5b bda72fee5302bba3 495618f8f2d6eafa 10 0 0
3 cb9e7f048ba15a5b bda72fee5302bba3 4de50b1d87376bbb 10 0 0
4 cb9e7f048ba15a5b bda72fee5302bba3 7ff8000000000000 1 0 0
d cb9e7f048ba15a5b bda72fee5302bba3 0000000000000000 0 1 0
5 cb9e7f048ba15a5b 0000000000000000 3fedf35f14be3373 10 0 8
6 cb9e7f048ba15a5b 0000000000000000 bfd688fa9f52b9ff 10 0 8
7 cb9e7f048ba15a5b bda72fee5302bba3 bff921fb54442d18 10 0 8
9 4b9e7f048ba15a5b 0000000000000000 406032409dc90563 10 0 8
b 000000008aadea98 0000000000000000 b955bd5300000000 0 0 0
c cb9e7f048ba15a5b 0000000000000000 00000000ff800000 14 0 0
0 c820dd87a19addaf bfc757b8f33fd920 c820dd87a19addaf 10 0 0
1 c820dd87a19addaf bfc757b8f33fd920 c820dd87a19addaf 10 0 0
2 c820dd87a19addaf bfc757b8f33fd920 47f89aea7dcce441 10 0 0
3 c820dd87a19addaf bfc757b8f33fd920 48471ed1009adf4a 10 0 0
4 c820dd87a19addaf bfc757b8f33fd920 7ff8000000000000 1 0 0
d c820dd87a19addaf bfc757b8f33fd920 0000000000000000 0 1 0
5 c820dd87a19addaf 0000000000000000 3fe329a16d719f76 10 0 8
6 c820dd87a19addaf 0000000000000000 3fe9a0c423473d75 10 0 8
7 c820dd87a19addaf bfc757b8f33fd920 bff921fb54442d18 10 0 8
9 4820dd87a19addaf 0000000000000000 4056b6b78da17be4 10 0 8
b 000000000b60788d 0000000000000000 396c0f11a0000000 0 0 0
c c820dd87a19addaf 0000000000000000 00000000ff800000 14 0 0
0 8a4a8c15a2c07fd1 0a7b20cca230685d 0a77cf49edd85863 10 0 0
1 8a4a8c15a2c07fd1 0a7b20cca230685d 8a7e724f56887857 10 0 0
2 8a4a8c15a2c07fd1 0a7b20cca230685d 8000000000000000 18 0 0
3 8a4a8c15a2c07fd1 0a7b20cca230685d bfbf5093eb2e4542 10 0 0
4 8a4a8c15a2c07fd1 0a7b20cca230685d 7ff8000000000000 1 0 0
d 8a4a8c15a2c07fd1 0a7b20cca230685d 0000000000000000 0 1 0
5 8a4a8c15a2c07fd1 0000000000000000 8a4a8c15a2c07fd1 10 0 8
6 8a4a8c15a2c07fd1 0000000000000000 3ff0000000000000 10 0 8
7 8a4a8c15a2c07fd1 0a7b20cca230685d bfbf28f2f2706f9f 10 0 8
9 0a4a8c15a2c07fd1 0000000000000000 c0829741b9a22d3f 10 0 8
b 00000000484867c0 0000000000000000 41090cf800000000 0 0 0
c 8a4a8c15a2c07fd1 0000000000000000 0000000080000000 18 0 0
0 d2b8f6984119850d 46bba7f17af644b3 d2b8f6984119850d 10 0 0
1 d2b8f6984119850d 46bba7f17af644b3 d2b8f6984119850d 10 0 0
2 d2b8f6984119850d 46bba7f17af644b3 d9859313c298317c 10 0 0
3 d2b8f6984119850d 46bba7f17af644b3 cbece25fdfdc447f 10 0 0
4 d2b8f6984119850d 46bba7f17af644b3 7ff8000000000000 1 0 0
d d2b8f6984119850d 46bba7f17af644b3 0000000000000000 0 1 0
5 d2b8f6984119850d 0000000000000000 3fd91be682abfa62 10 0 8
6 d2b8f6984119850d 0000000000000000 bfed6f35bb060125 10 0 8
7 d2b8f6984119850d 46bba7f17af644b3 bff921fb54442d18 10 0 8
9 52b8f6984119850d 0000000000000000 406a0c727282a188 10 0 8
b 00000000fe6fcde3 0000000000000000 c7cdf9bc60000000 0 0 0
c d2b8f6984119850d 0000000000000000 00000000ff800000 14 0 0
0 fda66f4a39a9dacd 5cff0d1516e384db fda66f4a39a9dacd 10 0 0
1 fda66f4a39a9dacd 5cff0d1516e384db fda66f4a39a9dacd 10 0 0
2 fda66f4a39a9dacd 5cff0d1516e384db fff0000000000000 14 0 0
3 fda66f4a39a9dacd 5cff0d1516e384db e0971ecce0b43051 10 0 0
4 fda66f4a39a9dacd 5cff0d1516e384db 7ff8000000000000 1 0 0
d fda66f4a39a9dacd 5cff0d1516e384db 0000000000000000 0 1 0
5 fda66f4a39a9dacd 0000000000000000 bf97f78ba9e56308 10 0 8
6 fda66f4a39a9dacd 0000000000000000 bfeffdc18163bab0 10 0 8
7 fda66f4a39a9dacd 5cff0d1516e384db bff921fb54442d18 10 0 8
9 7da66f4a39a9dacd 0000000000000000 408563cb57c9262e 10 0 8
b 00000000a9622b07 0000000000000000 bd2c4560e0000000 0 0 0
c fda66f4a39a9dacd 0000000000000000 00000000ff800000 14 0 0
0 6c551dc6325afc30 d645911ee8aa068d 6c551dc6325afc30 10 0 0
1 6c551dc6325afc30 d645911ee8aa068d 6c551dc6325afc30 10 0 0
2 6c551dc6325afc30 d645911ee8aa068d fff0000000000000 14 0 0
3 6c551dc6325afc30 d645911ee8aa068d d5ff54da932cfab6 10 0 0
4 6c551dc6325afc30 d645911ee8aa068d 56226188baa51b07 10 0 0
d 6c551dc6325afc30 d645911ee8aa068d 0000000000000000 0 0 0
5 6c551dc6325afc30 0000000000000000 3fe888e85b6ed945 10 0 8
6 6c551dc6325afc30 0000000000000000 bfe48b303e42fcb3 10 0 8
7 6c551dc6325afc30 d645911ee8aa068d 3ff921fb54442d18 10 0 8
9 6c551dc6325afc30 0000000000000000 407ec6975e1d7430 10 0 8
b 00000000a705a4b0 0000000000000000 bce0b49600000000 0 0 0
c 6c551dc6325afc30 0000000000000000 000000007f800000 14 0 0
0 61e602599403236f fdb9d05831e4c3a1 fdb9d05831e4c3a1 10 0 0
1 61e602599403236f fdb9d05831e4c3a1 7db9d05831e4c3a1 10 0 0
2 61e602599403236f fdb9d05831e4c3a1 fff0000000000000 14 0 0
3 61e602599403236f fdb9d05831e4c3a1 a41b4897b7e6d82a 10 0 0
4 61e602599403236f fdb9d05831e4c3a1 50ea89dd4e37ee64 10 0 0
d 61e602599403236f fdb9d05831e4c3a1 0000000000000000 0 0 0
5 61e602599403236f 0000000000000000 bfce340f52c94a2e 10 0 8
6 61e602599403236f 0000000000000000 bfef18ac5429bb41 10 0 8
7 61e602599403236f fdb9d05831e4c3a1 400921fb54442d18 10 0 8
9 61e602599403236f 0000000000000000 40778b2a25c67673 10 0 8
b 000000009b865a49 0000000000000000 bb70cb4920000000 0 0 0
c 61e602599403236f 0000000000000000 000000007f800000 14 0 0
0 492517ee90cce242 9c1024008a9d6148 492517ee90cce242 10 0 0
1 492517ee90cce242 9c1024008a9d6148 492517ee90cce242 10 0 0
2 492517ee90cce242 9c1024008a9d6148 a5454765205093f5 10 0 0
3 492517ee90cce242 9c1024008a9d6148 ed04e8e1df6fde1d 10 0 0
4 492517ee90cce242 9c1024008a9d6148 4489fb087d324fac 10 0 0
d 492517ee90cce242 9c1024008a9d6148 0000000000000000 0 0 0
5 492517ee90cce242 0000000000000000 bfe37166ca2465c4 10 0 8
6 492517ee90cce242 0000000000000000 3fe96a7bfbce533b 10 0 8
7 492517ee90cce242 9c1024008a9d6148 3ff921fb54442d18 10 0 8
9 492517ee90cce242 0000000000000000 40598ad1137f8b7b 10 0 8
b 00000000f03a3052 0000000000000000 c607460a40000000 0 0 0
c 492517ee90cce242 0000000000000000 000000007f800000 14 0 0
0 7035420ad6f9a830 9c04e02f002105cf 7035420ad6f9a830 10 0 0
1 7035420ad6f9a830 9c04e02f002105cf 7035420ad6f9a830 10 0 0
2 7035420ad6f9a830 9c04e02f002105cf cc4bbc6896a570da 10 0 0
3 7035420ad6f9a830 9c04e02f002105cf fff0000000000000 14 0 0
4 7035420ad6f9a830 9c04e02f002105cf 5812714af315c613 10 0 0
d 7035420ad6f9a830 9c04e02f002105cf 0000000000000000 0 0 0
5 7035420ad6f9a830 0000000000000000 bfecb43b93666ba1 10 0 8
6 7035420ad6f9a830 0000000000000000 bfdc4a31698ecb5c 10 0 8
7 7035420ad6f9a830 9c04e02f002105cf 3ff921fb54442d18 10 0 8
9 7035420ad6f9a830 0000000000000000 4080bb266f461dd1 10 0 8
b 00000000338645e3 0000000000000000 3e70c8bc60000000 0 0 0
c 7035420ad6f9a830 0000000000000000 000000007f800000 14 0 0
0 9c7157be665f535d 0aa21da76bcdfcac 9c7157be665f535d 10 0 0
1 9c7157be665f535d 0aa21da76bcdfcac 9c7157be665f535d 10 0 0
2 9c7157be665f535d 0aa21da76bcdfcac 8000000000000000 18 0 0
3 9c7157be665f535d 0aa21da76bcdfcac d1bea268c83dd124 10 0 0
4 9c7157be665f535d 0aa21da76bcdfcac 7ff8000000000000 1 0 0
d 9c7157be665f535d 0aa21da76bcdfcac 0000000000000000 0 1 0
5 9c7157be665f535d 0000000000000000 9c7157be665f535d 10 0 8
6 9c7157be665f535d 0000000000000000 3ff0000000000000 10 0 8
7 9c7157be665f535d 0aa21da76bcdfcac bff921fb54442d18 10 0 8
9 1c7157be665f535d 0000000000000000 c0789a083e8ee08d 10 0 8
b 000000005f5ac680 0000000000000000 43eb58d000000000 0 0 0
c 9c7157be665f535d 0000000000000000 0000000080000000 18 0 0
0 f6d26de5d6bc9a12 fa21e54d178ce729 fa21e54d178ce72a 10 0 0
1 f6d26de5d6bc9a12 fa21e54d178ce729 7a21e54d178ce728 10 0 0
2 f6d26de5d6bc9a12 fa21e54d178ce729 7ff0000000000000 14 0 0
3 f6d26de5d6bc9a12 fa21e54d178ce729 3ca07a207a454f56 10 0 0
4 f6d26de5d6bc9a12 fa21e54d178ce729 7ff8000000000000 1 0 0
d f6d26de5d6bc9a12 fa21e54d178ce729 0000000000000000 0 0 0
5 f6d26de5d6bc9a12 0000000000000000 bfd0558d63fdb3c8 10 0 8
6 f6d26de5d6bc9a12 0000000000000000 bfeef0b3b1bc01ae 10 0 8
7 f6d26de5d6bc9a12 fa21e54d178ce729 c00921fb54442d18 10 0 8
9 76d26de5d6bc9a12 0000000000000000 408305cbef01f2e7 10 0 8
b 00000000e659d13d 0000000000000000 c4cb3a27a0000000 0 0 0
c f6d26de5d6bc9a12 0000000000000000 00000000ff800000 14 0 0
0 53bdff4266ece468 b652b258e32188d4 53bdff4266ece468 10 0 0
1 53bdff4266ece468 b652b258e32188d4 53bdff4266ece468 10 0 0
2 53bdff4266ece468 b652b258e32188d4 ca2186c48e228fc7 10 0 0
3 53bdff4266ece468 b652b258e32188d4 dd59aba8f43d8c39 10 0 0
4 53bdff4266ece468 b652b258e32188d4 49d5e868968d696e 10 0 0
d 53bdff4266ece468 b652b258e32188d4 0000000000000000 0 0 0
5 53bdff4266ece468 0000000000000000 3fe3372f1250adc7 10 0 8
6 53bdff4266ece468 0000000000000000 bfe9969c36368420 10 0 8
7 53bdff4266ece468 b652b258e32188d4 3ff921fb54442d18 10 0 8
9 53bdff4266ece468 0000000000000000 406b75377865c5ac 10 0 8
b 00000000955758e9 0000000000000000 baaaeb1d20000000 0 0 0
c 53bdff4266ece468 0000000000000000 000000007f800000 14 0 0
0 b702be4cf9a28b09 b0bc12686cd06910 b702be4cf9a28b09 10 0 0
1 b702be4cf9a28b09 b0bc12686cd06910 b702be4cf9a28b09 10 0 0
2 b702be4cf9a28b09 b0bc12686cd06910 27d0714b8ff126af 10 0 0
3 b702be4cf9a28b09 b0bc12686cd06910 46355db9bfdf5f77 10 0 0
4 b702be4cf9a28b09 b0bc12686cd06910 7ff8000000000000 1 0 0
d b702be4cf9a28b09 b0bc12686cd06910 0000000000000000 0 1 0
5 b702be4cf9a28b09 0000000000000000 b702be4cf9a28b09 10 0 8
6 b702be4cf9a28b09 0000000000000000 3ff0000000000000 10 0 8
7 b702be4cf9a28b09 b0bc12686cd06910 bff921fb54442d18 10 0 8
9 3702be4cf9a28b09 0000000000000000 c058bd8e104afb60 10 0 8
b 000000005fb964c9 0000000000000000 43f72c9920000000 0 0 0
c b702be4cf9a28b09 0000000000000000 000000008000004b 18 0 0
0 172fd67951f091a9 3b77992bc2013d42 3b77992bc2013d42 10 0 0
1 172fd67951f091a9 3b77992bc2013d42 bb77992bc2013d42 10 0 0
2 172fd67951f091a9 3b77992bc2013d42 12b77a8c302d302c 10 0 0
3 172fd67951f091a9 3b77992bc2013d42 1ba59623322f4daf 10 0 0
4 172fd67951f091a9 3b77992bc2013d42 2b8feb35e82b3d63 10 0 0
d 172fd67951f091a9 3b77992bc2013d42 0000000000000000 0 1 0
5 172fd67951f091a9 0000000000000000 172fd67951f091a9 10 0 8
6 172fd67951f091a9 0000000000000000 3ff0000000000000 10 0 8
7 172fd67951f091a9 3b77992bc2013d42 1ba59623322f4daf 10 0 8
9 172fd67951f091a9 0000000000000000 c07c3efe218e35c6 10 0 8
b 000000005088fd56 0000000000000000 42111faac0000000 0 0 0
c 172fd67951f091a9 0000000000000000 0000000000000000 18 0 0
0 ab614227e7999515 7250ae8897b23448 7250ae8897b23448 10 0 0
1 ab614227e7999515 7250ae8897b23448 f250ae8897b23448 10 0 0
2 ab614227e7999515 7250ae8897b23448 ddc1fe6aaf83fcde 10 0 0
3 ab614227e7999515 7250ae8897b23448 8000000000000000 18 0 0
4 ab614227e7999515 7250ae8897b23448 7ff8000000000000 1 0 0
d ab614227e7999515 7250ae8897b23448 0000000000000000 0 1 0
5 ab614227e7999515 0000000000000000 ab614227e7999515 10 0 8
6 ab614227e7999515 0000000000000000 3ff0000000000000 10 0 8
7 ab614227e7999515 7250ae8897b23448 8000000000000000 18 0 8
9 2b614227e7999515 0000000000000000 c06c7f07df2a098c 10 0 8
b 00000000f650c675 0000000000000000 c6ca18cea0000000 0 0 0
c ab614227e7999515 0000000000000000 0000000080000000 18 0 0
0 3d5c367ac9f65dd3 4bcba255cfa2af35 4bcba255cfa2af35 10 0 0
1 3d5c367ac9f65dd3 4bcba255cfa2af35 cbcba255cfa2af35 10 0 0
2 3d5c367ac9f65dd3 4bcba255cfa2af35 49385d170fcc4f6c 10 0 0
3 3d5c367ac9f65dd3 4bcba255cfa2af35 318055c658e8ad25 10 0 0
4 3d5c367ac9f65dd3 4bcba255cfa2af35 3ea53f0d1368b2ee 10 0 0
d 3d5c367ac9f65dd3 4bcba255cfa2af35 0000000000000000 0 1 0
5 3d5c367ac9f65dd3 0000000000000000 3d5c367ac9f65dd3 10 0 8
6 3d5c367ac9f65dd3 0000000000000000 3ff0000000000000 10 0 8
7 3d5c367ac9f65dd3 4bcba255cfa2af35 318055c658e8ad25 10 0 8
9 3d5c367ac9f65dd3 0000000000000000 c03c8b84bc57ddca 10 0 8
b 00000000d2cc00f7 0000000000000000 c259801ee0000000 0 0 0
c 3d5c367ac9f65dd3 0000000000000000 000000002ae1b3d6 10 0 0
0 088bfa5e8fc0367e a8f9edd93d126878 a8f9edd93d126878 10 0 0
1 088bfa5e8fc0367e a8f9edd93d126878 28f9edd93d126878 10 0 0
2 088bfa5e8fc0367e a8f9edd93d126878 8000000000000000 18 0 0
3 088bfa5e8fc0367e a8f9edd93d126878 9f8143aa28bf5fb6 10 0 0
4 088bfa5e8fc0367e a8f9edd93d126878 243debe76f738eb4 10 0 0
d 088bfa5e8fc0367e a8f9edd93d126878 0000000000000000 0 0 0
5 088bfa5e8fc0367e 0000000000000000 088bfa5e8fc0367e 10 0 8
6 088bfa5e8fc0367e 0000000000000000 3ff0000000000000 10 0 8
7 088bfa5e8fc0367e a8f9edd93d126878 400921fb54442d18 10 0 8
9 088bfa5e8fc0367e 0000000000000000 c083321a0c85ff91 10 0 8
b 0000000073b75eb6 0000000000000000 4676ebd6c0000000 0 0 0
c 088bfa5e8fc0367e 0000000000000000 0000000000000000 18 0 0
0 945b8246667539af e95798ef5304cc8a e95798ef5304cc8a 10 0 0
1 945b8246667539af e95798ef5304cc8a 695798ef5304cc8a 10 0 0
2 945b8246667539af e95798ef5304cc8a 3dc4491b2466c23b 10 0 0
3 945b8246667539af e95798ef5304cc8a 0000000000000000 18 0 0
4 945b8246667539af e95798ef5304cc8a 7ff8000000000000 1 0 0
d 945b8246667539af e95798ef5304cc8a 0000000000000000 0 0 0
5 945b8246667539af 0000000000000000 945b8246667539af 10 0 8
6 945b8246667539af 0000000000000000 3ff0000000000000 10 0 8
7 945b8246667539af e95798ef5304cc8a c00921fb54442d18 10 0 8
9 145b8246667539af 0000000000000000 c07e3465a0e5cc1d 10 0 8
b 000000009828d1c0 0000000000000000 bb051a3800000000 0 0 0
c 945b8246667539af 0000000000000000 0000000080000000 18 0 0
0 c00289c8b643ebf5 ac98e30bafc2b597 c00289c8b643ebf5 10 0 0
1 c00289c8b643ebf5 ac98e30bafc2b597 c00289c8b643ebf5 10 0 0
2 c00289c8b643ebf5 ac98e30bafc2b597 2cacd5bd6b5e5f33 10 0 0
3 c00289c8b643ebf5 ac98e30bafc2b597 5357d635eed39a93 10 0 0
4 c00289c8b643ebf5 ac98e30bafc2b597 7ff8000000000000 1 0 0
d c00289c8b643ebf5 ac98e30bafc2b597 0000000000000000 0 1 0
5 c00289c8b643ebf5 0000000000000000 bfe77d9ba0e355e5 10 0 8
6 c00289c8b643ebf5 0000000000000000 bfe5badb86260db2 10 0 8
7 c00289c8b643ebf5 ac98e30bafc2b597 bff921fb54442d18 10 0 8
9 400289c8b643ebf5 0000000000000000 3feae47fbe793d5e 10 0 8
b 00000000d7750ccf 0000000000000000 c2eea199e0000000 0 0 0
c c00289c8b643ebf5 0000000000000000 00000000c0144e46 10 0 0
0 ab76209983c3d24b c8d31f4ecc6bd0b3 c8d31f4ecc6bd0b3 10 0 0
1 ab76209983c3d24b c8d31f4ecc6bd0b3 48d31f4ecc6bd0b3 10 0 0
2 ab76209983c3d24b c8d31f4ecc6bd0b3 345a72026f88f76d 10 0 0
3 ab76209983c3d24b c8d31f4ecc6bd0b3 229283ae7bf703dc 10 0 0
4 ab76209983c3d24b c8d31f4ecc6bd0b3 7ff8000000000000 1 0 0
d ab76209983c3d24b c8d31f4ecc6bd0b3 0000000000000000 0 0 0
5 ab76209983c3d24b 0000000000000000 ab76209983c3d24b 10 0 8
6 ab76209983c3d24b 0000000000000000 3ff0000000000000 10 0 8
7 ab76209983c3d24b c8d31f4ecc6bd0b3 c00921fb54442d18 10 0 8
9 2b76209983c3d24b 0000000000000000 c06c60e5c8e08a35 10 0 8
b 0000000079c09a2d 0000000000000000 47381345a0000000 0 0 0
c ab76209983c3d24b 0000000000000000 0000000080000000 18 0 0
0 3a24e28f68df6715 038d246b4702ea8b 3a24e28f68df6715 10 0 0
1 3a24e28f68df6715 038d246b4702ea8b 3a24e28f68df6715 10 0 0
2 3a24e28f68df6715 038d246b4702ea8b 0000000000009829 18 0 0
3 3a24e28f68df6715 038d246b4702ea8b 7686eeda488d145a 10 0 0
4 3a24e28f68df6715 038d246b4702ea8b 3d09da153821a08c 10 0 0
d 3a24e28f68df6715 038d246b4702ea8b 0000000000000000 0 0 0
5 3a24e28f68df6715 0000000000000000 3a24e28f68df6715 10 0 8
6 3a24e28f68df6715 0000000000000000 3ff0000000000000 10 0 8
7 3a24e28f68df6715 038d246b4702ea8b 3ff921fb54442d18 10 0 8
9 3a24e28f68df6715 0000000000000000 c0500c8f485cfd36 10 0 8
b 00000000502373e2 0000000000000000 42046e7c40000000 0 0 0
c 3a24e28f68df6715 0000000000000000 000000001127147b 10 0 0
0 f5bab56dc1ffd826 659bae3b1bc404b5 f5bab56dc1ffd826 10 0 0
1 f5bab56dc1ffd826 659bae3b1bc404b5 f5bab56dc1ffd826 10 0 0
2 f5bab56dc1ffd826 659bae3b1bc404b5 fff0000000000000 14 0 0
3 f5bab56dc1ffd826 659bae3b1bc404b5 d00ee05fa2f54e98 10 0 0
4 f5bab56dc1ffd826 659bae3b1bc404b5 7ff8000000000000 1 0 0
d f5bab56dc1ffd826 659bae3b1bc404b5 0000000000000000 0 1 0
5 f5bab56dc1ffd826 0000000000000000 3fcfed55225a0076 10 0 8
6 f5bab56dc1ffd826 0000000000000000 bfeefd12cad011d3 10 0 8
7 f5bab56dc1ffd826 659bae3b1bc404b5 bff921fb54442d18 10 0 8
9 75bab56dc1ffd826 0000000000000000 4082a4f3a9c32afc 10 0 8
b 00000000f10fca9c 0000000000000000 c621f95380000000 0 0 0
c f5bab56dc1ffd826 0000000000000000 00000000ff800000 14 0 0
0 03d598f2a9bb9277 a556ee2d6afd3ee4 a556ee2d6afd3ee4 10 0 0
1 03d598f2a9bb9277 a556ee2d6afd3ee4 2556ee2d6afd3ee4 10 0 0
2 03d598f2a9bb9277 a556ee2d6afd3ee4 8000000000000000 18 0 0
3 03d598f2a9bb9277 a556ee2d6afd3ee4 9e6e23cdf2b98c81 10 0 0
4 03d598f2a9bb9277 a556ee2d6afd3ee4 21e296d7600df40e 10 0 0
d 03d598f2a9bb9277 a556ee2d6afd3ee4 0000000000000000 0 0 0
5 03d598f2a9bb9277 0000000000000000 03d598f2a9bb9277 10 0 8
6 03d598f2a9bb9277 0000000000000000 3ff0000000000000 10 0 8
7 03d598f2a9bb9277 a556ee2d6afd3ee4 400921fb54442d18 10 0 8
9 03d598f2a9bb9277 0000000000000000 c084d40f91228c15 10 0 8
b 00000000691ad6f4 0000000000000000 45235ade80000000 0 0 0
c 03d598f2a9bb9277 0000000000000000 0000000000000000 18 0 0
0 4b4dadd62015470d 9660cd97759f25be 4b4dadd62015470d 10 0 0
1 4b4dadd62015470d 9660cd97759f25be 4b4dadd62015470d 10 0 0
2 4b4dadd62015470d 9660cd97759f25be a1bf2b325a5389c1 10 0 0
3 4b4dadd62015470d 9660cd97759f25be f4dc42b3f8ec950c 10 0 0
4 4b4dadd62015470d 9660cd97759f25be 459ed153a3922574 10 0 0
d 4b4dadd62015470d 9660cd97759f25be 0000000000000000 0 0 0
5 4b4dadd62015470d 0000000000000000 3fe8fe5edf0b3d28 10 0 8
6 4b4dadd62015470d 0000000000000000 3fe3fba277d7b483 10 0 8
7 4b4dadd62015470d 9660cd97759f25be 3ff921fb54442d18 10 0 8
9 4b4dadd62015470d 0000000000000000 405f84f5a258ba20 10 0 8
b 00000000b43d086a 0000000000000000 be87a10d40000000 0 0 0
c 4b4dadd62015470d 0000000000000000 000000007f800000 14 0 0
0 b3381cb2a56e9845 baa66db6950251fe baa66db6950251fe 10 0 0
1 b3381cb2a56e9845 baa66db6950251fe 3aa66db6950251fe 10 0 0
2 b3381cb2a56e9845 baa66db6950251fe 2df0e66625bef5b1 10 0 0
3 b3381cb2a56e9845 baa66db6950251fe 388133743d247f55 10 0 0
4 b3381cb2a56e9845 baa66db6950251fe 7ff8000000000000 1 0 0
d b3381cb2a56e9845 baa66db6950251fe 0000000000000000 0 0 0
5 b3381cb2a56e9845 0000000000000000 b3381cb2a56e9845 10 0 8
6 b3381cb2a56e9845 0000000000000000 3ff0000000000000 10 0 8
7 b3381cb2a56e9845 baa66db6950251fe c00921fb54442d18 10 0 8
9 33381cb2a56e9845 0000000000000000 c0619fbda48013d5 10 0 8
b 0000000038823260 0000000000000000 3f10464c00000000 0 0 0
c b3381cb2a56e9845 0000000000000000 0000000080000000 18 0 0
0 a70fade704dff37e acb98ae621458694 acb98ae621458694 10 0 0
1 a70fade704dff37e acb98ae621458694 2cb98ae621458694 10 0 0
2 a70fade704dff37e acb98ae621458694 13d9495e42f09980 10 0 0
3 a70fade704dff37e acb98ae621458694 3a43d815ad1440d7 10 0 0
4 a70fade704dff37e acb98ae621458694 7ff8000000000000 1 0 0
d a70fade704dff37e acb98ae621458694 0000000000000000 0 0 0
5 a70fade704dff37e 0000000000000000 a70fade704dff37e 10 0 8
6 a70fade704dff37e 0000000000000000 3ff0000000000000 10 0 8
7 a70fade704dff37e acb98ae621458694 c00921fb54442d18 10 0 8
9 270fade704dff37e 0000000000000000 c0713e1f55b4d82a 10 0 8
b 00000000a37e85bf 0000000000000000 bc6fd0b7e0000000 0 0 0
c a70fade704dff37e 0000000000000000 0000000080000000 18 0 0
0 0ae2d73b50b67819 6917efa3089b7f92 6917efa3089b7f92 10 0 0
1 0ae2d73b50b67819 6917efa3089b7f92 e917efa3089b7f92 10 0 0
2 0ae2d73b50b67819 6917efa3089b7f92 340c2f9444daf178 10 0 0
3 0ae2d73b50b67819 6917efa3089b7f92 0000000000000000 18 0 0
4 0ae2d73b50b67819 6917efa3089b7f92 25688dd9adc1a8d0 10 0 0
d 0ae2d73b50b67819 6917efa3089b7f92 0000000000000000 0 1 0
5 0ae2d73b50b67819 0000000000000000 0ae2d73b50b67819 10 0 8
6 0ae2d73b50b67819 0000000000000000 3ff0000000000000 10 0 8
7 0ae2d73b50b67819 6917efa3089b7f92 0000000000000000 18 0 8
9 0ae2d73b50b67819 0000000000000000 c082628c55c9b5c8 10 0 8
b 000000008a4888e6 0000000000000000 b949111cc0000000 0 0 0
c 0ae2d73b50b67819 0000000000000000 0000000000000000 18 0 0
0 f1d4acccedeec3aa 86e8b5879b5ba8cb f1d4acccedeec3aa 10 0 0
1 f1d4acccedeec3aa 86e8b5879b5ba8cb f1d4acccedeec3aa 10 0 0
2 f1d4acccedeec3aa 86e8b5879b5ba8cb 38cfedc56deb4c3e 10 0 0
3 f1d4acccedeec3aa 86e8b5879b5ba8cb 7ff0000000000000 14 0 0
4 f1d4acccedeec3aa 86e8b5879b5ba8cb 7ff8000000000000 1 0 0
d f1d4acccedeec3aa 86e8b5879b5ba8cb 0000000000000000 0 1 0
5 f1d4acccedeec3aa 0000000000000000 3fc6cfdd185f0f94 10 0 8
6 f1d4acccedeec3aa 0000000000000000 3fef7cda90cbafa1 10 0 8
7 f1d4acccedeec3aa 86e8b5879b5ba8cb bff921fb54442d18 10 0 8
9 71d4acccedeec3aa 0000000000000000 40814b1a2fe9f5d4 10 0 8
b 00000000261542aa 0000000000000000 3cc2a85540000000 0 0 0
c f1d4acccedeec3aa 0000000000000000 00000000ff800000 14 0 0
0 4648f4ca42e28ce2 7ca66efd9e4b5e61 7ca66efd9e4b5e61 10 0 0
1 4648f4ca42e28ce2 7ca66efd9e4b5e61 fca66efd9e4b5e61 10 0 0
2 4648f4ca42e28ce2 7ca66efd9e4b5e61 7ff0000000000000 14 0 0
3 4648f4ca42e28ce2 7ca66efd9e4b5e61 0991cc9862e388c5 10 0 0
4 4648f4ca42e28ce2 7ca66efd9e4b5e61 431c426deb6c7d04 10 0 0
d 4648f4ca42e28ce2 7ca66efd9e4b5e61 0000000000000000 0 1 0
5 4648f4ca42e28ce2 0000000000000000 3fe37a6bdb8397c7 10 0 8
6 4648f4ca42e28ce2 0000000000000000 bfe96393071df81a 10 0 8
7 4648f4ca42e28ce2 7ca66efd9e4b5e61 0991cc9862e388c5 10 0 8
9 4648f4ca42e28ce2 0000000000000000 40519cf41c001156 10 0 8
b 00000000456790e2 0000000000000000 40acf21c40000000 0 0 0
c 4648f4ca42e28ce2 0000000000000000 000000007247a652 10 0 0
0 580ae0bf87bd5491 88c322c67fe905eb 580ae0bf87bd5491 10 0 0
1 580ae0bf87bd5491 88c322c67fe905eb 580ae0bf87bd5491 10 0 0
2 580ae0bf87bd5491 88c322c67fe905eb a0e012a73e296cd1 10 0 0
3 580ae0bf87bd5491 88c322c67fe905eb fff0000000000000 14 0 0
4 580ae0bf87bd5491 88c322c67fe905eb 4bfd53cd479020c2 10 0 0
d 580ae0bf87bd5491 88c322c67fe905eb 0000000000000000 0 0 0
5 580ae0bf87bd5491 0000000000000000 bfee47abbb4d22e8 10 0 8
6 580ae0bf87bd5491 0000000000000000 bfd4b33b3decc292 10 0 8
7 580ae0bf87bd5491 88c322c67fe905eb 3ff921fb54442d18 10 0 8
9 580ae0bf87bd5491 0000000000000000 4070b6160a683b19 10 0 8
b 00000000b5dd0261 0000000000000000 bebba04c20000000 0 0 0
c 580ae0bf87bd5491 0000000000000000 000000007f800000 14 0 0
0 a7b43d8920a4bceb 50096997da4d564a 50096997da4d564a 10 0 0
1 a7b43d8920a4bceb 50096997da4d564a d0096997da4d564a 10 0 0
2 a7b43d8920a4bceb 50096997da4d564a b7d012dd17e70301 10 0 0
3 a7b43d8920a4bceb 50096997da4d564a 97997cb6fd3c4da4 10 0 0
4 a7b43d8920a4bceb 50096997da4d564a 7ff8000000000000 1 0 0
d a7b43d8920a4bceb 50096997da4d564a 0000000000000000 0 1 0
5 a7b43d8920a4bceb 0000000000000000 a7b43d8920a4bceb 10 0 8
6 a7b43d8920a4bceb 0000000000000000 3ff0000000000000 10 0 8
7 a7b43d8920a4bceb 50096997da4d564a 97997cb6fd3c4da4 10 0 8
9 27b43d8920a4bceb 0000000000000000 c070cb4bd6e1c8ca 10 0 8
b 000000006001ef08 0000000000000000 44003de100000000 0 0 0
c a7b43d8920a4bceb 0000000000000000 0000000080000000 18 0 0
0 e1f8fef83ad7bc8b 6591ff2814ee9052 6591ff2814ee9052 10 0 0
1 e1f8fef83ad7bc8b 6591ff2814ee9052 e591ff2814ee9052 10 0 0
2 e1f8fef83ad7bc8b 6591ff2814ee9052 fff0000000000000 14 0 0
3 e1f8fef83ad7bc8b 6591ff2814ee9052 bc563903aa3087fc 10 0 0
4 e1f8fef83ad7bc8b 6591ff2814ee9052 7ff8000000000000 1 0 0
d e1f8fef83ad7bc8b 6591ff2814ee9052 0000000000000000 0 1 0
5 e1f8fef83ad7bc8b 0000000000000000 bfc1a91b9839780c 10 0 8
6 e1f8fef83ad7bc8b 0000000000000000 3fefb1a6be0852bb 10 0 8
7 e1f8fef83ad7bc8b 6591ff2814ee9052 bc563903aa3087fc 10 0 8
9 61f8fef83ad7bc8b 0000000000000000 4077984a84082fc9 10 0 8
b 000000001a72d720 0000000000000000 3b4e5ae400000000 0 0 0
c e1f8fef83ad7bc8b 0000000000000000 00000000ff800000 14 0 0
0 52481a0b7023036f 19938248528c6205 52481a0b7023036f 10 0 0
1 52481a0b7023036f 19938248528c6205 52481a0b7023036f 10 0 0
2 52481a0b7023036f 19938248528c6205 2bed632e23a51b57 10 0 0
3 52481a0b7023036f 19938248528c6205 78a3c4497ad014fc 10 0 0
4 52481a0b7023036f 19938248528c6205 491bc58048abd653 10 0 0
d 52481a0b7023036f 19938248528c6205 0000000000000000 0 0 0
5 52481a0b7023036f 0000000000000000 bfef1c652899aafa 10 0 8
6 52481a0b7023036f 0000000000000000 3fcdf67cdc51d90a 10 0 8
7 52481a0b7023036f 19938248528c6205 3ff921fb54442d18 10 0 8
9 52481a0b7023036f 0000000000000000 4069700ee6eb8e85 10 0 8
b 0000000007590103 0000000000000000 38eb202060000000 0 0 0
c 52481a0b7023036f 0000000000000000 000000007f800000 14 0 0
0 c857255fb366b701 d5521d824aa0c893 d5521d824aa0c893 10 0 0
1 c857255fb366b701 d5521d824aa0c893 55521d824aa0c893 10 0 0
2 c857255fb366b701 d5521d824aa0c893 5dba34bbe2e7bc32 10 0 0
3 c857255fb366b701 d5521d824aa0c893 32f4717c0828c560 10 0 0
4 c857255fb366b701 d5521d824aa0c893 7ff8000000000000 1 0 0
d c857255fb366b701 d5521d824aa0c893 0000000000000000 0 0 0
5 c857255fb366b701 0000000000000000 3fc7dfeb8f528e58 10 0 8
6 c857255fb366b701 0000000000000000 3fef703d06633c6c 10 0 8
7 c857255fb366b701 d5521d824aa0c893 c00921fb54442d18 10 0 8
9 4857255fb366b701 0000000000000000 4057500fa5ebff54 10 0 8
b 0000000025e2a80a 0000000000000000 3cbc550140000000 0 0 0
c c857255fb366b701 0000000000000000 00000000ff800000 14 0 0
0 6c99df1bb8280066 bcb712f483de0d80 6c99df1bb8280066 10 0 0
1 6c99df1bb8280066 bcb712f483de0d80 6c99df1bb8280066 10 0 0
2 6c99df1bb8280066 bcb712f483de0d80 e962a7af1bc4932f 10 0 0
3 6c99df1bb8280066 bcb712f483de0d80 efd1f0984583595a 10 0 0
4 6c99df1bb8280066 bcb712f483de0d80 5644587a93439eff 10 0 0
d 6c99df1bb8280066 bcb712f483de0d80 0000000000000000 0 0 0
5 6c99df1bb8280066 0000000000000000 3feff807438bb2c5 10 0 8
6 6c99df1bb8280066 0000000000000000 3fa694ee1c90264d 10 0 8
7 6c99df1bb8280066 bcb712f483de0d80 3ff921fb54442d18 10 0 8
9 6c99df1bb8280066 0000000000000000 407ef633c6dc5ea8 10 0 8
b 000000000fabba57 0000000000000000 39f5774ae0000000 0 0 0
c 6c99df1bb8280066 0000000000000000 000000007f800000 14 0 0
0 64cda2c7c2307b2d 67e20d67ef913640 67e20d67ef913647 10 0 0
1 64cda2c7c2307b2d 67e20d67ef913640 e7e20d67ef913639 10 0 0
2 64cda2c7c2307b2d 67e20d67ef913640 7ff0000000000000 14 0 0
3 64cda2c7c2307b2d 67e20d67ef913640 3cda443df1200e56 10 0 0
4 64cda2c7c2307b2d 67e20d67ef913640 525ecb95a090e375 10 0 0
d 64cda2c7c2307b2d 67e20d67ef913640 0000000000000000 0 1 0
5 64cda2c7c2307b2d 0000000000000000 bfe9b42b3846f3c5 10 0 8
6 64cda2c7c2307b2d 0000000000000000 3fe30f92f030a270 10 0 8
7 64cda2c7c2307b2d 67e20d67ef913640 3cda443df1200e56 10 0 8
9 64cda2c7c2307b2d 0000000000000000 40798e14d4ceb3de 10 0 8
b 00000000e2730f6c 0000000000000000 c44e61ed80000000 0 0 0
c 64cda2c7c2307b2d 0000000000000000 000000007f800000 14 0 0
0 f0471ac370f11acc 26bed0186b086686 f0471ac370f11acc 10 0 0
1 f0471ac370f11acc 26bed0186b086686 f0471ac370f11acc 10 0 0
2 f0471ac370f11acc 26bed0186b086686 d7163f56d19a4b3b 10 0 0
3 f0471ac370f11acc 26bed0186b086686 fff0000000000000 14 0 0
4 f0471ac370f11acc 26bed0186b086686 7ff8000000000000 1 0 0
d f0471ac370f11acc 26bed0186b086686 0000000000000000 0 1 0
5 f0471ac370f11acc 0000000000000000 bfeffdc8da7535a5 10 0 8
6 f0471ac370f11acc 0000000000000000 bf97d02fe489a710 10 0 8
7 f0471ac370f11acc 26bed0186b086686 bff921fb54442d18 10 0 8
9 70471ac370f11acc 0000000000000000 4080c15c97af0c2d 10 0 8
b 000000009cca382a 0000000000000000 bb99470540000000 0 0 0
c f0471ac370f11acc 0000000000000000 00000000ff800000 14 0 0
0 a22dac6de3a0f01d 49c6f74c72c8a7bb 49c6f74c72c8a7bb 10 0 0
1 a22dac6de3a0f01d 49c6f74c72c8a7bb c9c6f74c72c8a7bb 10 0 0
2 a22dac6de3a0f01d 49c6f74c72c8a7bb ac054bdd60a8fca3 10 0 0
3 a22dac6de3a0f01d 49c6f74c72c8a7bb 9854ac4b2666119a 10 0 0
4 a22dac6de3a0f01d 49c6f74c72c8a7bb 7ff8000000000000 1 0 0
d a22dac6de3a0f01d 49c6f74c72c8a7bb 0000000000000000 0 1 0
5 a22dac6de3a0f01d 0000000000000000 a22dac6de3a0f01d 10 0 8
6 a22dac6de3a0f01d 0000000000000000 3ff0000000000000 10 0 8
7 a22dac6de3a0f01d 49c6f74c72c8a7bb 9854ac4b2666119a 10 0 8
9 222dac6de3a0f01d 0000000000000000 c074a03773522087 10 0 8
b 00000000a1c16024 0000000000000000 bc382c0480000000 0 0 0
c a22dac6de3a0f01d 0000000000000000 0000000080000000 18 0 0
0 35717e064c87d89e 451c29d4c4fff127 451c29d4c4fff127 10 0 0
1 35717e064c87d89e 451c29d4c4fff127 c51c29d4c4fff127 10 0 0
2 35717e064c87d89e 451c29d4c4fff127 3a9eca469344ea8a 10 0 0
3 35717e064c87d89e 451c29d4c4fff127 3043e00caafd39d5 10 0 0
4 35717e064c87d89e 451c29d4c4fff127 3ab0bac13b62bbc3 10 0 0
d 35717e064c87d89e 451c29d4c4fff127 0000000000000000 0 1 0
5 35717e064c87d89e 0000000000000000 35717e064c87d89e 10 0 8
6 35717e064c87d89e 0000000000000000 3ff0000000000000 10 0 8
7 35717e064c87d89e 451c29d4c4fff127 3043e00caafd39d5 10 0 8
9 35717e064c87d89e 0000000000000000 c05d1702f3d9e223 10 0 8
b 0000000061ba850a 0000000000000000 443750a140000000 0 0 0
c 35717e064c87d89e 0000000000000000 0000000000000000 18 0 0
0 12606d67e65cd2a1 fd1158051423f2ad fd1158051423f2ad 10 0 0
1 12606d67e65cd2a1 fd1158051423f2ad 7d1158051423f2ad 10 0 0
2 12606d67e65cd2a1 fd1158051423f2ad cf81ce9d5713c0aa 10 0 0
3 12606d67e65cd2a1 fd1158051423f2ad 8000000000000000 18 0 0
4 12606d67e65cd2a1 fd1158051423f2ad 2926ed787767bacd 10 0 0
d 12606d67e65cd2a1 fd1158051423f2ad 0000000000000000 0 0 0
5 12606d67e65cd2a1 0000000000000000 12606d67e65cd2a1 10 0 8
6 12606d67e65cd2a1 0000000000000000 3ff0000000000000 10 0 8
7 12606d67e65cd2a1 fd1158051423f2ad 400921fb54442d18 10 0 8
9 12606d67e65cd2a1 0000000000000000 c07f94726baa5ae6 10 0 8
b 0000000024ba9556 0000000000000000 3c9752aac0000000 0 0 0
c 12606d67e65cd2a1 0000000000000000 0000000000000000 18 0 0
0 b41da59e1562dce9 9104a95681e30361 b41da59e1562dce9 10 0 0
1 b41da59e1562dce9 9104a95681e30361 b41da59e1562dce9 10 0 0
2 b41da59e1562dce9 9104a95681e30361 053324659dad8ceb 10 0 0
3 b41da59e1562dce9 9104a95681e30361 6306f54f1a5c8ee8 10 0 0
4 b41da59e1562dce9 9104a95681e30361 7ff8000000000000 1 0 0
d b41da59e1562dce9 9104a95681e30361 0000000000000000 0 1 0
5 b41da59e1562dce9 0000000000000000 b41da59e1562dce9 10 0 8
6 b41da59e1562dce9 0000000000000000 3ff0000000000000 10 0 8
7 b41da59e1562dce9 9104a95681e30361 bff921fb54442d18 10 0 8
9 341da59e1562dce9 0000000000000000 c060629924277231 10 0 8
b 00000000d0652766 0000000000000000 c20ca4ecc0000000 0 0 0
c b41da59e1562dce9 0000000000000000 0000000080000000 18 0 0
0 e5b27962f953e98d 08237c3c933d322e e5b27962f953e98d 10 0 0
1 e5b27962f953e98d 08237c3c933d322e e5b27962f953e98d 10 0 0
2 e5b27962f953e98d 08237c3c933d322e ade67f983854fcb1 10 0 0
3 e5b27962f953e98d 08237c3c933d322e fff0000000000000 14 0 0
4 e5b27962f953e98d 08237c3c933d322e 7ff8000000000000 1 0 0
d e5b27962f953e98d 08237c3c933d322e 0000000000000000 0 1 0
5 e5b27962f953e98d 0000000000000000 3fee0d59686ab1b1 10 0 8
6 e5b27962f953e98d 0000000000000000 bfd5fcf0a288f510 10 0 8
7 e5b27962f953e98d 08237c3c933d322e bff921fb54442d18 10 0 8
9 65b27962f953e98d 0000000000000000 407a2cdff9e71ed8 10 0 8
b 000000009a65fad2 0000000000000000 bb4cbf5a40000000 0 0 0
c e5b27962f953e98d 0000000000000000 00000000ff800000 14 0 0
0 82caa1ed081a3856 ad0b241ef8989b9a ad0b241ef8989b9a 10 0 0
1 82caa1ed081a3856 ad0b241ef8989b9a 2d0b241ef8989b9a 10 0 0
2 82caa1ed081a3856 ad0b241ef8989b9a 0000000000000000 18 0 0
3 82caa1ed081a3856 ad0b241ef8989b9a 15af667f354a8f82 10 0 0
4 82caa1ed081a3856 ad0b241ef8989b9a 7ff8000000000000 1 0 0
d 82caa1ed081a3856 ad0b241ef8989b9a 0000000000000000 0 0 0
5 82caa1ed081a3856 0000000000000000 82caa1ed081a3856 10 0 8
6 82caa1ed081a3856 0000000000000000 3ff0000000000000 10 0 8
7 82caa1ed081a3856 ad0b241ef8989b9a c00921fb54442d18 10 0 8
9 02caa1ed081a3856 0000000000000000 c08530a7013f95a7 10 0 8
b 00000000969e638f 0000000000000000 bad3cc71e0000000 0 0 0
c 82caa1ed081a3856 0000000000000000 0000000080000000 18 0 0
0 071a71f86d8ff82a c3d4dc8f50e7050d c3d4dc8f50e7050d 10 0 0
1 071a71f86d8ff82a c3d4dc8f50e7050d 43d4dc8f50e7050d 10 0 0
2 071a71f86d8ff82a c3d4dc8f50e7050d 8b013d8140953a78 10 0 0
3 071a71f86d8ff82a c3d4dc8f50e7050d 8334484d48258259 10 0 0
4 071a71f86d8ff82a c3d4dc8f50e7050d 238491e8bc02c6c2 10 0 0
d 071a71f86d8ff82a c3d4dc8f50e7050d 0000000000000000 0 0 0
5 071a71f86d8ff82a 0000000000000000 071a71f86d8ff82a 10 0 8
6 071a71f86d8ff82a 0000000000000000 3ff0000000000000 10 0 8
7 071a71f86d8ff82a c3d4dc8f50e7050d 400921fb54442d18 10 0 8
9 071a71f86d8ff82a 0000000000000000 c083b217724ce45f 10 0 8
b 00000000b89958ee 0000000000000000 bf132b1dc0000000 0 0 0
c 071a71f86d8ff82a 0000000000000000 0000000000000000 18 0 0
0 e31ef4ac8ce62749 49eb4a8e37e9c0b3 e31ef4ac8ce62749 10 0 0
1 e31ef4ac8ce62749 49eb4a8e37e9c0b3 e31ef4ac8ce62749 10 0 0
2 e31ef4ac8ce62749 49eb4a8e37e9c0b3 ed1a6690f9bc5f22 10 0 0
3 e31ef4ac8ce62749 49eb4a8e37e9c0b3 d92225fd5a682aef 10 0 0
4 e31ef4ac8ce62749 49eb4a8e37e9c0b3 7ff8000000000000 1 0 0
d e31ef4ac8ce62749 49eb4a8e37e9c0b3 0000000000000000 0 1 0
5 e31ef4ac8ce62749 0000000000000000 3fefa6df87addf65 10 0 8
6 e31ef4ac8ce62749 0000000000000000 3fc2d4794be98ff9 10 0 8
7 e31ef4ac8ce62749 49eb4a8e37e9c0b3 bff921fb54442d18 10 0 8
9 631ef4ac8ce62749 0000000000000000 40786356c6e4bc4b 10 0 8
b 00000000f00b4ecc 0000000000000000 c60169d980000000 0 0 0
c e31ef4ac8ce62749 0000000000000000 00000000ff800000 14 0 0
0 a382c68591117eac 6650980edf7d3666 6650980edf7d3666 10 0 0
1 a382c68591117eac 6650980edf7d3666 e650980edf7d3666 10 0 0
2 a382c68591117eac 6650980edf7d3666 c9e378f4f9ea582e 10 0 0
3 a382c68591117eac 6650980edf7d3666 8000000000000024 18 0 0
4 a382c68591117eac 6650980edf7d3666 7ff8000000000000 1 0 0
d a382c68591117eac 6650980edf7d3666 0000000000000000 0 1 0
5 a382c68591117eac 0000000000000000 a382c68591117eac 10 0 8
6 a382c68591117eac 0000000000000000 3ff0000000000000 10 0 8
7 a382c68591117eac 6650980edf7d3666 8000000000000024 18 0 8
9 2382c68591117eac 0000000000000000 c073b38d546eea04 10 0 8
b 000000004f889d7e 0000000000000000 41f113afc0000000 0 0 0
c a382c68591117eac 0000000000000000 0000000080000000 18 0 0
0 d8c91ecd9908abe5 02fdf63f3b734c62 d8c91ecd9908abe5 10 0 0
1 d8c91ecd9908abe5 02fdf63f3b734c62 d8c91ecd9908abe5 10 0 0
2 d8c91ecd9908abe5 02fdf63f3b734c62 9bd78538c2886175 10 0 0
3 d8c91ecd9908abe5 02fdf63f3b734c62 fff0000000000000 14 0 0
4 d8c91ecd9908abe5 02fdf63f3b734c62 7ff8000000000000 1 0 0
d d8c91ecd9908abe5 02fdf63f3b734c62 0000000000000000 0 1 0
5 d8c91ecd9908abe5 0000000000000000 bfe98e73e2e2eb05 10 0 8
6 d8c91ecd9908abe5 0000000000000000 bfe342073095fdf9 10 0 8
7 d8c91ecd9908abe5 02fdf63f3b734c62 bff921fb54442d18 10 0 8
9 58c91ecd9908abe5 0000000000000000 40713a169b5412cd 10 0 8
b 000000000d1b86bd 0000000000000000 39a370d7a0000000 0 0 0
c d8c91ecd9908abe5 0000000000000000 00000000ff800000 14 0 0
0 c44f133be32465cf 9c2bf221af9bc1d6 c44f133be32465cf 10 0 0
1 c44f133be32465cf 9c2bf221af9bc1d6 c44f133be32465cf 10 0 0
2 c44f133be32465cf 9c2bf221af9bc1d6 208b235cb2eaac4e 10 0 0
3 c44f133be32465cf 9c2bf221af9bc1d6 6811caa90101aa3a 10 0 0
4 c44f133be32465cf 9c2bf221af9bc1d6 7ff8000000000000 1 0 0
d c44f133be32465cf 9c2bf221af9bc1d6 0000000000000000 0 1 0
5 c44f133be32465cf 0000000000000000 3fea08b39a967e48 10 0 8
6 c44f133be32465cf 0000000000000000 3fe29b7786953af8 10 0 8
7 c44f133be32465cf 9c2bf221af9bc1d6 bff921fb54442d18 10 0 8
9 444f133be32465cf 0000000000000000 40483ed841c9eb91 10 0 8
b 00000000238c2ac6 0000000000000000 3c718558c0000000 0 0 0
c c44f133be32465cf 0000000000000000 00000000e27899df 10 0 0
0 7c438c2cb507532f b3310f5ec98a4053 7c438c2cb507532f 10 0 0
1 7c438c2cb507532f b3310f5ec98a4053 7c438c2cb507532f 10 0 0
2 7c438c2cb507532f b3310f5ec98a4053 ef84d7b6b8020005 10 0 0
3 7c438c2cb507532f b3310f5ec98a4053 fff0000000000000 14 0 0
4 7c438c2cb507532f b3310f5ec98a4053 5e1902abd471fb78 10 0 0
d 7c438c2cb507532f b3310f5ec98a4053 0000000000000000 0 0 0
5 7c438c2cb507532f 0000000000000000 3fdb36627dbcf60b 10 0 8
6 7c438c2cb507532f 0000000000000000 bfecf6989852ba3c 10 0 8
7 7c438c2cb507532f b3310f5ec98a4053 3ff921fb54442d18 10 0 8
9 7c438c2cb507532f 0000000000000000 4084e8b2c58ac6a0 10 0 8
b 00000000b18c72f3 0000000000000000 be318e5e60000000 0 0 0
c 7c438c2cb507532f 0000000000000000 000000007f800000 14 0 0
0 c593ae5abb4e78b6 ff48d1da4b0f8f03 ff48d1da4b0f8f03 10 0 0
1 c593ae5abb4e78b6 ff48d1da4b0f8f03 7f48d1da4b0f8f03 10 0 0
2 c593ae5abb4e78b6 ff48d1da4b0f8f03 7ff0000000000000 14 0 0
3 c593ae5abb4e78b6 ff48d1da4b0f8f03 06395feec3c04727 10 0 0
4 c593ae5abb4e78b6 ff48d1da4b0f8f03 7ff8000000000000 1 0 0
d c593ae5abb4e78b6 ff48d1da4b0f8f03 0000000000000000 0 0 0
5 c593ae5abb4e78b6 0000000000000000 bfef95d232b3907d 10 0 8
6 c593ae5abb4e78b6 0000000000000000 bfc48aafb2a19b1a 10 0 8
7 c593ae5abb4e78b6 ff48d1da4b0f8f03 c00921fb54442d18 10 0 8
9 4593ae5abb4e78b6 0000000000000000 404f4b8f70303b70 10 0 8
b 00000000e719fcf4 0000000000000000 c4e33f9e80000000 0 0 0
c c593ae5abb4e78b6 0000000000000000 00000000ec9d72d6 10 0 0
0 c86506577d559200 2dab44cae376ec33 c86506577d559200 10 0 0
1 c86506577d559200 2dab44cae376ec33 c86506577d559200 10 0 0
2 c86506577d559200 2dab44cae376ec33 b621ea8c9925ef66 10 0 0
3 c86506577d559200 2dab44cae376ec33 daa8ac35780466a6 10 0 0
4 c86506577d559200 2dab44cae376ec33 7ff8000000000000 1 0 0
d c86506577d559200 2dab44cae376ec33 0000000000000000 0 1 0
5 c86506577d559200 0000000000000000 3fee5ba6d5afb525 10 0 8
6 c86506577d559200 0000000000000000 bfd43cd8d4567de7 10 0 8
7 c86506577d559200 2dab44cae376ec33 bff921fb54442d18 10 0 8
9 486506577d559200 0000000000000000 405776455674323f 10 0 8
b 00000000e0e2fa2b 0000000000000000 c41c5f4560000000 0 0 0
c c86506577d559200 0000000000000000 00000000ff800000 14 0 0
0 4b5f7af8240537f8 ddb4a6256774713d ddb4a6256774713d 10 0 0
1 4b5f7af8240537f8 ddb4a6256774713d 5db4a6256774713d 10 0 0
2 4b5f7af8240537f8 ddb4a6256774713d e924504dc9b36391 10 0 0
3 4b5f7af8240537f8 ddb4a6256774713d ad986489a1820e1a 10 0 0
4 4b5f7af8240537f8 ddb4a6256774713d 45a671648d8ae89f 10 0 0
d 4b5f7af8240537f8 ddb4a6256774713d 0000000000000000 0 0 0
5 4b5f7af8240537f8 0000000000000000 3fefb00b27eeeb1b 10 0 8
6 4b5f7af8240537f8 0000000000000000 3fc1d708ef56fc6c 10 0 8
7 4b5f7af8240537f8 ddb4a6256774713d 400921fb54442d18 10 0 8
9 4b5f7af8240537f8 0000000000000000 405fb51789b8cf2a 10 0 8
b 00000000c3271714 0000000000000000 c064e2e280000000 0 0 0
c 4b5f7af8240537f8 0000000000000000 000000007f800000 14 0 0
0 197579367c2fa1ff 8a10bb173330a06e 197579367c2fa1ff 10 0 0
1 197579367c2fa1ff 8a10bb173330a06e 197579367c2fa1ff 10 0 0
2 197579367c2fa1ff 8a10bb173330a06e 8000000000000000 18 0 0
3 197579367c2fa1ff 8a10bb173330a06e cf5489167e853656 10 0 0
4 197579367c2fa1ff 8a10bb173330a06e 2cb2892a0c4d87d9 10 0 0
d 197579367c2fa1ff 8a10bb173330a06e 0000000000000000 0 0 0
5 197579367c2fa1ff 0000000000000000 197579367c2fa1ff 10 0 8
6 197579367c2fa1ff 0000000000000000 3ff0000000000000 10 0 8
7 197579367c2fa1ff 8a10bb173330a06e 3ff921fb54442d18 10 0 8
9 197579367c2fa1ff 0000000000000000 c07aaaf36feb632a 10 0 8
b 00000000c0930df0 0000000000000000 c01261be00000000 0 0 0
c 197579367c2fa1ff 0000000000000000 0000000000000000 18 0 0
0 8486f1a60cf1831f aeddd79691ccada1 aeddd79691ccada1 10 0 0
1 8486f1a60cf1831f aeddd79691ccada1 2eddd79691ccada1 10 0 0
2 8486f1a60cf1831f aeddd79691ccada1 0000000000000000 18 0 0
3 8486f1a60cf1831f aeddd79691ccada1 15989a5df0a71ba6 10 0 0
4 8486f1a60cf1831f aeddd79691ccada1 7ff8000000000000 1 0 0
d 8486f1a60cf1831f aeddd79691ccada1 0000000000000000 0 0 0
5 8486f1a60cf1831f 0000000000000000 8486f1a60cf1831f 10 0 8
6 8486f1a60cf1831f 0000000000000000 3ff0000000000000 10 0 8
7 8486f1a60cf1831f aeddd79691ccada1 c00921fb54442d18 10 0 8
9 0486f1a60cf1831f 0000000000000000 c08496947cc29e38 10 0 8
b 000000008b697c3d 0000000000000000 b96d2f87a0000000 0 0 0
c 8486f1a60cf1831f 0000000000000000 0000000080000000 18 0 0
0 393f470aea139345 97149078a669cc55 393f470aea139345 10 0 0
1 393f470aea139345 97149078a669cc55 393f470aea139345 10 0 0
2 393f470aea139345 97149078a669cc55 9064199c707a735d 10 0 0
3 393f470aea139345 97149078a669cc55 e21855d8a2b89962 10 0 0
4 393f470aea139345 97149078a669cc55 3c965eda65e91902 10 0 0
d 393f470aea139345 97149078a669cc55 0000000000000000 0 0 0
5 393f470aea139345 0000000000000000 393f470aea139345 10 0 8
6 393f470aea139345 0000000000000000 3ff0000000000000 10 0 8
7 393f470aea139345 97149078a669cc55 3ff921fb54442d18 10 0 8
9 393f470aea139345 0000000000000000 c0528c2228b92d90 10 0 8
b 0000000063875724 0000000000000000 4470eae480000000 0 0 0
c 393f470aea139345 0000000000000000 0000000009fa3857 10 0 0
0 a511e135bfd6b86e 73b2cc636de996fc 73b2cc636de996fc 10 0 0
1 a511e135bfd6b86e 73b2cc636de996fc f3b2cc636de996fc 10 0 0
2 a511e135bfd6b86e 73b2cc636de996fc d8d501c3016f5aae 10 0 0
3 a511e135bfd6b86e 73b2cc636de996fc 8000000000000000 18 0 0
4 a511e135bfd6b86e 73b2cc636de996fc 7ff8000000000000 1 0 0
d a511e135bfd6b86e 73b2cc636de996fc 0000000000000000 0 1 0
5 a511e135bfd6b86e 0000000000000000 a511e135bfd6b86e 10 0 8
6 a511e135bfd6b86e 0000000000000000 3ff0000000000000 10 0 8
7 a511e135bfd6b86e 73b2cc636de996fc 8000000000000000 18 0 8
9 2511e135bfd6b86e 0000000000000000 c0729f1349a27ad5 10 0 8
b 00000000b9f11587 0000000000000000 bf3e22b0e0000000 0 0 0
c a511e135bfd6b86e 0000000000000000 0000000080000000 18 0 0
0 f376bcc7b92798b0 0c0608a86f7eaa01 f376bcc7b92798b0 10 0 0
1 f376bcc7b92798b0 0c0608a86f7eaa01 f376bcc7b92798b0 10 0 0
2 f376bcc7b92798b0 0c0608a86f7eaa01 bf8f4fe05f15c7af 10 0 0
3 f376bcc7b92798b0 0c0608a86f7eaa01 fff0000000000000 14 0 0
4 f376bcc7b92798b0 0c0608a86f7eaa01 7ff8000000000000 1 0 0
d f376bcc7b92798b0 0c0608a86f7eaa01 0000000000000000 0 1 0
5 f376bcc7b92798b0 0000000000000000 bfeaa2f8a594f149 10 0 8
6 f376bcc7b92798b0 0000000000000000 3fe1bbe0d6779a58 10 0 8
7 f376bcc7b92798b0 0c0608a86f7eaa01 bff921fb54442d18 10 0 8
9 7376bcc7b92798b0 0000000000000000 4081dc09a041a349 10 0 8
b 00000000fde434de 0000000000000000 c7bc869bc0000000 0 0 0
c f376bcc7b92798b0 0000000000000000 00000000ff800000 14 0 0
0 1486e541cdfa8b96 0d88bf925524a74f 1486e541cdfa8b96 10 0 0
1 1486e541cdfa8b96 0d88bf925524a74f 1486e541cdfa8b96 10 0 0
2 1486e541cdfa8b96 0d88bf925524a74f 0000000000000000 18 0 0
3 1486e541cdfa8b96 0d88bf925524a74f 46ed9ab40e39b964 10 0 0
4 1486e541cdfa8b96 0d88bf925524a74f 2a3b1150d9a558d3 10 0 0
d 1486e541cdfa8b96 0d88bf925524a74f 0000000000000000 0 0 0
5 1486e541cdfa8b96 0000000000000000 1486e541cdfa8b96 10 0 8
6 1486e541cdfa8b96 0000000000000000 3ff0000000000000 10 0 8
7 1486e541cdfa8b96 0d88bf925524a74f 3ff921fb54442d18 10 0 8
9 1486e541cdfa8b96 0000000000000000 c07e1610208a4d57 10 0 8
b 00000000f869d289 0000000000000000 c70d3a5120000000 0 0 0
c 1486e541cdfa8b96 0000000000000000 0000000000000000 18 0 0
0 852ae135f8899bd3 b5805b6a6345c79c b5805b6a6345c79c 10 0 0
1 852ae135f8899bd3 b5805b6a6345c79c 35805b6a6345c79c 10 0 0
2 852ae135f8899bd3 b5805b6a6345c79c 0000000000000000 18 0 0
3 852ae135f8899bd3 b5805b6a6345c79c 0f9a4afca7a3aba3 10 0 0
4 852ae135f8899bd3 b5805b6a6345c79c 7ff8000000000000 1 0 0
d 852ae135f8899bd3 b5805b6a6345c79c 0000000000000000 0 0 0
5 852ae135f8899bd3 0000000000000000 852ae135f8899bd3 10 0 8
6 852ae135f8899bd3 0000000000000000 3ff0000000000000 10 0 8
7 852ae135f8899bd3 b5805b6a6345c79c c00921fb54442d18 10 0 8
9 052ae135f8899bd3 0000000000000000 c0845ddc98b8778c 10 0 8
b 00000000ad7362a7 0000000000000000 bdae6c54e0000000 0 0 0
c 852ae135f8899bd3 0000000000000000 0000000080000000 18 0 0
0 e5dba4b4b8e0ee52 0075642732cb99bf e5dba4b4b8e0ee52 10 0 0
1 e5dba4b4b8e0ee52 0075642732cb99bf e5dba4b4b8e0ee52 10 0 0
2 e5dba4b4b8e0ee52 0075642732cb99bf a6627a9b2ab2d8ad 10 0 0
3 e5dba4b4b8e0ee52 0075642732cb99bf fff0000000000000 14 0 0
4 e5dba4b4b8e0ee52 0075642732cb99bf 7ff8000000000000 1 0 0
d e5dba4b4b8e0ee52 0075642732cb99bf 0000000000000000 0 1 0
5 e5dba4b4b8e0ee52 0000000000000000 bfefef63939db555 10 0 8
6 e5dba4b4b8e0ee52 0000000000000000 bfb04b5cda9628cb 10 0 8
7 e5dba4b4b8e0ee52 0075642732cb99bf bff921fb54442d18 10 0 8
9 65dba4b4b8e0ee52 0000000000000000 407a4980faaea405 10 0 8
b 000000007e777161 0000000000000000 47ceee2c20000000 0 0 0
c e5dba4b4b8e0ee52 0000000000000000 00000000ff800000 14 0 0
0 9b3830cc391e35dc 0b1c8bced6c5d97c 9b3830cc391e35dc 10 0 0
1 9b3830cc391e35dc 0b1c8bced6c5d97c 9b3830cc391e35dc 10 0 0
2 9b3830cc391e35dc 0b1c8bced6c5d97c 8000000000000000 18 0 0
3 9b3830cc391e35dc 0b1c8bced6c5d97c d00b1e14e320622a 10 0 0
4 9b3830cc391e35dc 0b1c8bced6c5d97c 7ff8000000000000 1 0 0
d 9b3830cc391e35dc 0b1c8bced6c5d97c 0000000000000000 0 1 0
5 9b3830cc391e35dc 0000000000000000 9b3830cc391e35dc 10 0 8
6 9b3830cc391e35dc 0000000000000000 3ff0000000000000 10 0 8
7 9b3830cc391e35dc 0b1c8bced6c5d97c bff921fb54442d18 10 0 8
9 1b3830cc391e35dc 0000000000000000 c0797283c098197c 10 0 8
b 00000000d0a79ea9 0000000000000000 c214f3d520000000 0 0 0
c 9b3830cc391e35dc 0000000000000000 0000000080000000 18 0 0
0 4d274d103426f512 ba1cca50498da49b 4d274d103426f512 10 0 0
1 4d274d103426f512 ba1cca50498da49b 4d274d103426f512 10 0 0
2 4d274d103426f512 ba1cca50498da49b c754f6bf1a22bf1e 10 0 0
3 4d274d103426f512 ba1cca50498da49b d2f9e61581e20ab9 10 0 0
4 4d274d103426f512 ba1cca50498da49b 468b4e6858f71ac8 10 0 0
d 4d274d103426f512 ba1cca50498da49b 0000000000000000 0 0 0
5 4d274d103426f512 0000000000000000 bfeffaa8856faf26 10 0 8
6 4d274d103426f512 0000000000000000 3fa27c98a4c2efb9 10 0 8
7 4d274d103426f512 ba1cca50498da49b 3ff921fb54442d18 10 0 8
9 4d274d103426f512 0000000000000000 40625428aa0139c9 10 0 8
b 000000005ec9f894 0000000000000000 43d93f1280000000 0 0 0
c 4d274d103426f512 0000000000000000 000000007f800000 14 0 0
0 5ab247595974a0d5 60a2aa228938eaf1 60a2aa228938eaf1 10 0 0
1 5ab247595974a0d5 60a2aa228938eaf1 e0a2aa228938eaf1 10 0 0
2 5ab247595974a0d5 60a2aa228938eaf1 7b6552a20e5b7d62 10 0 0
3 5ab247595974a0d5 60a2aa228938eaf1 39ff56a248b0b287 10 0 0
4 5ab247595974a0d5 60a2aa228938eaf1 4d5119f818103e1a 10 0 0
d 5ab247595974a0d5 60a2aa228938eaf1 0000000000000000 0 1 0
5 5ab247595974a0d5 0000000000000000 3fdb33c1a991cff9 10 0 8
6 5ab247595974a0d5 0000000000000000 3fecf736990402a6 10 0 8
7 5ab247595974a0d5 60a2aa228938eaf1 39ff56a248b0b287 10 0 8
9 5ab247595974a0d5 0000000000000000 40728ccd61100098 10 0 8
b 0000000018b69882 0000000000000000 3b16d31040000000 0 0 0
c 5ab247595974a0d5 0000000000000000 000000007f800000 14 0 0
0 bf7117712e704e7e d04c2981faf844df d04c2981faf844df 10 0 0
1 bf7117712e704e7e d04c2981faf844df 504c2981faf844df 10 0 0
2 bf7117712e704e7e d04c2981faf844df 4fce155cfc638cf1 10 0 0
3 bf7117712e704e7e d04c2981faf844df 2f136bb72f13cd49 10 0 0
4 bf7117712e704e7e d04c2981faf844df 7ff8000000000000 1 0 0
d bf7117712e704e7e d04c2981faf844df 0000000000000000 0 0 0
5 bf7117712e704e7e 0000000000000000 bf71176dee4d7e82 10 0 8
6 bf7117712e704e7e 0000000000000000 3fefffedbe0ee13f 10 0 8
7 bf7117712e704e7e d04c2981faf844df c00921fb54442d18 10 0 8
9 3f7117712e704e7e 0000000000000000 c015eaae5ca282c0 10 0 8
b 00000000be18602e 0000000000000000 bfc30c05c0000000 0 0 0
c bf7117712e704e7e 0000000000000000 00000000bb88bb89 10 0 0
0 f1a2dd20ead78c43 70a3dc6c6ee5669b f1a2dd0d0e6b1d5e 10 0 0
1 f1a2dd20ead78c43 70a3dc6c6ee5669b f1a2dd34c743fb28 10 0 0
2 f1a2dd20ead78c43 70a3dc6c6ee5669b fff0000000000000 14 0 0
3 f1a2dd20ead78c43 70a3dc6c6ee5669b c0ee64ab7de3ed7b 10 0 0
4 f1a2dd20ead78c43 70a3dc6c6ee5669b 7ff8000000000000 1 0 0
d f1a2dd20ead78c43 70a3dc6c6ee5669b 0000000000000000 0 1 0
5 f1a2dd20ead78c43 0000000000000000 3fd6b5b5730f80aa 10 0 8
6 f1a2dd20ead78c43 0000000000000000 bfedeaeb9ea82999 10 0 8
7 f1a2dd20ead78c43 70a3dc6c6ee5669b bff921ea7bba885b 10 0 8
9 71a2dd20ead78c43 0000000000000000 408139bbba2c62a3 10 0 8
b 0000000084fa9780 0000000000000000 b89f52f000000000 0 0 0
c f1a2dd20ead78c43 0000000000000000 00000000ff800000 14 0 0
0 17556c25e0e3b8ed 683431522ddecdfd 683431522ddecdfd 10 0 0
1 17556c25e0e3b8ed 683431522ddecdfd e83431522ddecdfd 10 0 0
2 17556c25e0e3b8ed 683431522ddecdfd 3f9b093894c9fc00 10 0 0
3 17556c25e0e3b8ed 683431522ddecdfd 0000000000000000 18 0 0
4 17556c25e0e3b8ed 683431522ddecdfd 2ba28385aa8d72be 10 0 0
d 17556c25e0e3b8ed 683431522ddecdfd 0000000000000000 0 1 0
5 17556c25e0e3b8ed 0000000000000000 17556c25e0e3b8ed 10 0 8
6 17556c25e0e3b8ed 0000000000000000 3ff0000000000000 10 0 8
7 17556c25e0e3b8ed 683431522ddecdfd 0000000000000000 18 0 8
9 17556c25e0e3b8ed 0000000000000000 c07c240fa1e67b3d 10 0 8
b 000000007843ee6d 0000000000000000 47087dcda0000000 0 0 0
c 17556c25e0e3b8ed 0000000000000000 0000000000000000 18 0 0
0 b447d9eaa02d74b7 d9c9eeaa67874824 d9c9eeaa67874824 10 0 0
1 b447d9eaa02d74b7 d9c9eeaa67874824 59c9eeaa67874824 10 0 0
2 b447d9eaa02d74b7 d9c9eeaa67874824 4e23542311038883 10 0 0
3 b447d9eaa02d74b7 d9c9eeaa67874824 1a6d6e98bf2daf01 10 0 0
4 b447d9eaa02d74b7 d9c9eeaa67874824 7ff8000000000000 1 0 0
d b447d9eaa02d74b7 d9c9eeaa67874824 0000000000000000 0 0 0
5 b447d9eaa02d74b7 0000000000000000 b447d9eaa02d74b7 10 0 8
6 b447d9eaa02d74b7 0000000000000000 3ff0000000000000 10 0 8
7 b447d9eaa02d74b7 d9c9eeaa67874824 c00921fb54442d18 10 0 8
9 3447d9eaa02d74b7 0000000000000000 c06027044de9462a 10 0 8
b 000000005ef263c5 0000000000000000 43de4c78a0000000 0 0 0
c b447d9eaa02d74b7 0000000000000000 0000000080000000 18 0 0
0 43d39a8020f3dae1 2e5531f6851d0da3 43d39a8020f3dae1 10 0 0
1 43d39a8020f3dae1 2e5531f6851d0da3 43d39a8020f3dae1 10 0 0
2 43d39a8020f3dae1 2e5531f6851d0da3 3239f7ff5e2ed68a 10 0 0
3 43d39a8020f3dae1 2e5531f6851d0da3 556d98d274f51657 10 0 0
4 43d39a8020f3dae1 2e5531f6851d0da3 41e1b5d919383f17 10 0 0
d 43d39a8020f3dae1 2e5531f6851d0da3 0000000000000000 0 0 0
5 43d39a8020f3dae1 0000000000000000 bfe24c8429eca092 10 0 8
6 43d39a8020f3dae1 0000000000000000 bfea406ded6105a6 10 0 8
7 43d39a8020f3dae1 2e5531f6851d0da3 3ff921fb54442d18 10 0 8
9 43d39a8020f3dae1 0000000000000000 404596d0bf8e3476 10 0 8
b 00000000b1868117 0000000000000000 be30d022e0000000 0 0 0
c 43d39a8020f3dae1 0000000000000000 000000005e9cd401 10 0 0
0 552e6965985229e4 70b62d331712e0db 70b62d331712e0db 10 0 0
1 552e6965985229e4 70b62d331712e0db f0b62d331712e0db 10 0 0
2 552e6965985229e4 70b62d331712e0db 7ff0000000000000 14 0 0
3 552e6965985229e4 70b62d331712e0db 2465f10703672e02 10 0 0
4 552e6965985229e4 70b62d331712e0db 4a8f321c73426ad8 10 0 0
d 552e6965985229e4 70b62d331712e0db 0000000000000000 0 1 0
5 552e6965985229e4 0000000000000000 bfeff35993eb2216 10 0 8
6 552e6965985229e4 0000000000000000 3fac714d083a3553 10 0 8
7 552e6965985229e4 70b62d331712e0db 2465f10703672e02 10 0 8
9 552e6965985229e4 0000000000000000 406d73cff039a9ca 10 0 8
b 000000002a3d0ebf 0000000000000000 3d47a1d7e0000000 0 0 0
c 552e6965985229e4 0000000000000000 000000007f800000 14 0 0
0 f6bfc20ad12e2bd5 9ec4be1f29ec091c f6bfc20ad12e2bd5 10 0 0
1 f6bfc20ad12e2bd5 9ec4be1f29ec091c f6bfc20ad12e2bd5 10 0 0
2 f6bfc20ad12e2bd5 9ec4be1f29ec091c 559495f5d08c3624 10 0 0
3 f6bfc20ad12e2bd5 9ec4be1f29ec091c 7ff0000000000000 14 0 0
4 f6bfc20ad12e2bd5 9ec4be1f29ec091c 7ff8000000000000 1 0 0
d f6bfc20ad12e2bd5 9ec4be1f29ec091c 0000000000000000 0 1 0
5 f6bfc20ad12e2bd5 0000000000000000 bfe0ddac5f2ad871 10 0 8
6 f6bfc20ad12e2bd5 0000000000000000 bfeb31cafe96f862 10 0 8
7 f6bfc20ad12e2bd5 9ec4be1f29ec091c bff921fb54442d18 10 0 8
9 76bfc20ad12e2bd5 0000000000000000 4082ff0f5481df3a 10 0 8
b 00000000b134721b 0000000000000000 be268e4360000000 0 0 0
c f6bfc20ad12e2bd5 0000000000000000 00000000ff800000 14 0 0
0 d196b9a0d2f5e4d1 a3918f26dcd5c59c d196b9a0d2f5e4d1 10 0 0
1 d196b9a0d2f5e4d1 a3918f26dcd5c59c d196b9a0d2f5e4d1 10 0 0
2 d196b9a0d2f5e4d1 a3918f26dcd5c59c 3538f08d2008b100 10 0 0
3 d196b9a0d2f5e4d1 a3918f26dcd5c59c 6df4b50bb362a41d 10 0 0
4 d196b9a0d2f5e4d1 a3918f26dcd5c59c 7ff8000000000000 1 0 0
d d196b9a0d2f5e4d1 a3918f26dcd5c59c 0000000000000000 0 1 0
5 d196b9a0d2f5e4d1 0000000000000000 bfec14ba99e5d1cc 10 0 8
6 d196b9a0d2f5e4d1 0000000000000000 bfdeb078fff57086 10 0 8
7 d196b9a0d2f5e4d1 a3918f26dcd5c59c bff921fb54442d18 10 0 8
9 5196b9a0d2f5e4d1 0000000000000000 40687a303946aa59 10 0 8
b 00000000e8a8824f 0000000000000000 c5151049e0000000 0 0 0
c d196b9a0d2f5e4d1 0000000000000000 00000000ff800000 14 0 0
0 e4c2d9df40d5a243 672ab9ad33ff35e2 672ab9ad33feea7b 10 0 0
1 e4c2d9df40d5a243 672ab9ad33ff35e2 e72ab9ad33ff8149 10 0 0
2 e4c2d9df40d5a243 672ab9ad33ff35e2 fff0000000000000 14 0 0
3 e4c2d9df40d5a243 672ab9ad33ff35e2 bd86925770997981 10 0 0
4 e4c2d9df40d5a243 672ab9ad33ff35e2 7ff8000000000000 1 0 0
d e4c2d9df40d5a243 672ab9ad33ff35e2 0000000000000000 0 1 0
5 e4c2d9df40d5a243 0000000000000000 bfdebc948a133532 10 0 8
6 e4c2d9df40d5a243 0000000000000000 3fec116ae42c4ead 10 0 8
7 e4c2d9df40d5a243 672ab9ad33ff35e2 bd86925770997981 10 0 8
9 64c2d9df40d5a243 0000000000000000 407986d7bc6ad534 10 0 8
b 000000007d20f723 0000000000000000 47a41ee460000000 0 0 0
c e4c2d9df40d5a243 0000000000000000 00000000ff800000 14 0 0
0 1b507ee18506c047 fccfd6c0c4ed6cab fccfd6c0c4ed6cab 10 0 0
1 1b507ee18506c047 fccfd6c0c4ed6cab 7ccfd6c0c4ed6cab 10 0 0
2 1b507ee18506c047 fccfd6c0c4ed6cab d830699e5bd4ce9d 10 0 0
3 1b507ee18506c047 fccfd6c0c4ed6cab 8000000000000000 18 0 0
4 1b507ee18506c047 fccfd6c0c4ed6cab 2da03ef4e635154f 10 0 0
d 1b507ee18506c047 fccfd6c0c4ed6cab 0000000000000000 0 0 0
5 1b507ee18506c047 0000000000000000 1b507ee18506c047 10 0 8
6 1b507ee18506c047 0000000000000000 3ff0000000000000 10 0 8
7 1b507ee18506c047 fccfd6c0c4ed6cab 400921fb54442d18 10 0 8
9 1b507ee18506c047 0000000000000000 c0796275b93e2b19 10 0 8
b 00000000467f3af7 0000000000000000 40cfe75ee0000000 0 0 0
c 1b507ee18506c047 0000000000000000 0000000000000000 18 0 0
0 8510c68725cd6487 a2e5c50952d9ed4b a2e5c50952d9ed4b 10 0 0
1 8510c68725cd6487 a2e5c50952d9ed4b 22e5c50952d9ed4b 10 0 0
2 8510c68725cd6487 a2e5c50952d9ed4b 0000000000000000 18 0 0
3 8510c68725cd6487 a2e5c50952d9ed4b 2218a8ad0810a138 10 0 0
4 8510c68725cd6487 a2e5c50952d9ed4b 7ff8000000000000 1 0 0
d 8510c68725cd6487 a2e5c50952d9ed4b 0000000000000000 0 0 0
5 8510c68725cd6487 0000000000000000 8510c68725cd6487 10 0 8
6 8510c68725cd6487 0000000000000000 3ff0000000000000 10 0 8
7 8510c68725cd6487 a2e5c50952d9ed4b c00921fb54442d18 10 0 8
9 0510c68725cd6487 0000000000000000 c084672db29dbc6c 10 0 8
b 000000008167e493 0000000000000000 b82cfc9260000000 0 0 0
c 8510c68725cd6487 0000000000000000 0000000080000000 18 0 0
0 c342f74928d8aa1c 8efdaef15f51ff60 c342f74928d8aa1c 10 0 0
1 c342f74928d8aa1c 8efdaef15f51ff60 c342f74928d8aa1c 10 0 0
2 c342f74928d8aa1c 8efdaef15f51ff60 125197c9f9b02a64 10 0 0
3 c342f74928d8aa1c 8efdaef15f51ff60 743472370db0b34a 10 0 0
4 c342f74928d8aa1c 8efdaef15f51ff60 7ff8000000000000 1 0 0
d c342f74928d8aa1c 8efdaef15f51ff60 0000000000000000 0 1 0
5 c342f74928d8aa1c 0000000000000000 3fdbd3cfa62958b9 10 0 8
6 c342f74928d8aa1c 0000000000000000 bfecd11b21fd1607 10 0 8
7 c342f74928d8aa1c 8efdaef15f51ff60 bff921fb54442d18 10 0 8
9 4342f74928d8aa1c 0000000000000000 40427413e94b70f4 10 0 8
b 00000000770428fe 0000000000000000 46e0851fc0000000 0 0 0
c c342f74928d8aa1c 0000000000000000 00000000da17ba49 10 0 0
0 b169af9317ea361e 74120fca8881f2df 74120fca8881f2df 10 0 0
1 b169af9317ea361e 74120fca8881f2df f4120fca8881f2df 10 0 0
2 b169af9317ea361e 74120fca8881f2df e58cfedf3893f624 10 0 0
3 b169af9317ea361e 74120fca8881f2df 80000000000000b6 18 0 0
4 b169af9317ea361e 74120fca8881f2df 7ff8000000000000 1 0 0
d b169af9317ea361e 74120fca8881f2df 0000000000000000 0 1 0
5 b169af9317ea361e 0000000000000000 b169af9317ea361e 10 0 8
6 b169af9317ea361e 0000000000000000 3ff0000000000000 10 0 8
7 b169af9317ea361e 74120fca8881f2df 80000000000000b6 18 0 8
9 3169af9317ea361e 0000000000000000 c06420f548ea0f5f 10 0 8
b 000000006d937ff2 0000000000000000 45b26ffe40000000 0 0 0
c b169af9317ea361e 0000000000000000 0000000080000000 18 0 0
0 4fcae644734f9765 b5cd8134b88b7be1 4fcae644734f9765 10 0 0
1 4fcae644734f9765 b5cd8134b88b7be1 4fcae644734f9765 10 0 0
2 4fcae644734f9765 b5cd8134b88b7be1 c5a8cd4a9dc17f62 10 0 0
3 4fcae644734f9765 b5cd8134b88b7be1 d9ed2ca81fb7d0ca 10 0 0
4 4fcae644734f9765 b5cd8134b88b7be1 47dd56cff74a65ea 10 0 0
d 4fcae644734f9765 b5cd8134b88b7be1 0000000000000000 0 0 0
5 4fcae644734f9765 0000000000000000 3fd9a6df9cbcf328 10 0 8
6 4fcae644734f9765 0000000000000000 3fed513127c8e097 10 0 8
7 4fcae644734f9765 b5cd8134b88b7be1 3ff921fb54442d18 10 0 8
9 4fcae644734f9765 0000000000000000 4065fc581ad85a56 10 0 8
b 000000002911335a 0000000000000000 3d22266b40000000 0 0 0
c 4fcae644734f9765 0000000000000000 000000007f800000 14 0 0
0 e034e807dbb2e53d 65b5d0572854ae88 65b5d0572854ae88 10 0 0
1 e034e807dbb2e53d 65b5d0572854ae88 e5b5d0572854ae88 10 0 0
2 e034e807dbb2e53d 65b5d0572854ae88 fff0000000000000 14 0 0
3 e034e807dbb2e53d 65b5d0572854ae88 ba6eab3606b2be6a 10 0 0
4 e034e807dbb2e53d 65b5d0572854ae88 7ff8000000000000 1 0 0
d e034e807dbb2e53d 65b5d0572854ae88 0000000000000000 0 1 0
5 e034e807dbb2e53d 0000000000000000 bfe8479ddffc6a8e 10 0 8
6 e034e807dbb2e53d 0000000000000000 bfe4d831d2caa149 10 0 8
7 e034e807dbb2e53d 65b5d0572854ae88 ba6eab3606b2be6a 10 0 8
9 6034e807dbb2e53d 0000000000000000 40765ee70e873143 10 0 8
b 000000000d3bf90a 0000000000000000 39a77f2140000000 0 0 0
c e034e807dbb2e53d 0000000000000000 00000000ff800000 14 0 0
0 314a80e74b9c59cc d4128a5e2e7816b2 d4128a5e2e7816b2 10 0 0
1 314a80e74b9c59cc d4128a5e2e7816b2 54128a5e2e7816b2 10 0 0
2 314a80e74b9c59cc d4128a5e2e7816b2 c56eb63802446b1b 10 0 0
3 314a80e74b9c59cc d4128a5e2e7816b2 9d26df34e500efc9 10 0 0
4 314a80e74b9c59cc d4128a5e2e7816b2 389d1f5434be1ccf 10 0 0
d 314a80e74b9c59cc d4128a5e2e7816b2 0000000000000000 0 0 0
5 314a80e74b9c59cc 0000000000000000 314a80e74b9c59cc 10 0 8
6 314a80e74b9c59cc 0000000000000000 3ff0000000000000 10 0 8
7 314a80e74b9c59cc d4128a5e2e7816b2 400921fb54442d18 10 0 8
9 314a80e74b9c59cc 0000000000000000 c0644c5116220005 10 0 8
b 00000000b9665c45 0000000000000000 bf2ccb88a0000000 0 0 0
c 314a80e74b9c59cc 0000000000000000 0000000000000000 18 0 0
0 2f3663728852091e e7441966e9758112 e7441966e9758112 10 0 0
1 2f3663728852091e e7441966e9758112 67441966e9758112 10 0 0
2 2f3663728852091e e7441966e9758112 d68c1fda8e025050 10 0 0
3 2f3663728852091e e7441966e9758112 87e1d28591327380 10 0 0
4 2f3663728852091e e7441966e9758112 3792ed3466c7cc34 10 0 0
d 2f3663728852091e e7441966e9758112 0000000000000000 0 0 0
5 2f3663728852091e 0000000000000000 2f3663728852091e 10 0 8
6 2f3663728852091e 0000000000000000 3ff0000000000000 10 0 8
7 2f3663728852091e e7441966e9758112 400921fb54442d18 10 0 8
9 2f3663728852091e 0000000000000000 c0672dadf99826b9 10 0 8
b 0000000073aa5a99 0000000000000000 46754b5320000000 0 0 0
c 2f3663728852091e 0000000000000000 0000000000000000 18 0 0
0 27d5ba458337136b 4a123b06a32d4a5f 4a123b06a32d4a5f 10 0 0
1 27d5ba458337136b 4a123b06a32d4a5f ca123b06a32d4a5f 10 0 0
2 27d5ba458337136b 4a123b06a32d4a5f 31f8c1b61763072f 10 0 0
3 27d5ba458337136b 4a123b06a32d4a5f 1db311b5994a120f 10 0 0
4 27d5ba458337136b 4a123b06a32d4a5f 33e2a5292b69ab23 10 0 0
d 27d5ba458337136b 4a123b06a32d4a5f 0000000000000000 0 1 0
5 27d5ba458337136b 0000000000000000 27d5ba458337136b 10 0 8
6 27d5ba458337136b 0000000000000000 3ff0000000000000 10 0 8
7 27d5ba458337136b 4a123b06a32d4a5f 1db311b5994a120f 10 0 8
9 27d5ba458337136b 0000000000000000 c070b3fb267f11b0 10 0 8
b 0000000046b342ec 0000000000000000 40d6685d80000000 0 0 0
c 27d5ba458337136b 0000000000000000 0000000000000000 18 0 0
0 f33466fb828c18ce 332ed884effbbffb f33466fb828c18ce 10 0 0
1 f33466fb828c18ce 332ed884effbbffb f33466fb828c18ce 10 0 0
2 f33466fb828c18ce 332ed884effbbffb e673aa97ade3ac0d 10 0 0
3 f33466fb828c18ce 332ed884effbbffb fff0000000000000 14 0 0
4 f33466fb828c18ce 332ed884effbbffb 7ff8000000000000 1 0 0
d f33466fb828c18ce 332ed884effbbffb 0000000000000000 0 1 0
5 f33466fb828c18ce 0000000000000000 3fee68afa69e7240 10 0 8
6 f33466fb828c18ce 0000000000000000 3fd3edf873187cb1 10 0 8
7 f33466fb828c18ce 332ed884effbbffb bff921fb54442d18 10 0 8
9 733466fb828c18ce 0000000000000000 4081c4fd6e6b2175 10 0 8
b 000000009896ecd9 0000000000000000 bb12dd9b20000000 0 0 0
c f33466fb828c18ce 0000000000000000 00000000ff800000 14 0 0
0 e4b025bfe0f1023c d66aae87f4fbe41a e4b025bfe0f1023c 10 0 0
1 e4b025bfe0f1023c d66aae87f4fbe41a e4b025bfe0f1023c 10 0 0
2 e4b025bfe0f1023c d66aae87f4fbe41a 7b2aed7b89f6bf18 10 0 0
3 e4b025bfe0f1023c d66aae87f4fbe41a 4e335db16851d31e 10 0 0
4 e4b025bfe0f1023c d66aae87f4fbe41a 7ff8000000000000 1 0 0
d e4b025bfe0f1023c d66aae87f4fbe41a 0000000000000000 0 1 0
5 e4b025bfe0f1023c 0000000000000000 3fb3d212ab55c199 10 0 8
6 e4b025bfe0f1023c 0000000000000000 3fefe768dabe07a1 10 0 8
7 e4b025bfe0f1023c d66aae87f4fbe41a bff921fb54442d18 10 0 8
9 64b025bfe0f1023c 0000000000000000 407979468471a925 10 0 8
b 000000008764e4e6 0000000000000000 b8ec9c9cc0000000 0 0 0
c e4b025bfe0f1023c 0000000000000000 00000000ff800000 14 0 0
0 64fd0a5a737338a1 988540d2237c0b3d 64fd0a5a737338a1 10 0 0
1 64fd0a5a737338a1 988540d2237c0b3d 64fd0a5a737338a1 10 0 0
2 64fd0a5a737338a1 988540d2237c0b3d bd93499ec4cffe7f 10 0 0
3 64fd0a5a737338a1 988540d2237c0b3d fff0000000000000 14 0 0
4 64fd0a5a737338a1 988540d2237c0b3d 52758e40a72d2d26 10 0 0
d 64fd0a5a737338a1 988540d2237c0b3d 0000000000000000 0 0 0
5 64fd0a5a737338a1 0000000000000000 3fd5489cdb1dc480 10 0 8
6 64fd0a5a737338a1 0000000000000000 bfee2dbcc85038ad 10 0 8
7 64fd0a5a737338a1 988540d2237c0b3d 3ff921fb54442d18 10 0 8
9 64fd0a5a737338a1 0000000000000000 4079af0717b78a78 10 0 8
b 00000000e164bc30 0000000000000000 c42c978600000000 0 0 0
c 64fd0a5a737338a1 0000000000000000 000000007f800000 14 0 0
0 aab26f610c99a50e 3f375b525ff35efc 3f375b525ff35efc 10 0 0
1 aab26f610c99a50e 3f375b525ff35efc bf375b525ff35efc 10 0 0
2 aab26f610c99a50e 3f375b525ff35efc a9fae953e373a0f0 10 0 0
3 aab26f610c99a50e 3f375b525ff35efc ab6941cf25c83ec4 10 0 0
4 aab26f610c99a50e 3f375b525ff35efc 7ff8000000000000 1 0 0
d aab26f610c99a50e 3f375b525ff35efc 0000000000000000 0 1 0
5 aab26f610c99a50e 0000000000000000 aab26f610c99a50e 10 0 8
6 aab26f610c99a50e 0000000000000000 3ff0000000000000 10 0 8
7 aab26f610c99a50e 3f375b525ff35efc ab6941cf25c83ec4 10 0 8
9 2ab26f610c99a50e 0000000000000000 c06d70e872c26f58 10 0 8
b 00000000b1b459aa 0000000000000000 be368b3540000000 0 0 0
c aab26f610c99a50e 0000000000000000 0000000080000000 18 0 0
0 6aa199aa6b0a5960 24ef6713c9a101b5 6aa199aa6b0a5960 10 0 0
1 6aa199aa6b0a5960 24ef6713c9a101b5 6aa199aa6b0a5960 10 0 0
2 6aa199aa6b0a5960 24ef6713c9a101b5 4fa1458e965d83f5 10 0 0
3 6aa199aa6b0a5960 24ef6713c9a101b5 7ff0000000000000 14 0 0
4 6aa199aa6b0a5960 24ef6713c9a101b5 5547bb64e3403267 10 0 0
d 6aa199aa6b0a5960 24ef6713c9a101b5 0000000000000000 0 0 0
5 6aa199aa6b0a5960 0000000000000000 bfba55ce08692d71 10 0 8
6 6aa199aa6b0a5960 0000000000000000 bfefd489d295f5a1 10 0 8
7 6aa199aa6b0a5960 24ef6713c9a101b5 3ff921fb54442d18 10 0 8
9 6aa199aa6b0a5960 0000000000000000 407d983cd2646227 10 0 8
b 00000000db6d7abe 0000000000000000 c36daf57c0000000 0 0 0
c 6aa199aa6b0a5960 0000000000000000 000000007f800000 14 0 0
0 f36a94c39fa6237a 22e09d5e1823fa9b f36a94c39fa6237a 10 0 0
1 f36a94c39fa6237a 22e09d5e1823fa9b f36a94c39fa6237a 10 0 0
2 f36a94c39fa6237a 22e09d5e1823fa9b d65b9a33b14ce6d8 10 0 0
3 f36a94c39fa6237a 22e09d5e1823fa9b fff0000000000000 14 0 0
4 f36a94c39fa6237a 22e09d5e1823fa9b 7ff8000000000000 1 0 0
d f36a94c39fa6237a 22e09d5e1823fa9b 0000000000000000 0 1 0
5 f36a94c39fa6237a 0000000000000000 bfe0e65ca4502f20 10 0 8
6 f36a94c39fa6237a 0000000000000000 3feb2c6596afd483 10 0 8
7 f36a94c39fa6237a 22e09d5e1823fa9b bff921fb54442d18 10 0 8
9 736a94c39fa6237a 0000000000000000 4081d7bdef5b0d6b 10 0 8
b 0000000089658d43 0000000000000000 b92cb1a860000000 0 0 0
c f36a94c39fa6237a 0000000000000000 00000000ff800000 14 0 0
0 2173d58523a854e4 0faccfbe5d33d6f3 2173d58523a854e4 10 0 0
1 2173d58523a854e4 0faccfbe5d33d6f3 2173d58523a854e4 10 0 0
2 2173d58523a854e4 0faccfbe5d33d6f3 0000000000000000 18 0 0
3 2173d58523a854e4 0faccfbe5d33d6f3 51b6076ffa43baeb 10 0 0
4 2173d58523a854e4 0faccfbe5d33d6f3 30b1d06e17ab07c7 10 0 0
d 2173d58523a854e4 0faccfbe5d33d6f3 0000000000000000 0 0 0
5 2173d58523a854e4 0000000000000000 2173d58523a854e4 10 0 8
6 2173d58523a854e4 0000000000000000 3ff0000000000000 10 0 8
7 2173d58523a854e4 0faccfbe5d33d6f3 3ff921fb54442d18 10 0 8
9 2173d58523a854e4 0000000000000000 c07520a7fc3bb5de 10 0 8
b 00000000da5905a5 0000000000000000 c34b20b4a0000000 0 0 0
c 2173d58523a854e4 0000000000000000 0000000000000000 18 0 0
0 a756c2b39f133b53 f75dca8f8f8dbca9 f75dca8f8f8dbca9 10 0 0
1 a756c2b39f133b53 f75dca8f8f8dbca9 775dca8f8f8dbca9 10 0 0
2 a756c2b39f133b53 f75dca8f8f8dbca9 5ec53085f23328ce 10 0 0
3 a756c2b39f133b53 f75dca8f8f8dbca9 0000000000000000 18 0 0
4 a756c2b39f133b53 f75dca8f8f8dbca9 7ff8000000000000 1 0 0
d a756c2b39f133b53 f75dca8f8f8dbca9 0000000000000000 0 0 0
5 a756c2b39f133b53 0000000000000000 a756c2b39f133b53 10 0 8
6 a756c2b39f133b53 0000000000000000 3ff0000000000000 10 0 8
7 a756c2b39f133b53 f75dca8f8f8dbca9 c00921fb54442d18 10 0 8
9 2756c2b39f133b53 0000000000000000 c0710bf5f5e1871a 10 0 8
b 000000003b089405 0000000000000000 3f611280a0000000 0 0 0
c a756c2b39f133b53 0000000000000000 0000000080000000 18 0 0
0 188c38e16d9ab209 40aa7364d61874e7 40aa7364d61874e7 10 0 0
1 188c38e16d9ab209 40aa7364d61874e7 c0aa7364d61874e7 10 0 0
2 188c38e16d9ab209 40aa7364d61874e7 194753fc81c2006b 10 0 0
3 188c38e16d9ab209 40aa7364d61874e7 17d1125021b40f88 10 0 0
4 188c38e16d9ab209 40aa7364d61874e7 2c3e0d42194301c4 10 0 0
d 188c38e16d9ab209 40aa7364d61874e7 0000000000000000 0 1 0
5 188c38e16d9ab209 0000000000000000 188c38e16d9ab209 10 0 8
6 188c38e16d9ab209 0000000000000000 3ff0000000000000 10 0 8
7 188c38e16d9ab209 40aa7364d61874e7 17d1125021b40f88 10 0 8
9 188c38e16d9ab209 0000000000000000 c07b4cef01947597 10 0 8
b 00000000c81bec05 0000000000000000 c1037d80a0000000 0 0 0
c 188c38e16d9ab209 0000000000000000 0000000000000000 18 0 0
0 06f9cfc8df1ad948 0240f17191b53786 06f9cfc8df1ad948 10 0 0
1 06f9cfc8df1ad948 0240f17191b53786 06f9cfc8df1ad948 10 0 0
2 06f9cfc8df1ad948 0240f17191b53786 0000000000000000 18 0 0
3 06f9cfc8df1ad948 0240f17191b53786 44a85ff66baecc83 10 0 0
4 06f9cfc8df1ad948 0240f17191b53786 2374527332d4f609 10 0 0
d 06f9cfc8df1ad948 0240f17191b53786 0000000000000000 0 0 0
5 06f9cfc8df1ad948 0000000000000000 06f9cfc8df1ad948 10 0 8
6 06f9cfc8df1ad948 0000000000000000 3ff0000000000000 10 0 8
7 06f9cfc8df1ad948 0240f17191b53786 3ff921fb54442d18 10 0 8
9 06f9cfc8df1ad948 0000000000000000 c083bd603ce033b7 10 0 8
b 00000000dff868a4 0000000000000000 c3ff0d1480000000 0 0 0
c 06f9cfc8df1ad948 0000000000000000 0000000000000000 18 0 0
0 8f7cbb9219d00535 37a3984ed1e5397b 37a3984ed1e5397b 10 0 0
1 8f7cbb9219d00535 37a3984ed1e5397b b7a3984ed1e5397b 10 0 0
2 8f7cbb9219d00535 37a3984ed1e5397b 873198207af9223e 10 0 0
3 8f7cbb9219d00535 37a3984ed1e5397b 97c776181c07f8bf 10 0 0
4 8f7cbb9219d00535 37a3984ed1e5397b 7ff8000000000000 1 0 0
d 8f7cbb9219d00535 37a3984ed1e5397b 0000000000000000 0 1 0
5 8f7cbb9219d00535 0000000000000000 8f7cbb9219d00535 10 0 8
6 8f7cbb9219d00535 0000000000000000 3ff0000000000000 10 0 8
7 8f7cbb9219d00535 37a3984ed1e5397b 97c776181c07f8bf 10 0 8
9 0f7cbb9219d00535 0000000000000000 c080ca5fc65baee2 10 0 8
b 00000000af8621de 0000000000000000 bdf0c43bc0000000 0 0 0
c 8f7cbb9219d00535 0000000000000000 0000000080000000 18 0 0
0 1c0754002662c723 ae55946087eadb8c ae55946087eadb8c 10 0 0
1 1c0754002662c723 ae55946087eadb8c 2e55946087eadb8c 10 0 0
2 1c0754002662c723 ae55946087eadb8c 8a6f7695f1f0cb41 10 0 0
3 1c0754002662c723 ae55946087eadb8c ada14be2ee7db07f 10 0 0
4 1c0754002662c723 ae55946087eadb8c 2dfb5278a743edb0 10 0 0
d 1c0754002662c723 ae55946087eadb8c 0000000000000000 0 0 0
5 1c0754002662c723 0000000000000000 1c0754002662c723 10 0 8
6 1c0754002662c723 0000000000000000 3ff0000000000000 10 0 8
7 1c0754002662c723 ae55946087eadb8c 400921fb54442d18 10 0 8
9 1c0754002662c723 0000000000000000 c078e2ebc1a805c6 10 0 8
b 000000004ffd8de1 0000000000000000 41ffb1bc20000000 0 0 0
c 1c0754002662c723 0000000000000000 0000000000000000 18 0 0
0 367b8ae1a3d6a732 912b49eafad8c9c1 367b8ae1a3d6a732 10 0 0
1 367b8ae1a3d6a732 912b49eafad8c9c1 367b8ae1a3d6a732 10 0 0
2 367b8ae1a3d6a732 912b49eafad8c9c1 87b77ccd747476bb 10 0 0
3 367b8ae1a3d6a732 912b49eafad8c9c1 e5402616ed9f8978 10 0 0
4 367b8ae1a3d6a732 912b49eafad8c9c1 3b34fe0cb9842836 10 0 0
d 367b8ae1a3d6a732 912b49eafad8c9c1 0000000000000000 0 0 0
5 367b8ae1a3d6a732 0000000000000000 367b8ae1a3d6a732 10 0 8
6 367b8ae1a3d6a732 0000000000000000 3ff0000000000000 10 0 8
7 367b8ae1a3d6a732 912b49eafad8c9c1 3ff921fb54442d18 10 0 8
9 367b8ae1a3d6a732 0000000000000000 c05a342cb932dc3d 10 0 8
b 000000009ff39e11 0000000000000000 bbfe73c220000000 0 0 0
c 367b8ae1a3d6a732 0000000000000000 0000000000000000 18 0 0
0 6a08c9291697c75f 21f65c41a5bf26be 6a08c9291697c75f 10 0 0
1 6a08c9291697c75f 21f65c41a5bf26be 6a08c9291697c75f 10 0 0
2 6a08c9291697c75f 21f65c41a5bf26be 4c1151c16ea60ddf 10 0 0
3 6a08c9291697c75f 21f65c41a5bf26be 7ff0000000000000 14 0 0
4 6a08c9291697c75f 21f65c41a5bf26be 54fc29af4ea35b61 10 0 0
d 6a08c9291697c75f 21f65c41a5bf26be 0000000000000000 0 0 0
5 6a08c9291697c75f 0000000000000000 bfe0d0c4591872d5 10 0 8
6 6a08c9291697c75f 0000000000000000 3feb39c7e6502e67 10 0 8
7 6a08c9291697c75f 21f65c41a5bf26be 3ff921fb54442d18 10 0 8
9 6a08c9291697c75f 0000000000000000 407d2ecfce7b4d18 10 0 8
b 000000006c70074a 0000000000000000 458e00e940000000 0 0 0
c 6a08c9291697c75f 0000000000000000 000000007f800000 14 0 0
0 ffb751c6a47cfb21 5800130d1652599d ffb751c6a47cfb21 10 0 0
1 ffb751c6a47cfb21 5800130d1652599d ffb751c6a47cfb21 10 0 0
2 ffb751c6a47cfb21 5800130d1652599d fff0000000000000 14 0 0
3 ffb751c6a47cfb21 5800130d1652599d e7a736235e1e9243 10 0 0
4 ffb751c6a47cfb21 5800130d1652599d 7ff8000000000000 1 0 0
d ffb751c6a47cfb21 5800130d1652599d 0000000000000000 0 1 0
5 ffb751c6a47cfb21 0000000000000000 bfe535d4c9f1a298 10 0 8
6 ffb751c6a47cfb21 0000000000000000 bfe7f5fcaefd4fda 10 0 8
7 ffb751c6a47cfb21 5800130d1652599d bff921fb54442d18 10 0 8
9 7fb751c6a47cfb21 0000000000000000 40861b18367d4be0 10 0 8
b 00000000f15b328d 0000000000000000 c62b6651a0000000 0 0 0
c ffb751c6a47cfb21 0000000000000000 00000000ff800000 14 0 0
0 7651f808634b48a0 41b6fc6f59513d32 7651f808634b48a0 10 0 0
1 7651f808634b48a0 41b6fc6f59513d32 7651f808634b48a0 10 0 0
2 7651f808634b48a0 41b6fc6f59513d32 7819d08b19ac817b 10 0 0
3 7651f808634b48a0 41b6fc6f59513d32 748903ec4a4bdb0c 10 0 0
4 7651f808634b48a0 41b6fc6f59513d32 5b20f4b4e6e5c80a 10 0 0
d 7651f808634b48a0 41b6fc6f59513d32 0000000000000000 0 0 0
5 7651f808634b48a0 0000000000000000 3fe3251f1849ef8d 10 0 8
6 7651f808634b48a0 0000000000000000 bfe9a422a3cb28c6 10 0 8
7 7651f808634b48a0 41b6fc6f59513d32 3ff921fb54442d18 10 0 8
9 7651f808634b48a0 0000000000000000 4082d93b9895a6d7 10 0 8
b 00000000a01f0b69 0000000000000000 bc03e16d20000000 0 0 0
c 7651f808634b48a0 0000000000000000 000000007f800000 14 0 0
0 6f3371d020275bd4 a0ea713a37658ddc 6f3371d020275bd4 10 0 0
1 6f3371d020275bd4 a0ea713a37658ddc 6f3371d020275bd4 10 0 0
2 6f3371d020275bd4 a0ea713a37658ddc d030114661041303 10 0 0
3 6f3371d020275bd4 a0ea713a37658ddc fff0000000000000 14 0 0
4 6f3371d020275bd4 a0ea713a37658ddc 5791a36e7987b69a 10 0 0
d 6f3371d020275bd4 a0ea713a37658ddc 0000000000000000 0 0 0
5 6f3371d020275bd4 0000000000000000 bfca1c2832a1be98 10 0 8
6 6f3371d020275bd4 0000000000000000 bfef53c19fb71da4 10 0 8
7 6f3371d020275bd4 a0ea713a37658ddc 3ff921fb54442d18 10 0 8
9 6f3371d020275bd4 0000000000000000 408061b6c7c99088 10 0 8
b 000000005d1798d3 0000000000000000 43a2f31a60000000 0 0 0
c 6f3371d020275bd4 0000000000000000 000000007f800000 14 0 0
0 6fb85575c7ce383e 19f6f31a352fcad0 6fb85575c7ce383e 10 0 0
1 6fb85575c7ce383e 19f6f31a352fcad0 6fb85575c7ce383e 10 0 0
2 6fb85575c7ce383e 19f6f31a352fcad0 49c1739ddda4a1cf 10 0 0
3 6fb85575c7ce383e 19f6f31a352fcad0 7ff0000000000000 14 0 0
4 6fb85575c7ce383e 19f6f31a352fcad0 57d3bb52ccea0b4d 10 0 0
d 6fb85575c7ce383e 19f6f31a352fcad0 0000000000000000 0 0 0
5 6fb85575c7ce383e 0000000000000000 bfe5c788bd06a8f5 10 0 8
6 6fb85575c7ce383e 0000000000000000 bfe771db4cb4696e 10 0 8
7 6fb85575c7ce383e 19f6f31a352fcad0 3ff921fb54442d18 10 0 8
9 6fb85575c7ce383e 0000000000000000 40808fdeab1182de 10 0 8
b 0000000042c031aa 0000000000000000 4058063540000000 0 0 0
c 6fb85575c7ce383e 0000000000000000 000000007f800000 14 0 0
0 da5f29d0d3c3fa22 3c7a60417e3d7778 da5f29d0d3c3fa22 10 0 0
1 da5f29d0d3c3fa22 3c7a60417e3d7778 da5f29d0d3c3fa22 10 0 0
2 da5f29d0d3c3fa22 3c7a60417e3d7778 d6e9afb6e66b37a0 10 0 0
3 da5f29d0d3c3fa22 3c7a60417e3d7778 ddd2e7707fa13581 10 0 0
4 da5f29d0d3c3fa22 3c7a60417e3d7778 7ff8000000000000 1 0 0
d da5f29d0d3c3fa22 3c7a60417e3d7778 0000000000000000 0 1 0
5 da5f29d0d3c3fa22 0000000000000000 bfc0a6413e339349 10 0 8
6 da5f29d0d3c3fa22 0000000000000000 3fefba67492c71e2 10 0 8
7 da5f29d0d3c3fa22 3c7a60417e3d7778 bff921fb54442d18 10 0 8
9 5a5f29d0d3c3fa22 0000000000000000 407252cbd54c8c6c 10 0 8
b 00000000ca91fd31 0000000000000000 c1523fa620000000 0 0 0
c da5f29d0d3c3fa22 0000000000000000 00000000ff800000 14 0 0
0 53c352ea0a5fca85 92ed7342ac208d00 53c352ea0a5fca85 10 0 0
1 53c352ea0a5fca85 92ed7342ac208d00 53c352ea0a5fca85 10 0 0
2 53c352ea0a5fca85 92ed7342ac208d00 a6c1c8be55701f35 10 0 0
3 53c352ea0a5fca85 92ed7342ac208d00 fff0000000000000 14 0 0
4 53c352ea0a5fca85 92ed7342ac208d00 49d8ddef3778dff7 10 0 0
d 53c352ea0a5fca85 92ed7342ac208d00 0000000000000000 0 0 0
5 53c352ea0a5fca85 0000000000000000 3fef070a9d309b56 10 0 8
6 53c352ea0a5fca85 0000000000000000 3fcf50f03c10de27 10 0 8
7 53c352ea0a5fca85 92ed7342ac208d00 3ff921fb54442d18 10 0 8
9 53c352ea0a5fca85 0000000000000000 406b7d5339af52ae 10 0 8
b 000000000d9aabc0 0000000000000000 39b3557800000000 0 0 0
c 53c352ea0a5fca85 0000000000000000 000000007f800000 14 0 0
0 44b271915a8acef1 69c9043b6086531c 69c9043b6086531c 10 0 0
1 44b271915a8acef1 69c9043b6086531c e9c9043b6086531c 10 0 0
2 44b271915a8acef1 69c9043b6086531c 6e8cd653f3dbc2fa 10 0 0
3 44b271915a8acef1 69c9043b6086531c 1ad7979cf60b3e89 10 0 0
4 44b271915a8acef1 69c9043b6086531c 42512dacb0e1dd1b 10 0 0
d 44b271915a8acef1 69c9043b6086531c 0000000000000000 0 1 0
5 44b271915a8acef1 0000000000000000 3fd29451ab3ce910 10 0 8
6 44b271915a8acef1 0000000000000000 bfee9f35e3ad9596 10 0 8
7 44b271915a8acef1 69c9043b6086531c 1ad7979cf60b3e89 10 0 8
9 44b271915a8acef1 0000000000000000 404a6920dfc48dbd 10 0 8
b 00000000f6554bae 0000000000000000 c6caa975c0000000 0 0 0
c 44b271915a8acef1 0000000000000000 0000000065938c8b 10 0 0
0 bb3423fed634773b 42b45112da58de79 42b45112da58de79 10 0 0
1 bb3423fed634773b 42b45112da58de79 c2b45112da58de79 10 0 0
2 bb3423fed634773b 42b45112da58de79 bdf9930c8136fdcc 10 0 0
3 bb3423fed634773b 42b45112da58de79 b86fb8ffc9f4c38c 10 0 0
4 bb3423fed634773b 42b45112da58de79 7ff8000000000000 1 0 0
d bb3423fed634773b 42b45112da58de79 0000000000000000 0 1 0
5 bb3423fed634773b 0000000000000000 bb3423fed634773b 10 0 8
6 bb3423fed634773b 0000000000000000 3ff0000000000000 10 0 8
7 bb3423fed634773b 42b45112da58de79 b86fb8ffc9f4c38c 10 0 8
9 3b3423fed634773b 0000000000000000 c04a397a06645acb 10 0 8
b 00000000f36448f2 0000000000000000 c66c891e40000000 0 0 0
c bb3423fed634773b 0000000000000000 0000000099a11ff7 10 0 0
0 353c8c2f339ef013 5e003d7d6c5984ea 5e003d7d6c5984ea 10 0 0
1 353c8c2f339ef013 5e003d7d6c5984ea de003d7d6c5984ea 10 0 0
2 353c8c2f339ef013 5e003d7d6c5984ea 534cf9e5701678d9 10 0 0
3 353c8c2f339ef013 5e003d7d6c5984ea 172c20185d8605d3 10 0 0
4 353c8c2f339ef013 5e003d7d6c5984ea 3a955f3a12bc11d7 10 0 0
d 353c8c2f339ef013 5e003d7d6c5984ea 0000000000000000 0 1 0
5 353c8c2f339ef013 0000000000000000 353c8c2f339ef013 10 0 8
6 353c8c2f339ef013 0000000000000000 3ff0000000000000 10 0 8
7 353c8c2f339ef013 5e003d7d6c5984ea 172c20185d8605d3 10 0 8
9 353c8c2f339ef013 0000000000000000 c05da91bf3cce8f1 10 0 8
b 00000000c459bb88 0000000000000000 c08b377100000000 0 0 0
c 353c8c2f339ef013 0000000000000000 0000000000000000 18 0 0
0 9630819c466b113d add8c07b0f28a890 add8c07b0f28a890 10 0 0
1 9630819c466b113d add8c07b0f28a890 2dd8c07b0f28a890 10 0 0
2 9630819c466b113d add8c07b0f28a890 041988fcb0f27070 10 0 0
3 9630819c466b113d add8c07b0f28a890 2845570045b0001d 10 0 0
4 9630819c466b113d add8c07b0f28a890 7ff8000000000000 1 0 0
d 9630819c466b113d add8c07b0f28a890 0000000000000000 0 0 0
5 9630819c466b113d 0000000000000000 9630819c466b113d 10 0 8
6 9630819c466b113d 0000000000000000 3ff0000000000000 10 0 8
7 9630819c466b113d add8c07b0f28a890 c00921fb54442d18 10 0 8
9 1630819c466b113d 0000000000000000 c07cefdbce89953a 10 0 8
b 000000005d6e142d 0000000000000000 43adc285a0000000 0 0 0
c 9630819c466b113d 0000000000000000 0000000080000000 18 0 0
0 629480d8a370ca7f fdd19b6019027bfe fdd19b6019027bfe 10 0 0
1 629480d8a370ca7f fdd19b6019027bfe 7dd19b6019027bfe 10 0 0
2 629480d8a370ca7f fdd19b6019027bfe fff0000000000000 14 0 0
3 629480d8a370ca7f fdd19b6019027bfe a4b2a1cc85d7da84 10 0 0
4 629480d8a370ca7f fdd19b6019027bfe 51421cbb21bf2033 10 0 0
d 629480d8a370ca7f fdd19b6019027bfe 0000000000000000 0 0 0
5 629480d8a370ca7f 0000000000000000 3fc545a3143bf230 10 0 8
6 629480d8a370ca7f 0000000000000000 3fef8e154f3a7fd2 10 0 8
7 629480d8a370ca7f fdd19b6019027bfe 400921fb54442d18 10 0 8
9 629480d8a370ca7f 0000000000000000 407804064a0459e9 10 0 8
b 0000000099cf88c0 0000000000000000 bb39f11800000000 0 0 0
c 629480d8a370ca7f 0000000000000000 000000007f800000 14 0 0
0 722029cb94373aa7 1f1f81d60b83fec4 722029cb94373aa7 10 0 0
1 722029cb94373aa7 1f1f81d60b83fec4 722029cb94373aa7 10 0 0
2 722029cb94373aa7 1f1f81d60b83fec4 514fd423a32af0d5 10 0 0
3 722029cb94373aa7 1f1f81d60b83fec4 7ff0000000000000 14 0 0
4 722029cb94373aa7 1f1f81d60b83fec4 5906be18f16977fc 10 0 0
d 722029cb94373aa7 1f1f81d60b83fec4 0000000000000000 0 0 0
5 722029cb94373aa7 0000000000000000 bfeacab0ca8aea02 10 0 8
6 722029cb94373aa7 0000000000000000 bfe17fa559a7e825 10 0 8
7 722029cb94373aa7 1f1f81d60b83fec4 3ff921fb54442d18 10 0 8
9 722029cb94373aa7 0000000000000000 408164dbd420a2fa 10 0 8
b 00000000ff33d9c9 0000000000000000 c7e67b3920000000 0 0 0
c 722029cb94373aa7 0000000000000000 000000007f800000 14 0 0
0 055dc24c1f978406 0df1422d932aee17 0df1422d932aee17 10 0 0
1 055dc24c1f978406 0df1422d932aee17 8df1422d932aee17 10 0 0
2 055dc24c1f978406 0df1422d932aee17 0000000000000000 18 0 0
3 055dc24c1f978406 0df1422d932aee17 375b96c36cdfa356 10 0 0
4 055dc24c1f978406 0df1422d932aee17 22a5d21a59cbcc63 10 0 0
d 055dc24c1f978406 0df1422d932aee17 0000000000000000 0 1 0
5 055dc24c1f978406 0000000000000000 055dc24c1f978406 10 0 8
6 055dc24c1f978406 0000000000000000 3ff0000000000000 10 0 8
7 055dc24c1f978406 0df1422d932aee17 375b96c36cdfa356 10 0 8
9 055dc24c1f978406 0000000000000000 c0844c697fd517bd 10 0 8
b 0000000013e54503 0000000000000000 3a7ca8a060000000 0 0 0
c 055dc24c1f978406 0000000000000000 0000000000000000 18 0 0
0 d3ea6c81513a743c e80287a2a625e0f9 e80287a2a625e0f9 10 0 0
1 d3ea6c81513a743c e80287a2a625e0f9 680287a2a625e0f9 10 0 0
2 d3ea6c81513a743c e80287a2a625e0f9 7bfe9a119b80c288 10 0 0
3 d3ea6c81513a743c e80287a2a625e0f9 2bd6d0f74fd7bddd 10 0 0
4 d3ea6c81513a743c e80287a2a625e0f9 7ff8000000000000 1 0 0
d d3ea6c81513a743c e80287a2a625e0f9 0000000000000000 0 0 0
5 d3ea6c81513a743c 0000000000000000 bfedbc2798e7ba83 10 0 8
6 d3ea6c81513a743c 0000000000000000 3fd7a6688ae0b8e2 10 0 8
7 d3ea6c81513a743c e80287a2a625e0f9 c00921fb54442d18 10 0 8
9 53ea6c81513a743c 0000000000000000 406bb3b33b3663a2 10 0 8
b 000000005d637164 0000000000000000 43ac6e2c80000000 0 0 0
c d3ea6c81513a743c 0000000000000000 00000000ff800000 14 0 0
0 5ab2f0a39074ccf0 34b3c8a5f94e80b6 5ab2f0a39074ccf0 10 0 0
1 5ab2f0a39074ccf0 34b3c8a5f94e80b6 5ab2f0a39074ccf0 10 0 0
2 5ab2f0a39074ccf0 34b3c8a5f94e80b6 4f776b46b0cd0805 10 0 0
3 5ab2f0a39074ccf0 34b3c8a5f94e80b6 65eea29b928a9c71 10 0 0
4 5ab2f0a39074ccf0 34b3c8a5f94e80b6 4d51687573dc6def 10 0 0
d 5ab2f0a39074ccf0 34b3c8a5f94e80b6 0000000000000000 0 0 0
5 5ab2f0a39074ccf0 0000000000000000 3fd62a51eea626dd 10 0 8
6 5ab2f0a39074ccf0 0000000000000000 bfee0502b2becbb6 10 0 8
7 5ab2f0a39074ccf0 34b3c8a5f94e80b6 3ff921fb54442d18 10 0 8
9 5ab2f0a39074ccf0 0000000000000000 40728d5ef26f6e3c 10 0 8
b 000000000252d75a 0000000000000000 384a5aeb40000000 0 0 0
c 5ab2f0a39074ccf0 0000000000000000 000000007f800000 14 0 0
0 4f8edbc60a3c661d 590f2922394dd1d7 590f2922394dd1d7 10 0 0
1 4f8edbc60a3c661d 590f2922394dd1d7 d90f2922394dd1d7 10 0 0
2 4f8edbc60a3c661d 590f2922394dd1d7 68ae0c92706c8f21 10 0 0
3 4f8edbc60a3c661d 590f2922394dd1d7 366fb08e628ba97f 10 0 0
4 4f8edbc60a3c661d 590f2922394dd1d7 47bf6c8f5ae16afd 10 0 0
d 4f8edbc60a3c661d 590f2922394dd1d7 0000000000000000 0 1 0
5 4f8edbc60a3c661d 0000000000000000 bfefe023def480cc 10 0 8
6 4f8edbc60a3c661d 0000000000000000 3fb68e4cd1f1fbe1 10 0 8
7 4f8edbc60a3c661d 590f2922394dd1d7 366fb08e628ba97f 10 0 8
9 4f8edbc60a3c661d 0000000000000000 4065a803dc1e64bd 10 0 8
b 00000000ed997dec 0000000000000000 c5b32fbd80000000 0 0 0
c 4f8edbc60a3c661d 0000000000000000 000000007f800000 14 0 0
0 86b7033ebccefa96 101d60583ed1f433 101d60583ed1f433 10 0 0
1 86b7033ebccefa96 101d60583ed1f433 901d60583ed1f433 10 0 0
2 86b7033ebccefa96 101d60583ed1f433 8000000000000000 18 0 0
3 86b7033ebccefa96 101d60583ed1f433 b6891167100e8f90 10 0 0
4 86b7033ebccefa96 101d60583ed1f433 7ff8000000000000 1 0 0
d 86b7033ebccefa96 101d60583ed1f433 0000000000000000 0 1 0
5 86b7033ebccefa96 0000000000000000 86b7033ebccefa96 10 0 8
6 86b7033ebccefa96 0000000000000000 3ff0000000000000 10 0 8
7 86b7033ebccefa96 101d60583ed1f433 b6891167100e8f90 10 0 8
9 06b7033ebccefa96 0000000000000000 c083d47992379c57 10 0 8
b 000000000aa51718 0000000000000000 3954a2e300000000 0 0 0
c 86b7033ebccefa96 0000000000000000 0000000080000000 18 0 0
0 a08e245be4abbd79 f39e4b9b674beb4d f39e4b9b674beb4d 10 0 0
1 a08e245be4abbd79 f39e4b9b674beb4d 739e4b9b674beb4d 10 0 0
2 a08e245be4abbd79 f39e4b9b674beb4d 543c894dbf2a9a68 10 0 0
3 a08e245be4abbd79 f39e4b9b674beb4d 0000000000000000 18 0 0
4 a08e245be4abbd79 f39e4b9b674beb4d 7ff8000000000000 1 0 0
d a08e245be4abbd79 f39e4b9b674beb4d 0000000000000000 0 0 0
5 a08e245be4abbd79 0000000000000000 a08e245be4abbd79 10 0 8
6 a08e245be4abbd79 0000000000000000 3ff0000000000000 10 0 8
7 a08e245be4abbd79 f39e4b9b674beb4d c00921fb54442d18 10 0 8
9 208e245be4abbd79 0000000000000000 c075c050b10bc35b 10 0 8
b 000000005e6a8ddc 0000000000000000 43cd51bb80000000 0 0 0
c a08e245be4abbd79 0000000000000000 0000000080000000 18 0 0
0 f5f04cb470b0e267 f37ab73916257b17 f5f04cb470b0fd1e 10 0 0
1 f5f04cb470b0e267 f37ab73916257b17 f5f04cb470b0c7b0 10 0 0
2 f5f04cb470b0e267 f37ab73916257b17 7ff0000000000000 14 0 0
3 f5f04cb470b0e267 f37ab73916257b17 4263860d889e1cda 10 0 0
4 f5f04cb470b0e267 f37ab73916257b17 7ff8000000000000 1 0 0
d f5f04cb470b0e267 f37ab73916257b17 0000000000000000 0 1 0
5 f5f04cb470b0e267 0000000000000000 bfede2c7ec2b14aa 10 0 8
6 f5f04cb470b0e267 0000000000000000 bfd6e06b9d892d6f 10 0 8
7 f5f04cb470b0e267 f37ab73916257b17 bff921fb54444752 10 0 8
9 75f04cb470b0e267 0000000000000000 4082b72e868eb14d 10 0 8
b 0000000091bf3134 0000000000000000 ba37e62680000000 0 0 0
c f5f04cb470b0e267 0000000000000000 00000000ff800000 14 0 0
0 84a8d5f85ce4c493 4aae13a893b1af65 4aae13a893b1af65 10 0 0
1 84a8d5f85ce4c493 4aae13a893b1af65 caae13a893b1af65 10 0 0
2 84a8d5f85ce4c493 4aae13a893b1af65 8f6757dab8865c61 10 0 0
3 84a8d5f85ce4c493 4aae13a893b1af65 8000000000000000 18 0 0
4 84a8d5f85ce4c493 4aae13a893b1af65 7ff8000000000000 1 0 0
d 84a8d5f85ce4c493 4aae13a893b1af65 0000000000000000 0 1 0
5 84a8d5f85ce4c493 0000000000000000 84a8d5f85ce4c493 10 0 8
6 84a8d5f85ce4c493 0000000000000000 3ff0000000000000 10 0 8
7 84a8d5f85ce4c493 4aae13a893b1af65 8000000000000000 18 0 8
9 04a8d5f85ce4c493 0000000000000000 c0848adb1644e6cd 10 0 8
b 000000006df6d52b 0000000000000000 45bedaa560000000 0 0 0
c 84a8d5f85ce4c493 0000000000000000 0000000080000000 18 0 0
0 5d2e3ec2c4304499 58c35bc844f200b5 5d2e3ec2c4304499 10 0 0
1 5d2e3ec2c4304499 58c35bc844f200b5 5d2e3ec2c4304499 10 0 0
2 5d2e3ec2c4304499 58c35bc844f200b5 76024c0367c5f558 10 0 0
3 5d2e3ec2c4304499 58c35bc844f200b5 4458ff76abfbb420 10 0 0
4 5d2e3ec2c4304499 58c35bc844f200b5 4e8f1c36a7519bb3 10 0 0
d 5d2e3ec2c4304499 58c35bc844f200b5 0000000000000000 0 0 0
5 5d2e3ec2c4304499 0000000000000000 bfed4f5a4520e136 10 0 8
6 5d2e3ec2c4304499 0000000000000000 3fd9af46a59135e0 10 0 8
7 5d2e3ec2c4304499 58c35bc844f200b5 3ff921fb54442d18 10 0 8
9 5d2e3ec2c4304499 0000000000000000 4074456239a3d822 10 0 8
b 000000009870fa27 0000000000000000 bb0e1f44e0000000 0 0 0
c 5d2e3ec2c4304499 0000000000000000 000000007f800000 14 0 0
0 61bf6e1d03ed8c43 fed31b512a97c42d fed31b512a97c42d 10 0 0
1 61bf6e1d03ed8c43 fed31b512a97c42d 7ed31b512a97c42d 10 0 0
2 61bf6e1d03ed8c43 fed31b512a97c42d fff0000000000000 14 0 0
3 61bf6e1d03ed8c43 fed31b512a97c42d a2da51d5649d7795 10 0 0
4 61bf6e1d03ed8c43 fed31b512a97c42d 50d66cceee81f6a7 10 0 0
d 61bf6e1d03ed8c43 fed31b512a97c42d 0000000000000000 0 0 0
5 61bf6e1d03ed8c43 0000000000000000 3fca95bab6e93cb5 10 0 8
6 61bf6e1d03ed8c43 0000000000000000 bfef4d5d03c3c189 10 0 8
7 61bf6e1d03ed8c43 fed31b512a97c42d 400921fb54442d18 10 0 8
9 61bf6e1d03ed8c43 0000000000000000 40776f9830a753e6 10 0 8
b 000000009053a9a4 0000000000000000 ba0a753480000000 0 0 0
c 61bf6e1d03ed8c43 0000000000000000 000000007f800000 14 0 0
0 498c39f718e56b6e 0496c4ea5d76b70f 498c39f718e56b6e 10 0 0
1 498c39f718e56b6e 0496c4ea5d76b70f 498c39f718e56b6e 10 0 0
2 498c39f718e56b6e 0496c4ea5d76b70f 0e34158ba4e64a74 10 0 0
3 498c39f718e56b6e 0496c4ea5d76b70f 7ff0000000000000 14 0 0
4 498c39f718e56b6e 0496c4ea5d76b70f 44be0dd5ed98a513 10 0 0
d 498c39f718e56b6e 0496c4ea5d76b70f 0000000000000000 0 0 0
5 498c39f718e56b6e 0000000000000000 3fe521b13e989649 10 0 8
6 498c39f718e56b6e 0000000000000000 3fe807c15786f4e1 10 0 8
7 498c39f718e56b6e 0496c4ea5d76b70f 3ff921fb54442d18 10 0 8
9 498c39f718e56b6e 0000000000000000 405aa7a0c90ba452 10 0 8
b 00000000f9754a44 0000000000000000 c72ea94880000000 0 0 0
c 498c39f718e56b6e 0000000000000000 000000007f800000 14 0 0
0 5781a91a36f9d12b 974a5fe54a64a67e 5781a91a36f9d12b 10 0 0
1 5781a91a36f9d12b 974a5fe54a64a67e 5781a91a36f9d12b 10 0 0
2 5781a91a36f9d12b 974a5fe54a64a67e aedd1ca3bb60c3ef 10 0 0
3 5781a91a36f9d12b 974a5fe54a64a67e fff0000000000000 14 0 0
4 5781a91a36f9d12b 974a5fe54a64a67e 4bb7c5cae412f634 10 0 0
d 5781a91a36f9d12b 974a5fe54a64a67e 0000000000000000 0 0 0
5 5781a91a36f9d12b 0000000000000000 bfeda22f23df1d99 10 0 8
6 5781a91a36f9d12b 0000000000000000 3fd8276bce512ae2 10 0 8
7 5781a91a36f9d12b 974a5fe54a64a67e 3ff921fb54442d18 10 0 8
9 5781a91a36f9d12b 0000000000000000 407056a4ca5a6d24 10 0 8
b 000000000bca2c4b 0000000000000000 3979458960000000 0 0 0
c 5781a91a36f9d12b 0000000000000000 000000007f800000 14 0 0
0 862e062a9b87cebf 2853ed77ea59d6a9 2853ed77ea59d6a9 10 0 0
1 862e062a9b87cebf 2853ed77ea59d6a9 a853ed77ea59d6a9 10 0 0
2 862e062a9b87cebf 2853ed77ea59d6a9 8000000000000000 18 0 0
3 862e062a9b87cebf 2853ed77ea59d6a9 9dc81b450e1a3992 10 0 0
4 862e062a9b87cebf 2853ed77ea59d6a9 7ff8000000000000 1 0 0
d 862e062a9b87cebf 2853ed77ea59d6a9 0000000000000000 0 1 0
5 862e062a9b87cebf 0000000000000000 862e062a9b87cebf 10 0 8
6 862e062a9b87cebf 0000000000000000 3ff0000000000000 10 0 8
7 862e062a9b87cebf 2853ed77ea59d6a9 9dc81b450e1a3992 10 0 8
9 062e062a9b87cebf 0000000000000000 c0840440fc0e6e83 10 0 8
b 00000000c11f430f 0000000000000000 c023e861e0000000 0 0 0
c 862e062a9b87cebf 0000000000000000 0000000080000000 18 0 0
0 06a841b0dd56991f c0daba8566c07940 c0daba8566c07940 10 0 0
1 06a841b0dd56991f c0daba8566c07940 40daba8566c07940 10 0 0
2 06a841b0dd56991f c0daba8566c07940 879442c2a6c74583 10 0 0
3 06a841b0dd56991f c0daba8566c07940 85bd0a5d008b4f56 10 0 0
4 06a841b0dd56991f c0daba8566c07940 234bdc4e50748cc5 10 0 0
d 06a841b0dd56991f c0daba8566c07940 0000000000000000 0 0 0
5 06a841b0dd56991f 0000000000000000 06a841b0dd56991f 10 0 8
6 06a841b0dd56991f 0000000000000000 3ff0000000000000 10 0 8
7 06a841b0dd56991f c0daba8566c07940 400921fb54442d18 10 0 8
9 06a841b0dd56991f 0000000000000000 c083d999527a4123 10 0 8
b 0000000054e1fb34 0000000000000000 429c3f6680000000 0 0 0
c 06a841b0dd56991f 0000000000000000 0000000000000000 18 0 0
0 1b6e9017e4ee8081 ab29e53e6643b1d9 ab29e53e6643b1d9 10 0 0
1 1b6e9017e4ee8081 ab29e53e6643b1d9 2b29e53e6643b1d9 10 0 0
2 1b6e9017e4ee8081 ab29e53e6643b1d9 86a8bb856eb2de73 10 0 0
3 1b6e9017e4ee8081 ab29e53e6643b1d9 b032e2427fd01f78 10 0 0
4 1b6e9017e4ee8081 ab29e53e6643b1d9 2daf45eeffa0915b 10 0 0
d 1b6e9017e4ee8081 ab29e53e6643b1d9 0000000000000000 0 0 0
5 1b6e9017e4ee8081 0000000000000000 1b6e9017e4ee8081 10 0 8
6 1b6e9017e4ee8081 0000000000000000 3ff0000000000000 10 0 8
7 1b6e9017e4ee8081 ab29e53e6643b1d9 400921fb54442d18 10 0 8
9 1b6e9017e4ee8081 0000000000000000 c0794d80a11deeb6 10 0 8
b 000000001f6ba545 0000000000000000 3bed74a8a0000000 0 0 0
c 1b6e9017e4ee8081 0000000000000000 0000000000000000 18 0 0
0 13a52424531e0934 d520c5287d31deaa d520c5287d31deaa 10 0 0
1 13a52424531e0934 d520c5287d31deaa 5520c5287d31deaa 10 0 0
2 13a52424531e0934 d520c5287d31deaa a8d628a6d2247b7f 10 0 0
3 13a52424531e0934 d520c5287d31deaa 80000000050ae621 18 0 0
4 13a52424531e0934 d520c5287d31deaa 29ca028c61f26cbc 10 0 0
d 13a52424531e0934 d520c5287d31deaa 0000000000000000 0 0 0
5 13a52424531e0934 0000000000000000 13a52424531e0934 10 0 8
6 13a52424531e0934 0000000000000000 3ff0000000000000 10 0 8
7 13a52424531e0934 d520c5287d31deaa 400921fb54442d18 10 0 8
9 13a52424531e0934 0000000000000000 c07eb29a7d1dc97c 10 0 8
b 000000009a7306d8 0000000000000000 bb4e60db00000000 0 0 0
c 13a52424531e0934 0000000000000000 0000000000000000 18 0 0
0 afa70a0c9233029f be73ee4fb4f79dd2 be73ee4fb4f79dd2 10 0 0
1 afa70a0c9233029f be73ee4fb4f79dd2 3e73ee4fb4f79dd2 10 0 0
2 afa70a0c9233029f be73ee4fb4f79dd2 2e2cb3172ecef78f 10 0 0
3 afa70a0c9233029f be73ee4fb4f79dd2 31227ecc106a917f 10 0 0
4 afa70a0c9233029f be73ee4fb4f79dd2 7ff8000000000000 1 0 0
d afa70a0c9233029f be73ee4fb4f79dd2 0000000000000000 0 0 0
5 afa70a0c9233029f 0000000000000000 afa70a0c9233029f 10 0 8
6 afa70a0c9233029f 0000000000000000 3ff0000000000000 10 0 8
7 afa70a0c9233029f be73ee4fb4f79dd2 c00921fb54442d18 10 0 8
9 2fa70a0c9233029f 0000000000000000 c066917f69cc0f77 10 0 8
b 00000000aef230f4 0000000000000000 bdde461e80000000 0 0 0
c afa70a0c9233029f 0000000000000000 0000000080000000 18 0 0
0 f57454c282694db4 d02c933b0b3191de f57454c282694db4 10 0 0
1 f57454c282694db4 d02c933b0b3191de f57454c282694db4 10 0 0
2 f57454c282694db4 d02c933b0b3191de 7ff0000000000000 14 0 0
3 f57454c282694db4 d02c933b0b3191de 6536c493f73025d8 10 0 0
4 f57454c282694db4 d02c933b0b3191de 7ff8000000000000 1 0 0
d f57454c282694db4 d02c933b0b3191de 0000000000000000 0 1 0
5 f57454c282694db4 0000000000000000 3fe987031043b09d 10 0 8
6 f57454c282694db4 0000000000000000 3fe34be30bed5af0 10 0 8
7 f57454c282694db4 d02c933b0b3191de bff921fb54442d18 10 0 8
9 757454c282694db4 0000000000000000 40828c96a0f9e3e3 10 0 8
b 000000001843e63b 0000000000000000 3b087cc760000000 0 0 0
c f57454c282694db4 0000000000000000 00000000ff800000 14 0 0
0 f4123b59dc511e45 0ca1f0a9642df793 f4123b59dc511e45 10 0 0
1 f4123b59dc511e45 0ca1f0a9642df793 f4123b59dc511e45 10 0 0
2 f4123b59dc511e45 0ca1f0a9642df793 c0c4714ac30b6ab2 10 0 0
3 f4123b59dc511e45 0ca1f0a9642df793 fff0000000000000 14 0 0
4 f4123b59dc511e45 0ca1f0a9642df793 7ff8000000000000 1 0 0
d f4123b59dc511e45 0ca1f0a9642df793 0000000000000000 0 1 0
5 f4123b59dc511e45 0000000000000000 bfe9a5bd2083e807 10 0 8
6 f4123b59dc511e45 0000000000000000 3fe322f922eae6ef 10 0 8
7 f4123b59dc511e45 0ca1f0a9642df793 bff921fb54442d18 10 0 8
9 74123b59dc511e45 0000000000000000 408211b8fe9ba42e 10 0 8
b 000000008120a57c 0000000000000000 b82414af80000000 0 0 0
c f4123b59dc511e45 0000000000000000 00000000ff800000 14 0 0
0 246298db9841af87 1b9232bfe57a77fd 246298db9841af87 10 0 0
1 246298db9841af87 1b9232bfe57a77fd 246298db9841af87 10 0 0
2 246298db9841af87 1b9232bfe57a77fd 000a9379e27e9e21 18 0 0
3 246298db9841af87 1b9232bfe57a77fd 48c059c62d20c99b 10 0 0
4 246298db9841af87 1b9232bfe57a77fd 32286512e5f1ff30 10 0 0
d 246298db9841af87 1b9232bfe57a77fd 0000000000000000 0 0 0
5 246298db9841af87 0000000000000000 246298db9841af87 10 0 8
6 246298db9841af87 0000000000000000 3ff0000000000000 10 0 8
7 246298db9841af87 1b9232bfe57a77fd 3ff921fb54442d18 10 0 8
9 246298db9841af87 0000000000000000 c073187098fde085 10 0 8
b 00000000db35c5df 0000000000000000 c366b8bbe0000000 0 0 0
c 246298db9841af87 0000000000000000 0000000000000000 18 0 0
0 124c971895553eaf 62983a0fdee4f483 62983a0fdee4f483 10 0 0
1 124c971895553eaf 62983a0fdee4f483 e2983a0fdee4f483 10 0 0
2 124c971895553eaf 62983a0fdee4f483 34f5a5327a86e915 10 0 0
3 124c971895553eaf 62983a0fdee4f483 0000000000000000 18 0 0
4 124c971895553eaf 62983a0fdee4f483 291e3f41e2de06ae 10 0 0
d 124c971895553eaf 62983a0fdee4f483 0000000000000000 0 1 0
5 124c971895553eaf 0000000000000000 124c971895553eaf 10 0 8
6 124c971895553eaf 0000000000000000 3ff0000000000000 10 0 8
7 124c971895553eaf 62983a0fdee4f483 0000000000000000 18 0 8
9 124c971895553eaf 0000000000000000 c07fa1c305e6ce47 10 0 8
b 000000004ee22399 0000000000000000 41dc447320000000 0 0 0
c 124c971895553eaf 0000000000000000 0000000000000000 18 0 0
0 58b1dcf106d661a6 96ba5e3772e6c1a9 58b1dcf106d661a6 10 0 0
1 58b1dcf106d661a6 96ba5e3772e6c1a9 58b1dcf106d661a6 10 0 0
2 58b1dcf106d661a6 96ba5e3772e6c1a9 af7d70379ae8e73c 10 0 0
3 58b1dcf106d661a6 96ba5e3772e6c1a9 fff0000000000000 14 0 0
4 58b1dcf106d661a6 96ba5e3772e6c1a9 4c50e7e7e1191693 10 0 0
d 58b1dcf106d661a6 96ba5e3772e6c1a9 0000000000000000 0 0 0
5 58b1dcf106d661a6 0000000000000000 bfd81338e916bea7 10 0 8
6 58b1dcf106d661a6 0000000000000000 3feda64ad203ed9e 10 0 8
7 58b1dcf106d661a6 96ba5e3772e6c1a9 3ff921fb54442d18 10 0 8
9 58b1dcf106d661a6 0000000000000000 4071298af96aa4a5 10 0 8
b 00000000f0a52cc0 0000000000000000 c614a59800000000 0 0 0
c 58b1dcf106d661a6 0000000000000000 000000007f800000 14 0 0
0 f29dcd9e2eeb2929 320bb50ed1e0bc3b f29dcd9e2eeb2929 10 0 0
1 f29dcd9e2eeb2929 320bb50ed1e0bc3b f29dcd9e2eeb2929 10 0 0
2 f29dcd9e2eeb2929 320bb50ed1e0bc3b e4b9ce1e4bbd4127 10 0 0
3 f29dcd9e2eeb2929 320bb50ed1e0bc3b fff0000000000000 14 0 0
4 f29dcd9e2eeb2929 320bb50ed1e0bc3b 7ff8000000000000 1 0 0
d f29dcd9e2eeb2929 320bb50ed1e0bc3b 0000000000000000 0 1 0
5 f29dcd9e2eeb2929 0000000000000000 3fef681db390c5ce 10 0 8
6 f29dcd9e2eeb2929 0000000000000000 bfc888a2841fd1fa 10 0 8
7 f29dcd9e2eeb2929 320bb50ed1e0bc3b bff921fb54442d18 10 0 8
9 729dcd9e2eeb2929 0000000000000000 40819091e7eb44c7 10 0 8
b 000000000a905e08 0000000000000000 39520bc100000000 0 0 0
c f29dcd9e2eeb2929 0000000000000000 00000000ff800000 14 0 0
0 2b7a8aa03ff84157 cd85ed7e7568b80b cd85ed7e7568b80b 10 0 0
1 2b7a8aa03ff84157 cd85ed7e7568b80b 4d85ed7e7568b80b 10 0 0
2 2b7a8aa03ff84157 cd85ed7e7568b80b b9122ff4c00d627f 10 0 0
3 2b7a8aa03ff84157 cd85ed7e7568b80b 9de35dd643e06cf1 10 0 0
4 2b7a8aa03ff84157 cd85ed7e7568b80b 35b49b7d46c3558a 10 0 0
d 2b7a8aa03ff84157 cd85ed7e7568b80b 0000000000000000 0 0 0
5 2b7a8aa03ff84157 0000000000000000 2b7a8aa03ff84157 10 0 8
6 2b7a8aa03ff84157 0000000000000000 3ff0000000000000 10 0 8
7 2b7a8aa03ff84157 cd85ed7e7568b80b 400921fb54442d18 10 0 8
9 2b7a8aa03ff84157 0000000000000000 c06c5b13b1c85a1e 10 0 8
b 000000002f54cedf 0000000000000000 3dea99dbe0000000 0 0 0
c 2b7a8aa03ff84157 0000000000000000 0000000000000000 18 0 0
0 6761c698a9efc161 69baf980e7d6ba65 69baf980e7d7489a 10 0 0
1 6761c698a9efc161 69baf980e7d6ba65 e9baf980e7d62c30 10 0 0
2 6761c698a9efc161 69baf980e7d6ba65 7ff0000000000000 14 0 0
3 6761c698a9efc161 69baf980e7d6ba65 3d95165f8a26e28c 10 0 0
4 6761c698a9efc161 69baf980e7d6ba65 53a7d99c6820bb0f 10 0 0
d 6761c698a9efc161 69baf980e7d6ba65 0000000000000000 0 1 0
5 6761c698a9efc161 0000000000000000 bfeaeb68c3109aa3 10 0 8
6 6761c698a9efc161 0000000000000000 3fe14d259fc3b2bc 10 0 8
7 6761c698a9efc161 69baf980e7d6ba65 3d95165f8a26e28c 10 0 8
9 6761c698a9efc161 0000000000000000 407b57b2a923799b 10 0 8
b 0000000023da4728 0000000000000000 3c7b48e500000000 0 0 0
c 6761c698a9efc161 0000000000000000 000000007f800000 14 0 0
0 0cd124572321df3a 0014f8797c696974 0cd124572321df3a 10 0 0
1 0cd124572321df3a 0014f8797c696974 0cd124572321df3a 10 0 0
2 0cd124572321df3a 0014f8797c696974 0000000000000000 18 0 0
3 0cd124572321df3a 0014f8797c696974 4caa285e5c024269 10 0 0
4 0cd124572321df3a 0014f8797c696974 26608fa6b441747d 10 0 0
d 0cd124572321df3a 0014f8797c696974 0000000000000000 0 0 0
5 0cd124572321df3a 0000000000000000 0cd124572321df3a 10 0 8
6 0cd124572321df3a 0000000000000000 3ff0000000000000 10 0 8
7 0cd124572321df3a 0014f8797c696974 3ff921fb54442d18 10 0 8
9 0cd124572321df3a 0000000000000000 c081b7675426e2e1 10 0 8
b 0000000079bffb37 0000000000000000 4737ff66e0000000 0 0 0
c 0cd124572321df3a 0000000000000000 0000000000000000 18 0 0
0 5df2533be53226d1 9ce2928518f8ee5c 5df2533be53226d1 10 0 0
1 5df2533be53226d1 9ce2928518f8ee5c 5df2533be53226d1 10 0 0
2 5df2533be53226d1 9ce2928518f8ee5c bae5457354dfab76 10 0 0
3 5df2533be53226d1 9ce2928518f8ee5c fff0000000000000 14 0 0
4 5df2533be53226d1 9ce2928518f8ee5c 4ef11f867c12594c 10 0 0
d 5df2533be53226d1 9ce2928518f8ee5c 0000000000000000 0 0 0
5 5df2533be53226d1 0000000000000000 3fe4581f7c6f632c 10 0 8
6 5df2533be53226d1 0000000000000000 bfe8b350c484a8aa 10 0 8
7 5df2533be53226d1 9ce2928518f8ee5c 3ff921fb54442d18 10 0 8
9 5df2533be53226d1 0000000000000000 4074cd8a92d49617 10 0 8
b 00000000a35ef465 0000000000000000 bc6bde8ca0000000 0 0 0
c 5df2533be53226d1 0000000000000000 000000007f800000 14 0 0
0 c79f3b0c3f2bc513 b6b95c373ac1a7a8 c79f3b0c3f2bc513 10 0 0
1 c79f3b0c3f2bc513 b6b95c373ac1a7a8 c79f3b0c3f2bc513 10 0 0
2 c79f3b0c3f2bc513 b6b95c373ac1a7a8 3e68c0213b64e255 10 0 0
3 c79f3b0c3f2bc513 b6b95c373ac1a7a8 50d3b426a22d6338 10 0 0
4 c79f3b0c3f2bc513 b6b95c373ac1a7a8 7ff8000000000000 1 0 0
d c79f3b0c3f2bc513 b6b95c373ac1a7a8 0000000000000000 0 1 0
5 c79f3b0c3f2bc513 0000000000000000 bfd9a364759d3b8f 10 0 8
6 c79f3b0c3f2bc513 0000000000000000 3fed51f4074c4e9c 10 0 8
7 c79f3b0c3f2bc513 b6b95c373ac1a7a8 bff921fb54442d18 10 0 8
9 479f3b0c3f2bc513 0000000000000000 40554ee5a9884963 10 0 8
b 00000000c8a0b6f2 0000000000000000 c11416de40000000 0 0 0
c c79f3b0c3f2bc513 0000000000000000 00000000fcf9d862 10 0 0
0 11ada06d11aa051d 70383eb98a0b8c8e 70383eb98a0b8c8e 10 0 0
1 11ada06d11aa051d 70383eb98a0b8c8e f0383eb98a0b8c8e 10 0 0
2 11ada06d11aa051d 70383eb98a0b8c8e 41f6726467d6d302 10 0 0
3 11ada06d11aa051d 70383eb98a0b8c8e 0000000000000000 18 0 0
4 11ada06d11aa051d 70383eb98a0b8c8e 28ceca5c781aed3a 10 0 0
d 11ada06d11aa051d 70383eb98a0b8c8e 0000000000000000 0 1 0
5 11ada06d11aa051d 0000000000000000 11ada06d11aa051d 10 0 8
6 11ada06d11aa051d 0000000000000000 3ff0000000000000 10 0 8
7 11ada06d11aa051d 70383eb98a0b8c8e 0000000000000000 18 0 8
9 11ada06d11aa051d 0000000000000000 c080080c3c7c419e 10 0 8
b 0000000088dc1923 0000000000000000 b91b832460000000 0 0 0
c 11ada06d11aa051d 0000000000000000 0000000000000000 18 0 0
0 74f7e73f8a1825d7 5af2d24617f8517b 74f7e73f8a1825d7 10 0 0
1 74f7e73f8a1825d7 5af2d24617f8517b 74f7e73f8a1825d7 10 0 0
2 74f7e73f8a1825d7 5af2d24617f8517b 7ff0000000000000 14 0 0
3 74f7e73f8a1825d7 5af2d24617f8517b 59f451f453d366a4 10 0 0
4 74f7e73f8a1825d7 5af2d24617f8517b 5a738e709e5308f9 10 0 0
d 74f7e73f8a1825d7 5af2d24617f8517b 0000000000000000 0 0 0
5 74f7e73f8a1825d7 0000000000000000 3fe3aa83a65ec4c8 10 0 8
6 74f7e73f8a1825d7 0000000000000000 3fe93e64beaa581f 10 0 8
7 74f7e73f8a1825d7 5af2d24617f8517b 3ff921fb54442d18 10 0 8
9 74f7e73f8a1825d7 0000000000000000 408261859b396afd 10 0 8
b 00000000a730cd90 0000000000000000 bce619b200000000 0 0 0
c 74f7e73f8a1825d7 0000000000000000 000000007f800000 14 0 0
0 6ed0c8f18e14b1d6 1de1c5e18ee31eaf 6ed0c8f18e14b1d6 10 0 0
1 6ed0c8f18e14b1d6 1de1c5e18ee31eaf 6ed0c8f18e14b1d6 10 0 0
2 6ed0c8f18e14b1d6 1de1c5e18ee31eaf 4cc2a51764c5dca4 10 0 0
3 6ed0c8f18e14b1d6 1de1c5e18ee31eaf 7ff0000000000000 14 0 0
4 6ed0c8f18e14b1d6 1de1c5e18ee31eaf 57606344d492fe70 10 0 0
d 6ed0c8f18e14b1d6 1de1c5e18ee31eaf 0000000000000000 0 0 0
5 6ed0c8f18e14b1d6 0000000000000000 bfd69a4c60c28e16 10 0 8
6 6ed0c8f18e14b1d6 0000000000000000 3fedf01ba7a594d6 10 0 8
7 6ed0c8f18e14b1d6 1de1c5e18ee31eaf 3ff921fb54442d18 10 0 8
9 6ed0c8f18e14b1d6 0000000000000000 40803f4427856618 10 0 8
b 000000004be78eb4 0000000000000000 417cf1d680000000 0 0 0
c 6ed0c8f18e14b1d6 0000000000000000 000000007f800000 14 0 0
0 fc1b262c8303a223 1fb08980de9156c0 fc1b262c8303a223 10 0 0
1 fc1b262c8303a223 1fb08980de9156c0 fc1b262c8303a223 10 0 0
2 fc1b262c8303a223 1fb08980de9156c0 dbdc0f7e0b31d01d 10 0 0
3 fc1b262c8303a223 1fb08980de9156c0 fff0000000000000 14 0 0
4 fc1b262c8303a223 1fb08980de9156c0 7ff8000000000000 1 0 0
d fc1b262c8303a223 1fb08980de9156c0 0000000000000000 0 1 0
5 fc1b262c8303a223 0000000000000000 bfed0b4df3b1bd9b 10 0 8
6 fc1b262c8303a223 0000000000000000 3fdadd882598162e 10 0 8
7 fc1b262c8303a223 1fb08980de9156c0 bff921fb54442d18 10 0 8
9 7c1b262c8303a223 0000000000000000 4084dab0d4dacb45 10 0 8
b 000000007d6cb064 0000000000000000 47ad960c80000000 0 0 0
c fc1b262c8303a223 0000000000000000 00000000ff800000 14 0 0
0 8768ff5488c451b5 5cace94cf124384e 5cace94cf124384e 10 0 0
1 8768ff5488c451b5 5cace94cf124384e dcace94cf124384e 10 0 0
2 8768ff5488c451b5 5cace94cf124384e a42695a931f7a1a4 10 0 0
3 8768ff5488c451b5 5cace94cf124384e 8000000000000000 18 0 0
4 8768ff5488c451b5 5cace94cf124384e 7ff8000000000000 1 0 0
d 8768ff5488c451b5 5cace94cf124384e 0000000000000000 0 1 0
5 8768ff5488c451b5 0000000000000000 8768ff5488c451b5 10 0 8
6 8768ff5488c451b5 0000000000000000 3ff0000000000000 10 0 8
7 8768ff5488c451b5 5cace94cf124384e 8000000000000000 18 0 8
9 0768ff5488c451b5 0000000000000000 c08396d0edbee80d 10 0 8
b 00000000b395a858 0000000000000000 be72b50b00000000 0 0 0
c 8768ff5488c451b5 0000000000000000 0000000080000000 18 0 0
0 d54bc9f722da866d 30f4f3a67e8cf826 d54bc9f722da866d 10 0 0
1 d54bc9f722da866d 30f4f3a67e8cf826 d54bc9f722da866d 10 0 0
2 d54bc9f722da866d 30f4f3a67e8cf826 c65231d0b810ec6f 10 0 0
3 d54bc9f722da866d 30f4f3a67e8cf826 e44538a4d33c3ab2 10 0 0
4 d54bc9f722da866d 30f4f3a67e8cf826 7ff8000000000000 1 0 0
d d54bc9f722da866d 30f4f3a67e8cf826 0000000000000000 0 1 0
5 d54bc9f722da866d 0000000000000000 3fe56ab5f0d7d761 10 0 8
6 d54bc9f722da866d 0000000000000000 3fe7c6c4a9c900aa 10 0 8
7 d54bc9f722da866d 30f4f3a67e8cf826 bff921fb54442d18 10 0 8
9 554bc9f722da866d 0000000000000000 406d9d49a021c1e6 10 0 8
b 00000000d08154a2 0000000000000000 c2102a9440000000 0 0 0
c d54bc9f722da866d 0000000000000000 00000000ff800000 14 0 0
0 b8b85ca8d68da2fe 38982177aa6d3aac b8b2544aebf25453 0 0 0
1 b8b85ca8d68da2fe 38982177aa6d3aac b8be6506c128f1a9 0 0 0
2 b8b85ca8d68da2fe 38982177aa6d3aac b1625ef9495ac36b 10 0 0
3 b8b85ca8d68da2fe 38982177aa6d3aac c010273f62926a89 10 0 0
4 b8b85ca8d68da2fe 38982177aa6d3aac 7ff8000000000000 1 0 0
d b8b85ca8d68da2fe 38982177aa6d3aac 0000000000000000 0 1 0
5 b8b85ca8d68da2fe 0000000000000000 b8b85ca8d68da2fe 10 0 8
6 b8b85ca8d68da2fe 0000000000000000 3ff0000000000000 10 0 8
7 b8b85ca8d68da2fe 38982177aa6d3aac bff53fb38a2982c0 10 0 8
9 38b85ca8d68da2fe 0000000000000000 c053ff0453d38847 10 0 8
b 00000000aa2f3a30 0000000000000000 bd45e74600000000 0 0 0
c b8b85ca8d68da2fe 0000000000000000 0000000085c2e547 10 0 0
0 e04a8c048880c8c1 a28ca1ade19a44d1 e04a8c048880c8c1 10 0 0
1 e04a8c048880c8c1 a28ca1ade19a44d1 e04a8c048880c8c1 10 0 0
2 e04a8c048880c8c1 a28ca1ade19a44d1 42e7c0a4ae607460 10 0 0
3 e04a8c048880c8c1 a28ca1ade19a44d1 7dadab8deb3c42e8 10 0 0
4 e04a8c048880c8c1 a28ca1ade19a44d1 7ff8000000000000 1 0 0
d e04a8c048880c8c1 a28ca1ade19a44d1 0000000000000000 0 1 0
5 e04a8c048880c8c1 0000000000000000 bfef6070e285e2f5 10 0 8
6 e04a8c048880c8c1 0000000000000000 bfc923d850094979 10 0 8
7 e04a8c048880c8c1 a28ca1ade19a44d1 bff921fb54442d18 10 0 8
9 604a8c048880c8c1 0000000000000000 40766dd08fad58a3 10 0 8
b 0000000089063a71 0000000000000000 b920c74e20000000 0 0 0
c e04a8c048880c8c1 0000000000000000 00000000ff800000 14 0 0
0 874f97f5c390a88d 06ad1a6d19fdfb3d 874f90af284a290e 10 0 0
1 874f97f5c390a88d 06ad1a6d19fdfb3d 874f9f3c5ed7280c 10 0 0
2 874f97f5c390a88d 06ad1a6d19fdfb3d 8000000000000000 18 0 0
3 874f97f5c390a88d 06ad1a6d19fdfb3d c0915e7ec54b9f36 10 0 0
4 874f97f5c390a88d 06ad1a6d19fdfb3d 7ff8000000000000 1 0 0
d 874f97f5c390a88d 06ad1a6d19fdfb3d 0000000000000000 0 1 0
5 874f97f5c390a88d 0000000000000000 874f97f5c390a88d 10 0 8
6 874f97f5c390a88d 0000000000000000 3ff0000000000000 10 0 8
7 874f97f5c390a88d 06ad1a6d19fdfb3d bff91e4c0bd8495e 10 0 8
9 074f97f5c390a88d 0000000000000000 c083a00873cc5916 10 0 8
b 0000000075db0670 0000000000000000 46bb60ce00000000 0 0 0
c 874f97f5c390a88d 0000000000000000 0000000080000000 18 0 0
0 b7b493ba9dbbea3b ff63b2e5aed5993a ff63b2e5aed5993a 10 0 0
1 b7b493ba9dbbea3b ff63b2e5aed5993a 7f63b2e5aed5993a 10 0 0
2 b7b493ba9dbbea3b ff63b2e5aed5993a 772955807aa2236c 10 0 0
3 b7b493ba9dbbea3b ff63b2e5aed5993a 0000000000000000 18 0 0
4 b7b493ba9dbbea3b ff63b2e5aed5993a 7ff8000000000000 1 0 0
d b7b493ba9dbbea3b ff63b2e5aed5993a 0000000000000000 0 0 0
b 00000000a3a82fa3 0000000000000000 bc7505f460000000 0 0 0
c b7b493ba9dbbea3b 0000000000000000 0000000080029277 18 0 0
0 6ddf8d2d13360110 b1997bda42ace1cb 6ddf8d2d13360110 10 0 0
1 6ddf8d2d13360110 b1997bda42ace1cb 6ddf8d2d13360110 10 0 0
2 6ddf8d2d13360110 b1997bda42ace1cb df8920690fc4bdb3 10 0 0
3 6ddf8d2d13360110 b1997bda42ace1cb fc33cf410339e18f 10 0 0
4 6ddf8d2d13360110 b1997bda42ace1cb 56e677e10ccf44f4 10 0 0
d 6ddf8d2d13360110 b1997bda42ace1cb 0000000000000000 0 0 0
b 000000000c283ea1 0000000000000000 398507d420000000 0 0 0
c 6ddf8d2d13360110 0000000000000000 000000007f800000 14 0 0
0 747f70bfd7736ceb e724621c079d224f 747f70bfd7736ceb 10 0 0
1 747f70bfd7736ceb e724621c079d224f 747f70bfd7736ceb 10 0 0
2 747f70bfd7736ceb e724621c079d224f fff0000000000000 14 0 0
3 747f70bfd7736ceb e724621c079d224f cd48adef672e6959 10 0 0
4 747f70bfd7736ceb e724621c079d224f 5a366dbfa6fd48d0 10 0 0
d 747f70bfd7736ceb e724621c079d224f 0000000000000000 0 0 0
b 00000000d946e705 0000000000000000 c328dce0a0000000 0 0 0
c 747f70bfd7736ceb 0000000000000000 000000007f800000 14 0 0
0 b16eff16bf0d0250 f7a6b3931b4cac59 f7a6b3931b4cac59 10 0 0
1 b16eff16bf0d0250 f7a6b3931b4cac59 77a6b3931b4cac59 10 0 0
2 b16eff16bf0d0250 f7a6b3931b4cac59 6925fd5108d79ff8 10 0 0
3 b16eff16bf0d0250 f7a6b3931b4cac59 0000000000000000 18 0 0
4 b16eff16bf0d0250 f7a6b3931b4cac59 7ff8000000000000 1 0 0
d b16eff16bf0d0250 f7a6b3931b4cac59 0000000000000000 0 0 0
b 00000000563eac7a 0000000000000000 42c7d58f40000000 0 0 0
c b16eff16bf0d0250 0000000000000000 0000000080000000 18 0 0
0 f58419e2a1b4357e c46738934ddc6c09 f58419e2a1b4357e 10 0 0
1 f58419e2a1b4357e c46738934ddc6c09 f58419e2a1b4357e 10 0 0
2 f58419e2a1b4357e c46738934ddc6c09 79fd2c49714caf98 10 0 0
3 f58419e2a1b4357e c46738934ddc6c09 710bb35ac7b12e03 10 0 0
4 f58419e2a1b4357e c46738934ddc6c09 7ff8000000000000 1 0 0
d f58419e2a1b4357e c46738934ddc6c09 0000000000000000 0 1 0
b 00000000cbf8a8c7 0000000000000000 c17f1518e0000000 0 0 0
c f58419e2a1b4357e 0000000000000000 00000000ff800000 14 0 0
0 02e4d1578101db30 f6974663d53e008e f6974663d53e008e 10 0 0
1 02e4d1578101db30 f6974663d53e008e 76974663d53e008e 10 0 0
2 02e4d1578101db30 f6974663d53e008e b98e48838d080a41 10 0 0
3 02e4d1578101db30 f6974663d53e008e 8000000000000000 18 0 0
4 02e4d1578101db30 f6974663d53e008e 2169cf6aebba2a5d 10 0 0
d 02e4d1578101db30 f6974663d53e008e 0000000000000000 0 0 0
b 00000000b0d68939 0000000000000000 be1ad12720000000 0 0 0
c 02e4d1578101db30 0000000000000000 0000000000000000 18 0 0
0 5fc2a1e1742e07de 2e662b348b1b0834 5fc2a1e1742e07de 10 0 0
1 5fc2a1e1742e07de 2e662b348b1b0834 5fc2a1e1742e07de 10 0 0
2 5fc2a1e1742e07de 2e662b348b1b0834 4e39d0e63dc21177 10 0 0
3 5fc2a1e1742e07de 2e662b348b1b0834 714ae53076d92eb5 10 0 0
4 5fc2a1e1742e07de 2e662b348b1b0834 4fd86afd2a182e8d 10 0 0
d 5fc2a1e1742e07de 2e662b348b1b0834 0000000000000000 0 0 0
b 00000000a9a25a7a 0000000000000000 bd344b4f40000000 0 0 0
c 5fc2a1e1742e07de 0000000000000000 000000007f800000 14 0 0
0 bf400a8c7c2b6504 01f64561e21a384c bf400a8c7c2b6504 10 0 0
1 bf400a8c7c2b6504 01f64561e21a384c bf400a8c7c2b6504 10 0 0
2 bf400a8c7c2b6504 01f64561e21a384c 81465410cb3620c0 10 0 0
3 bf400a8c7c2b6504 01f64561e21a384c fd370c78db811e88 10 0 0
4 bf400a8c7c2b6504 01f64561e21a384c 7ff8000000000000 1 0 0
d bf400a8c7c2b6504 01f64561e21a384c 0000000000000000 0 1 0
b 00000000076eb265 0000000000000000 38edd64ca0000000 0 0 0
c bf400a8c7c2b6504 0000000000000000 00000000ba005464 10 0 0
0 f56d24746d921c25 ecc3ceee36d6c841 f56d24746d921c25 10 0 0
1 f56d24746d921c25 ecc3ceee36d6c841 f56d24746d921c25 10 0 0
2 f56d24746d921c25 ecc3ceee36d6c841 7ff0000000000000 14 0 0
3 f56d24746d921c25 ecc3ceee36d6c841 48978a1e10461b00 10 0 0
4 f56d24746d921c25 ecc3ceee36d6c841 7ff8000000000000 1 0 0
d f56d24746d921c25 ecc3ceee36d6c841 0000000000000000 0 1 0
b 00000000140d6a6e 0000000000000000 3a81ad4dc0000000 0 0 0
c f56d24746d921c25 0000000000000000 00000000ff800000 14 0 0
0 915e2f0ec3476f71 fb825c85b246350c fb825c85b246350c 10 0 0
1 915e2f0ec3476f71 fb825c85b246350c 7b825c85b246350c 10 0 0
2 915e2f0ec3476f71 fb825c85b246350c 4cf151bdb406f2c9 10 0 0
3 915e2f0ec3476f71 fb825c85b246350c 0000000000000000 18 0 0
4 915e2f0ec3476f71 fb825c85b246350c 7ff8000000000000 1 0 0
d 915e2f0ec3476f71 fb825c85b246350c 0000000000000000 0 0 0
b 00000000e816609f 0000000000000000 c502cc13e0000000 0 0 0
c 915e2f0ec3476f71 0000000000000000 0000000080000000 18 0 0
0 a4b7c13dce99a1d5 aeccec045ac2c1e2 aeccec045ac2c1e2 10 0 0
1 a4b7c13dce99a1d5 aeccec045ac2c1e2 2eccec045ac2c1e2 10 0 0
2 a4b7c13dce99a1d5 aeccec045ac2c1e2 1395784a7821e5c0 10 0 0
3 a4b7c13dce99a1d5 aeccec045ac2c1e2 35da48723798b376 10 0 0
4 a4b7c13dce99a1d5 aeccec045ac2c1e2 7ff8000000000000 1 0 0
d a4b7c13dce99a1d5 aeccec045ac2c1e2 0000000000000000 0 0 0
b 000000005d2e933d 0000000000000000 43a5d267a0000000 0 0 0
c a4b7c13dce99a1d5 0000000000000000 0000000080000000 18 0 0
0 6667e7b9c881d4d1 b16a365c03987c0c 6667e7b9c881d4d1 10 0 0
1 6667e7b9c881d4d1 b16a365c03987c0c 6667e7b9c881d4d1 10 0 0
2 6667e7b9c881d4d1 b16a365c03987c0c d7e394e2b9519b3e 10 0 0
3 6667e7b9c881d4d1 b16a365c03987c0c f4ed2ef4783bd77b 10 0 0
4 6667e7b9c881d4d1 b16a365c03987c0c 532ba87393be4625 10 0 0
d 6667e7b9c881d4d1 b16a365c03987c0c 0000000000000000 0 0 0
b 000000008f26ba00 0000000000000000 b9e4d74000000000 0 0 0
c 6667e7b9c881d4d1 0000000000000000 000000007f800000 14 0 0
0 54b450530975be8c 6a285a1e4c1effcb 6a285a1e4c1effcb 10 0 0
1 54b450530975be8c 6a285a1e4c1effcb ea285a1e4c1effcb 10 0 0
2 54b450530975be8c 6a285a1e4c1effcb 7eeeeae6d8866ba9 10 0 0
3 54b450530975be8c 6a285a1e4c1effcb 2a7ab18899c79124 10 0 0
4 54b450530975be8c 6a285a1e4c1effcb 4a52073fe3cde8c7 10 0 0
d 54b450530975be8c 6a285a1e4c1effcb 0000000000000000 0 1 0
b 00000000ef1d1138 0000000000000000 c5e3a22700000000 0 0 0
c 54b450530975be8c 0000000000000000 000000007f800000 14 0 0
0 ea7cc30531971b6b 8db850d673f8b3e7 ea7cc30531971b6b 10 0 0
1 ea7cc30531971b6b 8db850d673f8b3e7 ea7cc30531971b6b 10 0 0
2 ea7cc30531971b6b 8db850d673f8b3e7 3845daec329c6dbc 10 0 0
3 ea7cc30531971b6b 8db850d673f8b3e7 7ff0000000000000 14 0 0
4 ea7cc30531971b6b 8db850d673f8b3e7 7ff8000000000000 1 0 0
d ea7cc30531971b6b 8db850d673f8b3e7 0000000000000000 0 1 0
b 00000000d5084585 0000000000000000 c2a108b0a0000000 0 0 0
c ea7cc30531971b6b 0000000000000000 00000000ff800000 14 0 0
0 6aa9e079827b8e6a 856041912716c038 6aa9e079827b8e6a 10 0 0
1 6aa9e079827b8e6a 856041912716c038 6aa9e079827b8e6a 10 0 0
2 6aa9e079827b8e6a 856041912716c038 b01a4a8431a2c692 10 0 0
3 6aa9e079827b8e6a 856041912716c038 fff0000000000000 14 0 0
4 6aa9e079827b8e6a 856041912716c038 554cc6a940499b6b 10 0 0
d 6aa9e079827b8e6a 856041912716c038 0000000000000000 0 0 0
b 000000001d2649b0 0000000000000000 3ba4c93600000000 0 0 0
c 6aa9e079827b8e6a 0000000000000000 000000007f800000 14 0 0
0 561454b84ce465d9 cbbb9b36a37dec58 561454b84ce465d9 10 0 0
1 561454b84ce465d9 cbbb9b36a37dec58 561454b84ce465d9 10 0 0
2 561454b84ce465d9 cbbb9b36a37dec58 e1e18a18946bb5de 10 0 0
3 561454b84ce465d9 cbbb9b36a37dec58 ca47911489b2fc97 10 0 0
4 561454b84ce465d9 cbbb9b36a37dec58 4b0209331daa8af5 10 0 0
d 561454b84ce465d9 cbbb9b36a37dec58 0000000000000000 0 0 0
b 00000000c02a8743 0000000000000000 c00550e860000000 0 0 0
c 561454b84ce465d9 0000000000000000 000000007f800000 14 0 0
0 88974b625e9c487f 25ebb5763beec654 25ebb5763beec654 10 0 0
1 88974b625e9c487f 25ebb5763beec654 a5ebb5763beec654 10 0 0
2 88974b625e9c487f 25ebb5763beec654 8000000000000000 18 0 0
3 88974b625e9c487f 25ebb5763beec654 a29ae6e9566da50d 10 0 0
4 88974b625e9c487f 25ebb5763beec654 7ff8000000000000 1 0 0
d 88974b625e9c487f 25ebb5763beec654 0000000000000000 0 1 0
b 0000000087a2cf06 0000000000000000 b8f459e0c0000000 0 0 0
c 88974b625e9c487f 0000000000000000 0000000080000000 18 0 0
0 160e64c7884bd80c 9a0e14894b7c0006 9a0e14894b7c0006 10 0 0
1 160e64c7884bd80c 9a0e14894b7c0006 1a0e14894b7c0006 10 0 0
2 160e64c7884bd80c 9a0e14894b7c0006 8000000000000000 18 0 0
3 160e64c7884bd80c 9a0e14894b7c0006 bbf02aaea46740fa 10 0 0
4 160e64c7884bd80c 9a0e14894b7c0006 2aff2fbe177aa9ba 10 0 0
d 160e64c7884bd80c 9a0e14894b7c0006 0000000000000000 0 0 0
b 00000000a4e812b8 0000000000000000 bc9d025700000000 0 0 0
c 160e64c7884bd80c 0000000000000000 0000000000000000 18 0 0
0 71577d07400d9dfc 85fee0856423e232 71577d07400d9dfc 10 0 0
1 71577d07400d9dfc 85fee0856423e232 71577d07400d9dfc 10 0 0
2 71577d07400d9dfc 85fee0856423e232 b766aa03e7f45317 10 0 0
3 71577d07400d9dfc 85fee0856423e232 fff0000000000000 14 0 0
4 71577d07400d9dfc 85fee0856423e232 58a362cc49d2e976 10 0 0
d 71577d07400d9dfc 85fee0856423e232 0000000000000000 0 0 0
b 0000000014d06e00 0000000000000000 3a9a0dc000000000 0 0 0
c 71577d07400d9dfc 0000000000000000 000000007f800000 14 0 0
0 3b1c338810c0cafe 3a7ec8118cefac4f 3b1c3b3a152406e9 10 0 0
1 3b1c338810c0cafe 3a7ec8118cefac4f 3b1c2bd60c5d8f13 10 0 0
2 3b1c338810c0cafe 3a7ec8118cefac4f 35ab20a119b2682d 10 0 0
3 3b1c338810c0cafe 3a7ec8118cefac4f 408d5150d05e1b13 10 0 0
4 3b1c338810c0cafe 3a7ec8118cefac4f 3d853df0ddb56c56 10 0 0
d 3b1c338810c0cafe 3a7ec8118cefac4f 0000000000000000 0 0 0
b 0000000055a86f7c 0000000000000000 42b50def80000000 0 0 0
c 3b1c338810c0cafe 0000000000000000 0000000018e19c41 10 0 0
0 50bfa8bf10ab570b 330b4fee0422f035 50bfa8bf10ab570b 10 0 0
1 50bfa8bf10ab570b 330b4fee0422f035 50bfa8bf10ab570b 10 0 0
2 50bfa8bf10ab570b 330b4fee0422f035 43db057548e66d3e 10 0 0
3 50bfa8bf10ab570b 330b4fee0422f035 5da28be883f7790c 10 0 0
4 50bfa8bf10ab570b 330b4fee0422f035 485681aff5bad8c0 10 0 0
d 50bfa8bf10ab570b 330b4fee0422f035 0000000000000000 0 0 0
b 000000001eabd9c7 0000000000000000 3bd57b38e0000000 0 0 0
c 50bfa8bf10ab570b 0000000000000000 000000007f800000 14 0 0
0 d7f26acecfd714fb 844429bf2f0ae9c6 d7f26acecfd714fb 10 0 0
1 d7f26acecfd714fb 844429bf2f0ae9c6 d7f26acecfd714fb 10 0 0
2 d7f26acecfd714fb 844429bf2f0ae9c6 1c47359046ec91d2 10 0 0
3 d7f26acecfd714fb 844429bf2f0ae9c6 7ff0000000000000 14 0 0
4 d7f26acecfd714fb 844429bf2f0ae9c6 7ff8000000000000 1 0 0
d d7f26acecfd714fb 844429bf2f0ae9c6 0000000000000000 0 1 0
b 0000000034700b3f 0000000000000000 3e8e0167e0000000 0 0 0
c d7f26acecfd714fb 0000000000000000 00000000ff800000 14 0 0
0 97e9c7344eed06d3 28d528c83441abee 28d528c83441abee 10 0 0
1 97e9c7344eed06d3 28d528c83441abee a8d528c83441abee 10 0 0
2 97e9c7344eed06d3 28d528c83441abee 80d10b949c4dbe2f 10 0 0
3 97e9c7344eed06d3 28d528c83441abee af037e1c4944e250 10 0 0
4 97e9c7344eed06d3 28d528c83441abee 7ff8000000000000 1 0 0
d 97e9c7344eed06d3 28d528c83441abee 0000000000000000 0 1 0
b 0000000026b10570 0000000000000000 3cd620ae00000000 0 0 0
c 97e9c7344eed06d3 0000000000000000 0000000080000000 18 0 0
0 c5ffc99fa54ac8d9 766348d1f0558acd 766348d1f0558acd 10 0 0
1 c5ffc99fa54ac8d9 766348d1f0558acd f66348d1f0558acd 10 0 0
2 c5ffc99fa54ac8d9 766348d1f0558acd fc73280cfcf025de 10 0 0
3 c5ffc99fa54ac8d9 766348d1f0558acd 8f8a5fa7b35bff95 10 0 0
4 c5ffc99fa54ac8d9 766348d1f0558acd 7ff8000000000000 1 0 0
d c5ffc99fa54ac8d9 766348d1f0558acd 0000000000000000 0 1 0
b 00000000608d432b 0000000000000000 4411a86560000000 0 0 0
c c5ffc99fa54ac8d9 0000000000000000 00000000effe4cfd 10 0 0
0 d5e0acbfce92bc04 bb5c612dd84288b1 d5e0acbfce92bc04 10 0 0
1 d5e0acbfce92bc04 bb5c612dd84288b1 d5e0acbfce92bc04 10 0 0
2 d5e0acbfce92bc04 bb5c612dd84288b1 514d9396bb920c08 10 0 0
3 d5e0acbfce92bc04 bb5c612dd84288b1 5a72cd5095297c56 10 0 0
4 d5e0acbfce92bc04 bb5c612dd84288b1 7ff8000000000000 1 0 0
d d5e0acbfce92bc04 bb5c612dd84288b1 0000000000000000 0 1 0
b 00000000a3c96f7b 0000000000000000 bc792def60000000 0 0 0
c d5e0acbfce92bc04 0000000000000000 00000000ff800000 14 0 0
0 4aef4568ea009d69 cc15f65f291bc930 cc15f65b406eabf0 10 0 0
1 4aef4568ea009d69 cc15f65f291bc930 4c15f66311c8e670 10 0 0
2 4aef4568ea009d69 cc15f65f291bc930 d715764f6e52d850 10 0 0
3 4aef4568ea009d69 cc15f65f291bc930 bec6c81629ada9e1 10 0 0
4 4aef4568ea009d69 cc15f65f291bc930 456fa22ae2ddfde7 10 0 0
d 4aef4568ea009d69 cc15f65f291bc930 0000000000000000 0 0 0
b 000000005781c4ee 0000000000000000 42f0389dc0000000 0 0 0
c 4aef4568ea009d69 0000000000000000 000000007f800000 14 0 0
0 8c9a5f6029b1a7bb b59fea18534500b6 b59fea18534500b6 10 0 0
1 8c9a5f6029b1a7bb b59fea18534500b6 359fea18534500b6 10 0 0
2 8c9a5f6029b1a7bb b59fea18534500b6 024a4d52a3bd5c86 10 0 0
3 8c9a5f6029b1a7bb b59fea18534500b6 16ea717a13b44aff 10 0 0
4 8c9a5f6029b1a7bb b59fea18534500b6 7ff8000000000000 1 0 0
d 8c9a5f6029b1a7bb b59fea18534500b6 0000000000000000 0 0 0
b 0000000099249aff 0000000000000000 bb24935fe0000000 0 0 0
c 8c9a5f6029b1a7bb 0000000000000000 0000000080000000 18 0 0
0 4514878269710370 6afbd81f2efe2c83 6afbd81f2efe2c83 10 0 0
1 4514878269710370 6afbd81f2efe2c83 eafbd81f2efe2c83 10 0 0
2 4514878269710370 6afbd81f2efe2c83 7021dcfcbaab4784 10 0 0
3 4514878269710370 6afbd81f2efe2c83 1a0797e60cce2d31 10 0 0
4 4514878269710370 6afbd81f2efe2c83 42821fac51186c49 10 0 0
d 4514878269710370 6afbd81f2efe2c83 0000000000000000 0 1 0
b 0000000086a91fb4 0000000000000000 b8d523f680000000 0 0 0
c 4514878269710370 0000000000000000 0000000068a43c13 10 0 0
0 0ea66e7bae44962f acac658f23af25a1 acac658f23af25a1 10 0 0
1 0ea66e7bae44962f acac658f23af25a1 2cac658f23af25a1 10 0 0
2 0ea66e7bae44962f acac658f23af25a1 8000000000000000 18 0 0
3 0ea66e7bae44962f acac658f23af25a1 a1e94726e61bc58b 10 0 0
4 0ea66e7bae44962f acac658f23af25a1 274acabf71bab72f 10 0 0
d 0ea66e7bae44962f acac658f23af25a1 0000000000000000 0 0 0
b 000000002477a3ac 0000000000000000 3c8ef47580000000 0 0 0
c 0ea66e7bae44962f 0000000000000000 0000000000000000 18 0 0
0 d04b3e0d46d27cc8 202475cd7d2dd2e3 d04b3e0d46d27cc8 10 0 0
1 d04b3e0d46d27cc8 202475cd7d2dd2e3 d04b3e0d46d27cc8 10 0 0
2 d04b3e0d46d27cc8 202475cd7d2dd2e3 b0816b121ce4f3f1 10 0 0
3 d04b3e0d46d27cc8 202475cd7d2dd2e3 f0154dc27196722d 10 0 0
4 d04b3e0d46d27cc8 202475cd7d2dd2e3 7ff8000000000000 1 0 0
d d04b3e0d46d27cc8 202475cd7d2dd2e3 0000000000000000 0 1 0
b 00000000294bfa3b 0000000000000000 3d297f4760000000 0 0 0
c d04b3e0d46d27cc8 0000000000000000 00000000ff800000 14 0 0
0 979a969d6c63d319 d61ffb3906613f25 d61ffb3906613f25 10 0 0
1 979a969d6c63d319 d61ffb3906613f25 561ffb3906613f25 10 0 0
2 979a969d6c63d319 d61ffb3906613f25 2dca92a54560571b 10 0 0
3 979a969d6c63d319 d61ffb3906613f25 016a9a962b31409d 10 0 0
4 979a969d6c63d319 d61ffb3906613f25 7ff8000000000000 1 0 0
d 979a969d6c63d319 d61ffb3906613f25 0000000000000000 0 0 0
b 0000000011347307 0000000000000000 3a268e60e0000000 0 0 0
c 979a969d6c63d319 0000000000000000 0000000080000000 18 0 0
0 75cf490d013a483a 4f98a8a40b0cb9a2 75cf490d013a483a 10 0 0
1 75cf490d013a483a 4f98a8a40b0cb9a2 75cf490d013a483a 10 0 0
2 75cf490d013a483a 4f98a8a40b0cb9a2 7ff0000000000000 14 0 0
3 75cf490d013a483a 4f98a8a40b0cb9a2 66244cba295f378f 10 0 0
4 75cf490d013a483a 4f98a8a40b0cb9a2 5adfa4024729a71c 10 0 0
d 75cf490d013a483a 4f98a8a40b0cb9a2 0000000000000000 0 0 0
b 000000001b2e407e 0000000000000000 3b65c80fc0000000 0 0 0
c 75cf490d013a483a 0000000000000000 000000007f800000 14 0 0
0 b71cd42e9eb95ea2 18c5c694a2f5c57f b71cd42e9eb95ea2 10 0 0
1 b71cd42e9eb95ea2 18c5c694a2f5c57f b71cd42e9eb95ea2 10 0 0
2 b71cd42e9eb95ea2 18c5c694a2f5c57f 8ff39e2560c6f5a2 10 0 0
3 b71cd42e9eb95ea2 18c5c694a2f5c57f de452eb0cb9e8e25 10 0 0
4 b71cd42e9eb95ea2 18c5c694a2f5c57f 7ff8000000000000 1 0 0
d b71cd42e9eb95ea2 18c5c694a2f5c57f 0000000000000000 0 1 0
b 00000000511f2212 0000000000000000 4223e44240000000 0 0 0
c b71cd42e9eb95ea2 0000000000000000 00000000800000e7 18 0 0
0 1efa2f3c38add4f2 c449688bc257f8c7 c449688bc257f8c7 10 0 0
1 1efa2f3c38add4f2 c449688bc257f8c7 4449688bc257f8c7 10 0 0
2 1efa2f3c38add4f2 c449688bc257f8c7 a354ca72ec33f298 10 0 0
3 1efa2f3c38add4f2 c449688bc257f8c7 9aa07d1e09185dde 10 0 0
4 1efa2f3c38add4f2 c449688bc257f8c7 2f7477e3f21ebc82 10 0 0
d 1efa2f3c38add4f2 c449688bc257f8c7 0000000000000000 0 0 0
b 0000000094afca60 0000000000000000 ba95f94c00000000 0 0 0
c 1efa2f3c38add4f2 0000000000000000 0000000000000000 18 0 0
0 d19c6eb1d5067214 73db09764c4dc18c 73db09764c4dc18c 10 0 0
1 d19c6eb1d5067214 73db09764c4dc18c f3db09764c4dc18c 10 0 0
2 d19c6eb1d5067214 73db09764c4dc18c fff0000000000000 14 0 0
3 d19c6eb1d5067214 73db09764c4dc18c 9db0d3676a5ffd4a 10 0 0
4 d19c6eb1d5067214 73db09764c4dc18c 7ff8000000000000 1 0 0
d d19c6eb1d5067214 73db09764c4dc18c 0000000000000000 0 1 0
b 000000007bfb4df2 0000000000000000 477f69be40000000 0 0 0
c d19c6eb1d5067214 0000000000000000 00000000ff800000 14 0 0
0 5ae59ed0cec2a3af cc56d074dd533058 5ae59ed0cec2a3af 10 0 0
1 5ae59ed0cec2a3af cc56d074dd533058 5ae59ed0cec2a3af 10 0 0
2 5ae59ed0cec2a3af cc56d074dd533058 e74ed40da1476bba 10 0 0
3 5ae59ed0cec2a3af cc56d074dd533058 ce7e534c88260105 10 0 0
4 5ae59ed0cec2a3af cc56d074dd533058 4d6a4d96934aa0a3 10 0 0
d 5ae59ed0cec2a3af cc56d074dd533058 0000000000000000 0 0 0
b 00000000d055d374 0000000000000000 c20aba6e80000000 0 0 0
c 5ae59ed0cec2a3af 0000000000000000 000000007f800000 14 0 0
0 2d57ab49dfe20d96 5440d57e93097329 5440d57e93097329 10 0 0
1 2d57ab49dfe20d96 5440d57e93097329 d440d57e93097329 10 0 0
2 2d57ab49dfe20d96 5440d57e93097329 41a8e71d65bff36d 10 0 0
3 2d57ab49dfe20d96 5440d57e93097329 19067f1bc668e60c 10 0 0
4 2d57ab49dfe20d96 5440d57e93097329 36a375da06970a89 10 0 0
d 2d57ab49dfe20d96 5440d57e93097329 0000000000000000 0 1 0
b 0000000010edbe7f 0000000000000000 3a1db7cfe0000000 0 0 0
c 2d57ab49dfe20d96 0000000000000000 0000000000000000 18 0 0
0 4363b02e99ab393d 2f10291b6c58dc42 4363b02e99ab393d 10 0 0
1 4363b02e99ab393d 2f10291b6c58dc42 4363b02e99ab393d 10 0 0
2 4363b02e99ab393d 2f10291b6c58dc42 3283e2c3cfb635e6 10 0 0
3 4363b02e99ab393d 2f10291b6c58dc42 54437e1a0e1ba8c9 10 0 0
4 4363b02e99ab393d 2f10291b6c58dc42 41a919aa4012c43f 10 0 0
d 4363b02e99ab393d 2f10291b6c58dc42 0000000000000000 0 0 0
b 000000008dc452ea 0000000000000000 b9b88a5d40000000 0 0 0
c 4363b02e99ab393d 0000000000000000 000000005b1d8175 10 0 0
0 f4bb35e6d2f02045 09e58c19b4b8f56a f4bb35e6d2f02045 10 0 0
1 f4bb35e6d2f02045 09e58c19b4b8f56a f4bb35e6d2f02045 10 0 0
2 f4bb35e6d2f02045 09e58c19b4b8f56a beb2528128113d87 10 0 0
3 f4bb35e6d2f02045 09e58c19b4b8f56a fff0000000000000 14 0 0
4 f4bb35e6d2f02045 09e58c19b4b8f56a 7ff8000000000000 1 0 0
d f4bb35e6d2f02045 09e58c19b4b8f56a 0000000000000000 0 1 0
b 00000000e8a9ec60 0000000000000000 c5153d8c00000000 0 0 0
c f4bb35e6d2f02045 0000000000000000 00000000ff800000 14 0 0
0 719558b28aedcb93 4069f9dc951a88d5 719558b28aedcb93 10 0 0
1 719558b28aedcb93 4069f9dc951a88d5 719558b28aedcb93 10 0 0
2 719558b28aedcb93 4069f9dc951a88d5 721153f8cf14ff35 10 0 0
3 719558b28aedcb93 4069f9dc951a88d5 711a4bfd691c4138 10 0 0
4 719558b28aedcb93 4069f9dc951a88d5 58c27b1c21006b45 10 0 0
d 719558b28aedcb93 4069f9dc951a88d5 0000000000000000 0 0 0
b 0000000044091075 0000000000000000 4081220ea0000000 0 0 0
c 719558b28aedcb93 0000000000000000 000000007f800000 14 0 0
0 a6f7edb6336102d6 7442a22b20fd9728 7442a22b20fd9728 10 0 0
1 a6f7edb6336102d6 7442a22b20fd9728 f442a22b20fd9728 10 0 0
2 a6f7edb6336102d6 7442a22b20fd9728 db4bddf44ec5b0c9 10 0 0
3 a6f7edb6336102d6 7442a22b20fd9728 8000000000000000 18 0 0
4 a6f7edb6336102d6 7442a22b20fd9728 7ff8000000000000 1 0 0
d a6f7edb6336102d6 7442a22b20fd9728 0000000000000000 0 1 0
b 00000000d1031aa4 0000000000000000 c220635480000000 0 0 0
c a6f7edb6336102d6 0000000000000000 0000000080000000 18 0 0
0 f8afb26fd2a8f6de 42194c0718aaa0ab f8afb26fd2a8f6de 10 0 0
1 f8afb26fd2a8f6de 42194c0718aaa0ab f8afb26fd2a8f6de 10 0 0
2 f8afb26fd2a8f6de 42194c0718aaa0ab fad90eb62d9f9f32 10 0 0
3 f8afb26fd2a8f6de 42194c0718aaa0ab f6840c4587c0f79b 10 0 0
4 f8afb26fd2a8f6de 42194c0718aaa0ab 7ff8000000000000 1 0 0
d f8afb26fd2a8f6de 42194c0718aaa0ab 0000000000000000 0 1 0
b 00000000db433874 0000000000000000 c368670e80000000 0 0 0
c f8afb26fd2a8f6de 0000000000000000 00000000ff800000 14 0 0
0 35f12c121e1fe14b a4e8fa50cff657a1 35f12c121e1fe14b 10 0 0
1 35f12c121e1fe14b a4e8fa50cff657a1 35f12c121e1fe14b 10 0 0
2 35f12c121e1fe14b a4e8fa50cff657a1 9aeacec283d3a8b9 10 0 0
3 35f12c121e1fe14b a4e8fa50cff657a1 d0f5fff907915559 10 0 0
4 35f12c121e1fe14b a4e8fa50cff657a1 3af093623f3d49bc 10 0 0
d 35f12c121e1fe14b a4e8fa50cff657a1 0000000000000000 0 0 0
b 00000000a54cd120 0000000000000000 bca99a2400000000 0 0 0
c 35f12c121e1fe14b 0000000000000000 0000000000000000 18 0 0
0 d2711c14cf8f794d 347feadeedad87cc d2711c14cf8f794d 10 0 0
1 d2711c14cf8f794d 347feadeedad87cc d2711c14cf8f794d 10 0 0
2 d2711c14cf8f794d 347feadeedad87cc c70110c8b325e92a 10 0 0
3 d2711c14cf8f794d 347feadeedad87cc dde127686688ccf5 10 0 0
4 d2711c14cf8f794d 347feadeedad87cc 7ff8000000000000 1 0 0
d d2711c14cf8f794d 347feadeedad87cc 0000000000000000 0 1 0
b 00000000f7d105a6 0000000000000000 c6fa20b4c0000000 0 0 0
c d2711c14cf8f794d 0000000000000000 00000000ff800000 14 0 0
0 3bd06c94fe1c0115 b9ed5f4a5286df48 3bd06c94fde14280 10 0 0
1 3bd06c94fe1c0115 b9ed5f4a5286df48 3bd06c94fe56bfaa 10 0 0
2 3bd06c94fe1c0115 b9ed5f4a5286df48 b5ce269f0c1f8da7 10 0 0
3 3bd06c94fe1c0115 b9ed5f4a5286df48 c1d1e4be2ec65ed6 10 0 0
4 3bd06c94fe1c0115 b9ed5f4a5286df48 3de035ef9669f00e 10 0 0
d 3bd06c94fe1c0115 b9ed5f4a5286df48 0000000000000000 0 0 0
b 00000000a49ce41f 0000000000000000 bc939c83e0000000 0 0 0
c 3bd06c94fe1c0115 0000000000000000 000000001e8364a8 10 0 0
0 3bfc1a10af768faf aee94d2e6ed51f88 3bfc1a10af768faf 10 0 0
1 3bfc1a10af768faf aee94d2e6ed51f88 3bfc1a10af768faf 10 0 0
2 3bfc1a10af768faf aee94d2e6ed51f88 aaf6382488079450 10 0 0
3 3bfc1a10af768faf aee94d2e6ed51f88 cd01c556ab778b2e 10 0 0
4 3bfc1a10af768faf aee94d2e6ed51f88 3df5345769ae8089 10 0 0
d 3bfc1a10af768faf aee94d2e6ed51f88 0000000000000000 0 0 0
b 0000000069ab5a5a 0000000000000000 45356b4b40000000 0 0 0
c 3bfc1a10af768faf 0000000000000000 000000001fe0d085 10 0 0
0 5ee37e6a14eaf95d 33eeeb1d3f2ab73b 5ee37e6a14eaf95d 10 0 0
1 5ee37e6a14eaf95d 33eeeb1d3f2ab73b 5ee37e6a14eaf95d 10 0 0
2 5ee37e6a14eaf95d 33eeeb1d3f2ab73b 52e2d5bd9fb0f0b7 10 0 0
3 5ee37e6a14eaf95d 33eeeb1d3f2ab73b 6ae42cfd12fe8ab7 10 0 0
4 5ee37e6a14eaf95d 33eeeb1d3f2ab73b 4f68f9dcbd25cab8 10 0 0
d 5ee37e6a14eaf95d 33eeeb1d3f2ab73b 0000000000000000 0 0 0
b 000000005071987d 0000000000000000 420e330fa0000000 0 0 0
c 5ee37e6a14eaf95d 0000000000000000 000000007f800000 14 0 0
0 0cbf3182bb6f9c65 54801a94ad849edd 54801a94ad849edd 10 0 0
1 0cbf3182bb6f9c65 54801a94ad849edd d4801a94ad849edd 10 0 0
2 0cbf3182bb6f9c65 54801a94ad849edd 214f65550c235b45 10 0 0
3 0cbf3182bb6f9c65 54801a94ad849edd 0000000000000000 18 0 0
4 0cbf3182bb6f9c65 54801a94ad849edd 26565725d71e1407 10 0 0
d 0cbf3182bb6f9c65 54801a94ad849edd 0000000000000000 0 1 0
b 00000000f5bb1fb2 0000000000000000 c6b763f640000000 0 0 0
c 0cbf3182bb6f9c65 0000000000000000 0000000000000000 18 0 0
0 5fef86144a8761c2 7151213dfba3db46 7151213dfba3db46 10 0 0
1 5fef86144a8761c2 7151213dfba3db46 f151213dfba3db46 10 0 0
2 5fef86144a8761c2 7151213dfba3db46 7ff0000000000000 14 0 0
3 5fef86144a8761c2 7151213dfba3db46 2e8d71cad9a0788e 10 0 0
4 5fef86144a8761c2 7151213dfba3db46 4fefc2cfa4f1944d 10 0 0
d 5fef86144a8761c2 7151213dfba3db46 0000000000000000 0 1 0
b 0000000099a03f43 0000000000000000 bb3407e860000000 0 0 0
c 5fef86144a8761c2 0000000000000000 000000007f800000 14 0 0
0 574a1c878f842baa 54dcb4928b9c2315 574a1c878f846513 10 0 0
1 574a1c878f842baa 54dcb4928b9c2315 574a1c878f83f241 10 0 0
2 574a1c878f842baa 54dcb4928b9c2315 6c376c4eac30c102 10 0 0
3 574a1c878f842baa 54dcb4928b9c2315 425d1bbdf3f56259 10 0 0
4 574a1c878f842baa 54dcb4928b9c2315 4b9ce7fa38bdecee 10 0 0
d 574a1c878f842baa 54dcb4928b9c2315 0000000000000000 0 0 0
b 00000000f02e19aa 0000000000000000 c605c33540000000 0 0 0
c 574a1c878f842baa 0000000000000000 000000007f800000 14 0 0
0 507344c7259caef2 b8146cb385c0d832 507344c7259caef2 10 0 0
1 507344c7259caef2 b8146cb385c0d832 507344c7259caef2 10 0 0
2 507344c7259caef2 b8146cb385c0d832 c89898e161c9a62f 10 0 0
3 507344c7259caef2 b8146cb385c0d832 d84e305dadf10e38 10 0 0
4 507344c7259caef2 b8146cb385c0d832 48318ef58f28e3b6 10 0 0
d 507344c7259caef2 b8146cb385c0d832 0000000000000000 0 0 0
b 00000000461c3d71 0000000000000000 40c387ae20000000 0 0 0
c 507344c7259caef2 0000000000000000 000000007f800000 14 0 0
0 f7fdc8a893f5145c 1eaf10836b5ed55c f7fdc8a893f5145c 10 0 0
1 f7fdc8a893f5145c 1eaf10836b5ed55c f7fdc8a893f5145c 10 0 0
2 f7fdc8a893f5145c 1eaf10836b5ed55c d6bce9c1f500bbaa 10 0 0
3 f7fdc8a893f5145c 1eaf10836b5ed55c fff0000000000000 14 0 0
4 f7fdc8a893f5145c 1eaf10836b5ed55c 7ff8000000000000 1 0 0
d f7fdc8a893f5145c 1eaf10836b5ed55c 0000000000000000 0 1 0
b 000000008f54b966 0000000000000000 b9ea972cc0000000 0 0 0
c f7fdc8a893f5145c 0000000000000000 00000000ff800000 14 0 0
0 1776de1a5a0af040 845cba617102eec9 1776de1a5a0af040 10 0 0
1 1776de1a5a0af040 845cba617102eec9 1776de1a5a0af040 10 0 0
2 1776de1a5a0af040 845cba617102eec9 8000000000000000 18 0 0
3 1776de1a5a0af040 845cba617102eec9 d30978d98aa0bfd7 10 0 0
4 1776de1a5a0af040 845cba617102eec9 2bb320c667eb595a 10 0 0
d 1776de1a5a0af040 845cba617102eec9 0000000000000000 0 0 0
b 00000000b7a0cc24 0000000000000000 bef4198480000000 0 0 0
c 1776de1a5a0af040 0000000000000000 0000000000000000 18 0 0
0 6aa77df62626103a 6005676a51e062de 6aa77df62626103a 10 0 0
1 6aa77df62626103a 6005676a51e062de 6aa77df62626103a 10 0 0
2 6aa77df62626103a 6005676a51e062de 7ff0000000000000 14 0 0
3 6aa77df62626103a 6005676a51e062de 4a918f962f652d9c 10 0 0
4 6aa77df62626103a 6005676a51e062de 554b6b0036f0f919 10 0 0
d 6aa77df62626103a 6005676a51e062de 0000000000000000 0 0 0
b 00000000eaca0c63 0000000000000000 c559418c60000000 0 0 0
c 6aa77df62626103a 0000000000000000 000000007f800000 14 0 0
0 c38101c09497739c 267d132e070ab562 c38101c09497739c 10 0 0
1 c38101c09497739c 267d132e070ab562 c38101c09497739c 10 0 0
2 c38101c09497739c 267d132e070ab562 aa0ee7900e88c6bd 10 0 0
3 c38101c09497739c 267d132e070ab562 dcf2b7c2d02936eb 10 0 0
4 c38101c09497739c 267d132e070ab562 7ff8000000000000 1 0 0
d c38101c09497739c 267d132e070ab562 0000000000000000 0 1 0
b 00000000657d6b91 0000000000000000 44afad7220000000 0 0 0
c c38101c09497739c 0000000000000000 00000000dc080e05 10 0 0
0 c9eadd56da4adab6 a2971d38673789a0 c9eadd56da4adab6 10 0 0
1 c9eadd56da4adab6 a2971d38673789a0 c9eadd56da4adab6 10 0 0
2 c9eadd56da4adab6 a2971d38673789a0 2c93679e5d9aae92 10 0 0
3 c9eadd56da4adab6 a2971d38673789a0 6742989c4e874844 10 0 0
4 c9eadd56da4adab6 a2971d38673789a0 7ff8000000000000 1 0 0
d c9eadd56da4adab6 a2971d38673789a0 0000000000000000 0 1 0
b 00000000567b9681 0000000000000000 42cf72d020000000 0 0 0
c c9eadd56da4adab6 0000000000000000 00000000ff800000 14 0 0
0 b1df3e5494a73e9e 1dec23a4aa850268 b1df3e5494a73e9e 10 0 0
1 b1df3e5494a73e9e 1dec23a4aa850268 b1df3e5494a73e9e 10 0 0
2 b1df3e5494a73e9e 1dec23a4aa850268 8fdb7956f483664f 10 0 0
3 b1df3e5494a73e9e 1dec23a4aa850268 d3e1c3dc2ca4a197 10 0 0
4 b1df3e5494a73e9e 1dec23a4aa850268 7ff8000000000000 1 0 0
d b1df3e5494a73e9e 1dec23a4aa850268 0000000000000000 0 1 0
b 0000000053c8e68c 0000000000000000 42791cd180000000 0 0 0
c b1df3e5494a73e9e 0000000000000000 0000000080000000 18 0 0
0 ac31610082350008 64b63352f95865bc 64b63352f95865bc 10 0 0
1 ac31610082350008 64b63352f95865bc e4b63352f95865bc 10 0 0
2 ac31610082350008 64b63352f95865bc d0f81d2004a02038 10 0 0
3 ac31610082350008 64b63352f95865bc 87690cd5f5ff66f9 10 0 0
4 ac31610082350008 64b63352f95865bc 7ff8000000000000 1 0 0
d ac31610082350008 64b63352f95865bc 0000000000000000 0 1 0
b 00000000481c762b 0000000000000000 41038ec560000000 0 0 0
c ac31610082350008 0000000000000000 0000000080000000 18 0 0
0 1df7dda72e2a9e46 c1ae7657e3f6ad45 c1ae7657e3f6ad45 10 0 0
1 1df7dda72e2a9e46 c1ae7657e3f6ad45 41ae7657e3f6ad45 10 0 0
2 1df7dda72e2a9e46 c1ae7657e3f6ad45 9fb6b80fa0650a2c 10 0 0
3 1df7dda72e2a9e46 c1ae7657e3f6ad45 9c391210c0b888ef 10 0 0
4 1df7dda72e2a9e46 c1ae7657e3f6ad45 2ef38a8364cdc82a 10 0 0
d 1df7dda72e2a9e46 c1ae7657e3f6ad45 0000000000000000 0 0 0
b 00000000fd9cdb2a 0000000000000000 c7b39b6540000000 0 0 0
c 1df7dda72e2a9e46 0000000000000000 0000000000000000 18 0 0
0 b9cca2969e50ff79 b64c6b665f366836 b9cca2969e50ff79 10 0 0
1 b9cca2969e50ff79 b64c6b665f366836 b9cca2969e50ff79 10 0 0
2 b9cca2969e50ff79 b64c6b665f366836 30296e5f0d9bb5c7 10 0 0
3 b9cca2969e50ff79 b64c6b665f366836 43701f121afc7592 10 0 0
4 b9cca2969e50ff79 b64c6b665f366836 7ff8000000000000 1 0 0
d b9cca2969e50ff79 b64c6b665f366836 0000000000000000 0 1 0
b 00000000d42cc4ee 0000000000000000 c285989dc0000000 0 0 0
c b9cca2969e50ff79 0000000000000000 000000008e6514b5 10 0 0
0 da957476f76a411b 5666a95feaec17d9 da957476f76a411b 10 0 0
1 da957476f76a411b 5666a95feaec17d9 da957476f76a411b 10 0 0
2 da957476f76a411b 5666a95feaec17d9 f10e63425b4daa93 10 0 0
3 da957476f76a411b 5666a95feaec17d9 c41e4bcb70d270cd 10 0 0
4 da957476f76a411b 5666a95feaec17d9 7ff8000000000000 1 0 0
d da957476f76a411b 5666a95feaec17d9 0000000000000000 0 1 0
b 000000006af77992 0000000000000000 455eef3240000000 0 0 0
c da957476f76a411b 0000000000000000 00000000ff800000 14 0 0
0 3d6a1570874178d2 a336f31fd7f09b15 3d6a1570874178d2 10 0 0
1 3d6a1570874178d2 a336f31fd7f09b15 3d6a1570874178d2 10 0 0
2 3d6a1570874178d2 a336f31fd7f09b15 a0b2b4ea20494a87 10 0 0
3 3d6a1570874178d2 a336f31fd7f09b15 da222f5b0002572a 10 0 0
4 3d6a1570874178d2 a336f31fd7f09b15 3eace40d4ea1f4bf 10 0 0
d 3d6a1570874178d2 a336f31fd7f09b15 0000000000000000 0 0 0
b 0000000056d972dc 0000000000000000 42db2e5b80000000 0 0 0
c 3d6a1570874178d2 0000000000000000 000000002b50ab84 10 0 0
0 68db1d3d64eba8e3 2f0fc3183af9bd6e 68db1d3d64eba8e3 10 0 0
1 68db1d3d64eba8e3 2f0fc3183af9bd6e 68db1d3d64eba8e3 10 0 0
2 68db1d3d64eba8e3 2f0fc3183af9bd6e 57fae9a22fc9eea8 10 0 0
3 68db1d3d64eba8e3 2f0fc3183af9bd6e 79bb513b8f2f824f 10 0 0
4 68db1d3d64eba8e3 2f0fc3183af9bd6e 5464d41a450ac405 10 0 0
d 68db1d3d64eba8e3 2f0fc3183af9bd6e 0000000000000000 0 0 0
b 00000000a7db0344 0000000000000000 bcfb606880000000 0 0 0
c 68db1d3d64eba8e3 0000000000000000 000000007f800000 14 0 0
0 31cff33d3aaea9c9 1d683e424eae1152 31cff33d3aaea9c9 10 0 0
1 31cff33d3aaea9c9 1d683e424eae1152 31cff33d3aaea9c9 10 0 0
2 31cff33d3aaea9c9 1d683e424eae1152 0f48349766e1abef 10 0 0
3 31cff33d3aaea9c9 1d683e424eae1152 54551620124c2256 10 0 0
4 31cff33d3aaea9c9 1d683e424eae1152 38dff99dfa6025b2 10 0 0
d 31cff33d3aaea9c9 1d683e424eae1152 0000000000000000 0 0 0
b 000000001c06f510 0000000000000000 3b80dea200000000 0 0 0
c 31cff33d3aaea9c9 0000000000000000 0000000000000000 18 0 0
0 96361c02e378adf9 2e3925da5ace73fb 2e3925da5ace73fb 10 0 0
1 96361c02e378adf9 2e3925da5ace73fb ae3925da5ace73fb 10 0 0
2 96361c02e378adf9 2e3925da5ace73fb 84816009829e65ae 10 0 0
3 96361c02e378adf9 2e3925da5ace73fb a7ec22377deaa200 10 0 0
4 96361c02e378adf9 2e3925da5ace73fb 7ff8000000000000 1 0 0
d 96361c02e378adf9 2e3925da5ace73fb 0000000000000000 0 1 0
b 00000000029a6dc3 0000000000000000 38534db860000000 0 0 0
c 96361c02e378adf9 0000000000000000 0000000080000000 18 0 0
0 ab676012abc577a0 a31fd23872472c14 ab676012abc577a0 10 0 0
1 ab676012abc577a0 a31fd23872472c14 ab676012abc577a0 10 0 0
2 ab676012abc577a0 a31fd23872472c14 0e973ea1cc89783e 10 0 0
3 ab676012abc577a0 a31fd23872472c14 483781b3a718eee1 10 0 0
4 ab676012abc577a0 a31fd23872472c14 7ff8000000000000 1 0 0
d ab676012abc577a0 a31fd23872472c14 0000000000000000 0 1 0
b 000000006f791936 0000000000000000 45ef2326c0000000 0 0 0
c ab676012abc577a0 0000000000000000 0000000080000000 18 0 0
0 c7a01c3940cc9b6a a797e5fa3e3985ae c7a01c3940cc9b6a 10 0 0
1 c7a01c3940cc9b6a a797e5fa3e3985ae c7a01c3940cc9b6a 10 0 0
2 c7a01c3940cc9b6a a797e5fa3e3985ae 2f481022383b6d57 10 0 0
3 c7a01c3940cc9b6a a797e5fa3e3985ae 5ff5925abaae9cec 10 0 0
4 c7a01c3940cc9b6a a797e5fa3e3985ae 7ff8000000000000 1 0 0
d c7a01c3940cc9b6a a797e5fa3e3985ae 0000000000000000 0 1 0
b 00000000df041fe8 0000000000000000 c3e083fd00000000 0 0 0
c c7a01c3940cc9b6a 0000000000000000 00000000fd00e1ca 10 0 0
0 c3df0314540fcb8a 02a57b95172622be c3df0314540fcb8a 10 0 0
1 c3df0314540fcb8a 02a57b95172622be c3df0314540fcb8a 10 0 0
2 c3df0314540fcb8a 02a57b95172622be 8694d1c9aa134da2 10 0 0
3 c3df0314540fcb8a 02a57b95172622be fff0000000000000 14 0 0
4 c3df0314540fcb8a 02a57b95172622be 7ff8000000000000 1 0 0
d c3df0314540fcb8a 02a57b95172622be 0000000000000000 0 1 0
b 00000000bd40ebc6 0000000000000000 bfa81d78c0000000 0 0 0
c c3df0314540fcb8a 0000000000000000 00000000def818a3 10 0 0
0 a737009aa3a80208 dec32c7cd2d2ca9a dec32c7cd2d2ca9a 10 0 0
1 a737009aa3a80208 dec32c7cd2d2ca9a 5ec32c7cd2d2ca9a 10 0 0
2 a737009aa3a80208 dec32c7cd2d2ca9a 460b90acbf5efd9c 10 0 0
3 a737009aa3a80208 dec32c7cd2d2ca9a 086331e172ad5aca 10 0 0
4 a737009aa3a80208 dec32c7cd2d2ca9a 7ff8000000000000 1 0 0
d a737009aa3a80208 dec32c7cd2d2ca9a 0000000000000000 0 0 0
b 00000000fbb8241a 0000000000000000 c777048340000000 0 0 0
c a737009aa3a80208 0000000000000000 0000000080000000 18 0 0
0 18586b67b3a4be5d a98e812a4cd4421f a98e812a4cd4421f 10 0 0
1 18586b67b3a4be5d a98e812a4cd4421f 298e812a4cd4421f 10 0 0
2 18586b67b3a4be5d a98e812a4cd4421f 81f747427a0fceae 10 0 0
3 18586b67b3a4be5d a98e812a4cd4421f aeb99ddf60795f0c 10 0 0
4 18586b67b3a4be5d a98e812a4cd4421f 2c23c43684b8f559 10 0 0
d 18586b67b3a4be5d a98e812a4cd4421f 0000000000000000 0 0 0
b 00000000566fcad4 0000000000000000 42cdf95a80000000 0 0 0
c 18586b67b3a4be5d 0000000000000000 0000000000000000 18 0 0
0 4996b48e7fe05aad e20dde17602d4cf0 e20dde17602d4cf0 10 0 0
1 4996b48e7fe05aad e20dde17602d4cf0 620dde17602d4cf0 10 0 0
2 4996b48e7fe05aad e20dde17602d4cf0 ebb53136567eb28a 10 0 0
3 4996b48e7fe05aad e20dde17602d4cf0 a778538e688cc648 10 0 0
4 4996b48e7fe05aad e20dde17602d4cf0 44c30f5e34a9a8e2 10 0 0
d 4996b48e7fe05aad e20dde17602d4cf0 0000000000000000 0 0 0
b 00000000ffd62d09 0000000000000000 7ff8000000000000 0 0 0
c 4996b48e7fe05aad 0000000000000000 000000007f800000 14 0 0
0 749516721d3c96bf 728d180ae00a294c 749516721d4b22c4 10 0 0
1 749516721d3c96bf 728d180ae00a294c 749516721d2e0aba 10 0 0
2 749516721d3c96bf 728d180ae00a294c 7ff0000000000000 14 0 0
3 749516721d3c96bf 728d180ae00a294c 41f731ad3687218e 10 0 0
4 749516721d3c96bf 728d180ae00a294c 5a425e57ebae50dd 10 0 0
d 749516721d3c96bf 728d180ae00a294c 0000000000000000 0 0 0
b 00000000015c807d 0000000000000000 382b900fa0000000 0 0 0
c 749516721d3c96bf 0000000000000000 000000007f800000 14 0 0
0 bb3e7254dbedd52e 484c94ca80628da0 484c94ca80628da0 10 0 0
1 bb3e7254dbedd52e 484c94ca80628da0 c84c94ca80628da0 10 0 0
2 bb3e7254dbedd52e 484c94ca80628da0 c39b319bb4c80b23 10 0 0
3 bb3e7254dbedd52e 484c94ca80628da0 b2e10b54c2560108 10 0 0
4 bb3e7254dbedd52e 484c94ca80628da0 7ff8000000000000 1 0 0
d bb3e7254dbedd52e 484c94ca80628da0 0000000000000000 0 1 0
b 00000000eb0a4c2b 0000000000000000 c561498560000000 0 0 0
c bb3e7254dbedd52e 0000000000000000 0000000099f392a7 10 0 0
0 f360d0ecc6d9ae12 9069647f203d9b8c f360d0ecc6d9ae12 10 0 0
1 f360d0ecc6d9ae12 9069647f203d9b8c f360d0ecc6d9ae12 10 0 0
2 f360d0ecc6d9ae12 9069647f203d9b8c 43dab0115ac8f46b 10 0 0
3 f360d0ecc6d9ae12 9069647f203d9b8c 7ff0000000000000 14 0 0
4 f360d0ecc6d9ae12 9069647f203d9b8c 7ff8000000000000 1 0 0
d f360d0ecc6d9ae12 9069647f203d9b8c 0000000000000000 0 1 0
b 00000000fac6176a 0000000000000000 c758c2ed40000000 0 0 0
c f360d0ecc6d9ae12 0000000000000000 00000000ff800000 14 0 0
0 3d42249f43eef697 3ab75929e3d02de0 3d42249f43ef0244 10 0 0
1 3d42249f43eef697 3ab75929e3d02de0 3d42249f43eeeaea 10 0 0
2 3d42249f43eef697 3ab75929e3d02de0 380a79c027bd2578 10 0 0
3 3d42249f43eef697 3ab75929e3d02de0 4278ddaf83ca0319 10 0 0
4 3d42249f43eef697 3ab75929e3d02de0 3e98185dcec3e127 10 0 0
d 3d42249f43eef697 3ab75929e3d02de0 0000000000000000 0 0 0
b 000000002be78416 0000000000000000 3d7cf082c0000000 0 0 0
c 3d42249f43eef697 0000000000000000 000000002a1124fa 10 0 0
0 b7c01d2438fc25d6 3491c5558b570a48 b7c01d2438fc25d4 10 0 0
1 b7c01d2438fc25d6 3491c5558b570a48 b7c01d2438fc25d8 10 0 0
2 b7c01d2438fc25d6 3491c5558b570a48 ac61e5b371aecb00 10 0 0
3 b7c01d2438fc25d6 3491c5558b570a48 c31d0427abfe0f0a 10 0 0
4 b7c01d2438fc25d6 3491c5558b570a48 7ff8000000000000 1 0 0
d b7c01d2438fc25d6 3491c5558b570a48 0000000000000000 0 1 0
b 0000000029d9d7a7 0000000000000000 3d3b3af4e0000000 0 0 0
c b7c01d2438fc25d6 0000000000000000 0000000080040749 18 0 0
0 768af81118915675 79a2041a1d0a49ca 79a2041a1d0a49d1 10 0 0
1 768af81118915675 79a2041a1d0a49ca f9a2041a1d0a49c3 10 0 0
2 768af81118915675 79a2041a1d0a49ca 7ff0000000000000 14 0 0
3 768af81118915675 79a2041a1d0a49ca 3cd7f37d739c4f8c 10 0 0
4 768af81118915675 79a2041a1d0a49ca 5b3d608350dd6515 10 0 0
d 768af81118915675 79a2041a1d0a49ca 0000000000000000 0 1 0
b 00000000d25759b3 0000000000000000 c24aeb3660000000 0 0 0
c 768af81118915675 0000000000000000 000000007f800000 14 0 0
0 1545856318df4577 fe4a74afab2654c0 fe4a74afab2654c0 10 0 0
1 1545856318df4577 fe4a74afab2654c0 7e4a74afab2654c0 10 0 0
2 1545856318df4577 fe4a74afab2654c0 d3a1cada300012c3 10 0 0
3 1545856318df4577 fe4a74afab2654c0 8000000000000000 18 0 0
4 1545856318df4577 fe4a74afab2654c0 2a9a3e1a333d16de 10 0 0
d 1545856318df4577 fe4a74afab2654c0 0000000000000000 0 0 0
b 000000005672e7ff 0000000000000000 42ce5cffe0000000 0 0 0
c 1545856318df4577 0000000000000000 0000000000000000 18 0 0
0 5b2d5599c25fa796 e302e4c04ccddaad e302e4c04ccddaad 10 0 0
1 5b2d5599c25fa796 e302e4c04ccddaad 6302e4c04ccddaad 10 0 0
2 5b2d5599c25fa796 e302e4c04ccddaad fe4151d8ace14811 10 0 0
3 5b2d5599c25fa796 e302e4c04ccddaad b818d78044b3b913 10 0 0
4 5b2d5599c25fa796 e302e4c04ccddaad 4d8ea361e868c28b 10 0 0
d 5b2d5599c25fa796 e302e4c04ccddaad 0000000000000000 0 0 0
b 0000000004982d41 0000000000000000 389305a820000000 0 0 0
c 5b2d5599c25fa796 0000000000000000 000000007f800000 14 0 0
0 2731b6f92c3d5fce 7f5f59ac1938e0b9 7f5f59ac1938e0b9 10 0 0
1 2731b6f92c3d5fce 7f5f59ac1938e0b9 ff5f59ac1938e0b9 10 0 0
2 2731b6f92c3d5fce 7f5f59ac1938e0b9 66a15ae58d503c92 10 0 0
3 2731b6f92c3d5fce 7f5f59ac1938e0b9 0000000000000000 18 0 0
4 2731b6f92c3d5fce 7f5f59ac1938e0b9 3390d5e6c76028e6 10 0 0
d 2731b6f92c3d5fce 7f5f59ac1938e0b9 0000000000000000 0 1 0
b 00000000a0d787ee 0000000000000000 bc1af0fdc0000000 0 0 0
c 2731b6f92c3d5fce 0000000000000000 0000000000000000 18 0 0
0 5567909b49e0c701 71193fa18b4bae37 71193fa18b4bae37 10 0 0
1 5567909b49e0c701 71193fa18b4bae37 f1193fa18b4bae37 10 0 0
2 5567909b49e0c701 71193fa18b4bae37 7ff0000000000000 14 0 0
3 5567909b49e0c701 71193fa18b4bae37 243dddb853c60b21 10 0 0
4 5567909b49e0c701 71193fa18b4bae37 4aab75df7783b911 10 0 0
d 5567909b49e0c701 71193fa18b4bae37 0000000000000000 0 1 0
b 000000002f2b1f51 0000000000000000 3de563ea20000000 0 0 0
c 5567909b49e0c701 0000000000000000 000000007f800000 14 0 0
0 d4e23f11f30a84b1 d0025a9ff16f11d7 d4e23f11f30a84b1 10 0 0
1 d4e23f11f30a84b1 d0025a9ff16f11d7 d4e23f11f30a84b1 10 0 0
2 d4e23f11f30a84b1 d0025a9ff16f11d7 64f4ee4d5c79f7ec 10 0 0
3 d4e23f11f30a84b1 d0025a9ff16f11d7 44cfcff570c23675 10 0 0
4 d4e23f11f30a84b1 d0025a9ff16f11d7 7ff8000000000000 1 0 0
d d4e23f11f30a84b1 d0025a9ff16f11d7 0000000000000000 0 1 0
b 0000000079eaf7dd 0000000000000000 473d5efba0000000 0 0 0
c d4e23f11f30a84b1 0000000000000000 00000000ff800000 14 0 0
0 c539cef560050046 c1b9a840628b9118 c539cef560050046 10 0 0
1 c539cef560050046 c1b9a840628b9118 c539cef560050046 10 0 0
2 c539cef560050046 c1b9a840628b9118 4704b16228a121f7 10 0 0
3 c539cef560050046 c1b9a840628b9118 437018234ddaecf6 10 0 0
4 c539cef560050046 c1b9a840628b9118 7ff8000000000000 1 0 0
d c539cef560050046 c1b9a840628b9118 0000000000000000 0 1 0
b 0000000005bbb0cc 0000000000000000 38b7761980000000 0 0 0
c c539cef560050046 0000000000000000 00000000e9ce77ab 10 0 0
0 07e32abd3423c707 d4a32da693e1108d d4a32da693e1108d 10 0 0
1 07e32abd3423c707 d4a32da693e1108d 54a32da693e1108d 10 0 0
2 07e32abd3423c707 d4a32da693e1108d 9c96f9706e9e6513 10 0 0
3 07e32abd3423c707 d4a32da693e1108d 8000000000000000 18 0 0
4 07e32abd3423c707 d4a32da693e1108d 23e8c408350fc73f 10 0 0
d 07e32abd3423c707 d4a32da693e1108d 0000000000000000 0 0 0
b 000000008fede6d5 0000000000000000 b9fdbcdaa0000000 0 0 0
c 07e32abd3423c707 0000000000000000 0000000000000000 18 0 0
0 55dcb68ea2aff608 d1b5dfdf238f55f8 55dcb68ea2aff608 10 0 0
1 55dcb68ea2aff608 d1b5dfdf238f55f8 55dcb68ea2aff608 10 0 0
2 55dcb68ea2aff608 d1b5dfdf238f55f8 e7a3a0ae04db7a5d 10 0 0
3 55dcb68ea2aff608 d1b5dfdf238f55f8 c4150087e0a01c29 10 0 0
4 55dcb68ea2aff608 d1b5dfdf238f55f8 4ae56f10a2f76deb 10 0 0
d 55dcb68ea2aff608 d1b5dfdf238f55f8 0000000000000000 0 0 0
b 00000000ef361d60 0000000000000000 c5e6c3ac00000000 0 0 0
c 55dcb68ea2aff608 0000000000000000 000000007f800000 14 0 0
0 bfdb6e8d935e5688 686033afaca97005 686033afaca97005 10 0 0
1 bfdb6e8d935e5688 686033afaca97005 e86033afaca97005 10 0 0
2 bfdb6e8d935e5688 686033afaca97005 e84bc72b27d780ca 10 0 0
3 bfdb6e8d935e5688 686033afaca97005 976b170ab0eeda04 10 0 0
4 bfdb6e8d935e5688 686033afaca97005 7ff8000000000000 1 0 0
d bfdb6e8d935e5688 686033afaca97005 0000000000000000 0 1 0
b 00000000d79bbb71 0000000000000000 c2f3776e20000000 0 0 0
c bfdb6e8d935e5688 0000000000000000 00000000bedb746d 10 0 0
0 be4caa6b4b3a228b e203e2fe55d1d7d0 e203e2fe55d1d7d0 10 0 0
1 be4caa6b4b3a228b e203e2fe55d1d7d0 6203e2fe55d1d7d0 10 0 0
2 be4caa6b4b3a228b e203e2fe55d1d7d0 6061d08720021b94 10 0 0
3 be4caa6b4b3a228b e203e2fe55d1d7d0 1c37102f38e894ae 10 0 0
4 be4caa6b4b3a228b e203e2fe55d1d7d0 7ff8000000000000 1 0 0
d be4caa6b4b3a228b e203e2fe55d1d7d0 0000000000000000 0 0 0
b 000000008a57e8e5 0000000000000000 b94afd1ca0000000 0 0 0
c be4caa6b4b3a228b 0000000000000000 00000000b265535a 10 0 0
0 9e251b4094edb926 5ae470824a7f05f8 5ae470824a7f05f8 10 0 0
1 9e251b4094edb926 5ae470824a7f05f8 dae470824a7f05f8 10 0 0
2 9e251b4094edb926 5ae470824a7f05f8 b91af67b5dedfc6c 10 0 0
3 9e251b4094edb926 5ae470824a7f05f8 833085a859461c46 10 0 0
4 9e251b4094edb926 5ae470824a7f05f8 7ff8000000000000 1 0 0
d 9e251b4094edb926 5ae470824a7f05f8 0000000000000000 0 1 0
b 00000000f2ca4398 0000000000000000 c659487300000000 0 0 0
c 9e251b4094edb926 0000000000000000 0000000080000000 18 0 0
0 ed9ac6441f11814d c83eecf1a1b80201 ed9ac6441f11814d 10 0 0
1 ed9ac6441f11814d c83eecf1a1b80201 ed9ac6441f11814d 10 0 0
2 ed9ac6441f11814d c83eecf1a1b80201 75e9e020400610bf 10 0 0
3 ed9ac6441f11814d c83eecf1a1b80201 654bb466e3d4b347 10 0 0
4 ed9ac6441f11814d c83eecf1a1b80201 7ff8000000000000 1 0 0
d ed9ac6441f11814d c83eecf1a1b80201 0000000000000000 0 1 0
b 000000009ef62d5d 0000000000000000 bbdec5aba0000000 0 0 0
c ed9ac6441f11814d 0000000000000000 00000000ff800000 14 0 0
0 30e9be93e0407cce 14e0af6220911364 30e9be93e0407cce 10 0 0
1 30e9be93e0407cce 14e0af6220911364 30e9be93e0407cce 10 0 0
2 30e9be93e0407cce 14e0af6220911364 05dad8c6355591be 10 0 0
3 30e9be93e0407cce 14e0af6220911364 5bf8aff7d1ad76fe 10 0 0
4 30e9be93e0407cce 14e0af6220911364 386cb3ca235700a8 10 0 0
d 30e9be93e0407cce 14e0af6220911364 0000000000000000 0 0 0
b 000000005d4fd15a 0000000000000000 43a9fa2b40000000 0 0 0
c 30e9be93e0407cce 0000000000000000 0000000000000000 18 0 0
0 4bfc9fe8d83f8ee8 15b1d939fc4b2032 4bfc9fe8d83f8ee8 10 0 0
1 4bfc9fe8d83f8ee8 15b1d939fc4b2032 4bfc9fe8d83f8ee8 10 0 0
2 4bfc9fe8d83f8ee8 15b1d939fc4b2032 21bfee87e8c2e2b6 10 0 0
3 4bfc9fe8d83f8ee8 15b1d939fc4b2032 7639a8f8a3501243 10 0 0
4 4bfc9fe8d83f8ee8 15b1d939fc4b2032 45f5669afdce862e 10 0 0
d 4bfc9fe8d83f8ee8 15b1d939fc4b2032 0000000000000000 0 0 0
b 0000000091e8ae94 0000000000000000 ba3d15d280000000 0 0 0
c 4bfc9fe8d83f8ee8 0000000000000000 000000007f800000 14 0 0
0 0377fda96496dac8 463f20cfe6f4aa5c 463f20cfe6f4aa5c 10 0 0
1 0377fda96496dac8 463f20cfe6f4aa5c c63f20cfe6f4aa5c 10 0 0
2 0377fda96496dac8 463f20cfe6f4aa5c 09c75655a0dd1ce4 10 0 0
3 0377fda96496dac8 463f20cfe6f4aa5c 0000000000000031 18 0 0
4 0377fda96496dac8 463f20cfe6f4aa5c 21b39799acb8bb86 10 0 0
d 0377fda96496dac8 463f20cfe6f4aa5c 0000000000000000 0 1 0
b 00000000045d63e3 0000000000000000 388bac7c60000000 0 0 0
c 0377fda96496dac8 0000000000000000 0000000000000000 18 0 0
0 ac0ba993fe0d04ef 8c89bf47d7415c17 ac0ba993fe0d04ef 10 0 0
1 ac0ba993fe0d04ef 8c89bf47d7415c17 ac0ba993fe0d04ef 10 0 0
2 ac0ba993fe0d04ef 8c89bf47d7415c17 0000000000000000 18 0 0
3 ac0ba993fe0d04ef 8c89bf47d7415c17 5f7130af215cec87 10 0 0
4 ac0ba993fe0d04ef 8c89bf47d7415c17 7ff8000000000000 1 0 0
d ac0ba993fe0d04ef 8c89bf47d7415c17 0000000000000000 0 1 0
b 0000000064bb8cb6 0000000000000000 44977196c0000000 0 0 0
c ac0ba993fe0d04ef 0000000000000000 0000000080000000 18 0 0
0 b085822018f1ca40 1682891cb384734c b085822018f1ca40 10 0 0
1 b085822018f1ca40 1682891cb384734c b085822018f1ca40 10 0 0
2 b085822018f1ca40 1682891cb384734c 8718eab4e3ef9920 10 0 0
3 b085822018f1ca40 1682891cb384734c d9f290e8e45c757b 10 0 0
4 b085822018f1ca40 1682891cb384734c 7ff8000000000000 1 0 0
d b085822018f1ca40 1682891cb384734c 0000000000000000 0 1 0
b 0000000080505afa 0000000000000000 b80416be80000000 0 0 0
c b085822018f1ca40 0000000000000000 0000000080000000 18 0 0
0 eae4b0dde31afae2 349a7ce11bca4d22 eae4b0dde31afae2 10 0 0
1 eae4b0dde31afae2 349a7ce11bca4d22 eae4b0dde31afae2 10 0 0
2 eae4b0dde31afae2 349a7ce11bca4d22 df91207331e622c9 10 0 0
3 eae4b0dde31afae2 349a7ce11bca4d22 f638ff28fbaf0b92 10 0 0
4 eae4b0dde31afae2 349a7ce11bca4d22 7ff8000000000000 1 0 0
d eae4b0dde31afae2 349a7ce11bca4d22 0000000000000000 0 1 0
b 000000001faaa6b5 0000000000000000 3bf554d6a0000000 0 0 0
c eae4b0dde31afae2 0000000000000000 00000000ff800000 14 0 0
0 24f8426bba13b211 466f7319a98ce4ff 466f7319a98ce4ff 10 0 0
1 24f8426bba13b211 466f7319a98ce4ff c66f7319a98ce4ff 10 0 0
2 24f8426bba13b211 466f7319a98ce4ff 2b77d79a83d58dc8 10 0 0
3 24f8426bba13b211 466f7319a98ce4ff 1e78af1b7fa7372b 10 0 0
4 24f8426bba13b211 466f7319a98ce4ff 3273b3992901b3eb 10 0 0
d 24f8426bba13b211 466f7319a98ce4ff 0000000000000000 0 1 0
b 000000009770d0b6 0000000000000000 baee1a16c0000000 0 0 0
c 24f8426bba13b211 0000000000000000 0000000000000000 18 0 0
0 21ac96a5dc758c39 d3a1c2c094cf50bc d3a1c2c094cf50bc 10 0 0
1 21ac96a5dc758c39 d3a1c2c094cf50bc 53a1c2c094cf50bc 10 0 0
2 21ac96a5dc758c39 d3a1c2c094cf50bc b55fbc0aeef8373e 10 0 0
3 21ac96a5dc758c39 d3a1c2c094cf50bc 8df9c1190091a940 10 0 0
4 21ac96a5dc758c39 d3a1c2c094cf50bc 30ce3f0533309c01 10 0 0
d 21ac96a5dc758c39 d3a1c2c094cf50bc 0000000000000000 0 0 0
b 00000000a5c515d0 0000000000000000 bcb8a2ba00000000 0 0 0
c 21ac96a5dc758c39 0000000000000000 0000000000000000 18 0 0
0 e89ddb8f2e6e5d59 5d64f8db8d80c564 e89ddb8f2e6e5d59 10 0 0
1 e89ddb8f2e6e5d59 5d64f8db8d80c564 e89ddb8f2e6e5d59 10 0 0
2 e89ddb8f2e6e5d59 5d64f8db8d80c564 fff0000000000000 14 0 0
3 e89ddb8f2e6e5d59 5d64f8db8d80c564 cb26c76961b0e142 10 0 0
4 e89ddb8f2e6e5d59 5d64f8db8d80c564 7ff8000000000000 1 0 0
d e89ddb8f2e6e5d59 5d64f8db8d80c564 0000000000000000 0 1 0
b 0000000030adf1b2 0000000000000000 3e15be3640000000 0 0 0
c e89ddb8f2e6e5d59 0000000000000000 00000000ff800000 14 0 0
0 5de5291fe0101afc 8ab2803b8c042141 5de5291fe0101afc 10 0 0
1 5de5291fe0101afc 8ab2803b8c042141 5de5291fe0101afc 10 0 0
2 5de5291fe0101afc 8ab2803b8c042141 a8a877db9be5769a 10 0 0
3 5de5291fe0101afc 8ab2803b8c042141 fff0000000000000 14 0 0
4 5de5291fe0101afc 8ab2803b8c042141 4eea059cdb1a51a1 10 0 0
d 5de5291fe0101afc 8ab2803b8c042141 0000000000000000 0 0 0
b 000000000dacafb7 0000000000000000 39b595f6e0000000 0 0 0
c 5de5291fe0101afc 0000000000000000 000000007f800000 14 0 0
0 931a70da7d2a951a deb1991e5fd7d537 deb1991e5fd7d537 10 0 0
1 931a70da7d2a951a deb1991e5fd7d537 5eb1991e5fd7d537 10 0 0
2 931a70da7d2a951a deb1991e5fd7d537 31dd14f180468e66 10 0 0
3 931a70da7d2a951a deb1991e5fd7d537 0000000000000000 18 0 0
4 931a70da7d2a951a deb1991e5fd7d537 7ff8000000000000 1 0 0
d 931a70da7d2a951a deb1991e5fd7d537 0000000000000000 0 0 0
b 000000000b5d966f 0000000000000000 396bb2cde0000000 0 0 0
c 931a70da7d2a951a 0000000000000000 0000000080000000 18 0 0
0 8b957e47afec0149 d763e3cbc8401e86 d763e3cbc8401e86 10 0 0
1 8b957e47afec0149 d763e3cbc8401e86 5763e3cbc8401e86 10 0 0
2 8b957e47afec0149 d763e3cbc8401e86 230ab7f679265012 10 0 0
3 8b957e47afec0149 d763e3cbc8401e86 0000000000000000 18 0 0
4 8b957e47afec0149 d763e3cbc8401e86 7ff8000000000000 1 0 0
d 8b957e47afec0149 d763e3cbc8401e86 0000000000000000 0 0 0
b 00000000b987d28e 0000000000000000 bf30fa51c0000000 0 0 0
c 8b957e47afec0149 0000000000000000 0000000080000000 18 0 0
0 39105fc56ff43091 d52ae8228df36a95 d52ae8228df36a95 10 0 0
1 39105fc56ff43091 d52ae8228df36a95 552ae8228df36a95 10 0 0
2 39105fc56ff43091 d52ae8228df36a95 ce4b8930e18cc917 10 0 0
3 39105fc56ff43091 d52ae8228df36a95 a3d3793cd829dfa3 10 0 0
4 39105fc56ff43091 d52ae8228df36a95 3c802f9be3179cac 10 0 0
d 39105fc56ff43091 d52ae8228df36a95 0000000000000000 0 0 0
b 00000000f496e265 0000000000000000 c692dc4ca0000000 0 0 0
c 39105fc56ff43091 0000000000000000 000000000882fe2b 10 0 0
0 339097080f4171b0 0f9b406b955467a0 339097080f4171b0 10 0 0
1 339097080f4171b0 0f9b406b955467a0 339097080f4171b0 10 0 0
2 339097080f4171b0 0f9b406b955467a0 033c41a946d75b10 10 0 0
3 339097080f4171b0 0f9b406b955467a0 63e37b0a0f30c2ee 10 0 0
4 339097080f4171b0 0f9b406b955467a0 39c04ad508cdc3f8 10 0 0
d 339097080f4171b0 0f9b406b955467a0 0000000000000000 0 0 0
b 000000002dad0570 0000000000000000 3db5a0ae00000000 0 0 0
c 339097080f4171b0 0000000000000000 0000000000000000 18 0 0
0 2d6b3dd110f62f99 75a9c67be1b699c8 75a9c67be1b699c8 10 0 0
1 2d6b3dd110f62f99 75a9c67be1b699c8 f5a9c67be1b699c8 10 0 0
2 2d6b3dd110f62f99 75a9c67be1b699c8 6325f143489afa26 10 0 0
3 2d6b3dd110f62f99 75a9c67be1b699c8 0000000000000000 18 0 0
4 2d6b3dd110f62f99 75a9c67be1b699c8 36ad866804aed00e 10 0 0
d 2d6b3dd110f62f99 75a9c67be1b699c8 0000000000000000 0 1 0
b 00000000637f916f 0000000000000000 446ff22de0000000 0 0 0
c 2d6b3dd110f62f99 0000000000000000 0000000000000000 18 0 0
0 bb1501067d8c5f1c 3b9b214ba9ffbcd2 3b9b0c4aa3823073 10 0 0
1 bb1501067d8c5f1c 3b9b214ba9ffbcd2 bb9b364cb07d4931 10 0 0
2 bb1501067d8c5f1c 3b9b214ba9ffbcd2 b6c1ceb8329c65a5 10 0 0
3 bb1501067d8c5f1c 3b9b214ba9ffbcd2 bf68c6384b075f8a 10 0 0
4 bb1501067d8c5f1c 3b9b214ba9ffbcd2 7ff8000000000000 1 0 0
d bb1501067d8c5f1c 3b9b214ba9ffbcd2 0000000000000000 0 1 0
b 0000000092dfafe0 0000000000000000 ba5bf5fc00000000 0 0 0
c bb1501067d8c5f1c 0000000000000000 0000000098a80834 10 0 0
0 83501251a254295c c888e6835f45794f c888e6835f45794f 10 0 0
1 83501251a254295c c888e6835f45794f 4888e6835f45794f 10 0 0
2 83501251a254295c c888e6835f45794f 0be90305beaaa67b 10 0 0
3 83501251a254295c c888e6835f45794f 0000000000000000 18 0 0
4 83501251a254295c c888e6835f45794f 7ff8000000000000 1 0 0
d 83501251a254295c c888e6835f45794f 0000000000000000 0 0 0
b 00000000fdf0ce59 0000000000000000 c7be19cb20000000 0 0 0
c 83501251a254295c 0000000000000000 0000000080000000 18 0 0
0 634814c45bc421ac 21c804d40b001bdd 634814c45bc421ac 10 0 0
1 634814c45bc421ac 21c804d40b001bdd 634814c45bc421ac 10 0 0
2 634814c45bc421ac 21c804d40b001bdd 452213356f3aaa30 10 0 0
3 634814c45bc421ac 21c804d40b001bdd 7ff0000000000000 14 0 0
4 634814c45bc421ac 21c804d40b001bdd 519bc275b822a0b3 10 0 0
d 634814c45bc421ac 21c804d40b001bdd 0000000000000000 0 0 0
b 00000000070c43e0 0000000000000000 38e1887c00000000 0 0 0
c 634814c45bc421ac 0000000000000000 000000007f800000 14 0 0
0 61708f5863ed55b5 e229b2185931dd8d e229b0066e255fe2 10 0 0
1 61708f5863ed55b5 e229b2185931dd8d 6229b42a443e5b38 10 0 0
2 61708f5863ed55b5 e229b2185931dd8d fff0000000000000 14 0 0
3 61708f5863ed55b5 e229b2185931dd8d bf349f72e60f2bde 10 0 0
4 61708f5863ed55b5 e229b2185931dd8d 50b0470e69f9e7cc 10 0 0
d 61708f5863ed55b5 e229b2185931dd8d 0000000000000000 0 0 0
b 000000003289d56d 0000000000000000 3e513aada0000000 0 0 0
c 61708f5863ed55b5 0000000000000000 000000007f800000 14 0 0
0 0caa5e9fa84a3943 0327f0b25b080b6a 0caa5e9fa84a3943 10 0 0
1 0caa5e9fa84a3943 0327f0b25b080b6a 0caa5e9fa84a3943 10 0 0
2 0caa5e9fa84a3943 0327f0b25b080b6a 0000000000000000 18 0 0
3 0caa5e9fa84a3943 0327f0b25b080b6a 49719fa73cbe6034 10 0 0
4 0caa5e9fa84a3943 0327f0b25b080b6a 264d0c78b728896c 10 0 0
d 0caa5e9fa84a3943 0327f0b25b080b6a 0000000000000000 0 0 0
b 0000000016c9ad58 0000000000000000 3ad935ab00000000 0 0 0
c 0caa5e9fa84a3943 0000000000000000 0000000000000000 18 0 0
0 4f3521c98a82fdaf 73d991b47c091923 73d991b47c091923 10 0 0
1 4f3521c98a82fdaf 73d991b47c091923 f3d991b47c091923 10 0 0
2 4f3521c98a82fdaf 73d991b47c091923 7ff0000000000000 14 0 0
3 4f3521c98a82fdaf 73d991b47c091923 1b4a7263e64131f5 10 0 0
4 4f3521c98a82fdaf 73d991b47c091923 47926347c78c409a 10 0 0
d 4f3521c98a82fdaf 73d991b47c091923 0000000000000000 0 1 0
b 00000000ba878015 0000000000000000 bf50f002a0000000 0 0 0
c 4f3521c98a82fdaf 0000000000000000 000000007f800000 14 0 0
0 1a25afb755b0139e afbcf79f18aee838 afbcf79f18aee838 10 0 0
1 1a25afb755b0139e afbcf79f18aee838 2fbcf79f18aee838 10 0 0
2 1a25afb755b0139e afbcf79f18aee838 89f3a1908be8bc5a 10 0 0
3 1a25afb755b0139e afbcf79f18aee838 aa57f4f3fe96cfbd 10 0 0
4 1a25afb755b0139e afbcf79f18aee838 2d0a57dc5e76adbf 10 0 0
d 1a25afb755b0139e afbcf79f18aee838 0000000000000000 0 0 0
b 000000007098d76c 0000000000000000 46131aed80000000 0 0 0
c 1a25afb755b0139e 0000000000000000 0000000000000000 18 0 0
0 24d9289638b6e613 6aea7109bda32eec 6aea7109bda32eec 10 0 0
1 24d9289638b6e613 6aea7109bda32eec eaea7109bda32eec 10 0 0
2 24d9289638b6e613 6aea7109bda32eec 4fd4c9d9090f239f 10 0 0
3 24d9289638b6e613 6aea7109bda32eec 0000000000000000 18 0 0
4 24d9289638b6e613 6aea7109bda32eec 32641035853098de 10 0 0
d 24d9289638b6e613 6aea7109bda32eec 0000000000000000 0 1 0
b 00000000d7a698b3 0000000000000000 c2f4d31660000000 0 0 0
c 24d9289638b6e613 0000000000000000 0000000000000000 18 0 0
0 92afa78bad806024 9112ac265657c3cd 92afa78bb6d6734f 10 0 0
1 92afa78bad806024 9112ac265657c3cd 92afa78ba42a4cf9 10 0 0
2 92afa78bad806024 9112ac265657c3cd 0000000000000000 18 0 0
3 92afa78bad806024 9112ac265657c3cd 418b1fbdbff0db3e 10 0 0
4 92afa78bad806024 9112ac265657c3cd 7ff8000000000000 1 0 0
d 92afa78bad806024 9112ac265657c3cd 0000000000000000 0 1 0
b 000000006be8af9a 0000000000000000 457d15f340000000 0 0 0
c 92afa78bad806024 0000000000000000 0000000080000000 18 0 0
0 bd61c27720c37ce0 a4b432af7ed9b83f bd61c27720c37ce0 10 0 0
1 bd61c27720c37ce0 a4b432af7ed9b83f bd61c27720c37ce0 10 0 0
2 bd61c27720c37ce0 a4b432af7ed9b83f 22266b5768fec96c 10 0 0
3 bd61c27720c37ce0 a4b432af7ed9b83f 589c2309b717cda8 10 0 0
4 bd61c27720c37ce0 a4b432af7ed9b83f 7ff8000000000000 1 0 0
d bd61c27720c37ce0 a4b432af7ed9b83f 0000000000000000 0 1 0
b 000000007211e6d0 0000000000000000 46423cda00000000 0 0 0
c bd61c27720c37ce0 0000000000000000 00000000ab0e13b9 10 0 0
0 97b3f715c375541d 572edc2619e11413 572edc2619e11413 10 0 0
1 97b3f715c375541d 572edc2619e11413 d72edc2619e11413 10 0 0
2 97b3f715c375541d 572edc2619e11413 aef340fee26d1471 10 0 0
3 97b3f715c375541d 572edc2619e11413 8074b3e6b654f8cd 10 0 0
4 97b3f715c375541d 572edc2619e11413 7ff8000000000000 1 0 0
d 97b3f715c375541d 572edc2619e11413 0000000000000000 0 1 0
b 00000000570e5de2 0000000000000000 42e1cbbc40000000 0 0 0
c 97b3f715c375541d 0000000000000000 0000000080000000 18 0 0
0 0af824dbc20b3eaa 1e1ba4e53a610566 1e1ba4e53a610566 10 0 0
1 0af824dbc20b3eaa 1e1ba4e53a610566 9e1ba4e53a610566 10 0 0
2 0af824dbc20b3eaa 1e1ba4e53a610566 0000000000000000 18 0 0
3 0af824dbc20b3eaa 1e1ba4e53a610566 2ccbf2c65223e235 10 0 0
4 0af824dbc20b3eaa 1e1ba4e53a610566 2573a7947344e89f 10 0 0
d 0af824dbc20b3eaa 1e1ba4e53a610566 0000000000000000 0 1 0
b 000000004374c800 0000000000000000 406e990000000000 0 0 0
c 0af824dbc20b3eaa 0000000000000000 0000000000000000 18 0 0
0 94e0027a014e0d8d df0673b23f775a4a df0673b23f775a4a 10 0 0
1 94e0027a014e0d8d df0673b23f775a4a 5f0673b23f775a4a 10 0 0
2 94e0027a014e0d8d df0673b23f775a4a 33f6772be9c32f50 10 0 0
3 94e0027a014e0d8d df0673b23f775a4a 0000000000000000 18 0 0
4 94e0027a014e0d8d df0673b23f775a4a 7ff8000000000000 1 0 0
d 94e0027a014e0d8d df0673b23f775a4a 0000000000000000 0 0 0
b 0000000053f07af5 0000000000000000 427e0f5ea0000000 0 0 0
c 94e0027a014e0d8d 0000000000000000 0000000080000000 18 0 0
0 c97060e268e408d4 d621794bd804dc2f d621794bd804dc2f 10 0 0
1 c97060e268e408d4 d621794bd804dc2f 5621794bd804dc2f 10 0 0
2 c97060e268e408d4 d621794bd804dc2f 5fa1e31ae2f1bbb6 10 0 0
3 c97060e268e408d4 d621794bd804dc2f 333dfe7a7dc223bc 10 0 0
4 c97060e268e408d4 d621794bd804dc2f 7ff8000000000000 1 0 0
d c97060e268e408d4 d621794bd804dc2f 0000000000000000 0 0 0
b 0000000033a2a00f 0000000000000000 3e745401e0000000 0 0 0
c c97060e268e408d4 0000000000000000 00000000ff800000 14 0 0
0 93cd081e6b14fe59 6f2b22f665c90ecc 6f2b22f665c90ecc 10 0 0
1 93cd081e6b14fe59 6f2b22f665c90ecc ef2b22f665c90ecc 10 0 0
2 93cd081e6b14fe59 6f2b22f665c90ecc c3089e91d56d5c88 10 0 0
3 93cd081e6b14fe59 6f2b22f665c90ecc 8000000000000000 18 0 0
4 93cd081e6b14fe59 6f2b22f665c90ecc 7ff8000000000000 1 0 0
d 93cd081e6b14fe59 6f2b22f665c90ecc 0000000000000000 0 1 0
b 00000000c6053444 0000000000000000 c0c0a68880000000 0 0 0
c 93cd081e6b14fe59 0000000000000000 0000000080000000 18 0 0
0 713d0442e710bf98 ec9b3ac9f389ba28 713d0442e710bf98 10 0 0
1 713d0442e710bf98 ec9b3ac9f389ba28 713d0442e710bf98 10 0 0
2 713d0442e710bf98 ec9b3ac9f389ba28 fff0000000000000 14 0 0
3 713d0442e710bf98 ec9b3ac9f389ba28 c4910ccef91a4930 10 0 0
4 713d0442e710bf98 ec9b3ac9f389ba28 58958bfdbc7341c0 10 0 0
d 713d0442e710bf98 ec9b3ac9f389ba28 0000000000000000 0 0 0
b 000000005d57d18e 0000000000000000 43aafa31c0000000 0 0 0
c 713d0442e710bf98 0000000000000000 000000007f800000 14 0 0
0 4bae059de8a1e273 4912e884944e3225 4bae059de8a1ebe7 10 0 0
1 4bae059de8a1e273 4912e884944e3225 4bae059de8a1d8ff 10 0 0
2 4bae059de8a1e273 4912e884944e3225 54d1bd4dee005bb7 10 0 0
3 4bae059de8a1e273 4912e884944e3225 4289677edc4daf09 10 0 0
4 4bae059de8a1e273 4912e884944e3225 45cefec516fb49b9 10 0 0
d 4bae059de8a1e273 4912e884944e3225 0000000000000000 0 0 0
b 00000000135ddf20 0000000000000000 3a6bbbe400000000 0 0 0
c 4bae059de8a1e273 0000000000000000 000000007f800000 14 0 0
0 bf88e4fcc1f19b97 a2e35816f5de6026 bf88e4fcc1f19b97 10 0 0
1 bf88e4fcc1f19b97 a2e35816f5de6026 bf88e4fcc1f19b97 10 0 0
2 bf88e4fcc1f19b97 a2e35816f5de6026 227e18fb4de1816d 10 0 0
3 bf88e4fcc1f19b97 a2e35816f5de6026 5c949742c200600e 10 0 0
4 bf88e4fcc1f19b97 a2e35816f5de6026 7ff8000000000000 1 0 0
d bf88e4fcc1f19b97 a2e35816f5de6026 0000000000000000 0 1 0
b 00000000028d25ab 0000000000000000 3851a4b560000000 0 0 0
c bf88e4fcc1f19b97 0000000000000000 00000000bc4727e6 10 0 0
0 613ac0571f37a52f 99d42c26964ca3ce 613ac0571f37a52f 10 0 0
1 613ac0571f37a52f 99d42c26964ca3ce 613ac0571f37a52f 10 0 0
2 613ac0571f37a52f 99d42c26964ca3ce bb20dd1f2d5ad2f4 10 0 0
3 613ac0571f37a52f 99d42c26964ca3ce fff0000000000000 14 0 0
4 613ac0571f37a52f 99d42c26964ca3ce 5094b04cffe937b4 10 0 0
d 613ac0571f37a52f 99d42c26964ca3ce 0000000000000000 0 0 0
b 0000000044993854 0000000000000000 4093270a80000000 0 0 0
c 613ac0571f37a52f 0000000000000000 000000007f800000 14 0 0
0 11e2ba3d9202148f c2e004068e7403f6 c2e004068e7403f6 10 0 0
1 11e2ba3d9202148f c2e004068e7403f6 42e004068e7403f6 10 0 0
2 11e2ba3d9202148f c2e004068e7403f6 94d2bef3cdfa5926 10 0 0
3 11e2ba3d9202148f c2e004068e7403f6 8ef2b588853acf87 10 0 0
4 11e2ba3d9202148f c2e004068e7403f6 28e87aee372046b8 10 0 0
d 11e2ba3d9202148f c2e004068e7403f6 0000000000000000 0 0 0
b 00000000cf525a93 0000000000000000 c1ea4b5260000000 0 0 0
c 11e2ba3d9202148f 0000000000000000 0000000000000000 18 0 0
0 040f6af3c37eb53b aee22537a2d2b2b5 aee22537a2d2b2b5 10 0 0
1 040f6af3c37eb53b aee22537a2d2b2b5 2ee22537a2d2b2b5 10 0 0
2 040f6af3c37eb53b aee22537a2d2b2b5 8000000000000000 18 0 0
3 040f6af3c37eb53b aee22537a2d2b2b5 951bb402ce7c90cb 10 0 0
4 040f6af3c37eb53b aee22537a2d2b2b5 21ffb5224e13f612 10 0 0
d 040f6af3c37eb53b aee22537a2d2b2b5 0000000000000000 0 0 0
b 0000000064097617 0000000000000000 44812ec2e0000000 0 0 0
c 040f6af3c37eb53b 0000000000000000 0000000000000000 18 0 0
0 13bddd32ab62eedf 2197c5e3fc52e7b6 2197c5e3fc52e7b6 10 0 0
1 13bddd32ab62eedf 2197c5e3fc52e7b6 a197c5e3fc52e7b6 10 0 0
2 13bddd32ab62eedf 2197c5e3fc52e7b6 0000000000000000 18 0 0
3 13bddd32ab62eedf 2197c5e3fc52e7b6 32141976c76d4ac7 10 0 0
4 13bddd32ab62eedf 2197c5e3fc52e7b6 29d5dbf4e6544265 10 0 0
d 13bddd32ab62eedf 2197c5e3fc52e7b6 0000000000000000 0 1 0
b 00000000b42a8b64 0000000000000000 be85516c80000000 0 0 0
c 13bddd32ab62eedf 0000000000000000 0000000000000000 18 0 0
0 4d894127d01fedd1 991ebb63802d771a 4d894127d01fedd1 10 0 0
1 4d894127d01fedd1 991ebb63802d771a 4d894127d01fedd1 10 0 0
2 4d894127d01fedd1 991ebb63802d771a a6b840f89a81d64c 10 0 0
3 4d894127d01fedd1 991ebb63802d771a f45a4be90272ecc9 10 0 0
4 4d894127d01fedd1 991ebb63802d771a 46bc6d89a2634002 10 0 0
d 4d894127d01fedd1 991ebb63802d771a 0000000000000000 0 0 0
b 00000000f70a2fdd 0000000000000000 c6e145fba0000000 0 0 0
c 4d894127d01fedd1 0000000000000000 000000007f800000 14 0 0
0 eccb02051df76c40 ff9d9b9fd125e0e8 ff9d9b9fd125e0e8 10 0 0
1 eccb02051df76c40 ff9d9b9fd125e0e8 7f9d9b9fd125e0e8 10 0 0
2 eccb02051df76c40 ff9d9b9fd125e0e8 7ff0000000000000 14 0 0
3 eccb02051df76c40 ff9d9b9fd125e0e8 2d1d309eb5e751ac 10 0 0
4 eccb02051df76c40 ff9d9b9fd125e0e8 7ff8000000000000 1 0 0
d eccb02051df76c40 ff9d9b9fd125e0e8 0000000000000000 0 0 0
b 00000000ca2218f4 0000000000000000 c144431e80000000 0 0 0
c eccb02051df76c40 0000000000000000 00000000ff800000 14 0 0
0 aea7512ad4c45e0b bfa720a92df78370 bfa720a92df78370 10 0 0
1 aea7512ad4c45e0b bfa720a92df78370 3fa720a92df78370 10 0 0
2 aea7512ad4c45e0b bfa720a92df78370 2e60da2339ea9a27 10 0 0
3 aea7512ad4c45e0b bfa720a92df78370 2ef0218eb6a400aa 10 0 0
4 aea7512ad4c45e0b bfa720a92df78370 7ff8000000000000 1 0 0
d aea7512ad4c45e0b bfa720a92df78370 0000000000000000 0 0 0
b 000000006ea45a3c 0000000000000000 45d48b4780000000 0 0 0
c aea7512ad4c45e0b 0000000000000000 0000000080000000 18 0 0
0 5996b16d78d180b0 50333eb3cb4ded61 5996b16d78d180b0 10 0 0
1 5996b16d78d180b0 50333eb3cb4ded61 5996b16d78d180b0 10 0 0
2 5996b16d78d180b0 50333eb3cb4ded61 69db4ba088ff4fc5 10 0 0
3 5996b16d78d180b0 50333eb3cb4ded61 4952dde313358b68 10 0 0
4 5996b16d78d180b0 50333eb3cb4ded61 4cc30e0df2adbff5 10 0 0
d 5996b16d78d180b0 50333eb3cb4ded61 0000000000000000 0 0 0
b 00000000aadf3431 0000000000000000 bd5be68620000000 0 0 0
c 5996b16d78d180b0 0000000000000000 000000007f800000 14 0 0
0 c77f71bd00506639 9e7f4e32809f882e c77f71bd00506639 10 0 0
1 c77f71bd00506639 9e7f4e32809f882e c77f71bd00506639 10 0 0
2 c77f71bd00506639 9e7f4e32809f882e 260ec305f519ae73 10 0 0
3 c77f71bd00506639 9e7f4e32809f882e 68f0122a2dcc446d 10 0 0
4 c77f71bd00506639 9e7f4e32809f882e 7ff8000000000000 1 0 0
d c77f71bd00506639 9e7f4e32809f882e 0000000000000000 0 1 0
b 0000000042d46c83 0000000000000000 405a8d9060000000 0 0 0
c c77f71bd00506639 0000000000000000 00000000fbfb8de8 10 0 0
0 27c90f01c30caeb5 8d9e9ed896f38eba 27c90f01c30caeb5 10 0 0
1 27c90f01c30caeb5 8d9e9ed896f38eba 27c90f01c30caeb5 10 0 0
2 27c90f01c30caeb5 8d9e9ed896f38eba 8000000000000000 18 0 0
3 27c90f01c30caeb5 8d9e9ed896f38eba da1a3003ac0ab970 10 0 0
4 27c90f01c30caeb5 8d9e9ed896f38eba 33dc5141f4ebe5ce 10 0 0
d 27c90f01c30caeb5 8d9e9ed896f38eba 0000000000000000 0 0 0
b 0000000003b31828 0000000000000000 3876630500000000 0 0 0
c 27c90f01c30caeb5 0000000000000000 0000000000000000 18 0 0
0 767326134498a62b 5be02ea598a0965f 767326134498a62b 10 0 0
1 767326134498a62b 5be02ea598a0965f 767326134498a62b 10 0 0
2 767326134498a62b 5be02ea598a0965f 7ff0000000000000 14 0 0
3 767326134498a62b 5be02ea598a0965f 5a82eee08b020ae9 10 0 0
4 767326134498a62b 5be02ea598a0965f 5b3180f2d6f2b902 10 0 0
d 767326134498a62b 5be02ea598a0965f 0000000000000000 0 0 0
b 00000000c70d5e2a 0000000000000000 c0e1abc540000000 0 0 0
c 767326134498a62b 0000000000000000 000000007f800000 14 0 0
0 f5cd218e6e65e770 83fa489597f931c1 f5cd218e6e65e770 10 0 0
1 f5cd218e6e65e770 83fa489597f931c1 f5cd218e6e65e770 10 0 0
2 f5cd218e6e65e770 83fa489597f931c1 39d7ed5768c395df 10 0 0
3 f5cd218e6e65e770 83fa489597f931c1 7ff0000000000000 14 0 0
4 f5cd218e6e65e770 83fa489597f931c1 7ff8000000000000 1 0 0
d f5cd218e6e65e770 83fa489597f931c1 0000000000000000 0 1 0
b 0000000089e86d01 0000000000000000 b93d0da020000000 0 0 0
c f5cd218e6e65e770 0000000000000000 00000000ff800000 14 0 0
0 0d49eb85371320b9 33810e5b5b0688be 33810e5b5b0688be 10 0 0
1 0d49eb85371320b9 33810e5b5b0688be b3810e5b5b0688be 10 0 0
2 0d49eb85371320b9 33810e5b5b0688be 00dba17f9e10483f 10 0 0
3 0d49eb85371320b9 33810e5b5b0688be 19b850a93a44add4 10 0 0
4 0d49eb85371320b9 33810e5b5b0688be 269cccccda549503 10 0 0
d 0d49eb85371320b9 33810e5b5b0688be 0000000000000000 0 1 0
b 00000000c830bb76 0000000000000000 c106176ec0000000 0 0 0
c 0d49eb85371320b9 0000000000000000 0000000000000000 18 0 0
0 349c8ff9091c5448 f137a5c2b47307a5 f137a5c2b47307a5 10 0 0
1 349c8ff9091c5448 f137a5c2b47307a5 7137a5c2b47307a5 10 0 0
2 349c8ff9091c5448 f137a5c2b47307a5 e5e51b6f2489a2ef 10 0 0
3 349c8ff9091c5448 f137a5c2b47307a5 8353534fcc92b85a 10 0 0
4 349c8ff9091c5448 f137a5c2b47307a5 3a4560a50e64e7ce 10 0 0
d 349c8ff9091c5448 f137a5c2b47307a5 0000000000000000 0 0 0
b 00000000447e7126 0000000000000000 408fce24c0000000 0 0 0
c 349c8ff9091c5448 0000000000000000 0000000000000000 18 0 0
0 c104756bba8f655f 92b167ed77df81ab c104756bba8f655f 10 0 0
1 c104756bba8f655f 92b167ed77df81ab c104756bba8f655f 10 0 0
2 c104756bba8f655f 92b167ed77df81ab 13c641a6004c2dd4 10 0 0
3 c104756bba8f655f 92b167ed77df81ab 6e42ce5e3a93bd4d 10 0 0
4 c104756bba8f655f 92b167ed77df81ab 7ff8000000000000 1 0 0
d c104756bba8f655f 92b167ed77df81ab 0000000000000000 0 1 0
b 000000007abee99e 0000000000000000 4757dd33c0000000 0 0 0
c c104756bba8f655f 0000000000000000 00000000c823ab5e 10 0 0
0 56223158112e12dc bdca97a608fa2719 56223158112e12dc 10 0 0
1 56223158112e12dc bdca97a608fa2719 56223158112e12dc 10 0 0
2 56223158112e12dc bdca97a608fa2719 d3fe3c9d9533cf33 10 0 0
3 56223158112e12dc bdca97a608fa2719 d845e46d094f1bed 10 0 0
4 56223158112e12dc bdca97a608fa2719 4b0820cef407b980 10 0 0
d 56223158112e12dc bdca97a608fa2719 0000000000000000 0 0 0
b 00000000cf3d03b5 0000000000000000 c1e7a076a0000000 0 0 0
c 56223158112e12dc 0000000000000000 000000007f800000 14 0 0
0 863916103b93c9cd 17e35b98ee9cdfd0 17e35b98ee9cdfd0 10 0 0
1 863916103b93c9cd 17e35b98ee9cdfd0 97e35b98ee9cdfd0 10 0 0
2 863916103b93c9cd 17e35b98ee9cdfd0 8000000000000000 18 0 0
3 863916103b93c9cd 17e35b98ee9cdfd0 ae44bc17cd8cfa4f 10 0 0
4 863916103b93c9cd 17e35b98ee9cdfd0 7ff8000000000000 1 0 0
d 863916103b93c9cd 17e35b98ee9cdfd0 0000000000000000 0 1 0
b 00000000d9ba4903 0000000000000000 c337492060000000 0 0 0
c 863916103b93c9cd 0000000000000000 0000000080000000 18 0 0
0 83d6488e1232104d 57489250e554aaf1 57489250e554aaf1 10 0 0
1 83d6488e1232104d 57489250e554aaf1 d7489250e554aaf1 10 0 0
2 83d6488e1232104d 57489250e554aaf1 9b311c4deaedec52 10 0 0
3 83d6488e1232104d 57489250e554aaf1 8000000000000000 18 0 0
4 83d6488e1232104d 57489250e554aaf1 7ff8000000000000 1 0 0
d 83d6488e1232104d 57489250e554aaf1 0000000000000000 0 1 0
b 00000000715cec74 0000000000000000 462b9d8e80000000 0 0 0
c 83d6488e1232104d 0000000000000000 0000000080000000 18 0 0
0 769159bde97c3aae ab107afa2da2737d 769159bde97c3aae 10 0 0
1 769159bde97c3aae ab107afa2da2737d 769159bde97c3aae 10 0 0
2 769159bde97c3aae ab107afa2da2737d e1b1df197d447e23 10 0 0
3 769159bde97c3aae ab107afa2da2737d fff0000000000000 14 0 0
4 769159bde97c3aae ab107afa2da2737d 5b40a95e85472c65 10 0 0
d 769159bde97c3aae ab107afa2da2737d 0000000000000000 0 0 0
b 000000001a71b1fb 0000000000000000 3b4e363f60000000 0 0 0
c 769159bde97c3aae 0000000000000000 000000007f800000 14 0 0
0 a5963c5c21ac2712 0c88831581af8160 a5963c5c21ac2712 10 0 0
1 a5963c5c21ac2712 0c88831581af8160 a5963c5c21ac2712 10 0 0
2 a5963c5c21ac2712 0c88831581af8160 8000000000000000 18 0 0
3 a5963c5c21ac2712 0c88831581af8160 d8fd0743d761e33b 10 0 0
4 a5963c5c21ac2712 0c88831581af8160 7ff8000000000000 1 0 0
d a5963c5c21ac2712 0c88831581af8160 0000000000000000 0 1 0
b 0000000041f48d81 0000000000000000 403e91b020000000 0 0 0
c a5963c5c21ac2712 0000000000000000 0000000080000000 18 0 0
0 d8dc71c38a636c91 19d6d249b06de346 d8dc71c38a636c91 10 0 0
1 d8dc71c38a636c91 19d6d249b06de346 d8dc71c38a636c91 10 0 0
2 d8dc71c38a636c91 19d6d249b06de346 b2c4492282b9fbcf 10 0 0
3 d8dc71c38a636c91 19d6d249b06de346 fef3f135af862737 10 0 0
4 d8dc71c38a636c91 19d6d249b06de346 7ff8000000000000 1 0 0
d d8dc71c38a636c91 19d6d249b06de346 0000000000000000 0 1 0
b 000000008ca18dc4 0000000000000000 b99431b880000000 0 0 0
c d8dc71c38a636c91 0000000000000000 00000000ff800000 14 0 0
0 1e333a48563ad855 ab3fa76da5973804 ab3fa76da5973804 10 0 0
1 1e333a48563ad855 ab3fa76da5973804 2b3fa76da5973804 10 0 0
2 1e333a48563ad855 ab3fa76da5973804 898305101f10cc0e 10 0 0
3 1e333a48563ad855 ab3fa76da5973804 b2e3701577907946 10 0 0
4 1e333a48563ad855 ab3fa76da5973804 2f118a2cbd2c787b 10 0 0
d 1e333a48563ad855 ab3fa76da5973804 0000000000000000 0 0 0
b 000000001064b0af 0000000000000000 3a0c9615e0000000 0 0 0
c 1e333a48563ad855 0000000000000000 0000000000000000 18 0 0
0 48536177abcffa69 c4dcf5281542da94 48536177abcffa69 10 0 0
1 48536177abcffa69 c4dcf5281542da94 48536177abcffa69 10 0 0
2 48536177abcffa69 c4dcf5281542da94 cd4189c339477626 10 0 0
3 48536177abcffa69 c4dcf5281542da94 c3656abb122de808 10 0 0
4 48536177abcffa69 c4dcf5281542da94 44219c0307dd33c4 10 0 0
d 48536177abcffa69 c4dcf5281542da94 0000000000000000 0 0 0
b 000000008c1fce1c 0000000000000000 b983f9c380000000 0 0 0
c 48536177abcffa69 0000000000000000 000000007f800000 14 0 0
0 ce52eab2f3988530 84e0614f91f1604b ce52eab2f3988530 10 0 0
1 ce52eab2f3988530 84e0614f91f1604b ce52eab2f3988530 10 0 0
2 ce52eab2f3988530 84e0614f91f1604b 13435dbfe3dd3b58 10 0 0
3 ce52eab2f3988530 84e0614f91f1604b 7ff0000000000000 14 0 0
4 ce52eab2f3988530 84e0614f91f1604b 7ff8000000000000 1 0 0
d ce52eab2f3988530 84e0614f91f1604b 0000000000000000 0 1 0
b 0000000002f38857 0000000000000000 385e710ae0000000 0 0 0
c ce52eab2f3988530 0000000000000000 00000000ff800000 14 0 0
0 0cd364cb690ca92e 790bf07ae792ccf8 790bf07ae792ccf8 10 0 0
1 0cd364cb690ca92e 790bf07ae792ccf8 f90bf07ae792ccf8 10 0 0
2 0cd364cb690ca92e 790bf07ae792ccf8 45f0eeca12d6a2ab 10 0 0
3 0cd364cb690ca92e 790bf07ae792ccf8 0000000000000000 18 0 0
4 0cd364cb690ca92e 790bf07ae792ccf8 26619d85e9b55671 10 0 0
d 0cd364cb690ca92e 790bf07ae792ccf8 0000000000000000 0 1 0
b 000000007fbfec3e 0000000000000000 7ff8000000000000 1 0 0
c 0cd364cb690ca92e 0000000000000000 0000000000000000 18 0 0
0 c535c962ff2f5aae 9b2882f3e5a24e48 c535c962ff2f5aae 10 0 0
1 c535c962ff2f5aae 9b2882f3e5a24e48 c535c962ff2f5aae 10 0 0
2 c535c962ff2f5aae 9b2882f3e5a24e48 2070b0326f2fa376 10 0 0
3 c535c962ff2f5aae 9b2882f3e5a24e48 69fc715274bf95f1 10 0 0
4 c535c962ff2f5aae 9b2882f3e5a24e48 7ff8000000000000 1 0 0
d c535c962ff2f5aae 9b2882f3e5a24e48 0000000000000000 0 1 0
b 00000000210817dd 0000000000000000 3c2102fba0000000 0 0 0
c c535c962ff2f5aae 0000000000000000 00000000e9ae4b18 10 0 0
0 5d8762a48ba4f3ed aef27921db13108a 5d8762a48ba4f3ed 10 0 0
1 5d8762a48ba4f3ed aef27921db13108a 5d8762a48ba4f3ed 10 0 0
2 5d8762a48ba4f3ed aef27921db13108a cc8b0004951f0b6b 10 0 0
3 5d8762a48ba4f3ed aef27921db13108a ee844127f361cbc3 10 0 0
4 5d8762a48ba4f3ed aef27921db13108a 4ebb5b0a63dfbb27 10 0 0
d 5d8762a48ba4f3ed aef27921db13108a 0000000000000000 0 0 0
b 0000000099438d6b 0000000000000000 bb2871ad60000000 0 0 0
c 5d8762a48ba4f3ed 0000000000000000 000000007f800000 14 0 0
0 f53dba9c0fad6ecb ecffa1d100743bd3 f53dba9c0fad6ecb 10 0 0
1 f53dba9c0fad6ecb ecffa1d100743bd3 f53dba9c0fad6ecb 10 0 0
2 f53dba9c0fad6ecb ecffa1d100743bd3 7ff0000000000000 14 0 0
3 f53dba9c0fad6ecb ecffa1d100743bd3 482e13206a90d739 10 0 0
4 f53dba9c0fad6ecb ecffa1d100743bd3 7ff8000000000000 1 0 0
d f53dba9c0fad6ecb ecffa1d100743bd3 0000000000000000 0 1 0
b 0000000066cd12d4 0000000000000000 44d9a25a80000000 0 0 0
c f53dba9c0fad6ecb 0000000000000000 00000000ff800000 14 0 0
0 5669e37f2ac0f9fc 8a130363a59ddddc 5669e37f2ac0f9fc 10 0 0
1 5669e37f2ac0f9fc 8a130363a59ddddc 5669e37f2ac0f9fc 10 0 0
2 5669e37f2ac0f9fc 8a130363a59ddddc a08ec3a2e6398447 10 0 0
3 5669e37f2ac0f9fc 8a130363a59ddddc fff0000000000000 14 0 0
4 5669e37f2ac0f9fc 8a130363a59ddddc 4b2cc8575eaf5a5c 10 0 0
d 5669e37f2ac0f9fc 8a130363a59ddddc 0000000000000000 0 0 0
b 00000000daec0b2f 0000000000000000 c35d8165e0000000 0 0 0
c 5669e37f2ac0f9fc 0000000000000000 000000007f800000 14 0 0
0 2ab11b8b31cf920b b25cea4ccdbac506 b25cea4ccdbac506 10 0 0
1 2ab11b8b31cf920b b25cea4ccdbac506 325cea4ccdbac506 10 0 0
2 2ab11b8b31cf920b b25cea4ccdbac506 9d1eeab889b1822f 10 0 0
3 2ab11b8b31cf920b b25cea4ccdbac506 b842eec44f6e2b2c 10 0 0
4 2ab11b8b31cf920b b25cea4ccdbac506 35508b6656907926 10 0 0
d 2ab11b8b31cf920b b25cea4ccdbac506 0000000000000000 0 0 0
b 000000003653beeb 0000000000000000 3eca77dd60000000 0 0 0
c 2ab11b8b31cf920b 0000000000000000 0000000000000000 18 0 0
0 70513bacb3b697fe 48658c1ac530adc9 70513bacb3b697fe 10 0 0
1 70513bacb3b697fe 48658c1ac530adc9 70513bacb3b697fe 10 0 0
2 70513bacb3b697fe 48658c1ac530adc9 78c73539a85ff5d1 10 0 0
3 70513bacb3b697fe 48658c1ac530adc9 67d997cdf046f985 10 0 0
4 70513bacb3b697fe 48658c1ac530adc9 58209ae875d48070 10 0 0
d 70513bacb3b697fe 48658c1ac530adc9 0000000000000000 0 0 0
b 00000000c1b5542d 0000000000000000 c036aa85a0000000 0 0 0
c 70513bacb3b697fe 0000000000000000 000000007f800000 14 0 0
0 0d28f7156a8180f0 096a1a5f0e1a36af 0d28f7156a8180f0 10 0 0
1 0d28f7156a8180f0 096a1a5f0e1a36af 0d28f7156a8180f0 10 0 0
2 0d28f7156a8180f0 096a1a5f0e1a36af 0000000000000000 18 0 0
3 0d28f7156a8180f0 096a1a5f0e1a36af 43ae9ae82ceaf268 10 0 0
4 0d28f7156a8180f0 096a1a5f0e1a36af 268c43ba5371ce8f 10 0 0
d 0d28f7156a8180f0 096a1a5f0e1a36af 0000000000000000 0 0 0
b 000000005131abc8 0000000000000000 4226357900000000 0 0 0
c 0d28f7156a8180f0 0000000000000000 0000000000000000 18 0 0
0 ed5ba46ca31b7867 4ee833ec5a276366 ed5ba46ca31b7867 10 0 0
1 ed5ba46ca31b7867 4ee833ec5a276366 ed5ba46ca31b7867 10 0 0
2 ed5ba46ca31b7867 4ee833ec5a276366 fc54e82bb1fa38cc 10 0 0
3 ed5ba46ca31b7867 4ee833ec5a276366 de624614dfef0e6a 10 0 0
4 ed5ba46ca31b7867 4ee833ec5a276366 7ff8000000000000 1 0 0
d ed5ba46ca31b7867 4ee833ec5a276366 0000000000000000 0 1 0
b 000000007f34f023 0000000000000000 47e69e0460000000 0 0 0
c ed5ba46ca31b7867 0000000000000000 00000000ff800000 14 0 0
0 c72cf7db6320dd30 685acf1306ae4e2f 685acf1306ae4e2f 10 0 0
1 c72cf7db6320dd30 685acf1306ae4e2f e85acf1306ae4e2f 10 0 0
2 c72cf7db6320dd30 685acf1306ae4e2f ef9844d6ccea76cc 10 0 0
3 c72cf7db6320dd30 685acf1306ae4e2f 9ec149e8fea123f6 10 0 0
4 c72cf7db6320dd30 685acf1306ae4e2f 7ff8000000000000 1 0 0
d c72cf7db6320dd30 685acf1306ae4e2f 0000000000000000 0 1 0
b 000000002212fada 0000000000000000 3c425f5b40000000 0 0 0
c c72cf7db6320dd30 0000000000000000 00000000f967bedb 10 0 0
0 d4790bbe54d89619 85693794d0e72d79 d4790bbe54d89619 10 0 0
1 d4790bbe54d89619 85693794d0e72d79 d4790bbe54d89619 10 0 0
2 d4790bbe54d89619 85693794d0e72d79 19f3bcad5b3c9774 10 0 0
3 d4790bbe54d89619 85693794d0e72d79 7ff0000000000000 14 0 0
4 d4790bbe54d89619 85693794d0e72d79 7ff8000000000000 1 0 0
d d4790bbe54d89619 85693794d0e72d79 0000000000000000 0 1 0
b 000000009c4aec7d 0000000000000000 bb895d8fa0000000 0 0 0
c d4790bbe54d89619 0000000000000000 00000000ff800000 14 0 0
0 f960bf7f3f6a2f38 2b2f5dbed38743b2 f960bf7f3f6a2f38 10 0 0
1 f960bf7f3f6a2f38 2b2f5dbed38743b2 f960bf7f3f6a2f38 10 0 0
2 f960bf7f3f6a2f38 2b2f5dbed38743b2 e4a06a93aef82d37 10 0 0
3 f960bf7f3f6a2f38 2b2f5dbed38743b2 fff0000000000000 14 0 0
4 f960bf7f3f6a2f38 2b2f5dbed38743b2 7ff8000000000000 1 0 0
d f960bf7f3f6a2f38 2b2f5dbed38743b2 0000000000000000 0 1 0
b 0000000045d2d70a 0000000000000000 40ba5ae140000000 0 0 0
c f960bf7f3f6a2f38 0000000000000000 00000000ff800000 14 0 0
0 f9408af3ebcd417c 3fbef12dd2ff1de0 f9408af3ebcd417c 10 0 0
1 f9408af3ebcd417c 3fbef12dd2ff1de0 f9408af3ebcd417c 10 0 0
2 f9408af3ebcd417c 3fbef12dd2ff1de0 f90ffde5b5262c8e 10 0 0
3 f9408af3ebcd417c 3fbef12dd2ff1de0 f9711bbe6039feec 10 0 0
4 f9408af3ebcd417c 3fbef12dd2ff1de0 7ff8000000000000 1 0 0
d f9408af3ebcd417c 3fbef12dd2ff1de0 0000000000000000 0 1 0
b 000000001923ad61 0000000000000000 3b2475ac20000000 0 0 0
c f9408af3ebcd417c 0000000000000000 00000000ff800000 14 0 0
0 fd78dfe63609f824 28a2e8e2c26cd59d fd78dfe63609f824 10 0 0
1 fd78dfe63609f824 28a2e8e2c26cd59d fd78dfe63609f824 10 0 0
2 fd78dfe63609f824 28a2e8e2c26cd59d e62d65f20fb27dbd 10 0 0
3 fd78dfe63609f824 28a2e8e2c26cd59d fff0000000000000 14 0 0
4 fd78dfe63609f824 28a2e8e2c26cd59d 7ff8000000000000 1 0 0
d fd78dfe63609f824 28a2e8e2c26cd59d 0000000000000000 0 1 0
b 00000000433467b2 0000000000000000 40668cf640000000 0 0 0
c fd78dfe63609f824 0000000000000000 00000000ff800000 14 0 0
0 378a4a33a74ebff5 66b4d20d62548297 66b4d20d62548297 10 0 0
1 378a4a33a74ebff5 66b4d20d62548297 e6b4d20d62548297 10 0 0
2 378a4a33a74ebff5 66b4d20d62548297 5e511af23a78d4fe 10 0 0
3 378a4a33a74ebff5 66b4d20d62548297 10c433fa0c0a013e 10 0 0
4 378a4a33a74ebff5 66b4d20d62548297 3bbd0136f4b12560 10 0 0
d 378a4a33a74ebff5 66b4d20d62548297 0000000000000000 0 1 0
b 00000000b2c56914 0000000000000000 be58ad2280000000 0 0 0
c 378a4a33a74ebff5 0000000000000000 0000000000006929 18 0 0
0 e31b3a070f289d6a 8c3fb62825abe1f5 e31b3a070f289d6a 10 0 0
1 e31b3a070f289d6a 8c3fb62825abe1f5 e31b3a070f289d6a 10 0 0
2 e31b3a070f289d6a 8c3fb62825abe1f5 2f6afb33076bb8f0 10 0 0
3 e31b3a070f289d6a 8c3fb62825abe1f5 7ff0000000000000 14 0 0
4 e31b3a070f289d6a 8c3fb62825abe1f5 7ff8000000000000 1 0 0
d e31b3a070f289d6a 8c3fb62825abe1f5 0000000000000000 0 1 0
b 000000006b38cadf 0000000000000000 4567195be0000000 0 0 0
c e31b3a070f289d6a 0000000000000000 00000000ff800000 14 0 0
0 3e016e2e6b505e4c 73a42e003aeef372 73a42e003aeef372 10 0 0
1 3e016e2e6b505e4c 73a42e003aeef372 f3a42e003aeef372 10 0 0
2 3e016e2e6b505e4c 73a42e003aeef372 71b5fbd70bccb55b 10 0 0
3 3e016e2e6b505e4c 73a42e003aeef372 0a4ba3ea8b99ea71 10 0 0
4 3e016e2e6b505e4c 73a42e003aeef372 3ef79e018de3933f 10 0 0
d 3e016e2e6b505e4c 73a42e003aeef372 0000000000000000 0 1 0
b 000000007498e772 0000000000000000 46931cee40000000 0 0 0
c 3e016e2e6b505e4c 0000000000000000 00000000300b7173 10 0 0
0 66a4fa69c4dd753d 2526e000ddf50ef3 66a4fa69c4dd753d 10 0 0
1 66a4fa69c4dd753d 2526e000ddf50ef3 66a4fa69c4dd753d 10 0 0
2 66a4fa69c4dd753d 2526e000ddf50ef3 4bddfe045a78c09a 10 0 0
3 66a4fa69c4dd753d 2526e000ddf50ef3 7ff0000000000000 14 0 0
4 66a4fa69c4dd753d 2526e000ddf50ef3 5349e8d44d6cf9e5 10 0 0
d 66a4fa69c4dd753d 2526e000ddf50ef3 0000000000000000 0 0 0
b 00000000f9414c26 0000000000000000 c7282984c0000000 0 0 0
c 66a4fa69c4dd753d 0000000000000000 000000007f800000 14 0 0
0 c8796cc459d258b4 4a5eeb1670b07188 4a5eeb16704abe77 10 0 0
1 c8796cc459d258b4 4a5eeb1670b07188 ca5eeb1671162499 10 0 0
2 c8796cc459d258b4 4a5eeb1670b07188 d2e890c0aa78b14b 10 0 0
3 c8796cc459d258b4 4a5eeb1670b07188 be0a507a8a92dbcb 10 0 0
4 c8796cc459d258b4 4a5eeb1670b07188 7ff8000000000000 1 0 0
d c8796cc459d258b4 4a5eeb1670b07188 0000000000000000 0 1 0
b 00000000aea897c8 0000000000000000 bdd512f900000000 0 0 0
c c8796cc459d258b4 0000000000000000 00000000ff800000 14 0 0
0 3668f5e03248d0ca 226118a22fde5b18 3668f5e03248d0ca 10 0 0
1 3668f5e03248d0ca 226118a22fde5b18 3668f5e03248d0ca 10 0 0
2 3668f5e03248d0ca 226118a22fde5b18 18daabac09e3ec67 10 0 0
3 3668f5e03248d0ca 226118a22fde5b18 53f75c26c128cd8f 10 0 0
4 3668f5e03248d0ca 226118a22fde5b18 3b2c430b46515d38 10 0 0
d 3668f5e03248d0ca 226118a22fde5b18 0000000000000000 0 0 0
b 0000000073180186 0000000000000000 46630030c0000000 0 0 0
c 3668f5e03248d0ca 0000000000000000 0000000000000000 18 0 0
0 1637fa52c6c4136c d19f963848487514 d19f963848487514 10 0 0
1 1637fa52c6c4136c d19f963848487514 519f963848487514 10 0 0
2 1637fa52c6c4136c d19f963848487514 a7e7ab0fc0cc0af6 10 0 0
3 1637fa52c6c4136c d19f963848487514 84884a9f3cc7d7fb 10 0 0
4 1637fa52c6c4136c d19f963848487514 2b13963caa45aa8d 10 0 0
d 1637fa52c6c4136c d19f963848487514 0000000000000000 0 0 0
b 000000009bb01a41 0000000000000000 bb76034820000000 0 0 0
c 1637fa52c6c4136c 0000000000000000 0000000000000000 18 0 0
0 87f6b19d6962169f 5d8d8ba773daa6bb 5d8d8ba773daa6bb 10 0 0
1 87f6b19d6962169f 5d8d8ba773daa6bb dd8d8ba773daa6bb 10 0 0
2 87f6b19d6962169f 5d8d8ba773daa6bb a594f400ec59827b 10 0 0
3 87f6b19d6962169f 5d8d8ba773daa6bb 8000000000000000 18 0 0
4 87f6b19d6962169f 5d8d8ba773daa6bb 7ff8000000000000 1 0 0
d 87f6b19d6962169f 5d8d8ba773daa6bb 0000000000000000 0 1 0
b 00000000c6b7729d 0000000000000000 c0d6ee53a0000000 0 0 0
c 87f6b19d6962169f 0000000000000000 0000000080000000 18 0 0
0 347c1b0f54a9b0a1 35099e1fdf85d23a 3509ac2d67302712 10 0 0
1 347c1b0f54a9b0a1 35099e1fdf85d23a b509901257db7d62 10 0 0
2 347c1b0f54a9b0a1 35099e1fdf85d23a 29968005945f8dcd 10 0 0
3 347c1b0f54a9b0a1 35099e1fdf85d23a 3f618dcf5a48637d 10 0 0
4 347c1b0f54a9b0a1 35099e1fdf85d23a 3a3534b77b5b5765 10 0 0
d 347c1b0f54a9b0a1 35099e1fdf85d23a 0000000000000000 0 1 0
b 00000000dd96bbbb 0000000000000000 c3b2d77760000000 0 0 0
c 347c1b0f54a9b0a1 0000000000000000 0000000000000000 18 0 0
0 56da07abd3c2fb3c 180290ae08f9c105 56da07abd3c2fb3c 10 0 0
1 56da07abd3c2fb3c 180290ae08f9c105 56da07abd3c2fb3c 10 0 0
2 56da07abd3c2fb3c 180290ae08f9c105 2eee34017ab3fbb2 10 0 0
3 56da07abd3c2fb3c 180290ae08f9c105 7ec66ef2e9405d01 10 0 0
4 56da07abd3c2fb3c 180290ae08f9c105 4b6468676d0b88f8 10 0 0
d 56da07abd3c2fb3c 180290ae08f9c105 0000000000000000 0 0 0
b 000000002bf65449 0000000000000000 3d7eca8920000000 0 0 0
c 56da07abd3c2fb3c 0000000000000000 000000007f800000 14 0 0
0 ce9f9a3686f1df9a 1d5ae27b63a1fcd1 ce9f9a3686f1df9a 10 0 0
1 ce9f9a3686f1df9a 1d5ae27b63a1fcd1 ce9f9a3686f1df9a 10 0 0
2 ce9f9a3686f1df9a 1d5ae27b63a1fcd1 ac0a8cf749e43adb 10 0 0
3 ce9f9a3686f1df9a 1d5ae27b63a1fcd1 f132cec30f75151f 10 0 0
4 ce9f9a3686f1df9a 1d5ae27b63a1fcd1 7ff8000000000000 1 0 0
d ce9f9a3686f1df9a 1d5ae27b63a1fcd1 0000000000000000 0 1 0
b 00000000db45ab4c 0000000000000000 c368b56980000000 0 0 0
c ce9f9a3686f1df9a 0000000000000000 00000000ff800000 14 0 0
0 abaf971a70d38c3c 2bd59e569bfd5979 2bd1ab734de2e7f2 10 0 0
1 abaf971a70d38c3c 2bd59e569bfd5979 abd99139ea17cb00 10 0 0
2 abaf971a70d38c3c 2bd59e569bfd5979 97955778ecacfad4 10 0 0
3 abaf971a70d38c3c 2bd59e569bfd5979 bfc761516c01cbe2 10 0 0
4 abaf971a70d38c3c 2bd59e569bfd5979 7ff8000000000000 1 0 0
d abaf971a70d38c3c 2bd59e569bfd5979 0000000000000000 0 1 0
b 000000002a9e4310 0000000000000000 3d53c86200000000 0 0 0
c abaf971a70d38c3c 0000000000000000 0000000080000000 18 0 0
0 bd7a7faea3771bc9 41cd620e5c164dc8 41cd620e5c164dc8 10 0 0
1 bd7a7faea3771bc9 41cd620e5c164dc8 c1cd620e5c164dc8 10 0 0
2 bd7a7faea3771bc9 41cd620e5c164dc8 bf5854e92f1683be 10 0 0
3 bd7a7faea3771bc9 41cd620e5c164dc8 bb9cdbdd1524dd7c 10 0 0
4 bd7a7faea3771bc9 41cd620e5c164dc8 7ff8000000000000 1 0 0
d bd7a7faea3771bc9 41cd620e5c164dc8 0000000000000000 0 1 0
b 00000000204fe4ff 0000000000000000 3c09fc9fe0000000 0 0 0
c bd7a7faea3771bc9 0000000000000000 00000000abd3fd75 10 0 0
0 46dd3877dba6bb5e 9562da380a92186a 46dd3877dba6bb5e 10 0 0
1 46dd3877dba6bb5e 9562da380a92186a 46dd3877dba6bb5e 10 0 0
2 46dd3877dba6bb5e 9562da380a92186a 9c513707488ef708 10 0 0
3 46dd3877dba6bb5e 9562da380a92186a f168cca79f3924d2 10 0 0
4 46dd3877dba6bb5e 9562da380a92186a 43659f573e68a01c 10 0 0
d 46dd3877dba6bb5e 9562da380a92186a 0000000000000000 0 0 0
b 000000007a70e805 0000000000000000 474e1d00a0000000 0 0 0
c 46dd3877dba6bb5e 0000000000000000 0000000076e9c3bf 10 0 0
0 897f0c1d776f9403 38196874b7ebbd1f 38196874b7ebbd1f 10 0 0
1 897f0c1d776f9403 38196874b7ebbd1f b8196874b7ebbd1f 10 0 0
2 897f0c1d776f9403 38196874b7ebbd1f 81a8a6cfa3702831 10 0 0
3 897f0c1d776f9403 38196874b7ebbd1f 91538d1aaa787b26 10 0 0
4 897f0c1d776f9403 38196874b7ebbd1f 7ff8000000000000 1 0 0
d 897f0c1d776f9403 38196874b7ebbd1f 0000000000000000 0 1 0
b 00000000c94f9a5b 0000000000000000 c129f34b60000000 0 0 0
c 897f0c1d776f9403 0000000000000000 0000000080000000 18 0 0
0 7a980c7919f52fb2 3c6507d30f7a1a1c 7a980c7919f52fb2 10 0 0
1 7a980c7919f52fb2 3c6507d30f7a1a1c 7a980c7919f52fb2 10 0 0
2 7a980c7919f52fb2 3c6507d30f7a1a1c 770f9c21a2cd6812 10 0 0
3 7a980c7919f52fb2 3c6507d30f7a1a1c 7e224bd43f8bebc0 10 0 0
4 7a980c7919f52fb2 3c6507d30f7a1a1c 5d439da4feda34aa 10 0 0
d 7a980c7919f52fb2 3c6507d30f7a1a1c 0000000000000000 0 0 0
b 00000000cb0e3c00 0000000000000000 c161c78000000000 0 0 0
c 7a980c7919f52fb2 0000000000000000 000000007f800000 14 0 0
0 9d4972a7d0a4ae09 e9d03bdb3bcebd4e e9d03bdb3bcebd4e 10 0 0
1 9d4972a7d0a4ae09 e9d03bdb3bcebd4e 69d03bdb3bcebd4e 10 0 0
2 9d4972a7d0a4ae09 e9d03bdb3bcebd4e 4729d1db4beea131 10 0 0
3 9d4972a7d0a4ae09 e9d03bdb3bcebd4e 0000000000000000 18 0 0
4 9d4972a7d0a4ae09 e9d03bdb3bcebd4e 7ff8000000000000 1 0 0
d 9d4972a7d0a4ae09 e9d03bdb3bcebd4e 0000000000000000 0 0 0
b 00000000608664dd 0000000000000000 4410cc9ba0000000 0 0 0
c 9d4972a7d0a4ae09 0000000000000000 0000000080000000 18 0 0
0 2fafc8b30181be0f fe48e0cfa87f4d07 fe48e0cfa87f4d07 10 0 0
1 2fafc8b30181be0f fe48e0cfa87f4d07 7e48e0cfa87f4d07 10 0 0
2 2fafc8b30181be0f fe48e0cfa87f4d07 ee08b5d167cde94d 10 0 0
3 2fafc8b30181be0f fe48e0cfa87f4d07 8000000000000000 18 0 0
4 2fafc8b30181be0f fe48e0cfa87f4d07 37cfe44d8436aba9 10 0 0
d 2fafc8b30181be0f fe48e0cfa87f4d07 0000000000000000 0 0 0
b 000000007a2e30e8 0000000000000000 4745c61d00000000 0 0 0
c 2fafc8b30181be0f 0000000000000000 0000000000000000 18 0 0
0 3a5eb0d164d83893 1a8747b6bc4e2f4e 3a5eb0d164d83893 10 0 0
1 3a5eb0d164d83893 1a8747b6bc4e2f4e 3a5eb0d164d83893 10 0 0
2 3a5eb0d164d83893 1a8747b6bc4e2f4e 14f653de1353e082 10 0 0
3 3a5eb0d164d83893 1a8747b6bc4e2f4e 5fc517d820375d76 10 0 0
4 3a5eb0d164d83893 1a8747b6bc4e2f4e 3d2628e059bf2687 10 0 0
d 3a5eb0d164d83893 1a8747b6bc4e2f4e 0000000000000000 0 0 0
b 000000004d5da03d 0000000000000000 41abb407a0000000 0 0 0
c 3a5eb0d164d83893 0000000000000000 0000000012f5868b 10 0 0
0 d215ee90973cf713 320cec7c5fe44c1d d215ee90973cf713 10 0 0
1 d215ee90973cf713 320cec7c5fe44c1d d215ee90973cf713 10 0 0
2 d215ee90973cf713 320cec7c5fe44c1d c433d2d32cd9b90d 10 0 0
3 d215ee90973cf713 320cec7c5fe44c1d dff843b5a0bd3cd6 10 0 0
4 d215ee90973cf713 320cec7c5fe44c1d 7ff8000000000000 1 0 0
d d215ee90973cf713 320cec7c5fe44c1d 0000000000000000 0 1 0
b 000000001a9762ee 0000000000000000 3b52ec5dc0000000 0 0 0
c d215ee90973cf713 0000000000000000 00000000ff800000 14 0 0
0 2f91e8eb431cb40d 6632a6a36e3d25d0 6632a6a36e3d25d0 10 0 0
1 2f91e8eb431cb40d 6632a6a36e3d25d0 e632a6a36e3d25d0 10 0 0
2 2f91e8eb431cb40d 6632a6a36e3d25d0 55d4e090249b13d1 10 0 0
3 2f91e8eb431cb40d 6632a6a36e3d25d0 094eba7e09c09263 10 0 0
4 2f91e8eb431cb40d 6632a6a36e3d25d0 37c0ed91e5d890b9 10 0 0
d 2f91e8eb431cb40d 6632a6a36e3d25d0 0000000000000000 0 1 0
b 000000009a6f52f3 0000000000000000 bb4dea5e60000000 0 0 0
c 2f91e8eb431cb40d 0000000000000000 0000000000000000 18 0 0
0 7610578be0c0369b 247797d2073a2e14 7610578be0c0369b 10 0 0
1 7610578be0c0369b 247797d2073a2e14 7610578be0c0369b 10 0 0
2 7610578be0c0369b 247797d2073a2e14 5a9818e9cf9b03fa 10 0 0
3 7610578be0c0369b 247797d2073a2e14 7ff0000000000000 14 0 0
4 7610578be0c0369b 247797d2073a2e14 5b002b8ab14a860c 10 0 0
d 7610578be0c0369b 247797d2073a2e14 0000000000000000 0 0 0
b 000000001de96268 0000000000000000 3bbd2c4d00000000 0 0 0
c 7610578be0c0369b 0000000000000000 000000007f800000 14 0 0
0 052b2dfa721febb0 625c2c841e573322 625c2c841e573322 10 0 0
1 052b2dfa721febb0 625c2c841e573322 e25c2c841e573322 10 0 0
2 052b2dfa721febb0 625c2c841e573322 2797ee0a93a71c1c 10 0 0
3 052b2dfa721febb0 625c2c841e573322 0000000000000000 18 0 0
4 052b2dfa721febb0 625c2c841e573322 228d7dd1845dcd12 10 0 0
d 052b2dfa721febb0 625c2c841e573322 0000000000000000 0 1 0
b 00000000fe52e85b 0000000000000000 c7ca5d0b60000000 0 0 0
c 052b2dfa721febb0 0000000000000000 0000000000000000 18 0 0
0 c862e7170489e7b7 379c6a88e36bca2e c862e7170489e7b7 10 0 0
1 c862e7170489e7b7 379c6a88e36bca2e c862e7170489e7b7 10 0 0
2 c862e7170489e7b7 379c6a88e36bca2e c010c9227cb07e45 10 0 0
3 c862e7170489e7b7 379c6a88e36bca2e d0b5496585bee7d0 10 0 0
4 c862e7170489e7b7 379c6a88e36bca2e 7ff8000000000000 1 0 0
d c862e7170489e7b7 379c6a88e36bca2e 0000000000000000 0 1 0
b 00000000dfe6a019 0000000000000000 c3fcd40320000000 0 0 0
c c862e7170489e7b7 0000000000000000 00000000ff800000 14 0 0
0 7755388bd8c22589 121a3db0e02efba6 7755388bd8c22589 10 0 0
1 7755388bd8c22589 121a3db0e02efba6 7755388bd8c22589 10 0 0
2 7755388bd8c22589 121a3db0e02efba6 498166dab65f13db 10 0 0
3 7755388bd8c22589 121a3db0e02efba6 7ff0000000000000 14 0 0
4 7755388bd8c22589 121a3db0e02efba6 5ba26d2bf9650439 10 0 0
d 7755388bd8c22589 121a3db0e02efba6 0000000000000000 0 0 0
b 00000000d41ea56b 0000000000000000 c283d4ad60000000 0 0 0
c 7755388bd8c22589 0000000000000000 000000007f800000 14 0 0
0 16cb63722e06da20 5d16b0a1eb587120 5d16b0a1eb587120 10 0 0
1 16cb63722e06da20 5d16b0a1eb587120 dd16b0a1eb587120 10 0 0
2 16cb63722e06da20 5d16b0a1eb587120 33f36b8c09665407 10 0 0
3 16cb63722e06da20 5d16b0a1eb587120 0000000000000000 18 0 0
4 16cb63722e06da20 5d16b0a1eb587120 2b5d9ac54e748120 10 0 0
d 16cb63722e06da20 5d16b0a1eb587120 0000000000000000 0 1 0
b 000000004afc705e 0000000000000000 415f8e0bc0000000 0 0 0
c 16cb63722e06da20 0000000000000000 0000000000000000 18 0 0
0 5a0d9685f3751f8b 400eaee92fab4400 5a0d9685f3751f8b 10 0 0
1 5a0d9685f3751f8b 400eaee92fab4400 5a0d9685f3751f8b 10 0 0
2 5a0d9685f3751f8b 400eaee92fab4400 5a2c5ed7a8ac5f14 10 0 0
3 5a0d9685f3751f8b 400eaee92fab4400 59eedb946623c8e7 10 0 0
4 5a0d9685f3751f8b 400eaee92fab4400 4cfec536afdf10e8 10 0 0
d 5a0d9685f3751f8b 400eaee92fab4400 0000000000000000 0 0 0
b 00000000a2479535 0000000000000000 bc48f2a6a0000000 0 0 0
c 5a0d9685f3751f8b 0000000000000000 000000007f800000 14 0 0
0 4cc2b5e555bd039a 4c0916ddb482b734 4cc2b776c3984bc5 10 0 0
1 4cc2b5e555bd039a 4c0916ddb482b734 4cc2b453e7e1bb6f 10 0 0
2 4cc2b5e555bd039a 4c0916ddb482b734 58dd56f3b4d419f1 10 0 0
3 4cc2b5e555bd039a 4c0916ddb482b734 40a7dd3d4e213981 10 0 0
4 4cc2b5e555bd039a 4c0916ddb482b734 465878171aec45d8 10 0 0
d 4cc2b5e555bd039a 4c0916ddb482b734 0000000000000000 0 0 0
b 00000000aeec86c6 0000000000000000 bddd90d8c0000000 0 0 0
c 4cc2b5e555bd039a 0000000000000000 000000007f800000 14 0 0
0 f8bf625c8a69ece6 495b949c42c92678 f8bf625c8a69ece6 10 0 0
1 f8bf625c8a69ece6 495b949c42c92678 f8bf625c8a69ece6 10 0 0
2 f8bf625c8a69ece6 495b949c42c92678 fff0000000000000 14 0 0
3 f8bf625c8a69ece6 495b949c42c92678 ef5234e46e117f9f 10 0 0
4 f8bf625c8a69ece6 495b949c42c92678 7ff8000000000000 1 0 0
d f8bf625c8a69ece6 495b949c42c92678 0000000000000000 0 1 0
b 00000000a6c4ba1b 0000000000000000 bcd8974360000000 0 0 0
c f8bf625c8a69ece6 0000000000000000 00000000ff800000 14 0 0
0 017f99d8bad8ffba 00d2488d71ba41ec 017f9e6ade356e4a 10 0 0
1 017f99d8bad8ffba 00d2488d71ba41ec 017f9546977c912a 10 0 0
2 017f99d8bad8ffba 00d2488d71ba41ec 0000000000000000 18 0 0
3 017f99d8bad8ffba 00d2488d71ba41ec 409ba78231fc3bf4 10 0 0
4 017f99d8bad8ffba 00d2488d71ba41ec 20b67c638677e06e 10 0 0
d 017f99d8bad8ffba 00d2488d71ba41ec 0000000000000000 0 0 0
b 00000000097c78cf 0000000000000000 392f8f19e0000000 0 0 0
c 017f99d8bad8ffba 0000000000000000 0000000000000000 18 0 0
0 4adea45d54fc2597 d99b1bb0e7459e06 d99b1bb0e7459e06 10 0 0
1 4adea45d54fc2597 d99b1bb0e7459e06 599b1bb0e7459e06 10 0 0
2 4adea45d54fc2597 d99b1bb0e7459e06 e489f532d3eaf35a 10 0 0
3 4adea45d54fc2597 d99b1bb0e7459e06 b13215f6b2c2f863 10 0 0
4 4adea45d54fc2597 d99b1bb0e7459e06 45662460f3c8985d 10 0 0
d 4adea45d54fc2597 d99b1bb0e7459e06 0000000000000000 0 0 0
b 00000000c42bfcc4 0000000000000000 c0857f9880000000 0 0 0
c 4adea45d54fc2597 0000000000000000 000000007f800000 14 0 0
0 cdd702bd9d963bdd 075b63cb0f64fd1a cdd702bd9d963bdd 10 0 0
1 cdd702bd9d963bdd 075b63cb0f64fd1a cdd702bd9d963bdd 10 0 0
2 cdd702bd9d963bdd 075b63cb0f64fd1a 9543b2127c0b126f 10 0 0
3 cdd702bd9d963bdd 075b63cb0f64fd1a fff0000000000000 14 0 0
4 cdd702bd9d963bdd 075b63cb0f64fd1a 7ff8000000000000 1 0 0
d cdd702bd9d963bdd 075b63cb0f64fd1a 0000000000000000 0 1 0
b 0000000088395a59 0000000000000000 b9072b4b20000000 0 0 0
c cdd702bd9d963bdd 0000000000000000 00000000ff800000 14 0 0
0 cd3757e0dea3c4a5 60d1c07e431bae31 60d1c07e431bae31 10 0 0
1 cd3757e0dea3c4a5 60d1c07e431bae31 e0d1c07e431bae31 10 0 0
2 cd3757e0dea3c4a5 60d1c07e431bae31 ee19e635acf0e784 10 0 0
3 cd3757e0dea3c4a5 60d1c07e431bae31 ac550a1f675f41c1 10 0 0
4 cd3757e0dea3c4a5 60d1c07e431bae31 7ff8000000000000 1 0 0
d cd3757e0dea3c4a5 60d1c07e431bae31 0000000000000000 0 1 0
b 00000000ed6f3ebf 0000000000000000 c5ade7d7e0000000 0 0 0
c cd3757e0dea3c4a5 0000000000000000 00000000ff800000 14 0 0
0 5da3a7830329b66a 89797f9877cfb77d 5da3a7830329b66a 10 0 0
1 5da3a7830329b66a 89797f9877cfb77d 5da3a7830329b66a 10 0 0
2 5da3a7830329b66a 89797f9877cfb77d a72f52799f63ed26 10 0 0
3 5da3a7830329b66a 89797f9877cfb77d fff0000000000000 14 0 0
4 5da3a7830329b66a 89797f9877cfb77d 4ec91422c762fecc 10 0 0
d 5da3a7830329b66a 89797f9877cfb77d 0000000000000000 0 0 0
b 00000000a52aaa4d 0000000000000000 bca55549a0000000 0 0 0
c 5da3a7830329b66a 0000000000000000 000000007f800000 14 0 0
0 fc0d3dfc2de09485 d1754c9d643ccd2e fc0d3dfc2de09485 10 0 0
1 fc0d3dfc2de09485 d1754c9d643ccd2e fc0d3dfc2de09485 10 0 0
2 fc0d3dfc2de09485 d1754c9d643ccd2e 7ff0000000000000 14 0 0
3 fc0d3dfc2de09485 d1754c9d643ccd2e 6a85f77756354d9c 10 0 0
4 fc0d3dfc2de09485 d1754c9d643ccd2e 7ff8000000000000 1 0 0
d fc0d3dfc2de09485 d1754c9d643ccd2e 0000000000000000 0 1 0
b 000000004eb70fa2 0000000000000000 41d6e1f440000000 0 0 0
c fc0d3dfc2de09485 0000000000000000 00000000ff800000 14 0 0
0 47201863c1a714d5 44890c2bc4878b0d 47201863c1a71b18 10 0 0
1 47201863c1a714d5 44890c2bc4878b0d 47201863c1a70e92 10 0 0
2 47201863c1a714d5 44890c2bc4878b0d 4bb9325a30a585fc 10 0 0
3 47201863c1a714d5 44890c2bc4878b0d 4284901686c87c97 10 0 0
4 47201863c1a714d5 44890c2bc4878b0d 4386b1d6d9a0c437 10 0 0
d 47201863c1a714d5 44890c2bc4878b0d 0000000000000000 0 0 0
b 0000000089200e3e 0000000000000000 b92401c7c0000000 0 0 0
c 47201863c1a714d5 0000000000000000 000000007900c31e 10 0 0
0 9416c3edc103fed8 65cc97341267f881 65cc97341267f881 10 0 0
1 9416c3edc103fed8 65cc97341267f881 e5cc97341267f881 10 0 0
2 9416c3edc103fed8 65cc97341267f881 b9f457019e44d0aa 10 0 0
3 9416c3edc103fed8 65cc97341267f881 8000000000000000 18 0 0
4 9416c3edc103fed8 65cc97341267f881 7ff8000000000000 1 0 0
d 9416c3edc103fed8 65cc97341267f881 0000000000000000 0 1 0
b 000000004382697a 0000000000000000 40704d2f40000000 0 0 0
c 9416c3edc103fed8 0000000000000000 0000000080000000 18 0 0
0 db08ebac09dc1ad2 da45edb1998c3748 db08ed0ae4f5b395 10 0 0
1 db08ebac09dc1ad2 da45edb1998c3748 db08ea4d2ec2820f 10 0 0
2 db08ebac09dc1ad2 da45edb1998c3748 756113c4a7c50ef7 10 0 0
3 db08ebac09dc1ad2 da45edb1998c3748 40b22ee44883b222 10 0 0
4 db08ebac09dc1ad2 da45edb1998c3748 7ff8000000000000 1 0 0
d db08ebac09dc1ad2 da45edb1998c3748 0000000000000000 0 1 0
b 00000000f3c227ba 0000000000000000 c67844f740000000 0 0 0
c db08ebac09dc1ad2 0000000000000000 00000000ff800000 14 0 0
0 5192b820d441d60b 3e98e82b502ea545 5192b820d441d60b 10 0 0
1 5192b820d441d60b 3e98e82b502ea545 5192b820d441d60b 10 0 0
2 5192b820d441d60b 3e98e82b502ea545 503d23d1c70fed00 10 0 0
3 5192b820d441d60b 3e98e82b502ea545 52e80cd97d3dde65 10 0 0
4 5192b820d441d60b 3e98e82b502ea545 48c14e69aaf364c0 10 0 0
d 5192b820d441d60b 3e98e82b502ea545 0000000000000000 0 0 0
b 00000000144ea7c6 0000000000000000 3a89d4f8c0000000 0 0 0
c 5192b820d441d60b 0000000000000000 000000007f800000 14 0 0
0 d676f43d16db58e5 c53f06c6991d5295 d676f43d16db58e5 10 0 0
1 d676f43d16db58e5 c53f06c6991d5295 d676f43d16db58e5 10 0 0
2 d676f43d16db58e5 c53f06c6991d5295 5bc641776ea79155 10 0 0
3 d676f43d16db58e5 c53f06c6991d5295 5127ac9ec1c7eb26 10 0 0
4 d676f43d16db58e5 c53f06c6991d5295 7ff8000000000000 1 0 0
d d676f43d16db58e5 c53f06c6991d5295 0000000000000000 0 1 0
b 000000005ab28d72 0000000000000000 435651ae40000000 0 0 0
c d676f43d16db58e5 0000000000000000 00000000ff800000 14 0 0
0 6885d77c9f2df769 19d836a9feae3ccf 6885d77c9f2df769 10 0 0
1 6885d77c9f2df769 19d836a9feae3ccf 6885d77c9f2df769 10 0 0
2 6885d77c9f2df769 19d836a9feae3ccf 427086ed218e9a31 10 0 0
3 6885d77c9f2df769 19d836a9feae3ccf 7ff0000000000000 14 0 0
4 6885d77c9f2df769 19d836a9feae3ccf 543a6ff91d27a1a0 10 0 0
d 6885d77c9f2df769 19d836a9feae3ccf 0000000000000000 0 0 0
b 000000001fcfcad4 0000000000000000 3bf9f95a80000000 0 0 0
c 6885d77c9f2df769 0000000000000000 000000007f800000 14 0 0
0 34320a5eda47eca2 dda4562bbb42aefb dda4562bbb42aefb 10 0 0
1 34320a5eda47eca2 dda4562bbb42aefb 5da4562bbb42aefb 10 0 0
2 34320a5eda47eca2 dda4562bbb42aefb d1e6ee1f9db279ae 10 0 0
3 34320a5eda47eca2 dda4562bbb42aefb 967c6316061f7f25 10 0 0
4 34320a5eda47eca2 dda4562bbb42aefb 3a10fd599b4207a7 10 0 0
d 34320a5eda47eca2 dda4562bbb42aefb 0000000000000000 0 0 0
b 000000003d2a8f15 0000000000000000 3fa551e2a0000000 0 0 0
c 34320a5eda47eca2 0000000000000000 0000000000000000 18 0 0
0 f5cb3751f70a86e1 5d08544aa7a6ceca f5cb3751f70a86e1 10 0 0
1 f5cb3751f70a86e1 5d08544aa7a6ceca f5cb3751f70a86e1 10 0 0
2 f5cb3751f70a86e1 5d08544aa7a6ceca fff0000000000000 14 0 0
3 f5cb3751f70a86e1 5d08544aa7a6ceca d8b1e6049270c560 10 0 0
4 f5cb3751f70a86e1 5d08544aa7a6ceca 7ff8000000000000 1 0 0
d f5cb3751f70a86e1 5d08544aa7a6ceca 0000000000000000 0 1 0
b 00000000b1898f55 0000000000000000 be3131eaa0000000 0 0 0
c f5cb3751f70a86e1 0000000000000000 00000000ff800000 14 0 0
0 8c0e83e4d237967d 3ffce621c42a601d 3ffce621c42a601d 10 0 0
1 8c0e83e4d237967d 3ffce621c42a601d bffce621c42a601d 10 0 0
2 8c0e83e4d237967d 3ffce621c42a601d 8c1b8edc67abce4c 10 0 0
3 8c0e83e4d237967d 3ffce621c42a601d 8c00e514a599ffb0 10 0 0
4 8c0e83e4d237967d 3ffce621c42a601d 7ff8000000000000 1 0 0
d 8c0e83e4d237967d 3ffce621c42a601d 0000000000000000 0 1 0
b 000000008d190529 0000000000000000 b9a320a520000000 0 0 0
c 8c0e83e4d237967d 0000000000000000 0000000080000000 18 0 0
0 1a320d172988db3f 6f0b6b484e2f2559 6f0b6b484e2f2559 10 0 0
1 1a320d172988db3f 6f0b6b484e2f2559 ef0b6b484e2f2559 10 0 0
2 1a320d172988db3f 6f0b6b484e2f2559 494eef203419f19e 10 0 0
3 1a320d172988db3f 6f0b6b484e2f2559 0000000000000000 18 0 0
4 1a320d172988db3f 6f0b6b484e2f2559 2d10fea16ed67be3 10 0 0
d 1a320d172988db3f 6f0b6b484e2f2559 0000000000000000 0 1 0
b 00000000fa0e537b 0000000000000000 c741ca6f60000000 0 0 0
c 1a320d172988db3f 0000000000000000 0000000000000000 18 0 0
0 3c44422b342e7d4b 8b6b71884e1a6785 3c44422b342e7d4b 10 0 0
1 3c44422b342e7d4b 8b6b71884e1a6785 3c44422b342e7d4b 10 0 0
2 3c44422b342e7d4b 8b6b71884e1a6785 87c15fb467411c43 10 0 0
3 3c44422b342e7d4b 8b6b71884e1a6785 f0c79f3df09eb5d9 10 0 0
4 3c44422b342e7d4b 8b6b71884e1a6785 3e19760f21a35cb0 10 0 0
d 3c44422b342e7d4b 8b6b71884e1a6785 0000000000000000 0 0 0
b 000000005fb218f0 0000000000000000 43f6431e00000000 0 0 0
c 3c44422b342e7d4b 0000000000000000 000000002222115a 10 0 0
0 892ec2667d277037 f71aed47fcf95bde f71aed47fcf95bde 10 0 0
1 892ec2667d277037 f71aed47fcf95bde 771aed47fcf95bde 10 0 0
2 892ec2667d277037 f71aed47fcf95bde 4059e2083f3cf509 10 0 0
3 892ec2667d277037 f71aed47fcf95bde 0000000000000000 18 0 0
4 892ec2667d277037 f71aed47fcf95bde 7ff8000000000000 1 0 0
d 892ec2667d277037 f71aed47fcf95bde 0000000000000000 0 0 0
b 0000000027dcf3ff 0000000000000000 3cfb9e7fe0000000 0 0 0
c 892ec2667d277037 0000000000000000 0000000080000000 18 0 0
0 8dcaaaeeca77d205 36da29de0fdbd5ee 36da29de0fdbd5ee 10 0 0
1 8dcaaaeeca77d205 36da29de0fdbd5ee b6da29de0fdbd5ee 10 0 0
2 8dcaaaeeca77d205 36da29de0fdbd5ee 84b5cdc61584b4d2 10 0 0
3 8dcaaaeeca77d205 36da29de0fdbd5ee 96e04eeda8b88ba6 10 0 0
4 8dcaaaeeca77d205 36da29de0fdbd5ee 7ff8000000000000 1 0 0
d 8dcaaaeeca77d205 36da29de0fdbd5ee 0000000000000000 0 1 0
b 00000000d9a3c4fd 0000000000000000 c334789fa0000000 0 0 0
c 8dcaaaeeca77d205 0000000000000000 0000000080000000 18 0 0
0 86bab803e6ecab1e 026509f9c81572d4 86bab803e6ecab1e 10 0 0
1 86bab803e6ecab1e 026509f9c81572d4 86bab803e6ecab1e 10 0 0
2 86bab803e6ecab1e 026509f9c81572d4 8000000000000000 18 0 0
3 86bab803e6ecab1e 026509f9c81572d4 c44451c9a9934ba7 10 0 0
4 86bab803e6ecab1e 026509f9c81572d4 7ff8000000000000 1 0 0
d 86bab803e6ecab1e 026509f9c81572d4 0000000000000000 0 1 0
b 00000000afb7ff93 0000000000000000 bdf6fff260000000 0 0 0
c 86bab803e6ecab1e 0000000000000000 0000000080000000 18 0 0
0 58f3419128ee47d1 e296ecbbdf33f45b e296ecbbdf33f45b 10 0 0
1 58f3419128ee47d1 e296ecbbdf33f45b 6296ecbbdf33f45b 10 0 0
2 58f3419128ee47d1 e296ecbbdf33f45b fb9b9710d0544a02 10 0 0
3 58f3419128ee47d1 e296ecbbdf33f45b b64ae10b2336aaad 10 0 0
4 58f3419128ee47d1 e296ecbbdf33f45b 4c718d7efbb95718 10 0 0
d 58f3419128ee47d1 e296ecbbdf33f45b 0000000000000000 0 0 0
b 0000000096a05467 0000000000000000 bad40a8ce0000000 0 0 0
c 58f3419128ee47d1 0000000000000000 000000007f800000 14 0 0
0 19b3b451880dda6d 5b4c1a6dd83b1bcd 5b4c1a6dd83b1bcd 10 0 0
1 19b3b451880dda6d 5b4c1a6dd83b1bcd db4c1a6dd83b1bcd 10 0 0
2 19b3b451880dda6d 5b4c1a6dd83b1bcd 35114e0d7ca5edbb 10 0 0
3 19b3b451880dda6d 5b4c1a6dd83b1bcd 000000000166fc1f 18 0 0
4 19b3b451880dda6d 5b4c1a6dd83b1bcd 2cd1c17ed30d9bd6 10 0 0
d 19b3b451880dda6d 5b4c1a6dd83b1bcd 0000000000000000 0 1 0
b 00000000d31e2bec 0000000000000000 c263c57d80000000 0 0 0
c 19b3b451880dda6d 0000000000000000 0000000000000000 18 0 0
0 da17bb7d8279b5e1 2c7c3fe3db814e43 da17bb7d8279b5e1 10 0 0
1 da17bb7d8279b5e1 2c7c3fe3db814e43 da17bb7d8279b5e1 10 0 0
2 da17bb7d8279b5e1 2c7c3fe3db814e43 c6a4f36fee10bd24 10 0 0
3 da17bb7d8279b5e1 2c7c3fe3db814e43 ed8ae2136dd21a6b 10 0 0
4 da17bb7d8279b5e1 2c7c3fe3db814e43 7ff8000000000000 1 0 0
d da17bb7d8279b5e1 2c7c3fe3db814e43 0000000000000000 0 1 0
b 00000000bb63bb87 0000000000000000 bf6c7770e0000000 0 0 0
c da17bb7d8279b5e1 0000000000000000 00000000ff800000 14 0 0
0 4e748c4e205955b0 570548273e3b33c7 570548273e3b33c7 10 0 0
1 4e748c4e205955b0 570548273e3b33c7 d70548273e3b33c7 10 0 0
2 4e748c4e205955b0 570548273e3b33c7 658b54d04ff0f7ef 10 0 0
3 4e748c4e205955b0 570548273e3b33c7 375ee58bd224df3a 10 0 0
4 4e748c4e205955b0 570548273e3b33c7 473221ca1e80ff9c 10 0 0
d 4e748c4e205955b0 570548273e3b33c7 0000000000000000 0 1 0
b 00000000503c0326 0000000000000000 42078064c0000000 0 0 0
c 4e748c4e205955b0 0000000000000000 000000007f800000 14 0 0
0 db4dca4a2293d248 43853a857e68f50f db4dca4a2293d248 10 0 0
1 db4dca4a2293d248 43853a857e68f50f db4dca4a2293d248 10 0 0
2 db4dca4a2293d248 43853a857e68f50f dee3c33b9382071f 10 0 0
3 db4dca4a2293d248 43853a857e68f50f d7b673efa525354b 10 0 0
4 db4dca4a2293d248 43853a857e68f50f 7ff8000000000000 1 0 0
d db4dca4a2293d248 43853a857e68f50f 0000000000000000 0 1 0
b 0000000079ed880b 0000000000000000 473db10160000000 0 0 0
c db4dca4a2293d248 0000000000000000 00000000ff800000 14 0 0
0 d57d03ddd5d5b29e 134e28fd1c6d9975 d57d03ddd5d5b29e 10 0 0
1 d57d03ddd5d5b29e 134e28fd1c6d9975 d57d03ddd5d5b29e 10 0 0
2 d57d03ddd5d5b29e 134e28fd1c6d9975 a8db58ca4e1c47a0 10 0 0
3 d57d03ddd5d5b29e 134e28fd1c6d9975 fff0000000000000 14 0 0
4 d57d03ddd5d5b29e 134e28fd1c6d9975 7ff8000000000000 1 0 0
d d57d03ddd5d5b29e 134e28fd1c6d9975 0000000000000000 0 1 0
b 00000000472eb454 0000000000000000 40e5d68a80000000 0 0 0
c d57d03ddd5d5b29e 0000000000000000 00000000ff800000 14 0 0
0 a52bec46cccb42f7 362be71d13c42d59 362be71d13c42d59 10 0 0
1 a52bec46cccb42f7 362be71d13c42d59 b62be71d13c42d59 10 0 0
2 a52bec46cccb42f7 362be71d13c42d59 9b685906bb417e31 10 0 0
3 a52bec46cccb42f7 362be71d13c42d59 aef002f5e6c82fe4 10 0 0
4 a52bec46cccb42f7 362be71d13c42d59 7ff8000000000000 1 0 0
d a52bec46cccb42f7 362be71d13c42d59 0000000000000000 0 1 0
b 000000005b878bae 0000000000000000 4370f175c0000000 0 0 0
c a52bec46cccb42f7 0000000000000000 0000000080000000 18 0 0
0 f4b1c4374adf07ac ef70859907b89578 f4b1c4374adf07ac 10 0 0
1 f4b1c4374adf07ac ef70859907b89578 f4b1c4374adf07ac 10 0 0
2 f4b1c4374adf07ac ef70859907b89578 7ff0000000000000 14 0 0
3 f4b1c4374adf07ac ef70859907b89578 4531348de0a9587d 10 0 0
4 f4b1c4374adf07ac ef70859907b89578 7ff8000000000000 1 0 0
d f4b1c4374adf07ac ef70859907b89578 0000000000000000 0 1 0
b 00000000b7e46193 0000000000000000 befc8c3260000000 0 0 0
c f4b1c4374adf07ac 0000000000000000 00000000ff800000 14 0 0
0 411593789c27b265 270fcd500a11e242 411593789c27b265 10 0 0
1 411593789c27b265 270fcd500a11e242 411593789c27b265 10 0 0
2 411593789c27b265 270fcd500a11e242 2835714b8b667e1b 10 0 0
3 411593789c27b265 270fcd500a11e242 59f5b5dc25882eb1 10 0 0
4 411593789c27b265 270fcd500a11e242 4082947bd7b2fa79 10 0 0
d 411593789c27b265 270fcd500a11e242 0000000000000000 0 0 0
b 00000000fd6e94ae 0000000000000000 c7add295c0000000 0 0 0
c 411593789c27b265 0000000000000000 0000000048ac9bc5 10 0 0
0 d093293303176ec9 37090c6ec61c22ac d093293303176ec9 10 0 0
1 d093293303176ec9 37090c6ec61c22ac d093293303176ec9 10 0 0
2 d093293303176ec9 37090c6ec61c22ac c7adff4343952cd3 10 0 0
3 d093293303176ec9 37090c6ec61c22ac d9787a7b52443557 10 0 0
4 d093293303176ec9 37090c6ec61c22ac 7ff8000000000000 1 0 0
d d093293303176ec9 37090c6ec61c22ac 0000000000000000 0 1 0
b 000000000b79f288 0000000000000000 396f3e5100000000 0 0 0
c d093293303176ec9 0000000000000000 00000000ff800000 14 0 0
0 9035eb9c8589dadf 649ed37660f9cdce 649ed37660f9cdce 10 0 0
1 9035eb9c8589dadf 649ed37660f9cdce e49ed37660f9cdce 10 0 0
2 9035eb9c8589dadf 649ed37660f9cdce b4e51dbd6480e27e 10 0 0
3 9035eb9c8589dadf 649ed37660f9cdce 8000000000000000 18 0 0
4 9035eb9c8589dadf 649ed37660f9cdce 7ff8000000000000 1 0 0
d 9035eb9c8589dadf 649ed37660f9cdce 0000000000000000 0 1 0
b 0000000071440cae 0000000000000000 46288195c0000000 0 0 0
c 9035eb9c8589dadf 0000000000000000 0000000080000000 18 0 0
0 eae72c06e39a9d15 b734c429d98f8dd1 eae72c06e39a9d15 10 0 0
1 eae72c06e39a9d15 b734c429d98f8dd1 eae72c06e39a9d15 10 0 0
2 eae72c06e39a9d15 b734c429d98f8dd1 622e13208ccc15ea 10 0 0
3 eae72c06e39a9d15 b734c429d98f8dd1 73a1da82bf65c5f6 10 0 0
4 eae72c06e39a9d15 b734c429d98f8dd1 7ff8000000000000 1 0 0
d eae72c06e39a9d15 b734c429d98f8dd1 0000000000000000 0 1 0
b 000000002e8280ab 0000000000000000 3dd0501560000000 0 0 0
c eae72c06e39a9d15 0000000000000000 00000000ff800000 14 0 0
0 ac6c23e02a16cae8 9a3ddaed0d6d21fd ac6c23e02a16cae8 10 0 0
1 ac6c23e02a16cae8 9a3ddaed0d6d21fd ac6c23e02a16cae8 10 0 0
2 ac6c23e02a16cae8 9a3ddaed0d6d21fd 06ba410802c62609 10 0 0
3 ac6c23e02a16cae8 9a3ddaed0d6d21fd 521e29686d9db63b 10 0 0
4 ac6c23e02a16cae8 9a3ddaed0d6d21fd 7ff8000000000000 1 0 0
d ac6c23e02a16cae8 9a3ddaed0d6d21fd 0000000000000000 0 1 0
b 0000000083087fd4 0000000000000000 b8610ffa80000000 0 0 0
c ac6c23e02a16cae8 0000000000000000 0000000080000000 18 0 0
0 12a58c0dc7abce7f 72ea58ed070b66d6 72ea58ed070b66d6 10 0 0
1 12a58c0dc7abce7f 72ea58ed070b66d6 f2ea58ed070b66d6 10 0 0
2 12a58c0dc7abce7f 72ea58ed070b66d6 45a1bdabf2250f76 10 0 0
3 12a58c0dc7abce7f 72ea58ed070b66d6 0000000000000000 18 0 0
4 12a58c0dc7abce7f 72ea58ed070b66d6 294a422a7175d6c6 10 0 0
d 12a58c0dc7abce7f 72ea58ed070b66d6 0000000000000000 0 1 0
b 0000000011e3f4fe 0000000000000000 3a3c7e9fc0000000 0 0 0
c 12a58c0dc7abce7f 0000000000000000 0000000000000000 18 0 0
0 80fc6b40bf19dcca 149b0fcad92cda1b 149b0fcad92cda1b 10 0 0
1 80fc6b40bf19dcca 149b0fcad92cda1b 949b0fcad92cda1b 10 0 0
2 80fc6b40bf19dcca 149b0fcad92cda1b 8000000000000000 18 0 0
3 80fc6b40bf19dcca 149b0fcad92cda1b ac50cd6ee46e761e 10 0 0
4 80fc6b40bf19dcca 149b0fcad92cda1b 7ff8000000000000 1 0 0
d 80fc6b40bf19dcca 149b0fcad92cda1b 0000000000000000 0 1 0
b 000000000f9cfeac 0000000000000000 39f39fd580000000 0 0 0
c 80fc6b40bf19dcca 0000000000000000 0000000080000000 18 0 0
0 996fe788d6447da7 67e69abf22953c07 67e69abf22953c07 10 0 0
1 996fe788d6447da7 67e69abf22953c07 e7e69abf22953c07 10 0 0
2 996fe788d6447da7 67e69abf22953c07 c1668976e649ca3a 10 0 0
3 996fe788d6447da7 67e69abf22953c07 8000000000000000 18 0 0
4 996fe788d6447da7 67e69abf22953c07 7ff8000000000000 1 0 0
d 996fe788d6447da7 67e69abf22953c07 0000000000000000 0 1 0
b 0000000027a64f2d 0000000000000000 3cf4c9e5a0000000 0 0 0
c 996fe788d6447da7 0000000000000000 0000000080000000 18 0 0
0 2630998c9521628c 976778b47649550c 2630998c9521628c 10 0 0
1 2630998c9521628c 976778b47649550c 2630998c9521628c 10 0 0
2 2630998c9521628c 976778b47649550c 80000000000030b4 18 0 0
3 2630998c9521628c 976778b47649550c ceb6a1a54373596a 10 0 0
4 2630998c9521628c 976778b47649550c 33104c11778f400f 10 0 0
d 2630998c9521628c 976778b47649550c 0000000000000000 0 0 0
b 00000000c1f79478 0000000000000000 c03ef28f00000000 0 0 0
c 2630998c9521628c 0000000000000000 0000000000000000 18 0 0
0 5c69354422f08ca4 5fe6b7d6aa9a5858 5fe6b7d6aa9a5858 10 0 0
1 5c69354422f08ca4 5fe6b7d6aa9a5858 dfe6b7d6aa9a5858 10 0 0
2 5c69354422f08ca4 5fe6b7d6aa9a5858 7c61e570904969e7 10 0 0
3 5c69354422f08ca4 5fe6b7d6aa9a5858 3c71c0ee0a9ea5c0 10 0 0
4 5c69354422f08ca4 5fe6b7d6aa9a5858 4e2c66d7c7cd94c3 10 0 0
d 5c69354422f08ca4 5fe6b7d6aa9a5858 0000000000000000 0 1 0
b 00000000d3b43a90 0000000000000000 c276875200000000 0 0 0
c 5c69354422f08ca4 0000000000000000 000000007f800000 14 0 0
0 c8240c837f3d4379 3d1312d0b66e93f4 c8240c837f3d4379 10 0 0
1 c8240c837f3d4379 3d1312d0b66e93f4 c8240c837f3d4379 10 0 0
2 c8240c837f3d4379 3d1312d0b66e93f4 c547e66fc24e425c 10 0 0
3 c8240c837f3d4379 3d1312d0b66e93f4 cb00d17649992628 10 0 0
4 c8240c837f3d4379 3d1312d0b66e93f4 7ff8000000000000 1 0 0
d c8240c837f3d4379 3d1312d0b66e93f4 0000000000000000 0 1 0
b 00000000e6141e7c 0000000000000000 c4c283cf80000000 0 0 0
c c8240c837f3d4379 0000000000000000 00000000ff800000 14 0 0
0 deae3eb1367a53ad fdf678ea6f8f127f fdf678ea6f8f127f 10 0 0
1 deae3eb1367a53ad fdf678ea6f8f127f 7df678ea6f8f127f 10 0 0
2 deae3eb1367a53ad fdf678ea6f8f127f 7ff0000000000000 14 0 0
3 deae3eb1367a53ad fdf678ea6f8f127f 20a588b1ce473d67 10 0 0
4 deae3eb1367a53ad fdf678ea6f8f127f 7ff8000000000000 1 0 0
d deae3eb1367a53ad fdf678ea6f8f127f 0000000000000000 0 0 0
b 0000000035d6277f 0000000000000000 3ebac4efe0000000 0 0 0
c deae3eb1367a53ad 0000000000000000 00000000ff800000 14 0 0
0 d60e4383d1bbbb3c 7d516212737259fb 7d516212737259fb 10 0 0
1 d60e4383d1bbbb3c 7d516212737259fb fd516212737259fb 10 0 0
2 d60e4383d1bbbb3c 7d516212737259fb fff0000000000000 14 0 0
3 d60e4383d1bbbb3c 7d516212737259fb 98abdb148bb3f711 10 0 0
4 d60e4383d1bbbb3c 7d516212737259fb 7ff8000000000000 1 0 0
d d60e4383d1bbbb3c 7d516212737259fb 0000000000000000 0 1 0
b 0000000031e99e7d 0000000000000000 3e3d33cfa0000000 0 0 0
c d60e4383d1bbbb3c 0000000000000000 00000000ff800000 14 0 0
0 46e1d2aeea31b274 5394d52bef0be7d3 5394d52bef0be7d3 10 0 0
1 46e1d2aeea31b274 5394d52bef0be7d3 d394d52bef0be7d3 10 0 0
2 46e1d2aeea31b274 5394d52bef0be7d3 5a8734d04dca41ee 10 0 0
3 46e1d2aeea31b274 5394d52bef0be7d3 333b607e76c9eadc 10 0 0
4 46e1d2aeea31b274 5394d52bef0be7d3 4367e1b6d591e6cf 10 0 0
d 46e1d2aeea31b274 5394d52bef0be7d3 0000000000000000 0 1 0
b 00000000edc80b4b 0000000000000000 c5b9016960000000 0 0 0
c 46e1d2aeea31b274 0000000000000000 00000000770e9577 10 0 0
0 7882be7bc6f4f27d 4fd4ba20ca8a1b68 7882be7bc6f4f27d 10 0 0
1 7882be7bc6f4f27d 4fd4ba20ca8a1b68 7882be7bc6f4f27d 10 0 0
2 7882be7bc6f4f27d 4fd4ba20ca8a1b68 7ff0000000000000 14 0 0
3 7882be7bc6f4f27d 4fd4ba20ca8a1b68 689cf04294136d4c 10 0 0
4 7882be7bc6f4f27d 4fd4ba20ca8a1b68 5c387db3fde0bf05 10 0 0
d 7882be7bc6f4f27d 4fd4ba20ca8a1b68 0000000000000000 0 0 0
b 00000000b50cacfb 0000000000000000 bea1959f60000000 0 0 0
c 7882be7bc6f4f27d 0000000000000000 000000007f800000 14 0 0
0 32e84af24d74f209 b582c9f37b272a0d b582c9f37b2723fa 10 0 0
1 32e84af24d74f209 b582c9f37b272a0d 3582c9f37b273020 10 0 0
2 32e84af24d74f209 b582c9f37b272a0d a87c86efc84c3305 10 0 0
3 32e84af24d74f209 b582c9f37b272a0d bd54afdaf293604b 10 0 0
4 32e84af24d74f209 b582c9f37b272a0d 396be19e8c5429b0 10 0 0
d 32e84af24d74f209 b582c9f37b272a0d 0000000000000000 0 0 0
b 0000000052be62fe 0000000000000000 4257cc5fc0000000 0 0 0
c 32e84af24d74f209 0000000000000000 0000000000000000 18 0 0
0 42dc5c4ee3eae464 53a141370b740274 53a141370b740274 10 0 0
1 42dc5c4ee3eae464 53a141370b740274 d3a141370b740274 10 0 0
2 42dc5c4ee3eae464 53a141370b740274 568e95ac6443c433 10 0 0
3 42dc5c4ee3eae464 53a141370b740274 2f2a4c58b6d2ded0 10 0 0
4 42dc5c4ee3eae464 53a141370b740274 41654d46baa3be02 10 0 0
d 42dc5c4ee3eae464 53a141370b740274 0000000000000000 0 1 0
b 00000000ec623ac9 0000000000000000 c58c475920000000 0 0 0
c 42dc5c4ee3eae464 0000000000000000 0000000056e2e277 10 0 0
0 cc52a5d485e55da0 e4781b880624698c e4781b880624698c 10 0 0
1 cc52a5d485e55da0 e4781b880624698c 64781b880624698c 10 0 0
2 cc52a5d485e55da0 e4781b880624698c 70dc18d52831116f 10 0 0
3 cc52a5d485e55da0 e4781b880624698c 27c8c0b645c4b8ac 10 0 0
4 cc52a5d485e55da0 e4781b880624698c 7ff8000000000000 1 0 0
d cc52a5d485e55da0 e4781b880624698c 0000000000000000 0 0 0
b 00000000e9a02cc6 0000000000000000 c5340598c0000000 0 0 0
c cc52a5d485e55da0 0000000000000000 00000000ff800000 14 0 0
0 6b2bc19a70098ad6 6b3e259f5e3fd979 6b4603364b224f72 0 0 0
1 6b2bc19a70098ad6 6b3e259f5e3fd979 eb3044d2263b140e 0 0 0
2 6b2bc19a70098ad6 6b3e259f5e3fd979 7ff0000000000000 14 0 0
3 6b2bc19a70098ad6 6b3e259f5e3fd979 3fdd765ca44da165 10 0 0
4 6b2bc19a70098ad6 6b3e259f5e3fd979 558dcd7d2d66b717 10 0 0
d 6b2bc19a70098ad6 6b3e259f5e3fd979 0000000000000000 0 1 0
b 000000000705d5d1 0000000000000000 38e0baba20000000 0 0 0
c 6b2bc19a70098ad6 0000000000000000 000000007f800000 14 0 0
0 0a4acace31774ba7 d87b33667ce221cd d87b33667ce221cd 10 0 0
1 0a4acace31774ba7 d87b33667ce221cd 587b33667ce221cd 10 0 0
2 0a4acace31774ba7 d87b33667ce221cd a2d6c627015bef3e 10 0 0
3 0a4acace31774ba7 d87b33667ce221cd 8000000000000000 18 0 0
4 0a4acace31774ba7 d87b33667ce221cd 251d47d234924f7b 10 0 0
d 0a4acace31774ba7 d87b33667ce221cd 0000000000000000 0 0 0
b 0000000023a829a0 0000000000000000 3c75053400000000 0 0 0
c 0a4acace31774ba7 0000000000000000 0000000000000000 18 0 0
0 f51b672ea62391f1 57a6a41fe785b42d f51b672ea62391f1 10 0 0
1 f51b672ea62391f1 57a6a41fe785b42d f51b672ea62391f1 10 0 0
2 f51b672ea62391f1 57a6a41fe785b42d fff0000000000000 14 0 0
3 f51b672ea62391f1 57a6a41fe785b42d dd635d7b84e4cf11 10 0 0
4 f51b672ea62391f1 57a6a41fe785b42d 7ff8000000000000 1 0 0
d f51b672ea62391f1 57a6a41fe785b42d 0000000000000000 0 1 0
b 000000007107a90d 0000000000000000 4620f521a0000000 0 0 0
c f51b672ea62391f1 0000000000000000 00000000ff800000 14 0 0
0 00ef28de5b67dea4 b6d2d15d73d9e301 b6d2d15d73d9e301 10 0 0
1 00ef28de5b67dea4 b6d2d15d73d9e301 36d2d15d73d9e301 10 0 0
2 00ef28de5b67dea4 b6d2d15d73d9e301 8000000000000000 18 0 0
3 00ef28de5b67dea4 b6d2d15d73d9e301 8a0a7e641d7c1298 10 0 0
4 00ef28de5b67dea4 b6d2d15d73d9e301 206f93b7fa4faf75 10 0 0
d 00ef28de5b67dea4 b6d2d15d73d9e301 0000000000000000 0 0 0
b 00000000b8857f7d 0000000000000000 bf10afefa0000000 0 0 0
c 00ef28de5b67dea4 0000000000000000 0000000000000000 18 0 0
0 fa304dc882afb58c f7dfffe30c50e5b2 fa304dc882b0358c 10 0 0
1 fa304dc882afb58c f7dfffe30c50e5b2 fa304dc882af358c 10 0 0
2 fa304dc882afb58c f7dfffe30c50e5b2 7ff0000000000000 14 0 0
3 fa304dc882afb58c f7dfffe30c50e5b2 42404dd742f461de 10 0 0
4 fa304dc882afb58c f7dfffe30c50e5b2 7ff8000000000000 1 0 0
d fa304dc882afb58c f7dfffe30c50e5b2 0000000000000000 0 1 0
b 000000000c3315e1 0000000000000000 398662bc20000000 0 0 0
c fa304dc882afb58c 0000000000000000 00000000ff800000 14 0 0
0 bf6f5666e1d42a57 f741fb18cc717e29 f741fb18cc717e29 10 0 0
1 bf6f5666e1d42a57 f741fb18cc717e29 7741fb18cc717e29 10 0 0
2 bf6f5666e1d42a57 f741fb18cc717e29 76c19bcca7f72c91 10 0 0
3 bf6f5666e1d42a57 f741fb18cc717e29 081be29ea65f184d 10 0 0
4 bf6f5666e1d42a57 f741fb18cc717e29 7ff8000000000000 1 0 0
d bf6f5666e1d42a57 f741fb18cc717e29 0000000000000000 0 0 0
b 000000009531d193 0000000000000000 baa63a3260000000 0 0 0
c bf6f5666e1d42a57 0000000000000000 00000000bb7ab337 10 0 0
0 4f7f2452d55304a8 0d0d972b42fdb33f 4f7f2452d55304a8 10 0 0
1 4f7f2452d55304a8 0d0d972b42fdb33f 4f7f2452d55304a8 10 0 0
2 4f7f2452d55304a8 0d0d972b42fdb33f 1c9ccc089232fb15 10 0 0
3 4f7f2452d55304a8 0d0d972b42fdb33f 7ff0000000000000 14 0 0
4 4f7f2452d55304a8 0d0d972b42fdb33f 47b6526c727f67f0 10 0 0
d 4f7f2452d55304a8 0d0d972b42fdb33f 0000000000000000 0 0 0
b 0000000067df0732 0000000000000000 44fbe0e640000000 0 0 0
c 4f7f2452d55304a8 0000000000000000 000000007f800000 14 0 0
0 6019916e14bb76f4 36dcb306b7384858 6019916e14bb76f4 10 0 0
1 6019916e14bb76f4 36dcb306b7384858 6019916e14bb76f4 10 0 0
2 6019916e14bb76f4 36dcb306b7384858 5706ee4b2f914a6f 10 0 0
3 6019916e14bb76f4 36dcb306b7384858 692c8236892cb5a5 10 0 0
4 6019916e14bb76f4 36dcb306b7384858 500439d8616f9458 10 0 0
d 6019916e14bb76f4 36dcb306b7384858 0000000000000000 0 0 0
b 000000007851ff61 0000000000000000 470a3fec20000000 0 0 0
c 6019916e14bb76f4 0000000000000000 000000007f800000 14 0 0
0 b0026b5f5057488b 9188f1287a1b693e b0026b5f5057488b 10 0 0
1 b0026b5f5057488b 9188f1287a1b693e b0026b5f5057488b 10 0 0
2 b0026b5f5057488b 9188f1287a1b693e 019cb6aedd2d9d7d 10 0 0
3 b0026b5f5057488b 9188f1287a1b693e 5e67a1b4c38a8c77 10 0 0
4 b0026b5f5057488b 9188f1287a1b693e 7ff8000000000000 1 0 0
d b0026b5f5057488b 9188f1287a1b693e 0000000000000000 0 1 0
b 00000000f0a8f6a0 0000000000000000 c6151ed400000000 0 0 0
c b0026b5f5057488b 0000000000000000 0000000080000000 18 0 0
0 21ecb25e4342182d 08b0b9ceeea7b74a 21ecb25e4342182d 10 0 0
1 21ecb25e4342182d 08b0b9ceeea7b74a 21ecb25e4342182d 10 0 0
2 21ecb25e4342182d 08b0b9ceeea7b74a 0000000000000000 18 0 0
3 21ecb25e4342182d 08b0b9ceeea7b74a 592b7392e7366845 10 0 0
4 21ecb25e4342182d 08b0b9ceeea7b74a 30ee4dab987574a1 10 0 0
d 21ecb25e4342182d 08b0b9ceeea7b74a 0000000000000000 0 0 0
b 00000000119196cd 0000000000000000 3a3232d9a0000000 0 0 0
c 21ecb25e4342182d 0000000000000000 0000000000000000 18 0 0
0 4a4cca49b3b5faab 90f307bbf087e899 4a4cca49b3b5faab 10 0 0
1 4a4cca49b3b5faab 90f307bbf087e899 4a4cca49b3b5faab 10 0 0
2 4a4cca49b3b5faab 90f307bbf087e899 9b511f1119597e43 10 0 0
3 4a4cca49b3b5faab 90f307bbf087e899 f94834b479ff3dd5 10 0 0
4 4a4cca49b3b5faab 90f307bbf087e899 451e5a4a1ac6461c 10 0 0
d 4a4cca49b3b5faab 90f307bbf087e899 0000000000000000 0 0 0
b 00000000bf0d0433 0000000000000000 bfe1a08660000000 0 0 0
c 4a4cca49b3b5faab 0000000000000000 000000007f800000 14 0 0
0 eee61536a458a1d6 bc2505078c3883e5 eee61536a458a1d6 10 0 0
1 eee61536a458a1d6 bc2505078c3883e5 eee61536a458a1d6 10 0 0
2 eee61536a458a1d6 bc2505078c3883e5 6b1d02c8c3973669 10 0 0
3 eee61536a458a1d6 bc2505078c3883e5 72b0cf2f36945467 10 0 0
4 eee61536a458a1d6 bc2505078c3883e5 7ff8000000000000 1 0 0
d eee61536a458a1d6 bc2505078c3883e5 0000000000000000 0 1 0
b 0000000014c9d527 0000000000000000 3a993aa4e0000000 0 0 0
c eee61536a458a1d6 0000000000000000 00000000ff800000 14 0 0
0 e3c96031362bdd16 fcae4192a71f605c fcae4192a71f605c 10 0 0
1 e3c96031362bdd16 fcae4192a71f605c 7cae4192a71f605c 10 0 0
2 e3c96031362bdd16 fcae4192a71f605c 7ff0000000000000 14 0 0
3 e3c96031362bdd16 fcae4192a71f605c 270ad69c0a8cff74 10 0 0
4 e3c96031362bdd16 fcae4192a71f605c 7ff8000000000000 1 0 0
d e3c96031362bdd16 fcae4192a71f605c 0000000000000000 0 0 0
b 00000000298c7f16 0000000000000000 3d318fe2c0000000 0 0 0
c e3c96031362bdd16 0000000000000000 00000000ff800000 14 0 0
0 6bb36801d0da2058 0efc2c30e437582d 6bb36801d0da2058 10 0 0
1 6bb36801d0da2058 0efc2c30e437582d 6bb36801d0da2058 10 0 0
2 6bb36801d0da2058 0efc2c30e437582d 3ac115ce3fa75ead 10 0 0
3 6bb36801d0da2058 0efc2c30e437582d 7ff0000000000000 14 0 0
4 6bb36801d0da2058 0efc2c30e437582d 55d19efb5915bf01 10 0 0
d 6bb36801d0da2058 0efc2c30e437582d 0000000000000000 0 0 0
b 00000000e96d0934 0000000000000000 c52da12680000000 0 0 0
c 6bb36801d0da2058 0000000000000000 000000007f800000 14 0 0
0 413e0f319bd584fd 420c1a58e9a8259b 420c1b4963350447 10 0 0
1 413e0f319bd584fd 420c1a58e9a8259b c20c1968701b46ef 10 0 0
2 413e0f319bd584fd 420c1a58e9a8259b 435a660b45ee72b3 10 0 0
3 413e0f319bd584fd 420c1a58e9a8259b 3f211d265d485561 10 0 0
4 413e0f319bd584fd 420c1a58e9a8259b 4095ee3967574e01 10 0 0
d 413e0f319bd584fd 420c1a58e9a8259b 0000000000000000 0 1 0
b 000000004e7d51d6 0000000000000000 41cfaa3ac0000000 0 0 0
c 413e0f319bd584fd 0000000000000000 0000000049f0798d 10 0 0
0 6cbb9d55fd37697d 1300ef51d3b3cca4 6cbb9d55fd37697d 10 0 0
1 6cbb9d55fd37697d 1300ef51d3b3cca4 6cbb9d55fd37697d 10 0 0
2 6cbb9d55fd37697d 1300ef51d3b3cca4 3fcd3a616b92567c 10 0 0
3 6cbb9d55fd37697d 1300ef51d3b3cca4 7ff0000000000000 14 0 0
4 6cbb9d55fd37697d 1300ef51d3b3cca4 56550513f40e793f 10 0 0
d 6cbb9d55fd37697d 1300ef51d3b3cca4 0000000000000000 0 0 0
b 00000000eec42f57 0000000000000000 c5d885eae0000000 0 0 0
c 6cbb9d55fd37697d 0000000000000000 000000007f800000 14 0 0
0 0ef1a2c06f9e4d14 61af5f4ac28d1749 61af5f4ac28d1749 10 0 0
1 0ef1a2c06f9e4d14 61af5f4ac28d1749 e1af5f4ac28d1749 10 0 0
2 0ef1a2c06f9e4d14 61af5f4ac28d1749 30b14a2ecb022b58 10 0 0
3 0ef1a2c06f9e4d14 61af5f4ac28d1749 0000000000000000 18 0 0
4 0ef1a2c06f9e4d14 61af5f4ac28d1749 2770cc481f99b0ab 10 0 0
d 0ef1a2c06f9e4d14 61af5f4ac28d1749 0000000000000000 0 1 0
b 000000006ce4e81b 0000000000000000 459c9d0360000000 0 0 0
c 0ef1a2c06f9e4d14 0000000000000000 0000000000000000 18 0 0
0 cd19ede8e43622fa 2d472b0eccf76cbd cd19ede8e43622fa 10 0 0
1 cd19ede8e43622fa 2d472b0eccf76cbd cd19ede8e43622fa 10 0 0
2 cd19ede8e43622fa 2d472b0eccf76cbd ba72c5e313249ee3 10 0 0
3 cd19ede8e43622fa 2d472b0eccf76cbd dfc1e8273ec194c8 10 0 0
4 cd19ede8e43622fa 2d472b0eccf76cbd 7ff8000000000000 1 0 0
d cd19ede8e43622fa 2d472b0eccf76cbd 0000000000000000 0 1 0
b 000000000d7b5dad 0000000000000000 39af6bb5a0000000 0 0 0
c cd19ede8e43622fa 0000000000000000 00000000ff800000 14 0 0
0 bf17178ae1295659 b7a066a8d5d25952 bf17178ae1295659 10 0 0
1 bf17178ae1295659 b7a066a8d5d25952 bf17178ae1295659 10 0 0
2 bf17178ae1295659 b7a066a8d5d25952 36c7abb4a24ff8cf 10 0 0
3 bf17178ae1295659 b7a066a8d5d25952 4766870087386264 10 0 0
4 bf17178ae1295659 b7a066a8d5d25952 7ff8000000000000 1 0 0
d bf17178ae1295659 b7a066a8d5d25952 0000000000000000 0 1 0
b 0000000041f293ee 0000000000000000 403e527dc0000000 0 0 0
c bf17178ae1295659 0000000000000000 00000000b8b8bc57 10 0 0
0 62641f09d12cb6ab b8c75fb7350353cf 62641f09d12cb6ab 10 0 0
1 62641f09d12cb6ab b8c75fb7350353cf 62641f09d12cb6ab 10 0 0
2 62641f09d12cb6ab b8c75fb7350353cf db3d64fccca5883e 10 0 0
3 62641f09d12cb6ab b8c75fb7350353cf e98b8c06222e71eb 10 0 0
4 62641f09d12cb6ab b8c75fb7350353cf 51295ff2033f6eaa 10 0 0
d 62641f09d12cb6ab b8c75fb7350353cf 0000000000000000 0 0 0
b 00000000b0291232 0000000000000000 be05224640000000 0 0 0
c 62641f09d12cb6ab 0000000000000000 000000007f800000 14 0 0
0 df8c7ba54fe688f9 41c5172587191015 df8c7ba54fe688f9 10 0 0
1 df8c7ba54fe688f9 41c5172587191015 df8c7ba54fe688f9 10 0 0
2 df8c7ba54fe688f9 41c5172587191015 e162c5bec277cc4b 10 0 0
3 df8c7ba54fe688f9 41c5172587191015 ddb59bb8f97a35ce 10 0 0
4 df8c7ba54fe688f9 41c5172587191015 7ff8000000000000 1 0 0
d df8c7ba54fe688f9 41c5172587191015 0000000000000000 0 1 0
b 000000000667b198 0000000000000000 38ccf63300000000 0 0 0
c df8c7ba54fe688f9 0000000000000000 00000000ff800000 14 0 0
0 facdfff2e340300b 4d6577cb9010a6a5 facdfff2e340300b 10 0 0
1 facdfff2e340300b 4d6577cb9010a6a5 facdfff2e340300b 10 0 0
2 facdfff2e340300b 4d6577cb9010a6a5 fff0000000000000 14 0 0
3 facdfff2e340300b 4d6577cb9010a6a5 ed565bd7e0d1bd07 10 0 0
4 facdfff2e340300b 4d6577cb9010a6a5 7ff8000000000000 1 0 0
d facdfff2e340300b 4d6577cb9010a6a5 0000000000000000 0 1 0
b 000000001c4cdc27 0000000000000000 3b899b84e0000000 0 0 0
c facdfff2e340300b 0000000000000000 00000000ff800000 14 0 0
0 7ec787a34847b7fa 69adbc661a037db6 7ec787a34847b7fa 10 0 0
1 7ec787a34847b7fa 69adbc661a037db6 7ec787a34847b7fa 10 0 0
2 7ec787a34847b7fa 69adbc661a037db6 7ff0000000000000 14 0 0
3 7ec787a34847b7fa 69adbc661a037db6 55095245ac46853c 10 0 0
4 7ec787a34847b7fa 69adbc661a037db6 5f5b70a52fc9c633 10 0 0
d 7ec787a34847b7fa 69adbc661a037db6 0000000000000000 0 0 0
b 00000000c3056aec 0000000000000000 c060ad5d80000000 0 0 0
c 7ec787a34847b7fa 0000000000000000 000000007f800000 14 0 0
0 a54365c0f69b269d db513899740eb1b8 db513899740eb1b8 10 0 0
1 a54365c0f69b269d db513899740eb1b8 5b513899740eb1b8 10 0 0
2 a54365c0f69b269d db513899740eb1b8 40a4e0bb331cb5b3 10 0 0
3 a54365c0f69b269d db513899740eb1b8 09e205a5f95fbad0 10 0 0
4 a54365c0f69b269d db513899740eb1b8 7ff8000000000000 1 0 0
d a54365c0f69b269d db513899740eb1b8 0000000000000000 0 0 0
b 00000000e505f424 0000000000000000 c4a0be8480000000 0 0 0
c a54365c0f69b269d 0000000000000000 0000000080000000 18 0 0
0 2baa656487dc0a07 d501c0694c9e4b0f d501c0694c9e4b0f 10 0 0
1 2baa656487dc0a07 d501c0694c9e4b0f 5501c0694c9e4b0f 10 0 0
2 2baa656487dc0a07 d501c0694c9e4b0f c0bd49293e82994e 10 0 0
3 2baa656487dc0a07 d501c0694c9e4b0f 9697ca9e9b42219c 10 0 0
4 2baa656487dc0a07 d501c0694c9e4b0f 35cd1032f0e23dc3 10 0 0
d 2baa656487dc0a07 d501c0694c9e4b0f 0000000000000000 0 0 0
b 000000003a02d7f0 0000000000000000 3f405afe00000000 0 0 0
c 2baa656487dc0a07 0000000000000000 0000000000000000 18 0 0
0 7f60164ec894fbda aa1d958d0d2b02bb 7f60164ec894fbda 10 0 0
1 7f60164ec894fbda aa1d958d0d2b02bb 7f60164ec894fbda 10 0 0
2 7f60164ec894fbda aa1d958d0d2b02bb e98dbecc5b0d9a3b 10 0 0
3 7f60164ec894fbda aa1d958d0d2b02bb fff0000000000000 14 0 0
4 7f60164ec894fbda aa1d958d0d2b02bb 5fa6b05f0d083754 10 0 0
d 7f60164ec894fbda aa1d958d0d2b02bb 0000000000000000 0 0 0
b 00000000c2f6d4a5 0000000000000000 c05eda94a0000000 0 0 0
c 7f60164ec894fbda 0000000000000000 000000007f800000 14 0 0
0 142d6a14949962c3 a0ea8ac3c7e0d15a a0ea8ac3c7e0d15a 10 0 0
1 142d6a14949962c3 a0ea8ac3c7e0d15a 20ea8ac3c7e0d15a 10 0 0
2 142d6a14949962c3 a0ea8ac3c7e0d15a 8000000000000000 18 0 0
3 142d6a14949962c3 a0ea8ac3c7e0d15a b331bb42c317e6b5 10 0 0
4 142d6a14949962c3 a0ea8ac3c7e0d15a 2a0eae11f813f8c9 10 0 0
d 142d6a14949962c3 a0ea8ac3c7e0d15a 0000000000000000 0 0 0
b 0000000064b4085f 0000000000000000 4496810be0000000 0 0 0
c 142d6a14949962c3 0000000000000000 0000000000000000 18 0 0
0 524cca80a8894ece ab4902a6e8ad6228 524cca80a8894ece 10 0 0
1 524cca80a8894ece ab4902a6e8ad6228 524cca80a8894ece 10 0 0
2 524cca80a8894ece ab4902a6e8ad6228 bda6809757895c4c 10 0 0
3 524cca80a8894ece ab4902a6e8ad6228 e6f26b2af568951a 10 0 0
4 524cca80a8894ece ab4902a6e8ad6228 491e5a6712e7f9b4 10 0 0
d 524cca80a8894ece ab4902a6e8ad6228 0000000000000000 0 0 0
b 00000000d9e04bdc 0000000000000000 c33c097b80000000 0 0 0
c 524cca80a8894ece 0000000000000000 000000007f800000 14 0 0
0 c3efd1b102e446fd cd4fdfe0e0cb5399 cd4fdfe0e0cb5399 10 0 0
1 c3efd1b102e446fd cd4fdfe0e0cb5399 4d4fdfe0e0cb5399 10 0 0
2 c3efd1b102e446fd cd4fdfe0e0cb5399 514fb1c05fb66441 10 0 0
3 c3efd1b102e446fd cd4fdfe0e0cb5399 368ff1c1d614ec0a 10 0 0
4 c3efd1b102e446fd cd4fdfe0e0cb5399 7ff8000000000000 1 0 0
d c3efd1b102e446fd cd4fdfe0e0cb5399 0000000000000000 0 0 0
b 00000000ddbeee65 0000000000000000 c3b7ddcca0000000 0 0 0
c c3efd1b102e446fd 0000000000000000 00000000df7e8d88 10 0 0
0 0e3b85dcae87691c 373dd10e2e96a780 373dd10e2e96a780 10 0 0
1 0e3b85dcae87691c 373dd10e2e96a780 b73dd10e2e96a780 10 0 0
2 0e3b85dcae87691c 373dd10e2e96a780 0589a51e7a2128c9 10 0 0
3 0e3b85dcae87691c 373dd10e2e96a780 16ed89ceee09f4d7 10 0 0
4 0e3b85dcae87691c 373dd10e2e96a780 2714fc22f3b2a19b 10 0 0
d 0e3b85dcae87691c 373dd10e2e96a780 0000000000000000 0 1 0
b 00000000b6bd8cd3 0000000000000000 bed7b19a60000000 0 0 0
c 0e3b85dcae87691c 0000000000000000 0000000000000000 18 0 0
0 e3da0740c5788df9 4c3f34dafe201088 e3da0740c5788df9 10 0 0
1 e3da0740c5788df9 4c3f34dafe201088 e3da0740c5788df9 10 0 0
2 e3da0740c5788df9 4c3f34dafe201088 f0296204a8aa9588 10 0 0
3 e3da0740c5788df9 4c3f34dafe201088 d78ab0b083147c09 10 0 0
4 e3da0740c5788df9 4c3f34dafe201088 7ff8000000000000 1 0 0
d e3da0740c5788df9 4c3f34dafe201088 0000000000000000 0 1 0
b 000000007a1cbc90 0000000000000000 4743979200000000 0 0 0
c e3da0740c5788df9 0000000000000000 00000000ff800000 14 0 0
0 5c5780b72467e477 c5c4686351cdace7 5c5780b72467e477 10 0 0
1 5c5780b72467e477 c5c4686351cdace7 5c5780b72467e477 10 0 0
2 5c5780b72467e477 c5c4686351cdace7 e22dfa3b78857072 10 0 0
3 5c5780b72467e477 c5c4686351cdace7 d6826d32626eea8a 10 0 0
4 5c5780b72467e477 c5c4686351cdace7 4e236451beb885e5 10 0 0
d 5c5780b72467e477 c5c4686351cdace7 0000000000000000 0 0 0
b 000000006e76e72f 0000000000000000 45cedce5e0000000 0 0 0
c 5c5780b72467e477 0000000000000000 000000007f800000 14 0 0
0 e0f892a6a72955f0 3f75745bae35c824 e0f892a6a72955f0 10 0 0
1 e0f892a6a72955f0 3f75745bae35c824 e0f892a6a72955f0 10 0 0
2 e0f892a6a72955f0 3f75745bae35c824 e080799760a1b85c 10 0 0
3 e0f892a6a72955f0 3f75745bae35c824 e17253566ffb656e 10 0 0
4 e0f892a6a72955f0 3f75745bae35c824 7ff8000000000000 1 0 0
d e0f892a6a72955f0 3f75745bae35c824 0000000000000000 0 1 0
b 00000000f119343c 0000000000000000 c623268780000000 0 0 0
c e0f892a6a72955f0 0000000000000000 00000000ff800000 14 0 0
0 244521938e9734a8 6842158974973ef0 6842158974973ef0 10 0 0
1 244521938e9734a8 6842158974973ef0 e842158974973ef0 10 0 0
2 244521938e9734a8 6842158974973ef0 4c97e2379b8fe46a 10 0 0
3 244521938e9734a8 6842158974973ef0 0000000000000000 18 0 0
4 244521938e9734a8 6842158974973ef0 321a00f8531da4a0 10 0 0
d 244521938e9734a8 6842158974973ef0 0000000000000000 0 1 0
b 00000000fa679dd4 0000000000000000 c74cf3ba80000000 0 0 0
c 244521938e9734a8 0000000000000000 0000000000000000 18 0 0
0 327e3e7a439190e2 4030eca4e92c0cb6 4030eca4e92c0cb6 10 0 0
1 327e3e7a439190e2 4030eca4e92c0cb6 c030eca4e92c0cb6 10 0 0
2 327e3e7a439190e2 4030eca4e92c0cb6 32bffdcb881c80de 10 0 0
3 327e3e7a439190e2 4030eca4e92c0cb6 323c979795388e29 10 0 0
4 327e3e7a439190e2 4030eca4e92c0cb6 3935ff7245552250 10 0 0
d 327e3e7a439190e2 4030eca4e92c0cb6 0000000000000000 0 1 0
b 000000007fe5e58b 0000000000000000 7ff8000000000000 0 0 0
c 327e3e7a439190e2 0000000000000000 0000000000000000 18 0 0
0 a9c860011cca4e45 f55a5c446482e68d f55a5c446482e68d 10 0 0
1 a9c860011cca4e45 f55a5c446482e68d 755a5c446482e68d 10 0 0
2 a9c860011cca4e45 f55a5c446482e68d 5f34144903293b83 10 0 0
3 a9c860011cca4e45 f55a5c446482e68d 0000000000000000 18 0 0
4 a9c860011cca4e45 f55a5c446482e68d 7ff8000000000000 1 0 0
d a9c860011cca4e45 f55a5c446482e68d 0000000000000000 0 0 0
b 0000000032380e24 0000000000000000 3e4701c480000000 0 0 0
c a9c860011cca4e45 0000000000000000 0000000080000000 18 0 0
0 4c6e6c9abe50e0e4 ebca0982f5b9831f ebca0982f5b9831f 10 0 0
1 4c6e6c9abe50e0e4 ebca0982f5b9831f 6bca0982f5b9831f 10 0 0
2 4c6e6c9abe50e0e4 ebca0982f5b9831f f848c148c8fbc3eb 10 0 0
3 4c6e6c9abe50e0e4 ebca0982f5b9831f a092b225da1ec1aa 10 0 0
4 4c6e6c9abe50e0e4 ebca0982f5b9831f 462f33c190e74aef 10 0 0
d 4c6e6c9abe50e0e4 ebca0982f5b9831f 0000000000000000 0 0 0
b 000000007e9a3fb2 0000000000000000 47d347f640000000 0 0 0
c 4c6e6c9abe50e0e4 0000000000000000 000000007f800000 14 0 0
0 14e003848681b04c a18569089829841a a18569089829841a 10 0 0
1 14e003848681b04c a18569089829841a 218569089829841a 10 0 0
2 14e003848681b04c a18569089829841a 8000000000000000 18 0 0
3 14e003848681b04c a18569089829841a b347ef2ca8300b09 10 0 0
4 14e003848681b04c a18569089829841a 2a66a31b08069ca5 10 0 0
d 14e003848681b04c a18569089829841a 0000000000000000 0 0 0
b 00000000bdf899af 0000000000000000 bfbf1335e0000000 0 0 0
c 14e003848681b04c 0000000000000000 0000000000000000 18 0 0
0 7768f7e95b298743 13fb86c307593d12 7768f7e95b298743 10 0 0
1 7768f7e95b298743 13fb86c307593d12 7768f7e95b298743 10 0 0
2 7768f7e95b298743 13fb86c307593d12 4b757a53328aa7c0 10 0 0
3 7768f7e95b298743 13fb86c307593d12 7ff0000000000000 14 0 0
4 7768f7e95b298743 13fb86c307593d12 5bac44324c0d4963 10 0 0
d 7768f7e95b298743 13fb86c307593d12 0000000000000000 0 0 0
b 000000003f96c08f 0000000000000000 3ff2d811e0000000 0 0 0
c 7768f7e95b298743 0000000000000000 000000007f800000 14 0 0
0 176d3accb6a8b816 94ef30a32d96521e 176d3accb6a898e5 10 0 0
1 176d3accb6a8b816 94ef30a32d96521e 176d3accb6a8d747 10 0 0
2 176d3accb6a8b816 94ef30a32d96521e 8000000000000000 18 0 0
3 176d3accb6a8b816 94ef30a32d96521e c26dfd2121eb9896 10 0 0
4 176d3accb6a8b816 94ef30a32d96521e 2bae955fb46be66c 10 0 0
d 176d3accb6a8b816 94ef30a32d96521e 0000000000000000 0 0 0
b 000000001d69df74 0000000000000000 3bad3bee80000000 0 0 0
c 176d3accb6a8b816 0000000000000000 0000000000000000 18 0 0
0 f66ecad7c9b394ed dee3463a72aff828 f66ecad7c9b394ed 10 0 0
1 f66ecad7c9b394ed dee3463a72aff828 f66ecad7c9b394ed 10 0 0
2 f66ecad7c9b394ed dee3463a72aff828 7ff0000000000000 14 0 0
3 f66ecad7c9b394ed dee3463a72aff828 57798fb3f7be930c 10 0 0
4 f66ecad7c9b394ed dee3463a72aff828 7ff8000000000000 1 0 0
d f66ecad7c9b394ed dee3463a72aff828 0000000000000000 0 1 0
b 0000000038fd615d 0000000000000000 3f1fac2ba0000000 0 0 0
c f66ecad7c9b394ed 0000000000000000 00000000ff800000 14 0 0
0 0e07edf68493d16a 29632895c2447b0d 29632895c2447b0d 10 0 0
1 0e07edf68493d16a 29632895c2447b0d a9632895c2447b0d 10 0 0
2 0e07edf68493d16a 29632895c2447b0d 0000000000000000 18 0 0
3 0e07edf68493d16a 29632895c2447b0d 2493fc0490825900 10 0 0
4 0e07edf68493d16a 29632895c2447b0d 26fbac0f0b28c2d2 10 0 0
d 0e07edf68493d16a 29632895c2447b0d 0000000000000000 0 1 0
b 00000000e99a4e7f 0000000000000000 c53349cfe0000000 0 0 0
c 0e07edf68493d16a 0000000000000000 0000000000000000 18 0 0
0 aaea34f562e8bb2f c4215cc918b969b5 c4215cc918b969b5 10 0 0
1 aaea34f562e8bb2f c4215cc918b969b5 44215cc918b969b5 10 0 0
2 aaea34f562e8bb2f c4215cc918b969b5 2f1c703e9dd9cd30 10 0 0
3 aaea34f562e8bb2f c4215cc918b969b5 26b82680705da566 10 0 0
4 aaea34f562e8bb2f c4215cc918b969b5 7ff8000000000000 1 0 0
d aaea34f562e8bb2f c4215cc918b969b5 0000000000000000 0 0 0
b 000000008475bd32 0000000000000000 b88eb7a640000000 0 0 0
c aaea34f562e8bb2f 0000000000000000 0000000080000000 18 0 0
0 49af7fbb6d51de77 857db238546fdf05 49af7fbb6d51de77 10 0 0
1 49af7fbb6d51de77 857db238546fdf05 49af7fbb6d51de77 10 0 0
2 49af7fbb6d51de77 857db238546fdf05 8f3d3b2fd047b2e9 10 0 0
3 49af7fbb6d51de77 857db238546fdf05 fff0000000000000 14 0 0
4 49af7fbb6d51de77 857db238546fdf05 44cfbf9cefef7875 10 0 0
d 49af7fbb6d51de77 857db238546fdf05 0000000000000000 0 0 0
b 000000005e6a3082 0000000000000000 43cd461040000000 0 0 0
c 49af7fbb6d51de77 0000000000000000 000000007f800000 14 0 0
0 1735eb5fe1959070 20ec8e1d94c1a7ca 20ec8e1d94c1a7ca 10 0 0
1 1735eb5fe1959070 20ec8e1d94c1a7ca a0ec8e1d94c1a7ca 10 0 0
2 1735eb5fe1959070 20ec8e1d94c1a7ca 0000000000000000 18 0 0
3 1735eb5fe1959070 20ec8e1d94c1a7ca 363890531fb3e207 10 0 0
4 1735eb5fe1959070 20ec8e1d94c1a7ca 2b92ba2ed5685589 10 0 0
d 1735eb5fe1959070 20ec8e1d94c1a7ca 0000000000000000 0 1 0
b 00000000a72e4d16 0000000000000000 bce5c9a2c0000000 0 0 0
c 1735eb5fe1959070 0000000000000000 0000000000000000 18 0 0
0 bf1bf050e3238bd8 d9409c7493015b73 d9409c7493015b73 10 0 0
1 bf1bf050e3238bd8 d9409c7493015b73 59409c7493015b73 10 0 0
2 bf1bf050e3238bd8 d9409c7493015b73 586d018386c6db09 10 0 0
3 bf1bf050e3238bd8 d9409c7493015b73 25cae92b6a1da251 10 0 0
4 bf1bf050e3238bd8 d9409c7493015b73 7ff8000000000000 1 0 0
d bf1bf050e3238bd8 d9409c7493015b73 0000000000000000 0 0 0
b 00000000b5838fc4 0000000000000000 beb071f880000000 0 0 0
c bf1bf050e3238bd8 0000000000000000 00000000b8df8287 10 0 0
0 4b16d2d9b8faf59f 2f65b1dbb28d33f4 4b16d2d9b8faf59f 10 0 0
1 4b16d2d9b8faf59f 2f65b1dbb28d33f4 4b16d2d9b8faf59f 10 0 0
2 4b16d2d9b8faf59f 2f65b1dbb28d33f4 3a8ef273b00ef0ee 10 0 0
3 4b16d2d9b8faf59f 2f65b1dbb28d33f4 5ba0d5222338b08d 10 0 0
4 4b16d2d9b8faf59f 2f65b1dbb28d33f4 45831c110c4fdff1 10 0 0
d 4b16d2d9b8faf59f 2f65b1dbb28d33f4 0000000000000000 0 0 0
b 000000008a84882d 0000000000000000 b9509105a0000000 0 0 0
c 4b16d2d9b8faf59f 0000000000000000 000000007f800000 14 0 0
0 6ba5984dcd26d77b eefe2f7f492a8417 eefe2f7f492a8416 10 0 0
1 6ba5984dcd26d77b eefe2f7f492a8417 6efe2f7f492a8418 10 0 0
2 6ba5984dcd26d77b eefe2f7f492a8417 fff0000000000000 14 0 0
3 6ba5984dcd26d77b eefe2f7f492a8417 bc96e49cc379390c 10 0 0
4 6ba5984dcd26d77b eefe2f7f492a8417 55ca49a03f50ea40 10 0 0
d 6ba5984dcd26d77b eefe2f7f492a8417 0000000000000000 0 0 0
b 000000002ca570a3 0000000000000000 3d94ae1460000000 0 0 0
c 6ba5984dcd26d77b 0000000000000000 000000007f800000 14 0 0
0 d49b6e9b904215df 8dca08c35693dbea d49b6e9b904215df 10 0 0
1 d49b6e9b904215df 8dca08c35693dbea d49b6e9b904215df 10 0 0
2 d49b6e9b904215df 8dca08c35693dbea 227651618055bc11 10 0 0
3 d49b6e9b904215df 8dca08c35693dbea 7ff0000000000000 14 0 0
4 d49b6e9b904215df 8dca08c35693dbea 7ff8000000000000 1 0 0
d d49b6e9b904215df 8dca08c35693dbea 0000000000000000 0 1 0
b 00000000903f2ebd 0000000000000000 ba07e5d7a0000000 0 0 0
c d49b6e9b904215df 0000000000000000 00000000ff800000 14 0 0
0 c8fe3d69e53042c0 406ebaf4713e5cec c8fe3d69e53042c0 10 0 0
1 c8fe3d69e53042c0 406ebaf4713e5cec c8fe3d69e53042c0 10 0 0
2 c8fe3d69e53042c0 406ebaf4713e5cec c97d0a3f3daca766 10 0 0
3 c8fe3d69e53042c0 406ebaf4713e5cec c87f7d458f30e542 10 0 0
4 c8fe3d69e53042c0 406ebaf4713e5cec 7ff8000000000000 1 0 0
d c8fe3d69e53042c0 406ebaf4713e5cec 0000000000000000 0 1 0
b 00000000eed3b61d 0000000000000000 c5da76c3a0000000 0 0 0
c c8fe3d69e53042c0 0000000000000000 00000000ff800000 14 0 0
0 9a1b18b5d8b54253 6f1c5fac79dc16d8 6f1c5fac79dc16d8 10 0 0
1 9a1b18b5d8b54253 6f1c5fac79dc16d8 ef1c5fac79dc16d8 10 0 0
2 9a1b18b5d8b54253 6f1c5fac79dc16d8 c94806a2857b2dc9 10 0 0
3 9a1b18b5d8b54253 6f1c5fac79dc16d8 8000000000000000 18 0 0
4 9a1b18b5d8b54253 6f1c5fac79dc16d8 7ff8000000000000 1 0 0
d 9a1b18b5d8b54253 6f1c5fac79dc16d8 0000000000000000 0 1 0
b 000000009bea003b 0000000000000000 bb7d400760000000 0 0 0
c 9a1b18b5d8b54253 0000000000000000 0000000080000000 18 0 0
0 a64cb46d28e08dad 13f311e74836e900 a64cb46d28e08dad 10 0 0
1 a64cb46d28e08dad 13f311e74836e900 a64cb46d28e08dad 10 0 0
2 a64cb46d28e08dad 13f311e74836e900 8000000000000000 18 0 0
3 a64cb46d28e08dad 13f311e74836e900 d2481574675d6e6c 10 0 0
4 a64cb46d28e08dad 13f311e74836e900 7ff8000000000000 1 0 0
d a64cb46d28e08dad 13f311e74836e900 0000000000000000 0 1 0
b 0000000037c2d2eb 0000000000000000 3ef85a5d60000000 0 0 0
c a64cb46d28e08dad 0000000000000000 0000000080000000 18 0 0
0 de6f00a4f1086cb9 6f796c361d0e2469 6f796c361d0e2469 10 0 0
1 de6f00a4f1086cb9 6f796c361d0e2469 ef796c361d0e2469 10 0 0
2 de6f00a4f1086cb9 6f796c361d0e2469 fff0000000000000 14 0 0
3 de6f00a4f1086cb9 6f796c361d0e2469 aee382ff2eb90a89 10 0 0
4 de6f00a4f1086cb9 6f796c361d0e2469 7ff8000000000000 1 0 0
d de6f00a4f1086cb9 6f796c361d0e2469 0000000000000000 0 1 0
b 00000000e9ee7da8 0000000000000000 c53dcfb500000000 0 0 0
c de6f00a4f1086cb9 0000000000000000 00000000ff800000 14 0 0
0 ed36be2564b268dc 1c967d08b5d586f3 ed36be2564b268dc 10 0 0
1 ed36be2564b268dc 1c967d08b5d586f3 ed36be2564b268dc 10 0 0
2 ed36be2564b268dc 1c967d08b5d586f3 c9dff72d50213e82 10 0 0
3 ed36be2564b268dc 1c967d08b5d586f3 fff0000000000000 14 0 0
4 ed36be2564b268dc 1c967d08b5d586f3 7ff8000000000000 1 0 0
d ed36be2564b268dc 1c967d08b5d586f3 0000000000000000 0 1 0
b 00000000a4776ab6 0000000000000000 bc8eed56c0000000 0 0 0
c ed36be2564b268dc 0000000000000000 00000000ff800000 14 0 0
0 6d104ae6eddba0c0 a1be6801fb71b59e 6d104ae6eddba0c0 10 0 0
1 6d104ae6eddba0c0 a1be6801fb71b59e 6d104ae6eddba0c0 10 0 0
2 6d104ae6eddba0c0 a1be6801fb71b59e cedef659dfbf207d 10 0 0
3 6d104ae6eddba0c0 a1be6801fb71b59e fff0000000000000 14 0 0
4 6d104ae6eddba0c0 a1be6801fb71b59e 5680254807b9cfe9 10 0 0
d 6d104ae6eddba0c0 a1be6801fb71b59e 0000000000000000 0 0 0
b 0000000075807c9f 0000000000000000 46b00f93e0000000 0 0 0
c 6d104ae6eddba0c0 0000000000000000 000000007f800000 14 0 0
0 386793568babfc50 70114e4062f5372c 70114e4062f5372c 10 0 0
1 386793568babfc50 70114e4062f5372c f0114e4062f5372c 10 0 0
2 386793568babfc50 70114e4062f5372c 68897fd9197994b3 10 0 0
3 386793568babfc50 70114e4062f5372c 0845cbfc9bb77d2e 10 0 0
4 386793568babfc50 70114e4062f5372c 3c2b7776d8e6bf41 10 0 0
d 386793568babfc50 70114e4062f5372c 0000000000000000 0 1 0
b 00000000460a71a4 0000000000000000 40c14e3480000000 0 0 0
c 386793568babfc50 0000000000000000 00000000033c9ab4 10 0 0
0 0fe042dbf0df01c6 0c1eff15ac7aeb8b 0fe042dbf0df01c6 10 0 0
1 0fe042dbf0df01c6 0c1eff15ac7aeb8b 0fe042dbf0df01c6 10 0 0
2 0fe042dbf0df01c6 0c1eff15ac7aeb8b 0000000000000000 18 0 0
3 0fe042dbf0df01c6 0c1eff15ac7aeb8b 43b0c9a3ff28504a 10 0 0
4 0fe042dbf0df01c6 0c1eff15ac7aeb8b 27e6cfb4356c5c02 10 0 0
d 0fe042dbf0df01c6 0c1eff15ac7aeb8b 0000000000000000 0 0 0
b 00000000d07592ce 0000000000000000 c20eb259c0000000 0 0 0
c 0fe042dbf0df01c6 0000000000000000 0000000000000000 18 0 0
0 27a018d8b3da5a25 eb4e4b2a67485ddf eb4e4b2a67485ddf 10 0 0
1 27a018d8b3da5a25 eb4e4b2a67485ddf 6b4e4b2a67485ddf 10 0 0
2 27a018d8b3da5a25 eb4e4b2a67485ddf d2fe7a35722611ef 10 0 0
3 27a018d8b3da5a25 eb4e4b2a67485ddf 8000000000000000 18 0 0
4 27a018d8b3da5a25 eb4e4b2a67485ddf 33c6b2294bccee14 10 0 0
d 27a018d8b3da5a25 eb4e4b2a67485ddf 0000000000000000 0 0 0
b 00000000f282ff66 0000000000000000 c6505fecc0000000 0 0 0
c 27a018d8b3da5a25 0000000000000000 0000000000000000 18 0 0
0 00a353f13175957f f89ca6d2e49cced1 f89ca6d2e49cced1 10 0 0
1 00a353f13175957f f89ca6d2e49cced1 789ca6d2e49cced1 10 0 0
2 00a353f13175957f f89ca6d2e49cced1 b9514e35df6b15fd 10 0 0
3 00a353f13175957f f89ca6d2e49cced1 8000000000000000 18 0 0
4 00a353f13175957f f89ca6d2e49cced1 2048de9886df78df 10 0 0
d 00a353f13175957f f89ca6d2e49cced1 0000000000000000 0 0 0
b 00000000d59cde32 0000000000000000 c2b39bc640000000 0 0 0
c 00a353f13175957f 0000000000000000 0000000000000000 18 0 0
0 850d9afffc1e5b16 d8ec95a8016fa004 d8ec95a8016fa004 10 0 0
1 850d9afffc1e5b16 d8ec95a8016fa004 58ec95a8016fa004 10 0 0
2 850d9afffc1e5b16 d8ec95a8016fa004 1e0a7215239c865d 10 0 0
3 850d9afffc1e5b16 d8ec95a8016fa004 0000000000000000 18 0 0
4 850d9afffc1e5b16 d8ec95a8016fa004 7ff8000000000000 1 0 0
d 850d9afffc1e5b16 d8ec95a8016fa004 0000000000000000 0 0 0
b 0000000058840cd3 0000000000000000 4310819a60000000 0 0 0
c 850d9afffc1e5b16 0000000000000000 0000000080000000 18 0 0
0 fade0bdc4f1757ce 183662195ad02c43 fade0bdc4f1757ce 10 0 0
1 fade0bdc4f1757ce 183662195ad02c43 fade0bdc4f1757ce 10 0 0
2 fade0bdc4f1757ce 183662195ad02c43 d3250443979b33ea 10 0 0
3 fade0bdc4f1757ce 183662195ad02c43 fff0000000000000 14 0 0
4 fade0bdc4f1757ce 183662195ad02c43 7ff8000000000000 1 0 0
d fade0bdc4f1757ce 183662195ad02c43 0000000000000000 0 1 0
b 00000000b4541e0f 0000000000000000 be8a83c1e0000000 0 0 0
c fade0bdc4f1757ce 0000000000000000 00000000ff800000 14 0 0
0 c5295d653e34cec7 5a63db11013c99b1 5a63db11013c99b1 10 0 0
1 c5295d653e34cec7 5a63db11013c99b1 da63db11013c99b1 10 0 0
2 c5295d653e34cec7 5a63db11013c99b1 df9f7a3188d3a2a8 10 0 0
3 c5295d653e34cec7 5a63db11013c99b1 aab4707611bcbf2c 10 0 0
4 c5295d653e34cec7 5a63db11013c99b1 7ff8000000000000 1 0 0
d c5295d653e34cec7 5a63db11013c99b1 0000000000000000 0 1 0
b 00000000d354e634 0000000000000000 c26a9cc680000000 0 0 0
c c5295d653e34cec7 0000000000000000 00000000e94aeb2a 10 0 0
0 bdda7e5db0254df5 2ae7c63896354a28 bdda7e5db0254df5 10 0 0
1 bdda7e5db0254df5 2ae7c63896354a28 bdda7e5db0254df5 10 0 0
2 bdda7e5db0254df5 2ae7c63896354a28 a8d3aef013cd20f6 10 0 0
3 bdda7e5db0254df5 2ae7c63896354a28 d2e1d480a2324d6a 10 0 0
4 bdda7e5db0254df5 2ae7c63896354a28 7ff8000000000000 1 0 0
d bdda7e5db0254df5 2ae7c63896354a28 0000000000000000 0 1 0
b 00000000d17ae790 0000000000000000 c22f5cf200000000 0 0 0
c bdda7e5db0254df5 0000000000000000 00000000aed3f2ee 10 0 0
0 3c9c8bd4112df9c7 6cbc976d347840e5 6cbc976d347840e5 10 0 0
1 3c9c8bd4112df9c7 6cbc976d347840e5 ecbc976d347840e5 10 0 0
2 3c9c8bd4112df9c7 6cbc976d347840e5 6969816ecad224e0 10 0 0
3 3c9c8bd4112df9c7 6cbc976d347840e5 0fcff304e6b8ae1c 10 0 0
4 3c9c8bd4112df9c7 6cbc976d347840e5 3e455f17f5888791 10 0 0
d 3c9c8bd4112df9c7 6cbc976d347840e5 0000000000000000 0 1 0
b 00000000b0fb2437 0000000000000000 be1f6486e0000000 0 0 0
c 3c9c8bd4112df9c7 0000000000000000 0000000024e45ea1 10 0 0
0 5bc86f299381e3df 50b0d0621d2a12bc 5bc86f299381e3df 10 0 0
1 5bc86f299381e3df 50b0d0621d2a12bc 5bc86f299381e3df 10 0 0
2 5bc86f299381e3df 50b0d0621d2a12bc 6c89ad648567dfb2 10 0 0
3 5bc86f299381e3df 50b0d0621d2a12bc 4b0740569945345c 10 0 0
4 5bc86f299381e3df 50b0d0621d2a12bc 4ddbf65f3ed0f2dd 10 0 0
d 5bc86f299381e3df 50b0d0621d2a12bc 0000000000000000 0 0 0
b 00000000b0ca1d42 0000000000000000 be1943a840000000 0 0 0
c 5bc86f299381e3df 0000000000000000 000000007f800000 14 0 0
0 9f26ba9346eb2b89 50d952c42abc1f04 50d952c42abc1f04 10 0 0
1 9f26ba9346eb2b89 50d952c42abc1f04 d0d952c42abc1f04 10 0 0
2 9f26ba9346eb2b89 50d952c42abc1f04 b011fc8c7dee0679 10 0 0
3 9f26ba9346eb2b89 50d952c42abc1f04 8e3cb8b0908039ee 10 0 0
4 9f26ba9346eb2b89 50d952c42abc1f04 7ff8000000000000 1 0 0
d 9f26ba9346eb2b89 50d952c42abc1f04 0000000000000000 0 1 0
b 0000000082c5beea 0000000000000000 b858b7dd40000000 0 0 0
c 9f26ba9346eb2b89 0000000000000000 0000000080000000 18 0 0
0 960468a6790400ee da2e30229965b8d7 da2e30229965b8d7 10 0 0
1 960468a6790400ee da2e30229965b8d7 5a2e30229965b8d7 10 0 0
2 960468a6790400ee da2e30229965b8d7 304340cf1c2f6398 10 0 0
3 960468a6790400ee da2e30229965b8d7 0000000000000000 18 0 0
4 960468a6790400ee da2e30229965b8d7 7ff8000000000000 1 0 0
d 960468a6790400ee da2e30229965b8d7 0000000000000000 0 0 0
b 00000000e196b2e8 0000000000000000 c432d65d00000000 0 0 0
c 960468a6790400ee 0000000000000000 0000000080000000 18 0 0
0 cebe88adeacfc878 6bd8f298c4f2c3fd 6bd8f298c4f2c3fd 10 0 0
1 cebe88adeacfc878 6bd8f298c4f2c3fd ebd8f298c4f2c3fd 10 0 0
2 cebe88adeacfc878 6bd8f298c4f2c3fd faa7cdfdd88282f5 10 0 0
3 cebe88adeacfc878 6bd8f298c4f2c3fd a2d3952c7573005f 10 0 0
4 cebe88adeacfc878 6bd8f298c4f2c3fd 7ff8000000000000 1 0 0
d cebe88adeacfc878 6bd8f298c4f2c3fd 0000000000000000 0 1 0
b 000000000d289adb 0000000000000000 39a5135b60000000 0 0 0
c cebe88adeacfc878 0000000000000000 00000000ff800000 14 0 0
0 d00d49a25e1f92fe 24409f1ec3cbdd2f d00d49a25e1f92fe 10 0 0
1 d00d49a25e1f92fe 24409f1ec3cbdd2f d00d49a25e1f92fe 10 0 0
2 d00d49a25e1f92fe 24409f1ec3cbdd2f b45e6ce66c1df334 10 0 0
3 d00d49a25e1f92fe 24409f1ec3cbdd2f ebbc3142a29375ef 10 0 0
4 d00d49a25e1f92fe 24409f1ec3cbdd2f 7ff8000000000000 1 0 0
d d00d49a25e1f92fe 24409f1ec3cbdd2f 0000000000000000 0 1 0
b 00000000b5a24218 0000000000000000 beb4484300000000 0 0 0
c d00d49a25e1f92fe 0000000000000000 00000000ff800000 14 0 0
0 41c6a1e82a8689b5 8dbad9cd06e1430c 41c6a1e82a8689b5 10 0 0
1 41c6a1e82a8689b5 8dbad9cd06e1430c 41c6a1e82a8689b5 10 0 0
2 41c6a1e82a8689b5 8dbad9cd06e1430c 8f92fd979302ae03 10 0 0
3 41c6a1e82a8689b5 8dbad9cd06e1430c f3faf9035bf263a3 10 0 0
4 41c6a1e82a8689b5 8dbad9cd06e1430c 40dae963ab03855d 10 0 0
d 41c6a1e82a8689b5 8dbad9cd06e1430c 0000000000000000 0 0 0
b 00000000fe9a5dcc 0000000000000000 c7d34bb980000000 0 0 0
c 41c6a1e82a8689b5 0000000000000000 000000004e350f41 10 0 0
0 11536cfde552a1fb 9cdeb0ed12a5840c 9cdeb0ed12a5840c 10 0 0
1 11536cfde552a1fb 9cdeb0ed12a5840c 1cdeb0ed12a5840c 10 0 0
2 11536cfde552a1fb 9cdeb0ed12a5840c 8000000000000000 18 0 0
3 11536cfde552a1fb 9cdeb0ed12a5840c b46441132063b310 10 0 0
4 11536cfde552a1fb 9cdeb0ed12a5840c 28a1a13e8c0cfd5b 10 0 0
d 11536cfde552a1fb 9cdeb0ed12a5840c 0000000000000000 0 0 0
b 00000000e6aef6de 0000000000000000 c4d5dedbc0000000 0 0 0
c 11536cfde552a1fb 0000000000000000 0000000000000000 18 0 0
0 36d076643b81a72a e3f8f3984cfa26fd e3f8f3984cfa26fd 10 0 0
1 36d076643b81a72a e3f8f3984cfa26fd 63f8f3984cfa26fd 10 0 0
2 36d076643b81a72a e3f8f3984cfa26fd dad9ac391f762f40 10 0 0
3 36d076643b81a72a e3f8f3984cfa26fd 92c51ce5be7347fa 10 0 0
4 36d076643b81a72a e3f8f3984cfa26fd 3b603ac62a9b3188 10 0 0
d 36d076643b81a72a e3f8f3984cfa26fd 0000000000000000 0 0 0
b 000000000c95df0f 0000000000000000 3992bbe1e0000000 0 0 0
c 36d076643b81a72a 0000000000000000 0000000000000008 18 0 0
0 59f8f215b0f448c8 0447d3fe3935f0a2 59f8f215b0f448c8 10 0 0
1 59f8f215b0f448c8 0447d3fe3935f0a2 59f8f215b0f448c8 10 0 0
2 59f8f215b0f448c8 0447d3fe3935f0a2 1e529342045bced0 10 0 0
3 59f8f215b0f448c8 0447d3fe3935f0a2 7ff0000000000000 14 0 0
4 59f8f215b0f448c8 0447d3fe3935f0a2 4cf3fa6e4d157b04 10 0 0
d 59f8f215b0f448c8 0447d3fe3935f0a2 0000000000000000 0 0 0
b 00000000631f9572 0000000000000000 4463f2ae40000000 0 0 0
c 59f8f215b0f448c8 0000000000000000 000000007f800000 14 0 0
0 a78228eab17c2d05 af4e7a0b61ea6b8c af4e7a0b61ea6b8c 10 0 0
1 a78228eab17c2d05 af4e7a0b61ea6b8c 2f4e7a0b61ea6b8c 10 0 0
2 a78228eab17c2d05 af4e7a0b61ea6b8c 16e14b9e7acad049 10 0 0
3 a78228eab17c2d05 af4e7a0b61ea6b8c 3823114673d7be9e 10 0 0
4 a78228eab17c2d05 af4e7a0b61ea6b8c 7ff8000000000000 1 0 0
d a78228eab17c2d05 af4e7a0b61ea6b8c 0000000000000000 0 0 0
b 00000000bfe445e1 0000000000000000 bffc88bc20000000 0 0 0
c a78228eab17c2d05 0000000000000000 0000000080000000 18 0 0
0 dc57b7ed7fea55b8 9ef4add662836651 dc57b7ed7fea55b8 10 0 0
1 dc57b7ed7fea55b8 9ef4add662836651 dc57b7ed7fea55b8 10 0 0
2 dc57b7ed7fea55b8 9ef4add662836651 3b5ea79b65ede808 10 0 0
3 dc57b7ed7fea55b8 9ef4add662836651 7d525a081c0d205b 10 0 0
4 dc57b7ed7fea55b8 9ef4add662836651 7ff8000000000000 1 0 0
d dc57b7ed7fea55b8 9ef4add662836651 0000000000000000 0 1 0
b 00000000c7616fd5 0000000000000000 c0ec2dfaa0000000 0 0 0
c dc57b7ed7fea55b8 0000000000000000 00000000ff800000 14 0 0
0 b9ece998bf208517 5fc468168a1eefd5 5fc468168a1eefd5 10 0 0
1 b9ece998bf208517 5fc468168a1eefd5 dfc468168a1eefd5 10 0 0
2 b9ece998bf208517 5fc468168a1eefd5 d9c2700b0545d6ae 10 0 0
3 b9ece998bf208517 5fc468168a1eefd5 9a16ab4c4cc2b57e 10 0 0
4 b9ece998bf208517 5fc468168a1eefd5 7ff8000000000000 1 0 0
d b9ece998bf208517 5fc468168a1eefd5 0000000000000000 0 1 0
b 00000000ab68e0c7 0000000000000000 bd6d1c18e0000000 0 0 0
c b9ece998bf208517 0000000000000000 000000008f674cc6 10 0 0
0 597b349fc2f1a60b 30271f73aaebc477 597b349fc2f1a60b 10 0 0
1 597b349fc2f1a60b 30271f73aaebc477 597b349fc2f1a60b 10 0 0
2 597b349fc2f1a60b 30271f73aaebc477 49b3a8902550b03e 10 0 0
3 597b349fc2f1a60b 30271f73aaebc477 6942d33692199ca3 10 0 0
4 597b349fc2f1a60b 30271f73aaebc477 4cb4dd13a1ce4541 10 0 0
d 597b349fc2f1a60b 30271f73aaebc477 0000000000000000 0 0 0
b 000000009ecce5e5 0000000000000000 bbd99cbca0000000 0 0 0
c 597b349fc2f1a60b 0000000000000000 000000007f800000 14 0 0
0 4c78df7da57dc276 bb52910fc713b376 4c78df7da57dc276 10 0 0
1 4c78df7da57dc276 bb52910fc713b376 4c78df7da57dc276 10 0 0
2 4c78df7da57dc276 bb52910fc713b376 c7dcdcef43d954b8 10 0 0
3 4c78df7da57dc276 bb52910fc713b376 d1156f4043a5ac48 10 0 0
4 4c78df7da57dc276 bb52910fc713b376 4633f2fad206f367 10 0 0
d 4c78df7da57dc276 bb52910fc713b376 0000000000000000 0 0 0
b 000000009ed852c8 0000000000000000 bbdb0a5900000000 0 0 0
c 4c78df7da57dc276 0000000000000000 000000007f800000 14 0 0
0 04a20988f7f64361 ccd5e92c4ffa6b54 ccd5e92c4ffa6b54 10 0 0
1 04a20988f7f64361 ccd5e92c4ffa6b54 4cd5e92c4ffa6b54 10 0 0
2 04a20988f7f64361 ccd5e92c4ffa6b54 9188b360947036cd 10 0 0
3 04a20988f7f64361 ccd5e92c4ffa6b54 8000000000000000 18 0 0
4 04a20988f7f64361 ccd5e92c4ffa6b54 2248065a78b0d046 10 0 0
d 04a20988f7f64361 ccd5e92c4ffa6b54 0000000000000000 0 0 0
b 00000000508da99c 0000000000000000 4211b53380000000 0 0 0
c 04a20988f7f64361 0000000000000000 0000000000000000 18 0 0
0 5275332376340c4b 001fe5356b9e5649 5275332376340c4b 10 0 0
1 5275332376340c4b 001fe5356b9e5649 5275332376340c4b 10 0 0
2 5275332376340c4b 001fe5356b9e5649 12a52163b446f063 10 0 0
3 5275332376340c4b 001fe5356b9e5649 7ff0000000000000 14 0 0
4 5275332376340c4b 001fe5356b9e5649 49326ad2c83824d2 10 0 0
d 5275332376340c4b 001fe5356b9e5649 0000000000000000 0 0 0
b 000000008bb3faa2 0000000000000000 b9767f5440000000 0 0 0
c 5275332376340c4b 0000000000000000 000000007f800000 14 0 0
0 681fdaf1fb77d971 0b66d2fdf61a5641 681fdaf1fb77d971 10 0 0
1 681fdaf1fb77d971 0b66d2fdf61a5641 681fdaf1fb77d971 10 0 0
2 681fdaf1fb77d971 0b66d2fdf61a5641 3396b89000eb302b 10 0 0
3 681fdaf1fb77d971 0b66d2fdf61a5641 7ff0000000000000 14 0 0
4 681fdaf1fb77d971 0b66d2fdf61a5641 54069380c915ecd8 10 0 0
d 681fdaf1fb77d971 0b66d2fdf61a5641 0000000000000000 0 0 0
b 0000000026972d28 0000000000000000 3cd2e5a500000000 0 0 0
c 681fdaf1fb77d971 0000000000000000 000000007f800000 14 0 0
0 a57bda911b1b2525 8848e5ba0b021765 a57bda911b1b2525 10 0 0
1 a57bda911b1b2525 8848e5ba0b021765 a57bda911b1b2525 10 0 0
2 a57bda911b1b2525 8848e5ba0b021765 0000000000000000 18 0 0
3 a57bda911b1b2525 8848e5ba0b021765 5d21e65fd37403cb 10 0 0
4 a57bda911b1b2525 8848e5ba0b021765 7ff8000000000000 1 0 0
d a57bda911b1b2525 8848e5ba0b021765 0000000000000000 0 1 0
b 00000000743ce1d2 0000000000000000 46879c3a40000000 0 0 0
c a57bda911b1b2525 0000000000000000 0000000080000000 18 0 0
0 e8dc6ff1c16dd160 137c74c021637c72 e8dc6ff1c16dd160 10 0 0
1 e8dc6ff1c16dd160 137c74c021637c72 e8dc6ff1c16dd160 10 0 0
2 e8dc6ff1c16dd160 137c74c021637c72 bc6949b412f3a818 10 0 0
3 e8dc6ff1c16dd160 137c74c021637c72 fff0000000000000 14 0 0
4 e8dc6ff1c16dd160 137c74c021637c72 7ff8000000000000 1 0 0
d e8dc6ff1c16dd160 137c74c021637c72 0000000000000000 0 1 0
b 00000000934e7b84 0000000000000000 ba69cf7080000000 0 0 0
c e8dc6ff1c16dd160 0000000000000000 00000000ff800000 14 0 0
0 dbe466fbb05e81a6 6d2443f34e107a9e 6d2443f34e107a9e 10 0 0
1 dbe466fbb05e81a6 6d2443f34e107a9e ed2443f34e107a9e 10 0 0
2 dbe466fbb05e81a6 6d2443f34e107a9e fff0000000000000 14 0 0
3 dbe466fbb05e81a6 6d2443f34e107a9e aeb01ba8bc1a312f 10 0 0
4 dbe466fbb05e81a6 6d2443f34e107a9e 7ff8000000000000 1 0 0
d dbe466fbb05e81a6 6d2443f34e107a9e 0000000000000000 0 1 0
b 000000006930dddf 0000000000000000 45261bbbe0000000 0 0 0
c dbe466fbb05e81a6 0000000000000000 00000000ff800000 14 0 0
0 23eb97da730f1512 a40ea5446465bff7 a407bf4dc7a1fab2 10 0 0
1 23eb97da730f1512 a40ea5446465bff7 2412c59d8094c29e 10 0 0
2 23eb97da730f1512 a40ea5446465bff7 880a6cdec381e57e 10 0 0
3 23eb97da730f1512 a40ea5446465bff7 bfccd00cea9dfddd 10 0 0
4 23eb97da730f1512 a40ea5446465bff7 31edb70ab9968635 10 0 0
d 23eb97da730f1512 a40ea5446465bff7 0000000000000000 0 0 0
b 00000000a0fdf17a 0000000000000000 bc1fbe2f40000000 0 0 0
c 23eb97da730f1512 0000000000000000 0000000000000000 18 0 0
0 c4857c730a6e1736 d99edd32452b19ee d99edd32452b19ee 10 0 0
1 c4857c730a6e1736 d99edd32452b19ee 599edd32452b19ee 10 0 0
2 c4857c730a6e1736 d99edd32452b19ee 5e34b931152c4711 10 0 0
3 c4857c730a6e1736 d99edd32452b19ee 2ad646e4bb8b4e79 10 0 0
4 c4857c730a6e1736 d99edd32452b19ee 7ff8000000000000 1 0 0
d c4857c730a6e1736 d99edd32452b19ee 0000000000000000 0 0 0
b 00000000e4cf9645 0000000000000000 c499f2c8a0000000 0 0 0
c c4857c730a6e1736 0000000000000000 00000000e42be398 10 0 0
0 d6e095864e56c26e 55726503239334aa d6e09586298cbc27 10 0 0
1 d6e095864e56c26e 55726503239334aa d6e095867320c8b5 10 0 0
2 d6e095864e56c26e 55726503239334aa ec6310ea38d8f73b 10 0 0
3 d6e095864e56c26e 55726503239334aa c15cd9b26f69e1f6 10 0 0
4 d6e095864e56c26e 55726503239334aa 7ff8000000000000 1 0 0
d d6e095864e56c26e 55726503239334aa 0000000000000000 0 1 0
b 00000000e5cc9309 0000000000000000 c4b9926120000000 0 0 0
c d6e095864e56c26e 0000000000000000 00000000ff800000 14 0 0
0 821c933f1f141b42 13febafc508a4d2c 13febafc508a4d2c 10 0 0
1 821c933f1f141b42 13febafc508a4d2c 93febafc508a4d2c 10 0 0
2 821c933f1f141b42 13febafc508a4d2c 8000000000000000 18 0 0
3 821c933f1f141b42 13febafc508a4d2c ae0dc177717726e3 10 0 0
4 821c933f1f141b42 13febafc508a4d2c 7ff8000000000000 1 0 0
d 821c933f1f141b42 13febafc508a4d2c 0000000000000000 0 1 0
b 000000003cd7f6db 0000000000000000 3f9afedb60000000 0 0 0
c 821c933f1f141b42 0000000000000000 0000000080000000 18 0 0
0 83920c7d81a46313 b506bbf02d69d34c b506bbf02d69d34c 10 0 0
1 83920c7d81a46313 b506bbf02d69d34c 3506bbf02d69d34c 10 0 0
2 83920c7d81a46313 b506bbf02d69d34c 0000000000000000 18 0 0
3 83920c7d81a46313 b506bbf02d69d34c 0e7967afdd6b246c 10 0 0
4 83920c7d81a46313 b506bbf02d69d34c 7ff8000000000000 1 0 0
d 83920c7d81a46313 b506bbf02d69d34c 0000000000000000 0 0 0
b 00000000f70b414c 0000000000000000 c6e1682980000000 0 0 0
c 83920c7d81a46313 0000000000000000 0000000080000000 18 0 0
0 7b73557d2a434ff3 341ccb8d00ca9a5b 7b73557d2a434ff3 10 0 0
1 7b73557d2a434ff3 341ccb8d00ca9a5b 7b73557d2a434ff3 10 0 0
2 7b73557d2a434ff3 341ccb8d00ca9a5b 6fa165c90828ec19 10 0 0
3 7b73557d2a434ff3 341ccb8d00ca9a5b 7ff0000000000000 14 0 0
4 7b73557d2a434ff3 341ccb8d00ca9a5b 5db196911175080f 10 0 0
d 7b73557d2a434ff3 341ccb8d00ca9a5b 0000000000000000 0 0 0
b 0000000023bba0fb 0000000000000000 3c77741f60000000 0 0 0
c 7b73557d2a434ff3 0000000000000000 000000007f800000 14 0 0
0 a3398e09cde409d5 d70f78fa3a14bab2 d70f78fa3a14bab2 10 0 0
1 a3398e09cde409d5 d70f78fa3a14bab2 570f78fa3a14bab2 10 0 0
2 a3398e09cde409d5 d70f78fa3a14bab2 3a592235f84798d4 10 0 0
3 a3398e09cde409d5 d70f78fa3a14bab2 0c19fbac3c8ac17f 10 0 0
4 a3398e09cde409d5 d70f78fa3a14bab2 7ff8000000000000 1 0 0
d a3398e09cde409d5 d70f78fa3a14bab2 0000000000000000 0 0 0
b 0000000005172e73 0000000000000000 38a2e5ce60000000 0 0 0
c a3398e09cde409d5 0000000000000000 0000000080000000 18 0 0
0 fbfefdffac60f43f ee0ee4cc6078cd67 fbfefdffac60f43f 10 0 0
1 fbfefdffac60f43f ee0ee4cc6078cd67 fbfefdffac60f43f 10 0 0
2 fbfefdffac60f43f ee0ee4cc6078cd67 7ff0000000000000 14 0 0
3 fbfefdffac60f43f ee0ee4cc6078cd67 4de00d0d2755fb00 10 0 0
4 fbfefdffac60f43f ee0ee4cc6078cd67 7ff8000000000000 1 0 0
d fbfefdffac60f43f ee0ee4cc6078cd67 0000000000000000 0 1 0
b 000000004356202d 0000000000000000 406ac405a0000000 0 0 0
c fbfefdffac60f43f 0000000000000000 00000000ff800000 14 0 0
0 6d2bb304722cea81 00eb1adf15a9abe7 6d2bb304722cea81 10 0 0
1 6d2bb304722cea81 00eb1adf15a9abe7 6d2bb304722cea81 10 0 0
2 6d2bb304722cea81 00eb1adf15a9abe7 2e27764e4e39ff2b 10 0 0
3 6d2bb304722cea81 00eb1adf15a9abe7 7ff0000000000000 14 0 0
4 6d2bb304722cea81 00eb1adf15a9abe7 568dc5a78037f9ef 10 0 0
d 6d2bb304722cea81 00eb1adf15a9abe7 0000000000000000 0 0 0
b 000000003a7e2a2d 0000000000000000 3f4fc545a0000000 0 0 0
c 6d2bb304722cea81 0000000000000000 000000007f800000 14 0 0
0 184543b0b6506e89 cba37a69392f0bde cba37a69392f0bde 10 0 0
1 184543b0b6506e89 cba37a69392f0bde 4ba37a69392f0bde 10 0 0
2 184543b0b6506e89 cba37a69392f0bde a3f9e311d4250124 10 0 0
3 184543b0b6506e89 cba37a69392f0bde 8c91779fc09fcf82 10 0 0
4 184543b0b6506e89 cba37a69392f0bde 2c1a15ed58911827 10 0 0
d 184543b0b6506e89 cba37a69392f0bde 0000000000000000 0 0 0
b 00000000d2c05974 0000000000000000 c2580b2e80000000 0 0 0
c 184543b0b6506e89 0000000000000000 0000000000000000 18 0 0
0 e43805e37406e381 a6a460fa7ddd8147 e43805e37406e381 10 0 0
1 e43805e37406e381 a6a460fa7ddd8147 e43805e37406e381 10 0 0
2 e43805e37406e381 a6a460fa7ddd8147 4aee98f7bebd4f0c 10 0 0
3 e43805e37406e381 a6a460fa7ddd8147 7d82dc745a5918a6 10 0 0
4 e43805e37406e381 a6a460fa7ddd8147 7ff8000000000000 1 0 0
d e43805e37406e381 a6a460fa7ddd8147 0000000000000000 0 1 0
b 000000007355f01d 0000000000000000 466abe03a0000000 0 0 0
c e43805e37406e381 0000000000000000 00000000ff800000 14 0 0
0 6790e076085daa99 1cd457de53d445e9 6790e076085daa99 10 0 0
1 6790e076085daa99 1cd457de53d445e9 6790e076085daa99 10 0 0
2 6790e076085daa99 1cd457de53d445e9 447575428f1492c8 10 0 0
3 6790e076085daa99 1cd457de53d445e9 7ff0000000000000 14 0 0
4 6790e076085daa99 1cd457de53d445e9 53c06ebbd48b176e 10 0 0
d 6790e076085daa99 1cd457de53d445e9 0000000000000000 0 0 0
b 00000000b64803fd 0000000000000000 bec9007fa0000000 0 0 0
c 6790e076085daa99 0000000000000000 000000007f800000 14 0 0
0 70c8e426e5ce5200 de46fd273da1a716 70c8e426e5ce5200 10 0 0
1 70c8e426e5ce5200 de46fd273da1a716 70c8e426e5ce5200 10 0 0
2 70c8e426e5ce5200 de46fd273da1a716 fff0000000000000 14 0 0
3 70c8e426e5ce5200 de46fd273da1a716 d27152f20f7ff620 10 0 0
4 70c8e426e5ce5200 de46fd273da1a716 585c3900c64fe4e7 10 0 0
d 70c8e426e5ce5200 de46fd273da1a716 0000000000000000 0 0 0
b 00000000212f1557 0000000000000000 3c25e2aae0000000 0 0 0
c 70c8e426e5ce5200 0000000000000000 000000007f800000 14 0 0
0 b33706352dc0766d 42b53a8b59612759 42b53a8b59612759 10 0 0
1 b33706352dc0766d 42b53a8b59612759 c2b53a8b59612759 10 0 0
2 b33706352dc0766d 42b53a8b59612759 b5fe8c64d35ec8a4 10 0 0
3 b33706352dc0766d 42b53a8b59612759 b0715a726ae36f2e 10 0 0
4 b33706352dc0766d 42b53a8b59612759 7ff8000000000000 1 0 0
d b33706352dc0766d 42b53a8b59612759 0000000000000000 0 1 0
b 00000000cccd0a1c 0000000000000000 c199a14380000000 0 0 0
c b33706352dc0766d 0000000000000000 0000000080000000 18 0 0
0 dc5927bbed69466c 7130337e9ca6d2f1 7130337e9ca6d2f1 10 0 0
1 dc5927bbed69466c 7130337e9ca6d2f1 f130337e9ca6d2f1 10 0 0
2 dc5927bbed69466c 7130337e9ca6d2f1 fff0000000000000 14 0 0
3 dc5927bbed69466c 7130337e9ca6d2f1 ab18d7c78ae055ed 10 0 0
4 dc5927bbed69466c 7130337e9ca6d2f1 7ff8000000000000 1 0 0
d dc5927bbed69466c 7130337e9ca6d2f1 0000000000000000 0 1 0
b 0000000099e2e02d 0000000000000000 bb3c5c05a0000000 0 0 0
c dc5927bbed69466c 0000000000000000 00000000ff800000 14 0 0
0 7903791ed236f3ce 85a988c922aea0b1 7903791ed236f3ce 10 0 0
1 7903791ed236f3ce 85a988c922aea0b1 7903791ed236f3ce 10 0 0
2 7903791ed236f3ce 85a988c922aea0b1 bebf13ba7a39cb1d 10 0 0
3 7903791ed236f3ce 85a988c922aea0b1 fff0000000000000 14 0 0
4 7903791ed236f3ce 85a988c922aea0b1 5c78f6784f215604 10 0 0
d 7903791ed236f3ce 85a988c922aea0b1 0000000000000000 0 0 0
b 0000000021a7864d 0000000000000000 3c34f0c9a0000000 0 0 0
c 7903791ed236f3ce 0000000000000000 000000007f800000 14 0 0
0 fca791badc8a08b2 2e1cc9fc53415fcd fca791badc8a08b2 10 0 0
1 fca791badc8a08b2 2e1cc9fc53415fcd fca791badc8a08b2 10 0 0
2 fca791badc8a08b2 2e1cc9fc53415fcd ead53448b7a3b6a1 10 0 0
3 fca791badc8a08b2 2e1cc9fc53415fcd fff0000000000000 14 0 0
4 fca791badc8a08b2 2e1cc9fc53415fcd 7ff8000000000000 1 0 0
d fca791badc8a08b2 2e1cc9fc53415fcd 0000000000000000 0 1 0
b 000000006fa0b1b1 0000000000000000 45f4163620000000 0 0 0
c fca791badc8a08b2 0000000000000000 00000000ff800000 14 0 0
0 4b43023a4b8ea0b8 6ca401f47fc40099 6ca401f47fc40099 10 0 0
1 4b43023a4b8ea0b8 6ca401f47fc40099 eca401f47fc40099 10 0 0
2 4b43023a4b8ea0b8 6ca401f47fc40099 77f7c51b7bda8cc7 10 0 0
3 4b43023a4b8ea0b8 6ca401f47fc40099 1e8e66fe0e43437e 10 0 0
4 4b43023a4b8ea0b8 6ca401f47fc40099 4598a9ce288c1ef6 10 0 0
d 4b43023a4b8ea0b8 6ca401f47fc40099 0000000000000000 0 1 0
b 00000000053cb132 0000000000000000 38a7962640000000 0 0 0
c 4b43023a4b8ea0b8 0000000000000000 000000007f800000 14 0 0
0 f04daf5ff16bdc0c d7a93659dd2fb3e8 f04daf5ff16bdc0c 10 0 0
1 f04daf5ff16bdc0c d7a93659dd2fb3e8 f04daf5ff16bdc0c 10 0 0
2 f04daf5ff16bdc0c d7a93659dd2fb3e8 7ff0000000000000 14 0 0
3 f04daf5ff16bdc0c d7a93659dd2fb3e8 5892d6a4ef9a1dd3 10 0 0
4 f04daf5ff16bdc0c d7a93659dd2fb3e8 7ff8000000000000 1 0 0
d f04daf5ff16bdc0c d7a93659dd2fb3e8 0000000000000000 0 1 0
b 0000000041066e61 0000000000000000 4020cdcc20000000 0 0 0
c f04daf5ff16bdc0c 0000000000000000 00000000ff800000 14 0 0
0 158b0884e7edebe9 088c32815556e80f 158b0884e7edebe9 10 0 0
1 158b0884e7edebe9 088c32815556e80f 158b0884e7edebe9 10 0 0
2 158b0884e7edebe9 088c32815556e80f 0000000000000000 18 0 0
3 158b0884e7edebe9 088c32815556e80f 4ceeadd3c7641ae2 10 0 0
4 158b0884e7edebe9 088c32815556e80f 2abd6977e2fd5347 10 0 0
d 158b0884e7edebe9 088c32815556e80f 0000000000000000 0 0 0
b 0000000082bec8a4 0000000000000000 b857d91480000000 0 0 0
c 158b0884e7edebe9 0000000000000000 0000000000000000 18 0 0
0 2ee6cb51061e8277 1c5122bf38dd093c 2ee6cb51061e8277 10 0 0
1 2ee6cb51061e8277 1c5122bf38dd093c 2ee6cb51061e8277 10 0 0
2 2ee6cb51061e8277 1c5122bf38dd093c 0b4869868ec7258c 10 0 0
3 2ee6cb51061e8277 1c5122bf38dd093c 5285488f7f6486e5 10 0 0
4 2ee6cb51061e8277 1c5122bf38dd093c 376b01f70dc3b9e8 10 0 0
d 2ee6cb51061e8277 1c5122bf38dd093c 0000000000000000 0 0 0
b 00000000a6a27de1 0000000000000000 bcd44fbc20000000 0 0 0
c 2ee6cb51061e8277 0000000000000000 0000000000000000 18 0 0
0 cadb04aee39ca0a9 86bed6cdd08c473e cadb04aee39ca0a9 10 0 0
1 cadb04aee39ca0a9 86bed6cdd08c473e cadb04aee39ca0a9 10 0 0
2 cadb04aee39ca0a9 86bed6cdd08c473e 11aa09c10d0a41a0 10 0 0
3 cadb04aee39ca0a9 86bed6cdd08c473e 7ff0000000000000 14 0 0
4 cadb04aee39ca0a9 86bed6cdd08c473e 7ff8000000000000 1 0 0
d cadb04aee39ca0a9 86bed6cdd08c473e 0000000000000000 0 1 0
b 00000000551eca6b 0000000000000000 42a3d94d60000000 0 0 0
c cadb04aee39ca0a9 0000000000000000 00000000ff800000 14 0 0
0 062e64029f666bf5 1104bdd951440e46 1104bdd951440e46 10 0 0
1 062e64029f666bf5 1104bdd951440e46 9104bdd951440e46 10 0 0
2 062e64029f666bf5 1104bdd951440e46 0000000000000000 18 0 0
3 062e64029f666bf5 1104bdd951440e46 351771796f1d6632 10 0 0
4 062e64029f666bf5 1104bdd951440e46 230f2f5910edd432 10 0 0
d 062e64029f666bf5 1104bdd951440e46 0000000000000000 0 1 0
b 00000000c1186600 0000000000000000 c0230cc000000000 0 0 0
c 062e64029f666bf5 0000000000000000 0000000000000000 18 0 0
0 76d81d6cdbc15d16 fc1f41c790d2d154 fc1f41c790d2d154 10 0 0
1 76d81d6cdbc15d16 fc1f41c790d2d154 7c1f41c790d2d154 10 0 0
2 76d81d6cdbc15d16 fc1f41c790d2d154 fff0000000000000 14 0 0
3 76d81d6cdbc15d16 fc1f41c790d2d154 baa8b02e79cbd990 10 0 0
4 76d81d6cdbc15d16 fc1f41c790d2d154 5b63a48dae7a190d 10 0 0
d 76d81d6cdbc15d16 fc1f41c790d2d154 0000000000000000 0 0 0
b 0000000095feb128 0000000000000000 babfd62500000000 0 0 0
c 76d81d6cdbc15d16 0000000000000000 000000007f800000 14 0 0
0 38a988653d00ba57 6303a132f398bea0 6303a132f398bea0 10 0 0
1 38a988653d00ba57 6303a132f398bea0 e303a132f398bea0 10 0 0
2 38a988653d00ba57 6303a132f398bea0 5bbf5336021e54c0 10 0 0
3 38a988653d00ba57 6303a132f398bea0 1594cfc3a6db23e9 10 0 0
4 38a988653d00ba57 6303a132f398bea0 3c4c95860a9974da 10 0 0
d 38a988653d00ba57 6303a132f398bea0 0000000000000000 0 1 0
b 000000006dd55c46 0000000000000000 45baab88c0000000 0 0 0
c 38a988653d00ba57 0000000000000000 00000000054c432a 10 0 0
0 0de21268ba49825f ca46cc9e6975abf4 ca46cc9e6975abf4 10 0 0
1 0de21268ba49825f ca46cc9e6975abf4 4a46cc9e6975abf4 10 0 0
2 0de21268ba49825f ca46cc9e6975abf4 9839c06da4542433 10 0 0
3 0de21268ba49825f ca46cc9e6975abf4 83895d6846e178c8 10 0 0
4 0de21268ba49825f ca46cc9e6975abf4 26e80c42afd1c801 10 0 0
d 0de21268ba49825f ca46cc9e6975abf4 0000000000000000 0 0 0
b 000000005d63fbd1 0000000000000000 43ac7f7a20000000 0 0 0
c 0de21268ba49825f 0000000000000000 0000000000000000 18 0 0
0 6120917d12ee17ba d33ec976481183be 6120917d12ee17ba 10 0 0
1 6120917d12ee17ba d33ec976481183be 6120917d12ee17ba 10 0 0
2 6120917d12ee17ba d33ec976481183be f46fe168b2577cf9 10 0 0
3 6120917d12ee17ba d33ec976481183be cdd1389b93683a1a 10 0 0
4 6120917d12ee17ba d33ec976481183be 50870698d82e9839 10 0 0
d 6120917d12ee17ba d33ec976481183be 0000000000000000 0 0 0
b 0000000074a98e2d 0000000000000000 469531c5a0000000 0 0 0
c 6120917d12ee17ba 0000000000000000 000000007f800000 14 0 0
0 e8ed9ffb39489c32 7317e3f562498c61 7317e3f562498c61 10 0 0
1 e8ed9ffb39489c32 7317e3f562498c61 f317e3f562498c61 10 0 0
2 e8ed9ffb39489c32 7317e3f562498c61 fff0000000000000 14 0 0
3 e8ed9ffb39489c32 7317e3f562498c61 b5c3d72b4a0f3de7 10 0 0
4 e8ed9ffb39489c32 7317e3f562498c61 7ff8000000000000 1 0 0
d e8ed9ffb39489c32 7317e3f562498c61 0000000000000000 0 1 0
b 000000002b7535e3 0000000000000000 3d6ea6bc60000000 0 0 0
c e8ed9ffb39489c32 0000000000000000 00000000ff800000 14 0 0
0 34eb73e708606b2c a5b8dc6e789d2df4 34eb73e708606b2c 10 0 0
1 34eb73e708606b2c a5b8dc6e789d2df4 34eb73e708606b2c 10 0 0
2 34eb73e708606b2c a5b8dc6e789d2df4 9ab55408e0858e7e 10 0 0
3 34eb73e708606b2c a5b8dc6e789d2df4 cf21aafe94bdf70b 10 0 0
4 34eb73e708606b2c a5b8dc6e789d2df4 3a6da3a8d68b006d 10 0 0
d 34eb73e708606b2c a5b8dc6e789d2df4 0000000000000000 0 0 0
b 00000000795bafc5 0000000000000000 472b75f8a0000000 0 0 0
c 34eb73e708606b2c 0000000000000000 0000000000000000 18 0 0
0 98c23b142bba4c44 246d56fd58e48524 246d56fd58e48524 10 0 0
1 98c23b142bba4c44 246d56fd58e48524 a46d56fd58e48524 10 0 0
2 98c23b142bba4c44 246d56fd58e48524 8000000000000086 18 0 0
3 98c23b142bba4c44 246d56fd58e48524 b443e23c672707c9 10 0 0
4 98c23b142bba4c44 246d56fd58e48524 7ff8000000000000 1 0 0
d 98c23b142bba4c44 246d56fd58e48524 0000000000000000 0 1 0
b 00000000c04c4184 0000000000000000 c009883080000000 0 0 0
c 98c23b142bba4c44 0000000000000000 0000000080000000 18 0 0
0 47e052fafa59b085 4567a28197cc995a 47e052fafa59c828 10 0 0
1 47e052fafa59b085 4567a28197cc995a 47e052fafa5998e2 10 0 0
2 47e052fafa59b085 4567a28197cc995a 4d581d152cef1b5e 10 0 0
3 47e052fafa59b085 4567a28197cc995a 42661a12bf4a3e80 10 0 0
4 47e052fafa59b085 4567a28197cc995a 43e6db00233f7172 10 0 0
d 47e052fafa59b085 4567a28197cc995a 0000000000000000 0 0 0
b 00000000981cbe09 0000000000000000 bb0397c120000000 0 0 0
c 47e052fafa59b085 0000000000000000 000000007f0297d8 10 0 0
0 f46ea5073904f960 633de4f42bc26f85 f46ea5073904f960 10 0 0
1 f46ea5073904f960 633de4f42bc26f85 f46ea5073904f960 10 0 0
2 f46ea5073904f960 633de4f42bc26f85 fff0000000000000 14 0 0
3 f46ea5073904f960 633de4f42bc26f85 d12066cd3da83091 10 0 0
4 f46ea5073904f960 633de4f42bc26f85 7ff8000000000000 1 0 0
d f46ea5073904f960 633de4f42bc26f85 0000000000000000 0 1 0
b 00000000a06d6f1c 0000000000000000 bc0dade380000000 0 0 0
c f46ea5073904f960 0000000000000000 00000000ff800000 14 0 0
0 bc53d2bb069ee699 93f8dc5f861c74a6 bc53d2bb069ee699 10 0 0
1 bc53d2bb069ee699 93f8dc5f861c74a6 bc53d2bb069ee699 10 0 0
2 bc53d2bb069ee699 93f8dc5f861c74a6 105ecd206ee7f9bc 10 0 0
3 bc53d2bb069ee699 93f8dc5f861c74a6 6849840452b7d376 10 0 0
4 bc53d2bb069ee699 93f8dc5f861c74a6 7ff8000000000000 1 0 0
d bc53d2bb069ee699 93f8dc5f861c74a6 0000000000000000 0 1 0
b 00000000199eaca2 0000000000000000 3b33d59440000000 0 0 0
c bc53d2bb069ee699 0000000000000000 00000000a29e95d8 10 0 0
0 4d5bde47e4f784ce 99a791d9180c06f7 4d5bde47e4f784ce 10 0 0
1 4d5bde47e4f784ce 99a791d9180c06f7 4d5bde47e4f784ce 10 0 0
2 4d5bde47e4f784ce 99a791d9180c06f7 a71486c7f2a0210c 10 0 0
3 4d5bde47e4f784ce 99a791d9180c06f7 f3a2eb03bf6eac1e 10 0 0
4 4d5bde47e4f784ce 99a791d9180c06f7 46a51dbd30291d7c 10 0 0
d 4d5bde47e4f784ce 99a791d9180c06f7 0000000000000000 0 0 0
b 000000008287f95e 0000000000000000 b850ff2bc0000000 0 0 0
c 4d5bde47e4f784ce 0000000000000000 000000007f800000 14 0 0
0 c82cf68889466336 e130b566041ddba8 e130b566041ddba8 10 0 0
1 c82cf68889466336 e130b566041ddba8 6130b566041ddba8 10 0 0
2 c82cf68889466336 e130b566041ddba8 696e3ee61cf16931 10 0 0
3 c82cf68889466336 e130b566041ddba8 26ebbc17e4bf9225 10 0 0
4 c82cf68889466336 e130b566041ddba8 7ff8000000000000 1 0 0
d c82cf68889466336 e130b566041ddba8 0000000000000000 0 0 0
b 000000005278079c 0000000000000000 424f00f380000000 0 0 0
c c82cf68889466336 0000000000000000 00000000ff800000 14 0 0
0 03fe75f965675879 436fd6ed8ff76cb4 436fd6ed8ff76cb4 10 0 0
1 03fe75f965675879 436fd6ed8ff76cb4 c36fd6ed8ff76cb4 10 0 0
2 03fe75f965675879 436fd6ed8ff76cb4 077e4ee0b0dc106e 10 0 0
3 03fe75f965675879 436fd6ed8ff76cb4 007e9d4488dbe34b 10 0 0
4 03fe75f965675879 436fd6ed8ff76cb4 21f61397c8787d50 10 0 0
d 03fe75f965675879 436fd6ed8ff76cb4 0000000000000000 0 1 0
b 000000002e5a6d04 0000000000000000 3dcb4da080000000 0 0 0
c 03fe75f965675879 0000000000000000 0000000000000000 18 0 0
0 1ca143d9af954f34 c80a4dadb64a0332 c80a4dadb64a0332 10 0 0
1 1ca143d9af954f34 c80a4dadb64a0332 480a4dadb64a0332 10 0 0
2 1ca143d9af954f34 c80a4dadb64a0332 a4bc6213b745032f 10 0 0
3 1ca143d9af954f34 c80a4dadb64a0332 9485011021af48a2 10 0 0
4 1ca143d9af954f34 c80a4dadb64a0332 2e47814279cbfc13 10 0 0
d 1ca143d9af954f34 c80a4dadb64a0332 0000000000000000 0 0 0
b 0000000033ab3ca4 0000000000000000 3e75679480000000 0 0 0
c 1ca143d9af954f34 0000000000000000 0000000000000000 18 0 0
0 d3cd41db05359820 7009a438d55e499f 7009a438d55e499f 10 0 0
1 d3cd41db05359820 7009a438d55e499f f009a438d55e499f 10 0 0
2 d3cd41db05359820 7009a438d55e499f fff0000000000000 14 0 0
3 d3cd41db05359820 7009a438d55e499f a3b24195b6cece2f 10 0 0
4 d3cd41db05359820 7009a438d55e499f 7ff8000000000000 1 0 0
d d3cd41db05359820 7009a438d55e499f 0000000000000000 0 1 0
b 0000000091d95289 0000000000000000 ba3b2a5120000000 0 0 0
c d3cd41db05359820 0000000000000000 00000000ff800000 14 0 0
0 ca8dc6ed385ba765 da5306feeb1fecb8 da5306feeb1fecb8 10 0 0
1 ca8dc6ed385ba765 da5306feeb1fecb8 5a5306feeb1fecb8 10 0 0
2 ca8dc6ed385ba765 da5306feeb1fecb8 64f1b49f5bb67efd 10 0 0
3 ca8dc6ed385ba765 da5306feeb1fecb8 30290a1650c0d70b 10 0 0
4 ca8dc6ed385ba765 da5306feeb1fecb8 7ff8000000000000 1 0 0
d ca8dc6ed385ba765 da5306feeb1fecb8 0000000000000000 0 0 0
b 00000000c794187c 0000000000000000 c0f2830f80000000 0 0 0
c ca8dc6ed385ba765 0000000000000000 00000000ff800000 14 0 0
0 d7ecfc1145b1fce6 3f8d3ff0961d0ae9 d7ecfc1145b1fce6 10 0 0
1 d7ecfc1145b1fce6 3f8d3ff0961d0ae9 d7ecfc1145b1fce6 10 0 0
2 d7ecfc1145b1fce6 3f8d3ff0961d0ae9 d78a7e59d3a3ed99 10 0 0
3 d7ecfc1145b1fce6 3f8d3ff0961d0ae9 d84fb5bef4dba07e 10 0 0
4 d7ecfc1145b1fce6 3f8d3ff0961d0ae9 7ff8000000000000 1 0 0
d d7ecfc1145b1fce6 3f8d3ff0961d0ae9 0000000000000000 0 1 0
b 00000000df461869 0000000000000000 c3e8c30d20000000 0 0 0
c d7ecfc1145b1fce6 0000000000000000 00000000ff800000 14 0 0
0 952dffcc70593e66 a52f602c6c725399 a52f602c6c725399 10 0 0
1 952dffcc70593e66 a52f602c6c725399 252f602c6c725399 10 0 0
2 952dffcc70593e66 a52f602c6c725399 0000000000000000 18 0 0
3 952dffcc70593e66 a52f602c6c725399 2fee989d07f8cddd 10 0 0
4 952dffcc70593e66 a52f602c6c725399 7ff8000000000000 1 0 0
d 952dffcc70593e66 a52f602c6c725399 0000000000000000 0 0 0
b 00000000e62d73b9 0000000000000000 c4c5ae7720000000 0 0 0
c 952dffcc70593e66 0000000000000000 0000000080000000 18 0 0
0 43148514a57bf52f a01160c00d2dfe44 43148514a57bf52f 10 0 0
1 43148514a57bf52f a01160c00d2dfe44 43148514a57bf52f 10 0 0
2 43148514a57bf52f a01160c00d2dfe44 a336497ab9937b39 10 0 0
3 43148514a57bf52f a01160c00d2dfe44 e2f2e48db1fbf437 10 0 0
4 43148514a57bf52f a01160c00d2dfe44 41821e99d4d14886 10 0 0
d 43148514a57bf52f a01160c00d2dfe44 0000000000000000 0 0 0
b 00000000ee41c1f6 0000000000000000 c5c8383ec0000000 0 0 0
c 43148514a57bf52f 0000000000000000 0000000058a428a5 10 0 0
0 199233e9a208bfde 0b9781c78e4c9e10 199233e9a208bfde 10 0 0
1 199233e9a208bfde 0b9781c78e4c9e10 199233e9a208bfde 10 0 0
2 199233e9a208bfde 0b9781c78e4c9e10 0000000000000000 18 0 0
3 199233e9a208bfde 0b9781c78e4c9e10 4de8c7895acd91a4 10 0 0
4 199233e9a208bfde 0b9781c78e4c9e10 2cc110de0c306064 10 0 0
d 199233e9a208bfde 0b9781c78e4c9e10 0000000000000000 0 0 0
b 00000000ac5c8a37 0000000000000000 bd8b9146e0000000 0 0 0
c 199233e9a208bfde 0000000000000000 0000000000000000 18 0 0
0 9e54e3fa475fff0f af76295021df93be af76295021df93be 10 0 0
1 9e54e3fa475fff0f af76295021df93be 2f76295021df93be 10 0 0
2 9e54e3fa475fff0f af76295021df93be 0ddcef68f398681c 10 0 0
3 9e54e3fa475fff0f af76295021df93be 2ece2a3b1a6316b7 10 0 0
4 9e54e3fa475fff0f af76295021df93be 7ff8000000000000 1 0 0
d 9e54e3fa475fff0f af76295021df93be 0000000000000000 0 0 0
b 00000000a6af772a 0000000000000000 bcd5eee540000000 0 0 0
c 9e54e3fa475fff0f 0000000000000000 0000000080000000 18 0 0
0 410872efa5e31de5 0da4078a27f52520 410872efa5e31de5 10 0 0
1 410872efa5e31de5 0da4078a27f52520 410872efa5e31de5 10 0 0
2 410872efa5e31de5 0da4078a27f52520 0ebe9b30f4963057 10 0 0
3 410872efa5e31de5 0da4078a27f52520 735387c947eab635 10 0 0
4 410872efa5e31de5 0da4078a27f52520 407bf887f20f348e 10 0 0
d 410872efa5e31de5 0da4078a27f52520 0000000000000000 0 0 0
b 00000000e97df588 0000000000000000 c52fbeb100000000 0 0 0
c 410872efa5e31de5 0000000000000000 000000004843977d 10 0 0
0 ae5713aec87c425f 46c7cac44c7db46b 46c7cac44c7db46b 10 0 0
1 ae5713aec87c425f 46c7cac44c7db46b c6c7cac44c7db46b 10 0 0
2 ae5713aec87c425f 46c7cac44c7db46b b531285f6f22d22b 10 0 0
3 ae5713aec87c425f 46c7cac44c7db46b a77f09c12099b30c 10 0 0
4 ae5713aec87c425f 46c7cac44c7db46b 7ff8000000000000 1 0 0
d ae5713aec87c425f 46c7cac44c7db46b 0000000000000000 0 1 0
b 00000000a4e58b73 0000000000000000 bc9cb16e60000000 0 0 0
c ae5713aec87c425f 0000000000000000 0000000080000000 18 0 0
0 a4f7d7769d3e373a 20f200167eeefdae a4f7d7769d3e373a 10 0 0
1 a4f7d7769d3e373a 20f200167eeefdae a4f7d7769d3e373a 10 0 0
2 a4f7d7769d3e373a 20f200167eeefdae 85fad286f64dfb74 10 0 0
3 a4f7d7769d3e373a 20f200167eeefdae c3f53132814eee20 10 0 0
4 a4f7d7769d3e373a 20f200167eeefdae 7ff8000000000000 1 0 0
d a4f7d7769d3e373a 20f200167eeefdae 0000000000000000 0 1 0
b 000000008a36cd63 0000000000000000 b946d9ac60000000 0 0 0
c a4f7d7769d3e373a 0000000000000000 0000000080000000 18 0 0
0 20ca116e3e1be3bd 0fe033eb3a37b385 20ca116e3e1be3bd 10 0 0
1 20ca116e3e1be3bd 0fe033eb3a37b385 20ca116e3e1be3bd 10 0 0
2 20ca116e3e1be3bd 0fe033eb3a37b385 0000000000000000 18 0 0
3 20ca116e3e1be3bd 0fe033eb3a37b385 50d9bde67c9b6d08 10 0 0
4 20ca116e3e1be3bd 0fe033eb3a37b385 305ce1d4db06d6a3 10 0 0
d 20ca116e3e1be3bd 0fe033eb3a37b385 0000000000000000 0 0 0
b 0000000044a9c166 0000000000000000 4095382cc0000000 0 0 0
c 20ca116e3e1be3bd 0000000000000000 0000000000000000 18 0 0
0 ec22dba45d9601ef 28de487adbfe6ad2 ec22dba45d9601ef 10 0 0
1 ec22dba45d9601ef 28de487adbfe6ad2 ec22dba45d9601ef 10 0 0
2 ec22dba45d9601ef 28de487adbfe6ad2 d511d8a0b096f35d 10 0 0
3 ec22dba45d9601ef 28de487adbfe6ad2 fff0000000000000 14 0 0
4 ec22dba45d9601ef 28de487adbfe6ad2 7ff8000000000000 1 0 0
d ec22dba45d9601ef 28de487adbfe6ad2 0000000000000000 0 1 0
b 00000000c2201180 0000000000000000 c044023000000000 0 0 0
c ec22dba45d9601ef 0000000000000000 00000000ff800000 14 0 0
0 c21e40884be7f46f 1823959a388cfa92 c21e40884be7f46f 10 0 0
1 c21e40884be7f46f 1823959a388cfa92 c21e40884be7f46f 10 0 0
2 c21e40884be7f46f 1823959a388cfa92 9a5283bf33b94c34 10 0 0
3 c21e40884be7f46f 1823959a388cfa92 e9e8b71baf6ccab0 10 0 0
4 c21e40884be7f46f 1823959a388cfa92 7ff8000000000000 1 0 0
d c21e40884be7f46f 1823959a388cfa92 0000000000000000 0 1 0
b 000000005c03c6dd 0000000000000000 438078dba0000000 0 0 0
c c21e40884be7f46f 0000000000000000 00000000d0f20442 10 0 0
0 bfd6e291131a9933 47a7fc8dbef61256 47a7fc8dbef61256 10 0 0
1 bfd6e291131a9933 47a7fc8dbef61256 c7a7fc8dbef61256 10 0 0
2 bfd6e291131a9933 47a7fc8dbef61256 c7912775db1203fa 10 0 0
3 bfd6e291131a9933 47a7fc8dbef61256 b81e87ce6b171c25 10 0 0
4 bfd6e291131a9933 47a7fc8dbef61256 7ff8000000000000 1 0 0
d bfd6e291131a9933 47a7fc8dbef61256 0000000000000000 0 1 0
b 00000000eb216d08 0000000000000000 c5642da100000000 0 0 0
c bfd6e291131a9933 0000000000000000 00000000beb71489 10 0 0
0 1681c748e372dffc a92d74faf1f4d343 a92d74faf1f4d343 10 0 0
1 1681c748e372dffc a92d74faf1f4d343 292d74faf1f4d343 10 0 0
2 1681c748e372dffc a92d74faf1f4d343 800082ecbf0d7772 18 0 0
3 1681c748e372dffc a92d74faf1f4d343 ad43503388dd140c 10 0 0
4 1681c748e372dffc a92d74faf1f4d343 2b37da129fc24f15 10 0 0
d 1681c748e372dffc a92d74faf1f4d343 0000000000000000 0 0 0
b 00000000180c572d 0000000000000000 3b018ae5a0000000 0 0 0
c 1681c748e372dffc 0000000000000000 0000000000000000 18 0 0
0 cfde75792f5bede1 0e1b76d278e1d0f2 cfde75792f5bede1 10 0 0
1 cfde75792f5bede1 0e1b76d278e1d0f2 cfde75792f5bede1 10 0 0
2 cfde75792f5bede1 0e1b76d278e1d0f2 9e0a2437c4cef1ce 10 0 0
3 cfde75792f5bede1 0e1b76d278e1d0f2 fff0000000000000 14 0 0
4 cfde75792f5bede1 0e1b76d278e1d0f2 7ff8000000000000 1 0 0
d cfde75792f5bede1 0e1b76d278e1d0f2 0000000000000000 0 1 0
b 000000001d09802d 0000000000000000 3ba13005a0000000 0 0 0
c cfde75792f5bede1 0000000000000000 00000000ff800000 14 0 0
0 8c8ae3cbce8e9df2 bb2abe2a711e83fd bb2abe2a711e83fd 10 0 0
1 8c8ae3cbce8e9df2 bb2abe2a711e83fd 3b2abe2a711e83fd 10 0 0
2 8c8ae3cbce8e9df2 bb2abe2a711e83fd 07c678e1cbf7da63 10 0 0
3 8c8ae3cbce8e9df2 bb2abe2a711e83fd 115016838e73adb6 10 0 0
4 8c8ae3cbce8e9df2 bb2abe2a711e83fd 7ff8000000000000 1 0 0
d 8c8ae3cbce8e9df2 bb2abe2a711e83fd 0000000000000000 0 0 0
b 000000008d4f1aed 0000000000000000 b9a9e35da0000000 0 0 0
c 8c8ae3cbce8e9df2 0000000000000000 0000000080000000 18 0 0
0 ac43316487955e33 a6362b5a08f60474 ac43316487955e33 10 0 0
1 ac43316487955e33 a6362b5a08f60474 ac43316487955e33 10 0 0
2 ac43316487955e33 a6362b5a08f60474 128a97eaf92f0ca0 10 0 0
3 ac43316487955e33 a6362b5a08f60474 45fbb42970a217d9 10 0 0
4 ac43316487955e33 a6362b5a08f60474 7ff8000000000000 1 0 0
d ac43316487955e33 a6362b5a08f60474 0000000000000000 0 1 0
b 00000000c764e948 0000000000000000 c0ec9d2900000000 0 0 0
c ac43316487955e33 0000000000000000 0000000080000000 18 0 0
0 13f549aee2da4d0e c400ced36682c7fe c400ced36682c7fe 10 0 0
1 13f549aee2da4d0e c400ced36682c7fe 4400ced36682c7fe 10 0 0
2 13f549aee2da4d0e c400ced36682c7fe 98065cdcd29912f6 10 0 0
3 13f549aee2da4d0e c400ced36682c7fe 8fe443bb1ad7d3e0 10 0 0
4 13f549aee2da4d0e c400ced36682c7fe 29f2749b250e7e7b 10 0 0
d 13f549aee2da4d0e c400ced36682c7fe 0000000000000000 0 0 0
b 00000000f1de00c0 0000000000000000 c63bc01800000000 0 0 0
c 13f549aee2da4d0e 0000000000000000 0000000000000000 18 0 0
0 09051c43fb2809a5 b98641cb465c3b94 b98641cb465c3b94 10 0 0
1 09051c43fb2809a5 b98641cb465c3b94 398641cb465c3b94 10 0 0
2 09051c43fb2809a5 b98641cb465c3b94 829d5dac80f73d03 10 0 0
3 09051c43fb2809a5 b98641cb465c3b94 8f6e59fac6266150 10 0 0
4 09051c43fb2809a5 b98641cb465c3b94 2479fdb3943d93bc 10 0 0
d 09051c43fb2809a5 b98641cb465c3b94 0000000000000000 0 0 0
b 00000000e4f5bb63 0000000000000000 c49eb76c60000000 0 0 0
c 09051c43fb2809a5 0000000000000000 0000000000000000 18 0 0
0 20a7a74f5d8b8068 9d5443cbb08802fd 20a7a74f5d8b8067 10 0 0
1 20a7a74f5d8b8068 9d5443cbb08802fd 20a7a74f5d8b8069 10 0 0
2 20a7a74f5d8b8068 9d5443cbb08802fd 80000000000efaae 18 0 0
3 20a7a74f5d8b8068 9d5443cbb08802fd c342acf122d419e2 10 0 0
4 20a7a74f5d8b8068 9d5443cbb08802fd 304b8316bae44161 10 0 0
d 20a7a74f5d8b8068 9d5443cbb08802fd 0000000000000000 0 0 0
b 00000000aa28a856 0000000000000000 bd45150ac0000000 0 0 0
c 20a7a74f5d8b8068 0000000000000000 0000000000000000 18 0 0
0 5b64cf2792898287 f9ff4e8b15eaf51c f9ff4e8b15eaf51c 10 0 0
1 5b64cf2792898287 f9ff4e8b15eaf51c 79ff4e8b15eaf51c 10 0 0
2 5b64cf2792898287 f9ff4e8b15eaf51c fff0000000000000 14 0 0
3 5b64cf2792898287 f9ff4e8b15eaf51c a155451b88f2243e 10 0 0
4 5b64cf2792898287 f9ff4e8b15eaf51c 4da9ce0fc7453326 10 0 0
d 5b64cf2792898287 f9ff4e8b15eaf51c 0000000000000000 0 0 0
b 00000000226347b8 0000000000000000 3c4c68f700000000 0 0 0
c 5b64cf2792898287 0000000000000000 000000007f800000 14 0 0
0 18183cb2ee401dd5 52a3ae28cbb10efb 52a3ae28cbb10efb 10 0 0
1 18183cb2ee401dd5 52a3ae28cbb10efb d2a3ae28cbb10efb 10 0 0
2 18183cb2ee401dd5 52a3ae28cbb10efb 2acdcfe66118c4ad 10 0 0
3 18183cb2ee401dd5 52a3ae28cbb10efb 0563b46427c56dfc 10 0 0
4 18183cb2ee401dd5 52a3ae28cbb10efb 2c03b1463a9f8143 10 0 0
d 18183cb2ee401dd5 52a3ae28cbb10efb 0000000000000000 0 1 0
b 00000000a7ad624c 0000000000000000 bcf5ac4980000000 0 0 0
c 18183cb2ee401dd5 0000000000000000 0000000000000000 18 0 0
0 7778107edb8ab265 350cc4461d0e0204 7778107edb8ab265 10 0 0
1 7778107edb8ab265 350cc4461d0e0204 7778107edb8ab265 10 0 0
2 7778107edb8ab265 350cc4461d0e0204 6c95a208c309098f 10 0 0
3 7778107edb8ab265 350cc4461d0e0204 7ff0000000000000 14 0 0
4 7778107edb8ab265 350cc4461d0e0204 5bb39f48e5a6064b 10 0 0
d 7778107edb8ab265 350cc4461d0e0204 0000000000000000 0 0 0
b 00000000749378c3 0000000000000000 46926f1860000000 0 0 0
c 7778107edb8ab265 0000000000000000 000000007f800000 14 0 0
0 6ae9b5c6d67a262e c54a41512164dbc1 6ae9b5c6d67a262e 10 0 0
1 6ae9b5c6d67a262e c54a41512164dbc1 6ae9b5c6d67a262e 10 0 0
2 6ae9b5c6d67a262e c54a41512164dbc1 f045182bf91ab3b2 10 0 0
3 6ae9b5c6d67a262e c54a41512164dbc1 e58f55ed5b40bf02 10 0 0
4 6ae9b5c6d67a262e c54a41512164dbc1 556caee1c52551d7 10 0 0
d 6ae9b5c6d67a262e c54a41512164dbc1 0000000000000000 0 0 0
b 00000000f9887f2f 0000000000000000 c7310fe5e0000000 0 0 0
c 6ae9b5c6d67a262e 0000000000000000 000000007f800000 14 0 0
0 3bd16739f1ffd8e2 56902ff33ea2aec4 56902ff33ea2aec4 10 0 0
1 3bd16739f1ffd8e2 56902ff33ea2aec4 d6902ff33ea2aec4 10 0 0
2 3bd16739f1ffd8e2 56902ff33ea2aec4 52719b61c017b799 10 0 0
3 3bd16739f1ffd8e2 56902ff33ea2aec4 253133aca2bcc2c4 10 0 0
4 3bd16739f1ffd8e2 56902ff33ea2aec4 3de0afd6be9a1d16 10 0 0
d 3bd16739f1ffd8e2 56902ff33ea2aec4 0000000000000000 0 1 0
b 0000000004397459 0000000000000000 38872e8b20000000 0 0 0
c 3bd16739f1ffd8e2 0000000000000000 000000001e8b39d0 10 0 0
0 7cfa61002b9554cd a09a3d2b00daf834 7cfa61002b9554cd 10 0 0
1 7cfa61002b9554cd a09a3d2b00daf834 7cfa61002b9554cd 10 0 0
2 7cfa61002b9554cd a09a3d2b00daf834 dda5a13c7ec9258d 10 0 0
3 7cfa61002b9554cd a09a3d2b00daf834 fff0000000000000 14 0 0
4 7cfa61002b9554cd a09a3d2b00daf834 5e748b4e1eb42c48 10 0 0
d 7cfa61002b9554cd a09a3d2b00daf834 0000000000000000 0 0 0
b 00000000a456ac9a 0000000000000000 bc8ad59340000000 0 0 0
c 7cfa61002b9554cd 0000000000000000 000000007f800000 14 0 0
0 497f5b78e0114470 db7b27df4f939bff db7b27df4f939bff 10 0 0
1 497f5b78e0114470 db7b27df4f939bff 5b7b27df4f939bff 10 0 0
2 497f5b78e0114470 db7b27df4f939bff e50a9c404bcc77bc 10 0 0
3 497f5b78e0114470 db7b27df4f939bff adf279bc9c4980b2 10 0 0
4 497f5b78e0114470 db7b27df4f939bff 44b6662782e115f4 10 0 0
d 497f5b78e0114470 db7b27df4f939bff 0000000000000000 0 0 0
b 00000000a160d4a9 0000000000000000 bc2c1a9520000000 0 0 0
c 497f5b78e0114470 0000000000000000 000000007f800000 14 0 0
0 c540833371f7bda0 4e3c2ea1b6e501f5 4e3c2ea1b6e501f5 10 0 0
1 c540833371f7bda0 4e3c2ea1b6e501f5 ce3c2ea1b6e501f5 10 0 0
2 c540833371f7bda0 4e3c2ea1b6e501f5 d38d15ba204f9fec 10 0 0
3 c540833371f7bda0 4e3c2ea1b6e501f5 b6f2bfdc72fb58fa 10 0 0
4 c540833371f7bda0 4e3c2ea1b6e501f5 7ff8000000000000 1 0 0
d c540833371f7bda0 4e3c2ea1b6e501f5 0000000000000000 0 1 0
b 00000000cdaef998 0000000000000000 c1b5df3300000000 0 0 0
c c540833371f7bda0 0000000000000000 00000000ea04199c 10 0 0
0 4123ea16b047b0e6 8d312aaba4e7cdb9 4123ea16b047b0e6 10 0 0
1 4123ea16b047b0e6 8d312aaba4e7cdb9 4123ea16b047b0e6 10 0 0
2 4123ea16b047b0e6 8d312aaba4e7cdb9 8e655dd439ed5067 10 0 0
3 4123ea16b047b0e6 8d312aaba4e7cdb9 f3e28f9cc9ee2083 10 0 0
4 4123ea16b047b0e6 8d312aaba4e7cdb9 40893e78c93ff4f5 10 0 0
d 4123ea16b047b0e6 8d312aaba4e7cdb9 0000000000000000 0 0 0
b 00000000f748a131 0000000000000000 c6e9142620000000 0 0 0
c 4123ea16b047b0e6 0000000000000000 00000000491f50b6 10 0 0
0 8eb0e046c5b54a5a f339b885410628b1 f339b885410628b1 10 0 0
1 8eb0e046c5b54a5a f339b885410628b1 7339b885410628b1 10 0 0
2 8eb0e046c5b54a5a f339b885410628b1 41fb210e4faed300 10 0 0
3 8eb0e046c5b54a5a f339b885410628b1 0000000000000000 18 0 0
4 8eb0e046c5b54a5a f339b885410628b1 7ff8000000000000 1 0 0
d 8eb0e046c5b54a5a f339b885410628b1 0000000000000000 0 0 0
b 0000000006191d99 0000000000000000 38c323b320000000 0 0 0
c 8eb0e046c5b54a5a 0000000000000000 0000000080000000 18 0 0
0 90efc6cc6ef82837 142144c8abb30814 142144c8abb30812 10 0 0
1 90efc6cc6ef82837 142144c8abb30814 942144c8abb30816 10 0 0
2 90efc6cc6ef82837 142144c8abb30814 8000000000000000 18 0 0
3 90efc6cc6ef82837 142144c8abb30814 bcbd7127c714c17b 10 0 0
4 90efc6cc6ef82837 142144c8abb30814 7ff8000000000000 1 0 0
d 90efc6cc6ef82837 142144c8abb30814 0000000000000000 0 1 0
b 000000009c8c44cc 0000000000000000 bb91889980000000 0 0 0
c 90efc6cc6ef82837 0000000000000000 0000000080000000 18 0 0
0 96ac160699f75a30 249d0e682f59d4c0 249d0e682f59d4c0 10 0 0
1 96ac160699f75a30 249d0e682f59d4c0 a49d0e682f59d4c0 10 0 0
2 96ac160699f75a30 249d0e682f59d4c0 8000000000000000 18 0 0
3 96ac160699f75a30 249d0e682f59d4c0 b1feee747e123e60 10 0 0
4 96ac160699f75a30 249d0e682f59d4c0 7ff8000000000000 1 0 0
d 96ac160699f75a30 249d0e682f59d4c0 0000000000000000 0 1 0
b 00000000adfa1a20 0000000000000000 bdbf434400000000 0 0 0
c 96ac160699f75a30 0000000000000000 0000000080000000 18 0 0
0 3973c29f652043ef c6ef3d610922b5c0 c6ef3d610922b5c0 10 0 0
1 3973c29f652043ef c6ef3d610922b5c0 46ef3d610922b5c0 10 0 0
2 3973c29f652043ef c6ef3d610922b5c0 c0734a7155675db4 10 0 0
3 3973c29f652043ef c6ef3d610922b5c0 b2743dba2ab0c6db 10 0 0
4 3973c29f652043ef c6ef3d610922b5c0 3cb1c7ef87e67ef9 10 0 0
d 3973c29f652043ef c6ef3d610922b5c0 0000000000000000 0 0 0
b 00000000acc9dbad 0000000000000000 bd993b75a0000000 0 0 0
c 3973c29f652043ef 0000000000000000 000000000b9e14fb 10 0 0
0 603a3e13d8f1f00f 38fc0d9790989730 603a3e13d8f1f00f 10 0 0
1 603a3e13d8f1f00f 38fc0d9790989730 603a3e13d8f1f00f 10 0 0
2 603a3e13d8f1f00f 38fc0d9790989730 59470176e165f837 10 0 0
3 603a3e13d8f1f00f 38fc0d9790989730 672def458e209836 10 0 0
4 603a3e13d8f1f00f 38fc0d9790989730 50147db0334b396e 10 0 0
d 603a3e13d8f1f00f 38fc0d9790989730 0000000000000000 0 0 0
b 00000000cda417ef 0000000000000000 c1b482fde0000000 0 0 0
c 603a3e13d8f1f00f 0000000000000000 000000007f800000 14 0 0
0 a463d823339d2590 72c2aee7c4d5f068 72c2aee7c4d5f068 10 0 0
1 a463d823339d2590 72c2aee7c4d5f068 f2c2aee7c4d5f068 10 0 0
2 a463d823339d2590 72c2aee7c4d5f068 d7372c158d7f571f 10 0 0
3 a463d823339d2590 72c2aee7c4d5f068 8000000000000000 18 0 0
4 a463d823339d2590 72c2aee7c4d5f068 7ff8000000000000 1 0 0
d a463d823339d2590 72c2aee7c4d5f068 0000000000000000 0 1 0
b 0000000021c16d84 0000000000000000 3c382db080000000 0 0 0
c a463d823339d2590 0000000000000000 0000000080000000 18 0 0
0 824c9c3c28a98ff9 3382c9123eb73402 3382c9123eb73402 10 0 0
1 824c9c3c28a98ff9 3382c9123eb73402 b382c9123eb73402 10 0 0
2 824c9c3c28a98ff9 3382c9123eb73402 8000000000000000 18 0 0
3 824c9c3c28a98ff9 3382c9123eb73402 8eb85e397d463681 10 0 0
4 824c9c3c28a98ff9 3382c9123eb73402 7ff8000000000000 1 0 0
d 824c9c3c28a98ff9 3382c9123eb73402 0000000000000000 0 1 0
b 00000000ded41b39 0000000000000000 c3da836720000000 0 0 0
c 824c9c3c28a98ff9 0000000000000000 0000000080000000 18 0 0
0 ebd1a9e003551456 9a2f139973ddf957 ebd1a9e003551456 10 0 0
1 ebd1a9e003551456 9a2f139973ddf957 ebd1a9e003551456 10 0 0
2 ebd1a9e003551456 9a2f139973ddf957 4611276294687a07 10 0 0
3 ebd1a9e003551456 9a2f139973ddf957 7ff0000000000000 14 0 0
4 ebd1a9e003551456 9a2f139973ddf957 7ff8000000000000 1 0 0
d ebd1a9e003551456 9a2f139973ddf957 0000000000000000 0 1 0
b 0000000052189aac 0000000000000000 4243135580000000 0 0 0
c ebd1a9e003551456 0000000000000000 00000000ff800000 14 0 0
0 68ea7b4ad7e639eb 0bb16146d4afe3ca 68ea7b4ad7e639eb 10 0 0
1 68ea7b4ad7e639eb 0bb16146d4afe3ca 68ea7b4ad7e639eb 10 0 0
2 68ea7b4ad7e639eb 0bb16146d4afe3ca 34acc400368daf0b 10 0 0
3 68ea7b4ad7e639eb 0bb16146d4afe3ca 7ff0000000000000 14 0 0
4 68ea7b4ad7e639eb 0bb16146d4afe3ca 546d1c3ed9111018 10 0 0
d 68ea7b4ad7e639eb 0bb16146d4afe3ca 0000000000000000 0 0 0
b 0000000032004381 0000000000000000 3e40087020000000 0 0 0
c 68ea7b4ad7e639eb 0000000000000000 000000007f800000 14 0 0
0 747fa999a8d5eedf b4ce8f58c192048a 747fa999a8d5eedf 10 0 0
1 747fa999a8d5eedf b4ce8f58c192048a 747fa999a8d5eedf 10 0 0
2 747fa999a8d5eedf b4ce8f58c192048a e95e3cd5c6e0fd4e 10 0 0
3 747fa999a8d5eedf b4ce8f58c192048a ffa093c6e75cf6f7 10 0 0
4 747fa999a8d5eedf b4ce8f58c192048a 5a3681fda853bc7f 10 0 0
d 747fa999a8d5eedf b4ce8f58c192048a 0000000000000000 0 0 0
b 00000000a163856b 0000000000000000 bc2c70ad60000000 0 0 0
c 747fa999a8d5eedf 0000000000000000 000000007f800000 14 0 0
0 e81f3c0cfc49c3a3 4385f61d55833f7e e81f3c0cfc49c3a3 10 0 0
1 e81f3c0cfc49c3a3 4385f61d55833f7e e81f3c0cfc49c3a3 10 0 0
2 e81f3c0cfc49c3a3 4385f61d55833f7e ebb56fa2cb474262 10 0 0
3 e81f3c0cfc49c3a3 4385f61d55833f7e e486c188e3f54fc5 10 0 0
4 e81f3c0cfc49c3a3 4385f61d55833f7e 7ff8000000000000 1 0 0
d e81f3c0cfc49c3a3 4385f61d55833f7e 0000000000000000 0 1 0
b 000000007ff02f48 0000000000000000 7ff8000000000000 0 0 0
c e81f3c0cfc49c3a3 0000000000000000 00000000ff800000 14 0 0
0 393b5ac41e1d8d55 59582b4eda096f96 59582b4eda096f96 10 0 0
1 393b5ac41e1d8d55 59582b4eda096f96 d9582b4eda096f96 10 0 0
2 393b5ac41e1d8d55 59582b4eda096f96 52a4a91875bf1415 10 0 0
3 393b5ac41e1d8d55 59582b4eda096f96 1fd21bd5617651f9 10 0 0
4 393b5ac41e1d8d55 59582b4eda096f96 3c94ebae98c203fa 10 0 0
d 393b5ac41e1d8d55 59582b4eda096f96 0000000000000000 0 1 0
b 000000000881590b 0000000000000000 39102b2160000000 0 0 0
c 393b5ac41e1d8d55 0000000000000000 0000000009dad621 10 0 0
0 57a533bbcb974112 551709c831e4283f 57a533bbcb974c97 10 0 0
1 57a533bbcb974112 551709c831e4283f 57a533bbcb97358d 10 0 0
2 57a533bbcb974112 551709c831e4283f 6cce87545714292a 10 0 0
3 57a533bbcb974112 551709c831e4283f 427d731ab05f7777 10 0 0
4 57a533bbcb974112 551709c831e4283f 4bca0c21f75e9186 10 0 0
d 57a533bbcb974112 551709c831e4283f 0000000000000000 0 0 0
b 000000002891db8e 0000000000000000 3d123b71c0000000 0 0 0
c 57a533bbcb974112 0000000000000000 000000007f800000 14 0 0
0 6fe25dbeaee47d14 099b5b573cc0cfcf 6fe25dbeaee47d14 10 0 0
1 6fe25dbeaee47d14 099b5b573cc0cfcf 6fe25dbeaee47d14 10 0 0
2 6fe25dbeaee47d14 099b5b573cc0cfcf 398f670b171dfc1e 10 0 0
3 6fe25dbeaee47d14 099b5b573cc0cfcf 7ff0000000000000 14 0 0
4 6fe25dbeaee47d14 099b5b573cc0cfcf 57e83e2e9173661a 10 0 0
d 6fe25dbeaee47d14 099b5b573cc0cfcf 0000000000000000 0 0 0
b 00000000821e9733 0000000000000000 b843d2e660000000 0 0 0
c 6fe25dbeaee47d14 0000000000000000 000000007f800000 14 0 0
0 4fe336af0fee84b4 30750a08b7bc10d2 4fe336af0fee84b4 10 0 0
1 4fe336af0fee84b4 30750a08b7bc10d2 4fe336af0fee84b4 10 0 0
2 4fe336af0fee84b4 30750a08b7bc10d2 406943d26a4dd439 10 0 0
3 4fe336af0fee84b4 30750a08b7bc10d2 5f5d392c8c13a6e7 10 0 0
4 4fe336af0fee84b4 30750a08b7bc10d2 47e8cbbe8bf5717e 10 0 0
d 4fe336af0fee84b4 30750a08b7bc10d2 0000000000000000 0 0 0
b 00000000816f0a21 0000000000000000 b82de14420000000 0 0 0
c 4fe336af0fee84b4 0000000000000000 000000007f800000 14 0 0
0 65485cb4b50390bb 2586f5119fb1b8e3 65485cb4b50390bb 10 0 0
1 65485cb4b50390bb 2586f5119fb1b8e3 65485cb4b50390bb 10 0 0
2 65485cb4b50390bb 2586f5119fb1b8e3 4ae17a4f6ed04663 10 0 0
3 65485cb4b50390bb 2586f5119fb1b8e3 7fb0faa5ca95c2b7 10 0 0
4 65485cb4b50390bb 2586f5119fb1b8e3 529bebcdb10a27f3 10 0 0
d 65485cb4b50390bb 2586f5119fb1b8e3 0000000000000000 0 0 0
b 00000000bd1c1a15 0000000000000000 bfa38342a0000000 0 0 0
c 65485cb4b50390bb 0000000000000000 000000007f800000 14 0 0
0 f58a027a0d660b98 4eb8dfd2fd141b13 f58a027a0d660b98 10 0 0
1 f58a027a0d660b98 4eb8dfd2fd141b13 f58a027a0d660b98 10 0 0
2 f58a027a0d660b98 4eb8dfd2fd141b13 fff0000000000000 14 0 0
3 f58a027a0d660b98 4eb8dfd2fd141b13 e6c0baf52431df6c 10 0 0
4 f58a027a0d660b98 4eb8dfd2fd141b13 7ff8000000000000 1 0 0
d f58a027a0d660b98 4eb8dfd2fd141b13 0000000000000000 0 1 0
b 00000000b0bec128 0000000000000000 be17d82500000000 0 0 0
c f58a027a0d660b98 0000000000000000 00000000ff800000 14 0 0
0 7be559c5cb6fa4cb c12dbd30a7fb48d5 7be559c5cb6fa4cb 10 0 0
1 7be559c5cb6fa4cb c12dbd30a7fb48d5 7be559c5cb6fa4cb 10 0 0
2 7be559c5cb6fa4cb c12dbd30a7fb48d5 fd23d795ef5392e2 10 0 0
3 7be559c5cb6fa4cb c12dbd30a7fb48d5 faa6f9520095ac36 10 0 0
4 7be559c5cb6fa4cb c12dbd30a7fb48d5 5dea23753be1f15d 10 0 0
d 7be559c5cb6fa4cb c12dbd30a7fb48d5 0000000000000000 0 0 0
b 0000000012d07b05 0000000000000000 3a5a0f60a0000000 0 0 0
c 7be559c5cb6fa4cb 0000000000000000 000000007f800000 14 0 0
0 abaa6e7d2ad214af 60bfd10cc95d9423 60bfd10cc95d9423 10 0 0
1 abaa6e7d2ad214af 60bfd10cc95d9423 e0bfd10cc95d9423 10 0 0
2 abaa6e7d2ad214af 60bfd10cc95d9423 cc7a47b572bd6ddc 10 0 0
3 abaa6e7d2ad214af 60bfd10cc95d9423 8ada957e1cb434ee 10 0 0
4 abaa6e7d2ad214af 60bfd10cc95d9423 7ff8000000000000 1 0 0
d abaa6e7d2ad214af 60bfd10cc95d9423 0000000000000000 0 1 0
b 0000000000e0f02f 0000000000000000 381c1e05e0000000 0 0 0
c abaa6e7d2ad214af 0000000000000000 0000000080000000 18 0 0
0 c246f4fd87f208b1 1a6d33a33f38b84f c246f4fd87f208b1 10 0 0
1 c246f4fd87f208b1 1a6d33a33f38b84f c246f4fd87f208b1 10 0 0
2 c246f4fd87f208b1 1a6d33a33f38b84f 9cc4f311548a7230 10 0 0
3 c246f4fd87f208b1 1a6d33a33f38b84f e7c928290921fba3 10 0 0
4 c246f4fd87f208b1 1a6d33a33f38b84f 7ff8000000000000 1 0 0
d c246f4fd87f208b1 1a6d33a33f38b84f 0000000000000000 0 1 0
b 000000002e18c6b7 0000000000000000 3dc318d6e0000000 0 0 0
c c246f4fd87f208b1 0000000000000000 00000000d237a7ec 10 0 0
0 ef0987d0218eed09 79d9d0de3b8416df 79d9d0de3b8416df 10 0 0
1 ef0987d0218eed09 79d9d0de3b8416df f9d9d0de3b8416df 10 0 0
2 ef0987d0218eed09 79d9d0de3b8416df fff0000000000000 14 0 0
3 ef0987d0218eed09 79d9d0de3b8416df b51fa571dfad42a1 10 0 0
4 ef0987d0218eed09 79d9d0de3b8416df 7ff8000000000000 1 0 0
d ef0987d0218eed09 79d9d0de3b8416df 0000000000000000 0 1 0
b 0000000092aae470 0000000000000000 ba555c8e00000000 0 0 0
c ef0987d0218eed09 0000000000000000 00000000ff800000 14 0 0
0 0ab4ef227d4c75ca 8d5cca309742c79d 8d5cca309742c261 10 0 0
1 0ab4ef227d4c75ca 8d5cca309742c79d 0d5cca309742ccd9 10 0 0
2 0ab4ef227d4c75ca 8d5cca309742c79d 8000000000000000 18 0 0
3 0ab4ef227d4c75ca 8d5cca309742c79d bd4744b3f71d89d3 10 0 0
4 0ab4ef227d4c75ca 8d5cca309742c79d 25524d30ed3df3b1 10 0 0
d 0ab4ef227d4c75ca 8d5cca309742c79d 0000000000000000 0 0 0
b 00000000399108e5 0000000000000000 3f32211ca0000000 0 0 0
c 0ab4ef227d4c75ca 0000000000000000 0000000000000000 18 0 0
0 093930c3cb09ad33 2b59fee4842be066 2b59fee4842be066 10 0 0
1 093930c3cb09ad33 2b59fee4842be066 ab59fee4842be066 10 0 0
2 093930c3cb09ad33 2b59fee4842be066 0000000000000000 18 0 0
3 093930c3cb09ad33 2b59fee4842be066 1dcf0243128158f3 10 0 0
4 093930c3cb09ad33 2b59fee4842be066 249413780a919527 10 0 0
d 093930c3cb09ad33 2b59fee4842be066 0000000000000000 0 1 0
b 00000000fcccd2d5 0000000000000000 c7999a5aa0000000 0 0 0
c 093930c3cb09ad33 0000000000000000 0000000000000000 18 0 0
0 b45e725e38a465d4 37c944bbf49b4994 37c944bbf49b4994 10 0 0
1 b45e725e38a465d4 37c944bbf49b4994 b7c944bbf49b4994 10 0 0
2 b45e725e38a465d4 37c944bbf49b4994 ac380abf798b3651 10 0 0
3 b45e725e38a465d4 37c944bbf49b4994 bc8347640e44301e 10 0 0
4 b45e725e38a465d4 37c944bbf49b4994 7ff8000000000000 1 0 0
d b45e725e38a465d4 37c944bbf49b4994 0000000000000000 0 1 0
b 0000000028996f40 0000000000000000 3d132de800000000 0 0 0
c b45e725e38a465d4 0000000000000000 0000000080000000 18 0 0
0 ab5cd2f8117a8559 7be13391eff49658 7be13391eff49658 10 0 0
1 ab5cd2f8117a8559 7be13391eff49658 fbe13391eff49658 10 0 0
2 ab5cd2f8117a8559 7be13391eff49658 e74efd0ef179fc42 10 0 0
3 ab5cd2f8117a8559 7be13391eff49658 8000000000000000 18 0 0
4 ab5cd2f8117a8559 7be13391eff49658 7ff8000000000000 1 0 0
d ab5cd2f8117a8559 7be13391eff49658 0000000000000000 0 1 0
b 00000000dacab027 0000000000000000 c3595604e0000000 0 0 0
c ab5cd2f8117a8559 0000000000000000 0000000080000000 18 0 0
0 150cde405657bd62 9e8e1e7ff57bcb3f 9e8e1e7ff57bcb3f 10 0 0
1 150cde405657bd62 9e8e1e7ff57bcb3f 1e8e1e7ff57bcb3f 10 0 0
2 150cde405657bd62 9e8e1e7ff57bcb3f 8000000000000000 18 0 0
3 150cde405657bd62 9e8e1e7ff57bcb3f b66eabc0b8408bdf 10 0 0
4 150cde405657bd62 9e8e1e7ff57bcb3f 2a7e64ce4878051c 10 0 0
d 150cde405657bd62 9e8e1e7ff57bcb3f 0000000000000000 0 0 0
b 000000000f91cb11 0000000000000000 39f2396220000000 0 0 0
c 150cde405657bd62 0000000000000000 0000000000000000 18 0 0
0 e88dfd68b33a09f8 b2ab6fba34d44294 e88dfd68b33a09f8 10 0 0
1 e88dfd68b33a09f8 b2ab6fba34d44294 e88dfd68b33a09f8 10 0 0
2 e88dfd68b33a09f8 b2ab6fba34d44294 5b49b685dcd9f2db 10 0 0
3 e88dfd68b33a09f8 b2ab6fba34d44294 75d17d347a063c60 10 0 0
4 e88dfd68b33a09f8 b2ab6fba34d44294 7ff8000000000000 1 0 0
d e88dfd68b33a09f8 b2ab6fba34d44294 0000000000000000 0 1 0
b 000000002c550637 0000000000000000 3d8aa0c6e0000000 0 0 0
c e88dfd68b33a09f8 0000000000000000 00000000ff800000 14 0 0
0 1ee7afbe89135cf6 b3305bb0b086f5f3 b3305bb0b086f5f3 10 0 0
1 1ee7afbe89135cf6 b3305bb0b086f5f3 33305bb0b086f5f3 10 0 0
2 1ee7afbe89135cf6 b3305bb0b086f5f3 9228377ba743dac6 10 0 0
3 1ee7afbe89135cf6 b3305bb0b086f5f3 aba72afa4162809e 10 0 0
4 1ee7afbe89135cf6 b3305bb0b086f5f3 2f6b87fdfc8e8565 10 0 0
d 1ee7afbe89135cf6 b3305bb0b086f5f3 0000000000000000 0 0 0
b 00000000a92cff0f 0000000000000000 bd259fe1e0000000 0 0 0
c 1ee7afbe89135cf6 0000000000000000 0000000000000000 18 0 0
0 ef6d894996d44b0b e911bef10731c356 ef6d894996d44b0b 10 0 0
1 ef6d894996d44b0b e911bef10731c356 ef6d894996d44b0b 10 0 0
2 ef6d894996d44b0b e911bef10731c356 7ff0000000000000 14 0 0
3 ef6d894996d44b0b e911bef10731c356 464aa1657ea797d9 10 0 0
4 ef6d894996d44b0b e911bef10731c356 7ff8000000000000 1 0 0
d ef6d894996d44b0b e911bef10731c356 0000000000000000 0 1 0
b 00000000d438839b 0000000000000000 c287107360000000 0 0 0
c ef6d894996d44b0b 0000000000000000 00000000ff800000 14 0 0
0 4d3bb67e45791b04 a52ca90831bb90ce 4d3bb67e45791b04 10 0 0
1 4d3bb67e45791b04 a52ca90831bb90ce 4d3bb67e45791b04 10 0 0
2 4d3bb67e45791b04 a52ca90831bb90ce b278d211605a51cc 10 0 0
3 4d3bb67e45791b04 a52ca90831bb90ce e7fef132e072a6d3 10 0 0
4 4d3bb67e45791b04 a52ca90831bb90ce 46950ea4e6f456cb 10 0 0
d 4d3bb67e45791b04 a52ca90831bb90ce 0000000000000000 0 0 0
b 0000000037ec52ff 0000000000000000 3efd8a5fe0000000 0 0 0
c 4d3bb67e45791b04 0000000000000000 000000007f800000 14 0 0
0 0bce68e61c8bba6f 130b9e0c798fe349 130b9e0c798fe349 10 0 0
1 0bce68e61c8bba6f 130b9e0c798fe349 930b9e0c798fe349 10 0 0
2 0bce68e61c8bba6f 130b9e0c798fe349 0000000000000000 18 0 0
3 0bce68e61c8bba6f 130b9e0c798fe349 38b19e2526a5d03c 10 0 0
4 0bce68e61c8bba6f 130b9e0c798fe349 25df31db106a37f6 10 0 0
d 0bce68e61c8bba6f 130b9e0c798fe349 0000000000000000 0 1 0
b 000000003936b6fa 0000000000000000 3f26d6df40000000 0 0 0
c 0bce68e61c8bba6f 0000000000000000 0000000000000000 18 0 0
0 12d9a0cefece066e fe78f48ffdc5fb9b fe78f48ffdc5fb9b 10 0 0
1 12d9a0cefece066e fe78f48ffdc5fb9b 7e78f48ffdc5fb9b 10 0 0
2 12d9a0cefece066e fe78f48ffdc5fb9b d163fc78bb4c5e77 10 0 0
3 12d9a0cefece066e fe78f48ffdc5fb9b 8000000000000000 18 0 0
4 12d9a0cefece066e fe78f48ffdc5fb9b 29643feca3d65c3c 10 0 0
d 12d9a0cefece066e fe78f48ffdc5fb9b 0000000000000000 0 0 0
b 000000001461e2c0 0000000000000000 3a8c3c5800000000 0 0 0
c 12d9a0cefece066e 0000000000000000 0000000000000000 18 0 0
0 2f072d5c9f35c94a e58fd2c4e53cf8cf e58fd2c4e53cf8cf 10 0 0
1 2f072d5c9f35c94a e58fd2c4e53cf8cf 658fd2c4e53cf8cf 10 0 0
2 2f072d5c9f35c94a e58fd2c4e53cf8cf d4a70c9a05f10339 10 0 0
3 2f072d5c9f35c94a e58fd2c4e53cf8cf 89674e4dc874c0aa 10 0 0
4 2f072d5c9f35c94a e58fd2c4e53cf8cf 377b3bceb8b73d2a 10 0 0
d 2f072d5c9f35c94a e58fd2c4e53cf8cf 0000000000000000 0 0 0
b 000000003e819e7d 0000000000000000 3fd033cfa0000000 0 0 0
c 2f072d5c9f35c94a 0000000000000000 0000000000000000 18 0 0
0 a489239a9fbe5f07 df8c302868aa816c df8c302868aa816c 10 0 0
1 a489239a9fbe5f07 df8c302868aa816c 5f8c302868aa816c 10 0 0
2 a489239a9fbe5f07 df8c302868aa816c 442624fc727121bc 10 0 0
3 a489239a9fbe5f07 df8c302868aa816c 04ec89e448b203b4 10 0 0
4 a489239a9fbe5f07 df8c302868aa816c 7ff8000000000000 1 0 0
d a489239a9fbe5f07 df8c302868aa816c 0000000000000000 0 0 0
b 000000002864b8cf 0000000000000000 3d0c9719e0000000 0 0 0
c a489239a9fbe5f07 0000000000000000 0000000080000000 18 0 0
0 50dde95153004aea 11f9df44683803cc 50dde95153004aea 10 0 0
1 50dde95153004aea 11f9df44683803cc 50dde95153004aea 10 0 0
2 50dde95153004aea 11f9df44683803cc 22e82ef968ca191a 10 0 0
3 50dde95153004aea 11f9df44683803cc 7ed27f7bcc5508ff 10 0 0
4 50dde95153004aea 11f9df44683803cc 4865e063f480ad91 10 0 0
d 50dde95153004aea 11f9df44683803cc 0000000000000000 0 0 0
b 0000000060774a6c 0000000000000000 440ee94d80000000 0 0 0
c 50dde95153004aea 0000000000000000 000000007f800000 14 0 0
0 ae6b50d14a534fc9 56e5bd9ccb9febd7 56e5bd9ccb9febd7 10 0 0
1 ae6b50d14a534fc9 56e5bd9ccb9febd7 d6e5bd9ccb9febd7 10 0 0
2 ae6b50d14a534fc9 56e5bd9ccb9febd7 c5628ee484b32552 10 0 0
3 ae6b50d14a534fc9 56e5bd9ccb9febd7 97741a592dd6348b 10 0 0
4 ae6b50d14a534fc9 56e5bd9ccb9febd7 7ff8000000000000 1 0 0
d ae6b50d14a534fc9 56e5bd9ccb9febd7 0000000000000000 0 1 0
b 00000000ea470405 0000000000000000 c548e080a0000000 0 0 0
c ae6b50d14a534fc9 0000000000000000 0000000080000000 18 0 0
0 52338da6536cd0c5 e7f69b9fa4295a7d e7f69b9fa4295a7d 10 0 0
1 52338da6536cd0c5 e7f69b9fa4295a7d 67f69b9fa4295a7d 10 0 0
2 52338da6536cd0c5 e7f69b9fa4295a7d fa3ba0f406411ca6 10 0 0
3 52338da6536cd0c5 e7f69b9fa4295a7d aa2bad2adf118b05 10 0 0
4 52338da6536cd0c5 e7f69b9fa4295a7d 4911b00a190eac75 10 0 0
d 52338da6536cd0c5 e7f69b9fa4295a7d 0000000000000000 0 0 0
b 0000000063b1040e 0000000000000000 44762081c0000000 0 0 0
c 52338da6536cd0c5 0000000000000000 000000007f800000 14 0 0
0 252c5756571ed615 365a2f9b0687bfaf 365a2f9b0687bfaf 10 0 0
1 252c5756571ed615 365a2f9b0687bfaf b65a2f9b0687bfaf 10 0 0
2 252c5756571ed615 365a2f9b0687bfaf 1b97311fba6bd3a2 10 0 0
3 252c5756571ed615 365a2f9b0687bfaf 2ec1511db58536ef 10 0 0
4 252c5756571ed615 365a2f9b0687bfaf 328e1d74eb7c2c42 10 0 0
d 252c5756571ed615 365a2f9b0687bfaf 0000000000000000 0 1 0
b 00000000df36c5d6 0000000000000000 c3e6d8bac0000000 0 0 0
c 252c5756571ed615 0000000000000000 0000000000000000 18 0 0
0 f60cc410bf5099b7 20a3df04332d2605 f60cc410bf5099b7 10 0 0
1 f60cc410bf5099b7 20a3df04332d2605 f60cc410bf5099b7 10 0 0
2 f60cc410bf5099b7 20a3df04332d2605 d6c1dce40cd03d74 10 0 0
3 f60cc410bf5099b7 20a3df04332d2605 fff0000000000000 14 0 0
4 f60cc410bf5099b7 20a3df04332d2605 7ff8000000000000 1 0 0
d f60cc410bf5099b7 20a3df04332d2605 0000000000000000 0 1 0
b 000000006a547393 0000000000000000 454a8e7260000000 0 0 0
c f60cc410bf5099b7 0000000000000000 00000000ff800000 14 0 0
0 60ea51807192d94d 7dd6ee10a2837d5a 7dd6ee10a2837d5a 10 0 0
1 60ea51807192d94d 7dd6ee10a2837d5a fdd6ee10a2837d5a 10 0 0
2 60ea51807192d94d 7dd6ee10a2837d5a 7ff0000000000000 14 0 0
3 60ea51807192d94d 7dd6ee10a2837d5a 23025d472838c09b 10 0 0
4 60ea51807192d94d 7dd6ee10a2837d5a 506d053d907b2ced 10 0 0
d 60ea51807192d94d 7dd6ee10a2837d5a 0000000000000000 0 1 0
b 000000006823220e 0000000000000000 45046441c0000000 0 0 0
c 60ea51807192d94d 0000000000000000 000000007f800000 14 0 0
0 803e63dfc4f11a5d 10e3f98095aa0349 10e3f98095aa0349 10 0 0
1 803e63dfc4f11a5d 10e3f98095aa0349 90e3f98095aa0349 10 0 0
2 803e63dfc4f11a5d 10e3f98095aa0349 8000000000000000 18 0 0
3 803e63dfc4f11a5d 10e3f98095aa0349 af4857ced769ca8a 10 0 0
4 803e63dfc4f11a5d 10e3f98095aa0349 7ff8000000000000 1 0 0
d 803e63dfc4f11a5d 10e3f98095aa0349 0000000000000000 0 1 0
b 000000006daa7ca8 0000000000000000 45b54f9500000000 0 0 0
c 803e63dfc4f11a5d 0000000000000000 0000000080000000 18 0 0
0 65d2db57e9bca56b df2e8783f402edec 65d2db57e9bca56b 10 0 0
1 65d2db57e9bca56b df2e8783f402edec 65d2db57e9bca56b 10 0 0
2 65d2db57e9bca56b df2e8783f402edec fff0000000000000 14 0 0
3 65d2db57e9bca56b df2e8783f402edec c693c3e229997776 10 0 0
4 65d2db57e9bca56b df2e8783f402edec 52e15ea958e58245 10 0 0
d 65d2db57e9bca56b df2e8783f402edec 0000000000000000 0 0 0
b 000000009e581f53 0000000000000000 bbcb03ea60000000 0 0 0
c 65d2db57e9bca56b 0000000000000000 000000007f800000 14 0 0
0 2bf400cad64fb2bc 231c74b01cce6cd5 2bf400cad64fb2bc 10 0 0
1 2bf400cad64fb2bc 231c74b01cce6cd5 2bf400cad64fb2bc 10 0 0
2 2bf400cad64fb2bc 231c74b01cce6cd5 0f21c9a2712bf2a0 10 0 0
3 2bf400cad64fb2bc 231c74b01cce6cd5 48c67e97073ebfd2 10 0 0
4 2bf400cad64fb2bc 231c74b01cce6cd5 35f1e3d250d8fd19 10 0 0
d 2bf400cad64fb2bc 231c74b01cce6cd5 0000000000000000 0 0 0
b 00000000fbc02b9f 0000000000000000 c7780573e0000000 0 0 0
c 2bf400cad64fb2bc 0000000000000000 0000000000000000 18 0 0
0 28c52c0625f0fe24 7cb804fef8d8a74d 7cb804fef8d8a74d 10 0 0
1 28c52c0625f0fe24 7cb804fef8d8a74d fcb804fef8d8a74d 10 0 0
2 28c52c0625f0fe24 7cb804fef8d8a74d 658fc8a59e9da2c8 10 0 0
3 28c52c0625f0fe24 7cb804fef8d8a74d 0000000000000000 18 0 0
4 28c52c0625f0fe24 7cb804fef8d8a74d 345a0765317d21a9 10 0 0
d 28c52c0625f0fe24 7cb804fef8d8a74d 0000000000000000 0 1 0
b 000000006a1f5bf5 0000000000000000 4543eb7ea0000000 0 0 0
c 28c52c0625f0fe24 0000000000000000 0000000000000000 18 0 0
0 ad56d3e592634670 af0a5fe67a2b5e3d af0a5fe67d05daef 10 0 0
1 ad56d3e592634670 af0a5fe67a2b5e3d 2f0a5fe67750e18b 10 0 0
2 ad56d3e592634670 af0a5fe67a2b5e3d 1c72d09402a41752 10 0 0
3 ad56d3e592634670 af0a5fe67a2b5e3d 3e3bb25484e7293f 10 0 0
4 ad56d3e592634670 af0a5fe67a2b5e3d 7ff8000000000000 1 0 0
d ad56d3e592634670 af0a5fe67a2b5e3d 0000000000000000 0 0 0
b 000000002c722fab 0000000000000000 3d8e45f560000000 0 0 0
c ad56d3e592634670 0000000000000000 0000000080000000 18 0 0
0 596816682f024cfa b53ac9346f9bd87a 596816682f024cfa 10 0 0
1 596816682f024cfa b53ac9346f9bd87a 596816682f024cfa 10 0 0
2 596816682f024cfa b53ac9346f9bd87a ceb429a8dd057a41 10 0 0
3 596816682f024cfa b53ac9346f9bd87a e41cc6bbf9d16f00 10 0 0
4 596816682f024cfa b53ac9346f9bd87a 4cabc367ae462acc 10 0 0
d 596816682f024cfa b53ac9346f9bd87a 0000000000000000 0 0 0
b 000000008606d430 0000000000000000 b8c0da8600000000 0 0 0
c 596816682f024cfa 0000000000000000 000000007f800000 14 0 0
0 cc9fb47078248678 f595b3ad3fe679fd f595b3ad3fe679fd 10 0 0
1 cc9fb47078248678 f595b3ad3fe679fd 7595b3ad3fe679fd 10 0 0
2 cc9fb47078248678 f595b3ad3fe679fd 7ff0000000000000 14 0 0
3 cc9fb47078248678 f595b3ad3fe679fd 16f75ff53550e8e9 10 0 0
4 cc9fb47078248678 f595b3ad3fe679fd 7ff8000000000000 1 0 0
d cc9fb47078248678 f595b3ad3fe679fd 0000000000000000 0 0 0
b 00000000ebed93b1 0000000000000000 c57db27620000000 0 0 0
c cc9fb47078248678 0000000000000000 00000000ff800000 14 0 0
0 6ae870fcfa0f9267 002dbe8648598a78 6ae870fcfa0f9267 10 0 0
1 6ae870fcfa0f9267 002dbe8648598a78 6ae870fcfa0f9267 10 0 0
2 6ae870fcfa0f9267 002dbe8648598a78 2b26b7eab110cd79 10 0 0
3 6ae870fcfa0f9267 002dbe8648598a78 7ff0000000000000 14 0 0
4 6ae870fcfa0f9267 002dbe8648598a78 556bf76aabd05c6b 10 0 0
d 6ae870fcfa0f9267 002dbe8648598a78 0000000000000000 0 0 0
b 000000005bc06893 0000000000000000 43780d1260000000 0 0 0
c 6ae870fcfa0f9267 0000000000000000 000000007f800000 14 0 0
0 8c965cbaa726d87a f91d6baed978b2da f91d6baed978b2da 10 0 0
1 8c965cbaa726d87a f91d6baed978b2da 791d6baed978b2da 10 0 0
2 8c965cbaa726d87a f91d6baed978b2da 45c48f4967ca356b 10 0 0
3 8c965cbaa726d87a f91d6baed978b2da 0000000000000000 18 0 0
4 8c965cbaa726d87a f91d6baed978b2da 7ff8000000000000 1 0 0
d 8c965cbaa726d87a f91d6baed978b2da 0000000000000000 0 0 0
b 000000002b513c2b 0000000000000000 3d6a278560000000 0 0 0
c 8c965cbaa726d87a 0000000000000000 0000000080000000 18 0 0
0 965f1261f6720568 6d349ee723e833f3 6d349ee723e833f3 10 0 0
1 965f1261f6720568 6d349ee723e833f3 ed349ee723e833f3 10 0 0
2 965f1261f6720568 6d349ee723e833f3 c3a405c86d48d440 10 0 0
3 965f1261f6720568 6d349ee723e833f3 8000000000000000 18 0 0
4 965f1261f6720568 6d349ee723e833f3 7ff8000000000000 1 0 0
d 965f1261f6720568 6d349ee723e833f3 0000000000000000 0 1 0
b 00000000975e6638 0000000000000000 baebccc700000000 0 0 0
c 965f1261f6720568 0000000000000000 0000000080000000 18 0 0
0 28b03574edcaed1b bd5370cfba15d42a bd5370cfba15d42a 10 0 0
1 28b03574edcaed1b bd5370cfba15d42a 3d5370cfba15d42a 10 0 0
2 28b03574edcaed1b bd5370cfba15d42a a613b1c37cfdd6e2 10 0 0
3 28b03574edcaed1b bd5370cfba15d42a ab4aae256db34244 10 0 0
4 28b03574edcaed1b bd5370cfba15d42a 34501aa448a402d3 10 0 0
d 28b03574edcaed1b bd5370cfba15d42a 0000000000000000 0 0 0
b 0000000012821822 0000000000000000 3a50430440000000 0 0 0
c 28b03574edcaed1b 0000000000000000 0000000000000000 18 0 0
0 61486cc1f6df2f89 76eec5de64ff0c74 76eec5de64ff0c74 10 0 0
1 61486cc1f6df2f89 76eec5de64ff0c74 f6eec5de64ff0c74 10 0 0
2 61486cc1f6df2f89 76eec5de64ff0c74 7ff0000000000000 14 0 0
3 61486cc1f6df2f89 76eec5de64ff0c74 2a4966165eae8fb8 10 0 0
4 61486cc1f6df2f89 76eec5de64ff0c74 509bf4fef5cdcba4 10 0 0
d 61486cc1f6df2f89 76eec5de64ff0c74 0000000000000000 0 1 0
b 000000002b48174c 0000000000000000 3d6902e980000000 0 0 0
c 61486cc1f6df2f89 0000000000000000 000000007f800000 14 0 0
0 1d91f01c51de5b75 cca6738d582d8e26 cca6738d582d8e26 10 0 0
1 1d91f01c51de5b75 cca6738d582d8e26 4ca6738d582d8e26 10 0 0
2 1d91f01c51de5b75 cca6738d582d8e26 aa492bb332f36bd9 10 0 0
3 1d91f01c51de5b75 cca6738d582d8e26 90d991257bddd118 10 0 0
4 1d91f01c51de5b75 cca6738d582d8e26 2ec0f0f79f2027ce 10 0 0
d 1d91f01c51de5b75 cca6738d582d8e26 0000000000000000 0 0 0
b 00000000d4ce6092 0000000000000000 c299cc1240000000 0 0 0
c 1d91f01c51de5b75 0000000000000000 0000000000000000 18 0 0
0 0359b37c93f31507 db22386e19d97959 db22386e19d97959 10 0 0
1 0359b37c93f31507 db22386e19d97959 5b22386e19d97959 10 0 0
2 0359b37c93f31507 db22386e19d97959 9e8d449135f58b76 10 0 0
3 0359b37c93f31507 db22386e19d97959 8000000000000000 18 0 0
4 0359b37c93f31507 db22386e19d97959 21a4474c58628d21 10 0 0
d 0359b37c93f31507 db22386e19d97959 0000000000000000 0 0 0
b 00000000e8ba0620 0000000000000000 c51740c400000000 0 0 0
c 0359b37c93f31507 0000000000000000 0000000000000000 18 0 0
0 a7b411ff94f7847a eb663e86ba6bf37d eb663e86ba6bf37d 10 0 0
1 a7b411ff94f7847a eb663e86ba6bf37d 6b663e86ba6bf37d 10 0 0
2 a7b411ff94f7847a eb663e86ba6bf37d 532be72e2bcab9d1 10 0 0
3 a7b411ff94f7847a eb663e86ba6bf37d 0000000000000000 18 0 0
4 a7b411ff94f7847a eb663e86ba6bf37d 7ff8000000000000 1 0 0
d a7b411ff94f7847a eb663e86ba6bf37d 0000000000000000 0 0 0
b 0000000044821e9f 0000000000000000 409043d3e0000000 0 0 0
c a7b411ff94f7847a 0000000000000000 0000000080000000 18 0 0
0 ed6e5bd7e481b37d 8f213b4aa14dc2ae ed6e5bd7e481b37d 10 0 0
1 ed6e5bd7e481b37d 8f213b4aa14dc2ae ed6e5bd7e481b37d 10 0 0
2 ed6e5bd7e481b37d 8f213b4aa14dc2ae 3ca0590ad4dd52d0 10 0 0
3 ed6e5bd7e481b37d 8f213b4aa14dc2ae 7ff0000000000000 14 0 0
4 ed6e5bd7e481b37d 8f213b4aa14dc2ae 7ff8000000000000 1 0 0
d ed6e5bd7e481b37d 8f213b4aa14dc2ae 0000000000000000 0 1 0
b 000000003a19ca62 0000000000000000 3f43394c40000000 0 0 0
c ed6e5bd7e481b37d 0000000000000000 00000000ff800000 14 0 0
0 69e4f2c8000cabd6 3bb20ccd3f59aad8 69e4f2c8000cabd6 10 0 0
1 69e4f2c8000cabd6 3bb20ccd3f59aad8 69e4f2c8000cabd6 10 0 0
2 69e4f2c8000cabd6 3bb20ccd3f59aad8 65a7a1e3cfa2251b 10 0 0
3 69e4f2c8000cabd6 3bb20ccd3f59aad8 6e2291b5ca057edf 10 0 0
4 69e4f2c8000cabd6 3bb20ccd3f59aad8 54e9e41d5aa79feb 10 0 0
d 69e4f2c8000cabd6 3bb20ccd3f59aad8 0000000000000000 0 0 0
b 000000004a5754f9 0000000000000000 414aea9f20000000 0 0 0
c 69e4f2c8000cabd6 0000000000000000 000000007f800000 14 0 0
0 b9ccb73dca4b15a8 b7367b37724444ff b9ccb73dca4b20e6 10 0 0
1 b9ccb73dca4b15a8 b7367b37724444ff b9ccb73dca4b0a6a 10 0 0
2 b9ccb73dca4b15a8 b7367b37724444ff 31142c8c9211729e 10 0 0
3 b9ccb73dca4b15a8 b7367b37724444ff 42846fe4ee651bb3 10 0 0
4 b9ccb73dca4b15a8 b7367b37724444ff 7ff8000000000000 1 0 0
d b9ccb73dca4b15a8 b7367b37724444ff 0000000000000000 0 1 0
b 00000000a1a0ebd2 0000000000000000 bc341d7a40000000 0 0 0
c b9ccb73dca4b15a8 0000000000000000 000000008e65b9ee 10 0 0
0 2784425f563142b8 b2a9ccebeda9c751 b2a9ccebeda9c751 10 0 0
1 2784425f563142b8 b2a9ccebeda9c751 32a9ccebeda9c751 10 0 0
2 2784425f563142b8 b2a9ccebeda9c751 9a405596f8ff25f1 10 0 0
3 2784425f563142b8 b2a9ccebeda9c751 b4c920976f264303 10 0 0
4 2784425f563142b8 b2a9ccebeda9c751 33b9762fe44b7687 10 0 0
d 2784425f563142b8 b2a9ccebeda9c751 0000000000000000 0 0 0
b 000000007d3233f0 0000000000000000 47a6467e00000000 0 0 0
c 2784425f563142b8 0000000000000000 0000000000000000 18 0 0
0 52c9e496a53964db bdea414a4dac0ecb 52c9e496a53964db 10 0 0
1 52c9e496a53964db bdea414a4dac0ecb 52c9e496a53964db 10 0 0
2 52c9e496a53964db bdea414a4dac0ecb d0c53e8ed7b3dfbb 10 0 0
3 52c9e496a53964db bdea414a4dac0ecb d4cf8f0388481cd9 10 0 0
4 52c9e496a53964db bdea414a4dac0ecb 495cc8f2b92379b8 10 0 0
d 52c9e496a53964db bdea414a4dac0ecb 0000000000000000 0 0 0
b 0000000042d416d1 0000000000000000 405a82da20000000 0 0 0
c 52c9e496a53964db 0000000000000000 000000007f800000 14 0 0
0 c1c48c16588ae295 9fd05fd9114d8c4c c1c48c16588ae295 10 0 0
1 c1c48c16588ae295 9fd05fd9114d8c4c c1c48c16588ae295 10 0 0
2 c1c48c16588ae295 9fd05fd9114d8c4c 21a5072cdf601a27 10 0 0
3 c1c48c16588ae295 9fd05fd9114d8c4c 61e413d05138f60e 10 0 0
4 c1c48c16588ae295 9fd05fd9114d8c4c 7ff8000000000000 1 0 0
d c1c48c16588ae295 9fd05fd9114d8c4c 0000000000000000 0 1 0
b 00000000b84fd9ee 0000000000000000 bf09fb3dc0000000 0 0 0
c c1c48c16588ae295 0000000000000000 00000000ce2460b3 10 0 0
0 2d3532b7e71177c6 f4d3b572cdcb3dcc f4d3b572cdcb3dcc 10 0 0
1 2d3532b7e71177c6 f4d3b572cdcb3dcc 74d3b572cdcb3dcc 10 0 0
2 2d3532b7e71177c6 f4d3b572cdcb3dcc e21a1ca03cd01bd0 10 0 0
3 2d3532b7e71177c6 f4d3b572cdcb3dcc 8000000000000000 18 0 0
4 2d3532b7e71177c6 f4d3b572cdcb3dcc 36926aa40f6bf415 10 0 0
d 2d3532b7e71177c6 f4d3b572cdcb3dcc 0000000000000000 0 0 0
b 00000000e42ff655 0000000000000000 c485fecaa0000000 0 0 0
c 2d3532b7e71177c6 0000000000000000 0000000000000000 18 0 0
0 464e3fc7b7657c9c 0628ec076ea83bb3 464e3fc7b7657c9c 10 0 0
1 464e3fc7b7657c9c 0628ec076ea83bb3 464e3fc7b7657c9c 10 0 0
2 464e3fc7b7657c9c 0628ec076ea83bb3 0c878ef331029fd8 10 0 0
3 464e3fc7b7657c9c 0628ec076ea83bb3 7ff0000000000000 14 0 0
4 464e3fc7b7657c9c 0628ec076ea83bb3 431f1cbcdb1eaea8 10 0 0
d 464e3fc7b7657c9c 0628ec076ea83bb3 0000000000000000 0 0 0
b 00000000521384dc 0000000000000000 4242709b80000000 0 0 0
c 464e3fc7b7657c9c 0000000000000000 000000007271fe3e 10 0 0
0 738aa698cc6f13b4 ed2913b82490f6f7 738aa698cc6f13b4 10 0 0
1 738aa698cc6f13b4 ed2913b82490f6f7 738aa698cc6f13b4 10 0 0
2 738aa698cc6f13b4 ed2913b82490f6f7 fff0000000000000 14 0 0
3 738aa698cc6f13b4 ed2913b82490f6f7 c651010cb4bea7d5 10 0 0
4 738aa698cc6f13b4 ed2913b82490f6f7 59bd34025ae99eee 10 0 0
d 738aa698cc6f13b4 ed2913b82490f6f7 0000000000000000 0 0 0
b 00000000738f71d0 0000000000000000 4671ee3a00000000 0 0 0
c 738aa698cc6f13b4 0000000000000000 000000007f800000 14 0 0
8 c0809650958c0000 0000000000000000 1012cd661bccac34 10 0 8
9 1676d6543fc877a3 0000000000000000 c07cbe4d841ca43b 10 0 8
a bfe53b486d800000 0000000000000000 40025ec08b411833 10 0 8
7 c0509650958c0000 c02fbdf5a9100000 bffce3b3011b8be3 10 0 8
8 c045ae4ef4800000 0000000000000000 3c05bd028213925f 10 0 8
9 3c8bd0883c2dc4fa 0000000000000000 c042c8f9cd524708 10 0 8
a bfabc06510000000 0000000000000000 3ffa001a5a7795a7 10 0 8
7 c015ae4ef4800000 c04971cbe8c00000 c00848aad3cf5eba 10 0 8
8 407cd2b6490c0000 0000000000000000 698411df58616b2e 10 0 8
9 63f6098fff010eb2 0000000000000000 4078f92ab4a3e976 10 0 8
a 3fe272602ec00000 0000000000000000 3fee9add16a930a4 10 0 8
7 404cd2b6490c0000 4049cd1cead00000 3feae6b5b9c215a3 10 0 8
8 c042513db7200000 0000000000000000 3ca1b851464e87ab 10 0 8
9 3d1276bdb6f83fc4 0000000000000000 c03fbdd5e851898c 10 0 8
a bfa7723a84000000 0000000000000000 3ff9dd9df4c4d4ca 10 0 8
7 c012513db7200000 40307dd3ae180000 bfd155ae9cbf5b68 10 0 8
8 404a9103a1a00000 0000000000000000 44b92fdc7a390592 10 0 8
9 4415598fe31f4716 0000000000000000 404704a137e3c47f 10 0 8
a 3fb100a62a000000 0000000000000000 3ff811bda45bdd4b 10 0 8
7 401a9103a1a00000 40527f59c8880000 3fb6eb0a5a15d322 10 0 8
8 c05ea46843000000 0000000000000000 34e201dd052136df 10 0 8
9 365ba4fdd0094b34 0000000000000000 c05a8ca935fbee17 10 0 8
a bfc39c6bb0000000 0000000000000000 3ffb98040b2b8c37 10 0 8
7 c02ea46843000000 404a818bdc100000 bfd201908005cbd8 10 0 8
8 c083f0ae78ca0000 0000000000000000 0665aba430d6fca7 10 0 8
9 0e150472eeebe5a6 0000000000000000 c08146de986b5cff 10 0 8
a bfe985fe0b400000 0000000000000000 4003f3f17729d7dd 10 0 8
7 c053f0ae78ca0000 c04acee3f5d80000 c0014d1136bd776f 10 0 8
8 40731500a0500000 0000000000000000 5b76356a894eaf26 10 0 8
9 57c8f28728894847 0000000000000000 407088883719538e 10 0 8
a 3fd86ccd9a000000 0000000000000000 3ff2de1b8f321213 10 0 8
7 40431500a0500000 4056b86979260000 3fd971cc7d921589 10 0 8
8 4082c2e91ca20000 0000000000000000 7611a7636bc6b404 10 0 8
9 6ed5eddef5654cc4 0000000000000000 40804167a8d8ebb4 10 0 8
a 3fe803b9be400000 0000000000000000 3fe71b0116257f49 10 0 8
7 4052c2e91ca20000 403e676e5a480000 3ff2f94e3780acb1 10 0 8
8 c08766f8f4120000 0000000000000000 0000000000000000 18 0 8
9 056e138289b5d55d 0000000000000000 c08446c837a64a39 10 0 8
a bfedf471dc400000 0000000000000000 400641d28a8a766d 10 0 8
7 c05766f8f4120000 c05108ddd2e00000 c001999d3351d5b1 10 0 8
8 c07379ff9e0c0000 0000000000000000 23d569435635297e 10 0 8
9 279624f4253cbfbe 0000000000000000 c070e009dba624b3 10 0 8
a bfd8ee13fd800000 0000000000000000 3fff88e2237ae5f9 10 0 8
7 c04379ff9e0c0000 402b0bbb1f400000 bff3c956ba43ed0b 10 0 8
8 406835a665100000 0000000000000000 516559cb3a7060c2 10 0 8
9 4f1118ed18595eb6 0000000000000000 4064f9dac14946f7 10 0 8
a 3fcefcfdf2000000 0000000000000000 3ff538680b7d6165 10 0 8
7 403835a665100000 c050f9e1780a0000 400664979f628be1 10 0 8
8 4086f72f00f40000 0000000000000000 7ff0000000000000 14 0 8
9 7958a1b0efc94468 0000000000000000 4083e5eca7499523 10 0 8
a 3fed655ae2800000 0000000000000000 3fd9ff73023fedbc 10 0 8
7 4056f72f00f40000 c047488ebf200000 400051d92cefac99 10 0 8
8 4074539c2d740000 0000000000000000 5d4265a511483fbe 10 0 8
9 595722b05f69f36b 0000000000000000 40719c95a5b441b3 10 0 8
a 3fda049ef2800000 0000000000000000 3ff26f2badcc29b2 10 0 8
7 4044539c2d740000 4053bcfe618e0000 3fde6e94c8eeb5ad 10 0 8
8 40831e2f167a0000 0000000000000000 771848646e1f2ece 10 0 8
9 6fba494c118f9ecd 0000000000000000 4080907cbc28fa65 10 0 8
a 3fe8788e31400000 0000000000000000 3fe668005aaa2ce0 10 0 8
7 40531e2f167a0000 c013e05241000000 3ffa2bc349e4be71 10 0 8
8 407c5ffd34480000 0000000000000000 68df9d96b9ec41f5 10 0 8
9 63669d31ac59151d 0000000000000000 407895c455fe5a08 10 0 8
a 3fe228f3f8800000 0000000000000000 3feef4601c832f11 10 0 8
7 404c5ffd34480000 4034d11929280000 3ff381ec8299ee4e 10 0 8
8 405cc35850900000 0000000000000000 4a4fad22f5c4cff8 10 0 8
9 48ec27bdea36a20f 0000000000000000 4058ebda2e078775 10 0 8
a 3fc2688a71000000 0000000000000000 3ff6d2dd4ab8eafd 10 0 8
7 402cc35850900000 40544f239da40000 3fc66d85d9e243bf 10 0 8
8 c07d4d79880c0000 0000000000000000 15a8506d466f1b31 10 0 8
9 1b4eda14e0e17824 0000000000000000 c079638856e33508 10 0 8
a bfe2c0f19ec00000 0000000000000000 400193679ec36285 10 0 8
7 c04d4d79880c0000 404d091fb12c0000 bfe947794382c1b2 10 0 8
8 c080f0ace8be0000 0000000000000000 0f0ea498be6e4451 10 0 8
9 15950801d9805eb0 0000000000000000 c07d5ae2c7d99b6c 10 0 8
a bfe5aef1cdc00000 0000000000000000 400285bb0baa3972 10 0 8
7 c050f0ace8be0000 c03458d422880000 bffdccd51baf8dc0 10 0 8
8 401ab445a5000000 0000000000000000 4088c96b587cb2af 10 0 8
9 407452bffc1c0565 0000000000000000 4017232da9adb14c 10 0 8
a 3f811736d0000000 0000000000000000 3ff8ffcccca3ea1e 10 0 8
7 3feab445a5000000 c048a3c402140000 4008ff4dcc33b85f 10 0 8
8 406c7f4c09f00000 0000000000000000 547dea211e6937aa 10 0 8
9 51bf658cd0d59879 0000000000000000 4068b0e4a931b6f2 10 0 8
a 3fd23cfd77000000 0000000000000000 3ff482542a09fef6 10 0 8
7 403c7f4c09f00000 4058ef51e1380000 3fd1cfb4aa15f029 10 0 8
8 c07b4cd3b0280000 0000000000000000 188c693a4382c501 10 0 8
9 1dcff4128fbfc517 0000000000000000 c077a75b69bdc66a 10 0 8
a bfe178d966800000 0000000000000000 40012fe26f84e432 10 0 8
7 c04b4cd3b0280000 4004bf8017800000 bff85f917419b9a8 10 0 8
8 4058915cb2600000 0000000000000000 48cb636d36541cc3 10 0 8
9 479c9f7d8953714f 0000000000000000 4055495127506740 10 0 8
a 3fbf72622c000000 0000000000000000 3ff7298f09d043e9 10 0 8
7 4028915cb2600000 40350ad002180000 3fe0e8adc1979e73 10 0 8
8 c06a6a7ab4880000 0000000000000000 2ce15fdb4410a372 10 0 8
9 2f6ca75ba922a356 0000000000000000 c066e33de9404ae4 10 0 8
a bfd0e7fc9c800000 0000000000000000 3ffd68f976e201c3 10 0 8
7 c03a6a7ab4880000 4008a87ee6c00000 bff74633c8dbedb8 10 0 8
8 c079feb1eb680000 0000000000000000 1a6f0cdd28865b3d 10 0 8
9 1f712bee84d7b410 0000000000000000 c07685da958c3529 10 0 8
a bfe0a3013a800000 0000000000000000 4000f0b27aa5e0f1 10 0 8
7 c049feb1eb680000 c058f62a72a40000 c0054acd14328eaa 10 0 8
8 c080bfd93cec0000 0000000000000000 0f9ac6285595ca3f 10 0 8
9 161043b92654ad2a 0000000000000000 c07d064680471fec 10 0 8
a bfe5707239800000 0000000000000000 40027095d01c7ecd 10 0 8
7 c050bfd93cec0000 c01a98ca25800000 bffab72a081e040b 10 0 8
8 4032a12483400000 0000000000000000 419d609ccc19d220 10 0 8
9 416384f0b0c7215f 0000000000000000 40302425af65e779 10 0 8
a 3f97d880a8000000 0000000000000000 3ff8c2971c8a71b7 10 0 8
7 4002a12483400000 4058f3da18420000 3f97e3009c4afafd 10 0 8
8 c086c25122d60000 0000000000000000 00000000009d9b33 18 0 8
9 0708e5fa87d9470a 0000000000000000 c083b81e7362207f 10 0 8
a bfed21af88c00000 0000000000000000 4005b83a022a1bb7 10 0 8
7 c056c25122d60000 c044a8ac01900000 bffff31f683023cd 10 0 8
8 c075ad5bde6c0000 0000000000000000 20a8a4013bf2a730 10 0 8
9 24d5f3f07bf56995 0000000000000000 c072c8272f114105 10 0 8
a bfdbbf2de9800000 0000000000000000 4000275bb0a31686 10 0 8
7 c045ad5bde6c0000 405851aef66e0000 bfdad51ef032aaa4 10 0 8
8 40883e44b9c40000 0000000000000000 7ff0000000000000 14 0 8
9 7c8a872e6195d637 0000000000000000 40850152652233f5 10 0 8
a 3fef08060c800000 0000000000000000 3fcf9313f8d07c3c 10 0 8
7 40583e44b9c40000 c0538db2b0ce0000 4001ff052a794c94 10 0 8
8 c053165cef800000 0000000000000000 390cdc819eeca807 10 0 8
9 39f7a41bb73c3232 0000000000000000 c05089b600946724 10 0 8
a bfb86e8b70000000 0000000000000000 3ffaa97c955a56da 10 0 8
7 c023165cef800000 4056ca7ac3900000 bfbab3e18df173a9 10 0 8
8 c06f7fa912000000 0000000000000000 2935f33d0a592d38 10 0 8
9 2c4025d5444864da 0000000000000000 c06b4aa11e1ebdde 10 0 8
a bfd428be20000000 0000000000000000 3ffe4283d4b4317a 10 0 8
7 c03f7fa912000000 c00263aeeb400000 bffa4c5dad2f92be 10 0 8
8 c0859c9d1a500000 0000000000000000 01933c529cc01837 10 0 8
9 09e716b1edd9982c 0000000000000000 c082b9a4fbee34ae 10 0 8
a bfeba9beda000000 0000000000000000 4004eb4d1bebd9b1 10 0 8
7 c0559c9d1a500000 c05755211ed60000 c00327dbe5f20c89 10 0 8
8 c065504493e00000 0000000000000000 309017f87510373b 10 0 8
9 329d21cec5b1e7c5 0000000000000000 c062777ef187c042 10 0 8
a bfcb4805dc000000 0000000000000000 3ffc91bbad1908b2 10 0 8
7 c035504493e00000 4053d741f06a0000 bfd0ca99f205573a 10 0 8
8 40829e066de00000 0000000000000000 75a67900dd0cb903 10 0 8
9 6e79d6890438570b 0000000000000000 4080217232d062e8 10 0 8
a 3fe7d4831c000000 0000000000000000 3fe7621733af1554 10 0 8
7 40529e066de00000 c046eb2329480000 4000fafa071753a9 10 0 8
8 40847569ff620000 0000000000000000 7af69c3ea0a8dcc3 10 0 8
9 731455f33ff0fa01 0000000000000000 4081b9df9c69531e 10 0 8
a 3fea2fe3d6400000 0000000000000000 3fe397b59f08cf5a 10 0 8
7 40547569ff620000 c04dc8a972940000 4001999c2d5ceb8a 10 0 8
8 c0818c435a4c0000 0000000000000000 0d4d6e75ed49a67a 10 0 8
9 1410f53d343eb27f 0000000000000000 c07e687fae08ce30 10 0 8
a bfe67618c5800000 0000000000000000 4002ca81d5c5a4fb 10 0 8
7 c0518c435a4c0000 c036b747d8080000 bffe23fd363e4d7e 10 0 8
8 c0559e100b400000 0000000000000000 382308d9e386d098 10 0 8
9 392e1fba5b7b30fb 0000000000000000 c052bae6615027b1 10 0 8
a bfbbab99a8000000 0000000000000000 3ffadd92c8fb86cb 10 0 8
7 c0259e100b400000 40481cdd49cc0000 bfcc38d978ee1f07 10 0 8
8 c041ea6c6a000000 0000000000000000 3cb3c86002a7abc3 10 0 8
9 3d22841ee6806a1a 0000000000000000 c03f0baa916e0594 10 0 8
a bfa6ee9f40000000 0000000000000000 3ff9d98005c32064 10 0 8
7 c011ea6c6a000000 40516335e6920000 bfb0769a6043ed53 10 0 8
8 4086ea5b27220000 0000000000000000 7ff0000000000000 14 0 8
9 79388ee8d857fa05 0000000000000000 4083dacf69dbc6e2 10 0 8
a 3fed54ef8e400000 0000000000000000 3fda521270b3ec44 10 0 8
7 4056ea5b27220000 404f45ef2b6c0000 3fef1aafb24079c5 10 0 8
8 40868fca143a0000 0000000000000000 7ff0000000000000 14 0 8
9 78561df92c77bc82 0000000000000000 40838c5713ea5c9f 10 0 8
a 3fece102a9400000 0000000000000000 3fdc8057c5769bfe 10 0 8
7 40568fca143a0000 c05109ee36b60000 4001bdb1329cc380 10 0 8
8 407ab60bcf680000 0000000000000000 6677d9c0170840ca 10 0 8
9 6152aa8a3dbc417d 0000000000000000 407724b72ad7d504 10 0 8
a 3fe118597a800000 0000000000000000 3ff01d86efc92955 10 0 8
7 404ab60bcf680000 405686def2c80000 3fe1200d8bb87e70 10 0 8
8 407fe614291c0000 0000000000000000 6df40252a4b516b8 10 0 8
9 67cf72b8ecd8055a 0000000000000000 407ba35e3a708361 10 0 8
a 3fe46a4a57c00000 0000000000000000 3fec20335a41031a 10 0 8
7 404fe614291c0000 c03539bcd2900000 3ffe458b19c2ff19 10 0 8
8 c0815b3e321e0000 0000000000000000 0dda582f6357990a 10 0 8
9 148ac8a711418ba1 0000000000000000 c07e138da5de4513 10 0 8
a bfe63759d9c00000 0000000000000000 4002b49946b4d3ff 10 0 8
7 c0515b3e321e0000 4056445b23720000 bfe52fe24baacdf0 10 0 8
8 407a225817cc0000 0000000000000000 65a321b62cae8330 10 0 8
9 6099b0a27ffcb4fc 0000000000000000 4076a4bdcf95647f 10 0 8
a 3fe0b9d1fac00000 0000000000000000 3ff0553390e44642 10 0 8
7 404a225817cc0000 c031afc9f2500000 3ffe5a74dbb851fb 10 0 8
8 c04a85a25cc00000 0000000000000000 3b2637d0f58a198d 10 0 8
9 3bc9e6d9c3efee93 0000000000000000 c046fac51023641a 10 0 8
a bfb0f95dac000000 0000000000000000 3ffa31c43a6531f0 10 0 8
7 c01a85a25cc00000 40402bcbd4c40000 bfc9e1fe5331e776 10 0 8
8 4076e97098d80000 0000000000000000 60fd657039964830 10 0 8
9 5c92dced457d043e 0000000000000000 4073da042fb6aae3 10 0 8
a 3fdd53c353000000 0000000000000000 3ff1843d626cee4b 10 0 8
7 4046e97098d80000 c05831eec7320000 400598562205d7ce 10 0 8
8 c081f7d198820000 0000000000000000 0c165cec4483de6f 10 0 8
9 1303679073b6711a 0000000000000000 c07f22e0e3192642 10 0 8
a bfe6ffc49a400000 0000000000000000 4002fb68bd5a8a14 10 0 8
7 c051f7d198820000 c055e314f4440000 c003a23925877b66 10 0 8
8 c084ec909de40000 0000000000000000 0390275b631226cf 10 0 8
9 0ba069a0ed7aa2cc 0000000000000000 c082211c1dd82d2d 10 0 8
a bfeac86730800000 0000000000000000 400480038ede024e 10 0 8
7 c054ec909de40000 404f0e0db9480000 bfedd60eb1317569 10 0 8
8 4075a36641400000 0000000000000000 5f264cef2ac00da3 10 0 8
9 5afb336bff6b99d1 0000000000000000 4072bf861c989a73 10 0 8
a 3fdbb26e68000000 0000000000000000 3ff1f8c87b054902 10 0 8
7 4045a36641400000 4043fb7a3adc0000 3fea67be04d8e4a4 10 0 8
8 c06e738690c00000 0000000000000000 29f75758922943bc 10 0 8
9 2ce66dc4bb5e1bb2 0000000000000000 c06a624eeb53e66b 10 0 8
a bfd37d22ec000000 0000000000000000 3ffe1564dbbf806a 10 0 8
7 c03e738690c00000 c0518288e6700000 c005da0f15a294d2 10 0 8
8 c057b2aa93c00000 0000000000000000 3762f49814e73e32 10 0 8
9 3886ca9f405b7aa2 0000000000000000 c054885da62298c8 10 0 8
a bfbe555538000000 0000000000000000 3ffb08753cb511bc 10 0 8
7 c027b2aa93c00000 4030a57c1cc00000 bfe3cb984abd0f1f 10 0 8
8 c081445a3f0c0000 0000000000000000 0e1cc9d5eee775a6 10 0 8
9 14c3f8df18a7476e 0000000000000000 c07debe321167433 10 0 8
a bfe61a0d1d800000 0000000000000000 4002aa72127c29d0 10 0 8
7 c051445a3f0c0000 c0589093cf9e0000 c0043b35c70353b2 10 0 8
8 4083cfa515620000 0000000000000000 7918543f720ab0cb 10 0 8
9 7175c60b92d78330 0000000000000000 40812a3ed3aa1dc6 10 0 8
a 3fe95bb496400000 0000000000000000 3fe4fdde9cee97d9 10 0 8
7 4053cfa515620000 4051e3c089660000 3feac3224dfef6bd 10 0 8
8 408600967d8a0000 0000000000000000 7f6b28853e8de27b 10 0 8
9 76f10d42b1b17e49 0000000000000000 40831043f6f50c4e 10 0 8
a 3fec29b663400000 0000000000000000 3fdfa9d4ee7b329f 10 0 8
7 405600967d8a0000 c03e17fd77500000 3ffe6782d5c6b09d 10 0 8
8 40762452a76c0000 0000000000000000 5fe131a7eb4d3794 10 0 8
9 5b9c987cc7f15688 0000000000000000 40732f3a3e938e9b 10 0 8
a 3fdc577409800000 0000000000000000 3ff1cae55c2c4ce0 10 0 8
7 40462452a76c0000 404f57646f740000 3fe3ae8e61dde713 10 0 8
8 c0823ec6d3240000 0000000000000000 0b49c0f48ba53150 10 0 8
9 12524448d59f535a 0000000000000000 c07f9dd6d490402f 10 0 8
a bfe75a9818800000 0000000000000000 40031c576e9ce608 10 0 8
7 c0523ec6d3240000 4048146ebf140000 bfef99940456740f 10 0 8
8 c06b0f3462080000 0000000000000000 2c69daee8c59eb0c 10 0 8
9 2f05337d7d3efd46 0000000000000000 c06771f727156c92 10 0 8
a bfd1516934800000 0000000000000000 3ffd84538f52bbf9 10 0 8
7 c03b0f3462080000 4053befdb5c00000 bfd51fb58e153d38 10 0 8
8 c078f634fd780000 0000000000000000 1bebf454068c79e5 10 0 8
9 20bb30ffcdde5cc3 0000000000000000 c075a0b1446a03b7 10 0 8
a bfdff37707000000 0000000000000000 4000bf832981e4a2 10 0 8
7 c048f634fd780000 c0516c41a24e0000 c00428ea1c8a7841 10 0 8
8 c06678c446c00000 0000000000000000 2fb8f357b5adbb59 10 0 8
9 31e3762482273475 0000000000000000 c06378647ca8090d 10 0 8
a bfccc38a98000000 0000000000000000 3ffcc25a49b1a825 10 0 8
7 c03678c446c00000 c0393d5a8b000000 c003502a5bb6e6ae 10 0 8
8 c06dbf1714700000 0000000000000000 2a79a08b738222c5 10 0 8
9 2d57311798f3a537 0000000000000000 c069c5f90bf7345e 10 0 8
a bfd309a85f000000 0000000000000000 3ffdf71ecfc9da8c 10 0 8
7 c03dbf1714700000 c044158d03000000 c004088ab96e049d 10 0 8
8 4085af44c75c0000 0000000000000000 7e812156525bf8cc 10 0 8
9 7624e7818597fcff 0000000000000000 4082c9cecac18e62 10 0 8
a 3febc19fb7800000 0000000000000000 3fe0aafb163ee479 10 0 8
7 4055af44c75c0000 c04acb30db400000 4000fe5ec1fa3a32 10 0 8
8 4077519c175c0000 0000000000000000 61934c59531ff6bd 10 0 8
9 5d14c2a79fe7a662 0000000000000000 40743445cf351bff 10 0 8
a 3fddd919b7800000 0000000000000000 3ff15ea58b6b6324 10 0 8
7 4047519c175c0000 c046978c7a000000 4002b91155029fa5 10 0 8
8 40756d2474940000 0000000000000000 5ed8078c8fc3d7e1 10 0 8
9 5ab70d06ddb0d56a 0000000000000000 40729083847afa87 10 0 8
a 3fdb6cfb76800000 0000000000000000 3ff20c054a1a52e4 10 0 8
7 40456d2474940000 401aa3b70ee00000 3ff6aa75f3e8ba1c 10 0 8
8 c05cc4e422400000 0000000000000000 358f8e2c8ccb9533 10 0 8
9 36f1cee62d603437 0000000000000000 c058ed3121836eb0 10 0 8
a bfc26987c4000000 0000000000000000 3ffb71395d5bb00c 10 0 8
7 c02cc4e422400000 405600228da80000 bfc4bd344d429278 10 0 8
8 c060517fdd780000 0000000000000000 34294b2298ef0e4b 10 0 8
9 35bc2d37321271d2 0000000000000000 c05c470e1175b82b 10 0 8
a bfc4e33307000000 0000000000000000 3ffbc1625e10ec3f 10 0 8
7 c030517fdd780000 403b4c631fc00000 bfe13db71264c1a1 10 0 8
8 c071ce73d9b40000 0000000000000000 263f5f7407ef7699 10 0 8
9 29ad42c111c6d860 0000000000000000 c06edb3241bdfd2f 10 0 8
a bfd6cad1ba800000 0000000000000000 3ffef56d0a842066 10 0 8
7 c041ce73d9b40000 c0517549c0740000 c0055c273f7ffbfd 10 0 8
8 406f6f4139d80000 0000000000000000 569bf05e8cc46b10 10 0 8
9 539455bfe2b4049d 0000000000000000 406b3c6a3ad4d607 10 0 8
a 3fd41e3e39800000 0000000000000000 3ff40436c39b002a 10 0 8
7 403f6f4139d80000 405001a701b40000 3fdd35953f9d19a6 10 0 8
8 c03c6f0ccac00000 0000000000000000 3d5f8804a526d060 10 0 8
9 3db5f97e3683acbe 0000000000000000 c038a2d0f2ba0b75 10 0 8
a bfa232978c000000 0000000000000000 3ff9b397ea852618 10 0 8
7 c00c6f0ccac00000 c054aae11bc60000 c008c9fc88a19b15 10 0 8
8 407ef05d1f600000 0000000000000000 6c91f62c30b01255 10 0 8
9 669b71a9d69877d9 0000000000000000 407ace78e6223aa8 10 0 8
a 3fe3cd0866000000 0000000000000000 3fecea5eb467cfe3 10 0 8
7 404ef05d1f600000 c0506cc789fa0000 400316d1e2a34d13 10 0 8
8 4076b217401c0000 0000000000000000 60ad95ed9422d91f 10 0 8
9 5c4e22704bda1a40 0000000000000000 4073aa0f621008d0 10 0 8
a 3fdd0cea8f800000 0000000000000000 3ff1982453b5243e 10 0 8
7 4046b217401c0000 4032b74ca9900000 3ff2e0174ba47259 10 0 8
8 404530fa3d000000 0000000000000000 43c1b1c33c1c2ae3 10 0 8
9 433f85ae32ef557f 0000000000000000 40425c628367d65a 10 0 8
a 3fab1ff8a0000000 0000000000000000 3ff848e18a62a6e0 10 0 8
7 401530fa3d000000 c03e31399cf80000 4007be3dcfd7df7d 10 0 8
8 c01c529984000000 0000000000000000 3f4b909ea12ae6d9 10 0 8
9 3f61be2f03ebcdda 0000000000000000 c0188a2a78555a35 10 0 8
a bf82206240000000 0000000000000000 3ff9463c37c98dcb 10 0 8
7 bfec529984000000 40587145e06e0000 bf828a19acd2767a 10 0 8
8 c0866f35c76e0000 0000000000000000 0000004e1bdaf9c7 18 0 8
9 07d8a601ca9735c2 0000000000000000 c083701cc22e3a35 10 0 8
a bfecb74f13c00000 0000000000000000 40057a0746f511f0 10 0 8
7 c0566f35c76e0000 4058f637cc060000 bfe76d8fc09ed11f 10 0 8
8 c08551da102c0000 0000000000000000 026adf3c626e7619 10 0 8
9 0aa283f21661c7d3 0000000000000000 c08278de451993ef 10 0 8
a bfeb4a0ce1800000 0000000000000000 4004bc9eac571f5b 10 0 8
7 c05551da102c0000 3fcc083498000000 bff917768a9ace72 10 0 8
8 c035ce0b07000000 0000000000000000 3df74cbc93ad12c1 10 0 8
9 3e3acbb3d76ef68a 0000000000000000 c032e478c63678f2 10 0 8
a bf9be903e0000000 0000000000000000 3ff991a2edf71a7d 10 0 8
7 c005ce0b07000000 404c9b5b89540000 bfa85f6d2c43e00a 10 0 8
8 40766292cbc40000 0000000000000000 603a4c37aa832f1c 10 0 8
9 5bea02cf416684da 0000000000000000 40736529dbf9df4d 10 0 8
a 3fdca7224c800000 0000000000000000 3ff1b4a60893ee9a 10 0 8
7 40466292cbc40000 c044e995bd040000 400293db901c91ca 10 0 8
8 406025b8ece80000 0000000000000000 4b949d890f6772ab 10 0 8
9 4a06374e80aeea1c 0000000000000000 405bfb31ebebdec3 10 0 8
a 3fc4ab2a25000000 0000000000000000 3ff689ad80ebf131 10 0 8
7 403025b8ece80000 404db6e5d9080000 3fd0fabd033d2661 10 0 8
8 4081781662760000 0000000000000000 725659f899c16479 10 0 8
9 6b9b2a2b5a081b25 0000000000000000 407e458978dc9079 10 0 8
a 3fe65c459cc00000 0000000000000000 3fe98213cd945422 10 0 8
7 4051781662760000 402353a524c00000 3ff6ef1b37acc30b 10 0 8
8 c07ee872089c0000 0000000000000000 13576101e12ae342 10 0 8
9 194ca50f73443868 0000000000000000 c07ac79c8f6beddc 10 0 8
a bfe3c7f70fc00000 0000000000000000 4001e5c6e9eba8ff 10 0 8
7 c04ee872089c0000 403ef13763280000 bff1b510bd79b56a 10 0 8
8 405af9e405200000 0000000000000000 49a9842d16a92c51 10 0 8
9 485d75b837afe69f 0000000000000000 40575f7f930fa27d 10 0 8
a 3fc143c522000000 0000000000000000 3ff6f7d24bb15bcb 10 0 8
7 402af9e405200000 40509f09d5120000 3fc99ec2172c3c09 10 0 8
8 c0688c42b2700000 0000000000000000 2e399de30f76eb04 10 0 8
9 3096f5d99d989ef5 0000000000000000 c06544e5974c6c54 10 0 8
a bfcf6bda7e000000 0000000000000000 3ffd19d88c6cae9f 10 0 8
7 c0388c42b2700000 c0387d9ca7800000 c002d718ba0ccff6 10 0 8
8 c07994858ad80000 0000000000000000 1b071a68901e89a3 10 0 8
9 1ff51087398d4a1a 0000000000000000 c07629dc94f70b5e 10 0 8
a bfe05f0dc9800000 0000000000000000 4000dcde5fc3f39a 10 0 8
7 c04994858ad80000 40448762d7980000 bfec9fdce47a3398 10 0 8
8 40772df53b940000 0000000000000000 6160a152b03eea71 10 0 8
9 5ce817796d4bbae7 0000000000000000 40741561fd3509f8 10 0 8
a 3fddab7756800000 0000000000000000 3ff16b887685ca38 10 0 8
7 40472df53b940000 4045747b2a300000 3fea5e55843414cc 10 0 8
8 40866bc946780000 0000000000000000 7ff0000000000000 14 0 8
9 77fcac2cb5ad7c81 0000000000000000 40836d25536d41ac 10 0 8
a 3fecb2ed27000000 0000000000000000 3fdd5377324263d7 10 0 8
7 40566bc946780000 c05601149da00000 4002c64584ecfeba 10 0 8
8 40740eef62400000 0000000000000000 5ce019e184d6347e 10 0 8
9 5901f60aeb8b7115 0000000000000000 407161150cdcf2ae 10 0 8
a 3fd9acb788000000 0000000000000000 3ff2873157154357 10 0 8
7 40440eef62400000 c04524d39f6c0000 40030f6e348ba29e 10 0 8
8 c07ef7aac5100000 0000000000000000 13420f0b02b0c80d 10 0 8
9 19391fd0a55de344 0000000000000000 c07ad4ccd3281fdd 10 0 8
a bfe3d1b4f9000000 0000000000000000 4001e8e08fef8cdc 10 0 8
7 c04ef7aac5100000 4043b32656e40000 bff0114b7d733749 10 0 8
8 4085165556380000 0000000000000000 7cc6ebc1f50cee90 10 0 8
9 74a676f4152c3133 0000000000000000 4082454ca70ac36e 10 0 8
a 3feafddddf000000 0000000000000000 3fe22544a177e554 10 0 8
7 4055165556380000 403db4eb53800000 3ff3b6fb68ef85bd 10 0 8
8 40076e01d8000000 0000000000000000 4032b41d363cfbfe 10 0 8
9 40294c06a97bbf36 0000000000000000 40044ce091e95e7b 10 0 8
a 3f6dfd7300000000 0000000000000000 3ff912fc98923ba9 10 0 8
7 3fd76e01d8000000 403e7d90d6980000 3f8896a6b5e1d7a7 10 0 8
8 4081d087f0280000 0000000000000000 735595ab81d1ee04 10 0 8
9 6c77f78543a3f635 0000000000000000 407edecc4b670914 10 0 8
a 3fe6cd7acd000000 0000000000000000 3fe8e24a62f5a0fc 10 0 8
7 4051d087f0280000 40414603d5d40000 3ff1e8f21032117c 10 0 8
8 c0733f1510d80000 0000000000000000 242a96662e55d15d 10 0 8
9 27e0d0b29fe72104 0000000000000000 c070acfdd2a83828 10 0 8
a bfd8a2aa53000000 0000000000000000 3fff746f4f6a8a65 10 0 8
7 c0433f1510d80000 c0377eb1c2f00000 c000f350d85562c1 10 0 8
8 c07b832f4e340000 0000000000000000 183e6be0fdba3d7a 10 0 8
9 1d8aee4cfbe933c4 0000000000000000 c077d6746071afc7 10 0 8
a bfe19ba365400000 0000000000000000 40013a4874f45db3 10 0 8
7 c04b832f4e340000 40552a96093a0000 bfe27125841663be 10 0 8
8 c08191ffc6500000 0000000000000000 0d3cbcd8ff99aa1b 10 0 8
9 140238ec4694aad4 0000000000000000 c07e727042d9aca6 10 0 8
a bfe67d705a000000 0000000000000000 4002cd15f8189f51 10 0 8
7 c05191ffc6500000 c03ceda941600000 bfff615c914c6782 10 0 8
8 c0831bbc19e20000 0000000000000000 08cca318aca08571 10 0 8
9 102964fbaeeed7c5 0000000000000000 c0808e5d7e0fa13b 10 0 8
a bfe8756ba6400000 0000000000000000 400386c3fb4a8c80 10 0 8
7 c0531bbc19e20000 405091ca6a880000 bfeb67f215e156a9 10 0 8
8 c07fa390b2400000 0000000000000000 12498aee3b83d4a9 10 0 8
9 1862a79a5ee5a0f4 0000000000000000 c07b69bd0e007720 10 0 8
a bfe43fb8c4000000 0000000000000000 40020c2663280ab1 10 0 8
7 c04fa390b2400000 4038991c72380000 bff3335f0d487aec 10 0 8
8 407dbdd1c6500000 0000000000000000 6ad70adcce5ef992 10 0 8
9 651c6f9930321cb5 0000000000000000 4079c4df30f7fd65 10 0 8
a 3fe308d82d000000 0000000000000000 3fede1383432846c 10 0 8
7 404dbdd1c6500000 403e16d93df00000 3ff1a3c49c180681 10 0 8
8 4062b31e9d880000 0000000000000000 4d6c50eedcd1e938 10 0 8
9 4b9fee2f25871ccf 0000000000000000 406033b91a6ed9ce 10 0 8
a 3fc7ef8359000000 0000000000000000 3ff61f81cb66d943 10 0 8
7 4032b31e9d880000 403209971c180000 3fe9b5a28065bcb8 10 0 8
8 407087f2c85c0000 0000000000000000 57c80dbae152258d 10 0 8
9 54989b4245932bb9 0000000000000000 406ca5685f26e782 10 0 8
a 3fd528e4d7800000 0000000000000000 3ff3bdc99f142cb3 10 0 8
7 404087f2c85c0000 4058fb637aea0000 3fd4730dc8c2e919 10 0 8
8 40047fb1c4000000 0000000000000000 4029eeb9f01d7c9b 10 0 8
9 40226aa9576ecfcf 0000000000000000 4001c2c7dd3dd27c 10 0 8
a 3f6a3d0c80000000 0000000000000000 3ff914dccc8bd6f1 10 0 8
7 3fd47fb1c4000000 c047c0a23a8c0000 4009142c7659e184 10 0 8
8 c06e87528ca80000 0000000000000000 29e9257d91261b9a 10 0 8
9 2cda3eb344baaa03 0000000000000000 c06a7375fe26fe25 10 0 8
a bfd389ce6e800000 0000000000000000 3ffe18b846c8bbc6 10 0 8
7 c03e87528ca80000 c046d7f0d7440000 c0046b904c1751c2 10 0 8
8 c0747bdef62c0000 0000000000000000 2261faee5f8859cd 10 0 8
9 26540252b106aabc 0000000000000000 c071bf77cb9039f4 10 0 8
a bfda3827a1800000 0000000000000000 3fffe2e7b1867295 10 0 8
7 c0447bdef62c0000 c0562794f02e0000 c005ab22de41005b 10 0 8
8 4085782a16780000 0000000000000000 7de1e407c3ea72ed 10 0 8
9 759b64611f36053c 0000000000000000 40829a1046921d35 10 0 8
a 3feb7b1727000000 0000000000000000 3fe136a63689b9f1 10 0 8
7 4055782a16780000 404036d2d82c0000 3ff35b16d7908122 10 0 8
8 4074fd60f5380000 0000000000000000 5e36c597505e415b 10 0 8
9 5a2bc3eea2a6d81c 0000000000000000 40722fad8b41e0bd 10 0 8
a 3fdaddecbf000000 0000000000000000 3ff23383924df3d7 10 0 8
7 4044fd60f5380000 c0538295ecd80000 40052f3fccbdee05 10 0 8
8 c086ea4683bc0000 0000000000000000 0000000000011145 18 0 8
9 06a507feadb3e715 0000000000000000 c083dabd882480c8 10 0 8
a bfed54d523800000 0000000000000000 4005d7a8811dce14 10 0 8
7 c056ea4683bc0000 c03312a512280000 bffc6a4a88d4a67a 10 0 8
8 4049e37fbbe00000 0000000000000000 4499f8ecbeba1a04 10 0 8
9 43fa62ab79cf9455 0000000000000000 40466e4a4f59aa7b 10 0 8
a 3fb091996e000000 0000000000000000 3ff818b2451d1bfd 10 0 8
7 4019e37fbbe00000 40406f657e600000 3fc8e2888f4ec968 10 0 8
8 c0874859f8f80000 0000000000000000 0000000000000001 18 0 8
9 05b9e757866a6b85 0000000000000000 c0842c40420de371 10 0 8
a bfedcd3ff7000000 0000000000000000 40062673c2a85719 10 0 8
7 c0574859f8f80000 c027169209500000 bffb1b20faa2abc4 10 0 8
8 401ae9ed95000000 0000000000000000 408a1ec6494c6f44 10 0 8
9 40754465c775dda9 0000000000000000 401751aaf21c52c3 10 0 8
a 3f81398dd0000000 0000000000000000 3ff8ff881e05f2c7 10 0 8
7 3feae9ed95000000 4043ec3009440000 3f959c8861c5bd19 10 0 8
8 c07c39263f680000 0000000000000000 1736efa5120d2ebf 10 0 8
9 1ca72fb37c8223d6 0000000000000000 c078741d6ba8cfce 10 0 8
a bfe210187a800000 0000000000000000 40015d599b035173 10 0 8
7 c04c39263f680000 c0445e8fac600000 c001915022f433cf 10 0 8
8 4032fa89b7c00000 0000000000000000 41a4d3dd374d2281 10 0 8
9 416a6a72b111859b 0000000000000000 4030719a34518ac2 10 0 8
a 3f984aedb8000000 0000000000000000 3ff8c0cd47e88470 10 0 8
7 4002fa89b7c00000 4048b61b2aa00000 3fa88ebec0208c56 10 0 8
8 c06a6e179b880000 0000000000000000 2cdf09fb5304c8c9 10 0 8
9 2f69fbc55ca6fd15 0000000000000000 c066e65f4727de84 10 0 8
a bfd0ea4c8c800000 0000000000000000 3ffd6992e6e7e6a3 10 0 8
7 c03a6e179b880000 c02f391714400000 c000d5aa8b1e4894 10 0 8
8 407fd152d49c0000 0000000000000000 6dd5dfa45320142d 10 0 8
9 67b470edb9f1229e 0000000000000000 407b9162941d8676 10 0 8
a 3fe45d01cfc00000 0000000000000000 3fec316f750cfcc3 10 0 8
7 404fd152d49c0000 c035f1098dd00000 3ffe7200577f528a 10 0 8
8 40661ef82a800000 0000000000000000 4fe3d7cef4879d31 10 0 8
9 4dc280f2b22740b9 0000000000000000 40632a96ce9daa57 10 0 8
a 3fcc5099d0000000 0000000000000000 3ff590597376f2d6 10 0 8
7 40361ef82a800000 c03749a956180000 40030e18fc82adac 10 0 8
8 c073c823fe5c0000 0000000000000000 2364bd6ea6ef2273 10 0 8
9 27349790a7bf3f1b 0000000000000000 c07123be54480979 10 0 8
a bfd9521997800000 0000000000000000 3fffa4125927284c 10 0 8
7 c043c823fe5c0000 404193a8b8a40000 bfeb04ef85874d39 10 0 8
8 c070af341d440000 0000000000000000 27dd49b9102ac520 10 0 8
9 2b13ddaa78417815 0000000000000000 c06ce96e89559ee1 10 0 8
a bfd55b23fc800000 0000000000000000 3ffe937e64154528 10 0 8
7 c040af341d440000 c0508668e8ea0000 c005648c12fc955b 10 0 8
8 4088134689fa0000 0000000000000000 7ff0000000000000 14 0 8
9 7c2021a63baf5a63 0000000000000000 4084dc1242cf338a 10 0 8
a 3feed0fe21400000 0000000000000000 3fd17611f1deb235 10 0 8
7 4058134689fa0000 c0563a9089680000 400287dbdb75fbc7 10 0 8
8 40887f28692c0000 0000000000000000 7ff0000000000000 14 0 8
9 7d2d35e2e1bcc024 0000000000000000 4085398b52d01060 10 0 8
a 3fef5b1501800000 0000000000000000 3fc9ba34589e9d52 10 0 8
7 40587f28692c0000 40205d9007000000 3ff7ccb8f75441eb 10 0 8
8 406fc2a6a3d80000 0000000000000000 56d7a79b5d1c0b60 10 0 8
9 53c84fae2b0a975a 0000000000000000 406b84ac166764ae 10 0 8
a 3fd4539dd9800000 0000000000000000 3ff3f626667da37a 10 0 8
7 403fc2a6a3d80000 40451798930c0000 3fe4a6b70315797d 10 0 8
8 c087670647020000 0000000000000000 0000000000000000 18 0 8
9 056de83b11e89415 0000000000000000 c08446d3c3007001 10 0 8
a bfedf482ea400000 0000000000000000 400641dea9960cbc 10 0 8
7 c057670647020000 c0373286e0e00000 bffd04f6fe50458e 10 0 8
8 c078d3dc4cf40000 0000000000000000 1c1de5d873c458b7 10 0 8
9 20e5d513f79445fc 0000000000000000 c07582eefb78a7c4 10 0 8
a bfdfc78062800000 0000000000000000 4000b92cf7101956 10 0 8
7 c048d3dc4cf40000 4041ba2855c00000 bfee6c5e0a0b8f4f 10 0 8
8 4057d9ce6b700000 0000000000000000 4888e5012102f14d 10 0 8
9 4763149e07f2bdd1 0000000000000000 4054aa472e53a74c 10 0 8
a 3fbe876e9e000000 0000000000000000 3ff7385a1c0fcc76 10 0 8
7 4027d9ce6b700000 404e0d7eb5280000 3fc91215b18a0d3d 10 0 8
8 408178efb4400000 0000000000000000 7258da8821e71975 10 0 8
9 6b9dc7d9445f27c7 0000000000000000 407e47020edf252a 10 0 8
a 3fe65d5bc8000000 0000000000000000 3fe9808ee97ff3a3 10 0 8
7 405178efb4400000 405410b684500000 3fe6ed0671d38a24 10 0 8
8 4072818d9a6c0000 0000000000000000 5aa2192519302736 10 0 8
9 571167661a7a4860 0000000000000000 407008c6e979a833 10 0 8
a 3fd7b01169800000 0000000000000000 3ff311069c44e623 10 0 8
7 4042818d9a6c0000 404ddf436f780000 3fe1bf9f5cfcc6f5 10 0 8
8 406e16eaf4500000 0000000000000000 55a36d7b5f994ffe 10 0 8
9 52bdc22808b4a08d 0000000000000000 406a1211d6eafcb5 10 0 8
a 3fd341de0d000000 0000000000000000 3ff43e1dbdb93253 10 0 8
7 403e16eaf4500000 4056158588940000 3fd502d762c5e3b0 10 0 8
8 4053fd2813e00000 0000000000000000 47246a0d838adf68 10 0 8
9 462ecaa4e6864b92 0000000000000000 405151ada4dab4db 10 0 8
a 3fb995f5dc000000 0000000000000000 3ff787ecb3cd2b5e 10 0 8
7 4023fd2813e00000 403a29d35fe80000 3fd75a6f10cb8eca 10 0 8
8 408718537ed60000 0000000000000000 7ff0000000000000 14 0 8
9 79abe04e1ab87bb3 0000000000000000 408402a3e7c62dca 10 0 8
a 3fed8fc708c00000 0000000000000000 3fd9255845c085e7 10 0 8
7 405718537ed60000 403b36ec38700000 3ff48c85d3283165 10 0 8
8 4084a7275b9e0000 0000000000000000 7b8624bb7e0fc17b 10 0 8
9 73915c65c35268c2 0000000000000000 4081e4f83a1a39b6 10 0 8
a 3fea6f8e89c00000 0000000000000000 3fe327d7392d4be6 10 0 8
7 4054a7275b9e0000 405631e9f1140000 3fe7fb4a91f11155 10 0 8
8 c07eb13ad0980000 0000000000000000 13a709592d952f93 10 0 8
9 1991cd2e7c4b6286 0000000000000000 c07a97c5538f86ad 10 0 8
a bfe3a4a085800000 0000000000000000 4001da8fe0099cbd 10 0 8
7 c04eb13ad0980000 c047193a6c380000 c001ba43aa7368f4 10 0 8
8 405967d31b900000 0000000000000000 49186b41b705841c 10 0 8
9 47e04fc3f8ea5494 0000000000000000 4056032277bbffcd 10 0 8
a 3fc04272a1000000 0000000000000000 3ff7184428714f23 10 0 8
7 402967d31b900000 c0535f13424c0000 4007d532b3c3d654 10 0 8
8 405fc8214ac00000 0000000000000000 4b65317e4947b16b 10 0 8
9 49de0a1e264921e4 0000000000000000 405b896b6491765a 10 0 8
a 3fc4571f8c000000 0000000000000000 3ff69452036f2081 10 0 8
7 402fc8214ac00000 400589aa69c00000 3ff6729171869767 10 0 8
8 c084aa95f7d60000 0000000000000000 044e1ca3b328b0de 10 0 8
9 0c44560697142e26 0000000000000000 c081e7f17c166818 10 0 8
a bfea73f328c00000 0000000000000000 400459f8d19a0d97 10 0 8
7 c054aa95f7d60000 c053b20010200000 c002a839652dd410 10 0 8
8 4074d660b66c0000 0000000000000000 5dffd5a7e0cb1f47 10 0 8
9 59fae05747312eff 0000000000000000 40720de2dac8a4a1 10 0 8
a 3fdaac00e9800000 0000000000000000 3ff2414100f997a0 10 0 8
7 4044d660b66c0000 c05416b4fb5c0000 40054e20ad30ddea 10 0 8
8 407da6dacac80000 0000000000000000 6ab5f0c332728662 10 0 8
9 6500661908251da4 0000000000000000 4079b0f970e9a98b 10 0 8
a 3fe2fa25a0800000 0000000000000000 3fedf37cffb8e7b7 10 0 8
7 404da6dacac80000 4058a55ecd5c0000 3fe1547896c50ea8 10 0 8
8 c0820d4620980000 0000000000000000 0bd87c60c0be717f 10 0 8
9 12ce661ef448762b 0000000000000000 c07f480eb81446dd 10 0 8
a bfe71b3b0b000000 0000000000000000 4003054eeeb2473b 10 0 8
7 c0520d4620980000 c00388ff78000000 bff9ac7252e34357 10 0 8
8 c0787f7456ac0000 0000000000000000 1c96d3faf2139297 10 0 8
9 21507ad006721eb2 0000000000000000 c07539cd1c1f86ec 10 0 8
a bfdf5b7631800000 0000000000000000 4000a9a68b0fca02 10 0 8
7 c0487f7456ac0000 c05823261c000000 c005603b0b8d7ffc 10 0 8
8 408179539f5a0000 0000000000000000 725a18a54a3b64bd 10 0 8
9 6b9f1107f86aa7f5 0000000000000000 407e47af3413b53a 10 0 8
a 3fe65ddbad400000 0000000000000000 3fe97fdc15e9a6a3 10 0 8
7 405179539f5a0000 4039795075e80000 3ff38a73fede2d6a 10 0 8
8 40883229ac580000 0000000000000000 7ff0000000000000 14 0 8
9 7c6c998f4cb7bbdc 0000000000000000 4084f6d5454ef48e 10 0 8
a 3feef88743000000 0000000000000000 3fd0468fc4a39e77 10 0 8
7 40583229ac580000 4042d76547140000 3ff3312b9ed2de45 10 0 8
8 c06dbdb0cf400000 0000000000000000 2a7ac5d4cc1114f3 10 0 8
9 2d581661bce3dd1e 0000000000000000 c069c4c2a114075a 10 0 8
a bfd308c314000000 0000000000000000 3ffdf6e2c5656bcf 10 0 8
7 c03dbdb0cf400000 c04422ec91780000 c0040b43e0dc987f 10 0 8
8 c07a0e73ee700000 0000000000000000 1a5731a1371790e2 10 0 8
9 1f5d42a03726de43 0000000000000000 c0769381ca01aa56 10 0 8
a bfe0ad16ff000000 0000000000000000 4000f3a665511e79 10 0 8
7 c04a0e73ee700000 c027f4a312700000 bffcbf5934bf968c 10 0 8
8 c050aa3896800000 0000000000000000 39ec734bdbcd88f5 10 0 8
9 3ab98d56b09e5c9e 0000000000000000 c04ce0cc37b43efd 10 0 8
a bfb554c350000000 0000000000000000 3ffa77acf51f5ccf 10 0 8
7 c020aa3896800000 c054d93b41c20000 c008560794f0993e 10 0 8
8 408490c97ad00000 0000000000000000 7b45a27419ea30d1 10 0 8
9 7358a4074e53cccb 0000000000000000 4081d19721b071e9 10 0 8
a 3fea52ed6a000000 0000000000000000 3fe35a6b32085ac3 10 0 8
7 405490c97ad00000 c038e5adf1080000 3ffdd5c3351fb6a2 10 0 8
8 405a519624c00000 0000000000000000 496d6f207530f4ab 10 0 8
9 482824685ea59b8e 0000000000000000 4056cdac81d8ddc1 10 0 8
a 3fc0d80e2c000000 0000000000000000 3ff705682cf177ef 10 0 8
7 402a519624c00000 4043c87b60480000 3fd48c9973df3b5b 10 0 8
8 c085e8fa2ba40000 0000000000000000 00b68ac2f7e4437d 10 0 8
9 092834cd35334514 0000000000000000 c082fbcef5e60e1c 10 0 8
a bfec0b7da8800000 0000000000000000 40051cf3f1bcea20 10 0 8
7 c055e8fa2ba40000 402bc28239200000 bff69ea08b96d370 10 0 8
8 40413dbb4ec00000 0000000000000000 430adc4784370ced 10 0 8
9 42a12ea8ef6ba8e5 0000000000000000 403de06a063cd8ac 10 0 8
a 3fa6119398000000 0000000000000000 3ff87160b5d997a4 10 0 8
7 40113dbb4ec00000 c050c9862dcc0000 40089eb35f33e061 10 0 8
8 c074d98753c80000 0000000000000000 21da6aa34c42dbfb 10 0 8
9 25e00fdcdd3bca75 0000000000000000 c072109dbba56590 10 0 8
a bfdab00961000000 0000000000000000 400001e8cf9fd82a 10 0 8
7 c044d98753c80000 c042aaa85fb80000 c0026875815f1504 10 0 8
8 c08731bfa1420000 0000000000000000 0000000000000009 18 0 8
9 05f2b93fec733ee2 0000000000000000 c08418aac630d5fb 10 0 8
a bfedb05172400000 0000000000000000 400612d5a5d23785 10 0 8
7 c05731bfa1420000 c0559547031a0000 c0028fd34f60945e 10 0 8
8 407806738e080000 0000000000000000 6297dc850fe5d7ef 10 0 8
9 5df6b0c294f67ee8 0000000000000000 4074d0f5c59ed871 10 0 8
a 3fdec093e9000000 0000000000000000 3ff11cf2488a4508 10 0 8
7 404806738e080000 404523d38fdc0000 3feb2c98700fc034 10 0 8
8 406ea760d5400000 0000000000000000 560bb8ad33a1f347 10 0 8
9 53173c197313c31e 0000000000000000 406a8f3c3218297a 10 0 8
a 3fd39e5274000000 0000000000000000 3ff425db42ccde97 10 0 8
7 403ea760d5400000 c046095dc2200000 400445625b58aa11 10 0 8
8 c082f31bec600000 0000000000000000 0941f3e052080743 10 0 8
9 10902888ddbad2b1 0000000000000000 c0806b2a6cd08bf4 10 0 8
a bfe8416b6c000000 0000000000000000 400372b874e787ea 10 0 8
7 c052f31bec600000 404a12cb47200000 bfeefb6f64ffbfc7 10 0 8
8 4067b14e16780000 0000000000000000 5105d98adc1332c6 10 0 8
9 4ebe6648795af6fe 0000000000000000 4064872fb4b79971 10 0 8
a 3fce539727000000 0000000000000000 3ff54e3769ae22dd 10 0 8
7 4037b14e16780000 c011af8d2c800000 3ffc15abf4e9d894 10 0 8
8 c05b378a48800000 0000000000000000 361ea1a86c5e659c 10 0 8
9 376e2c872f92d102 0000000000000000 c05794e9dd0de0ec 10 0 8
a bfc16b39c8000000 0000000000000000 3ffb511eb188ca58 10 0 8
7 c02b378a48800000 c04a81e3d0dc0000 c0071f62f0614762 10 0 8
8 c0760c5806c00000 0000000000000000 2020a8f823639f10 10 0 8
9 2460666fc4a7b212 0000000000000000 c0731a7387660e3b 10 0 8
a bfdc38c298000000 0000000000000000 40003841c3e5d58b 10 0 8
7 c0460c5806c00000 402ca31d96a00000 bff41bf5b041492a 10 0 8
8 c0886bbd5a280000 0000000000000000 0000000000000000 18 0 8
9 02e1f274f4a40cf1 0000000000000000 c08528b83ab83a73 10 0 8
a bfef423a0d000000 0000000000000000 4007684cce060c76 10 0 8
7 c0586bbd5a280000 40531b09fd660000 bfed056b6478c1c0 10 0 8
8 4083504eb4d00000 0000000000000000 77a8f340013f55e5 10 0 8
9 703764bf46dbecc9 0000000000000000 4080bbea7c3824c8 10 0 8
a 3fe8b8b6aa000000 0000000000000000 3fe603b3de123095 10 0 8
7 4053504eb4d00000 4027df609db00000 3ff6ae17b13f485f 10 0 8
8 40725208daa40000 0000000000000000 5a5db6f33fcea16e 10 0 8
9 56d53e5866e9204b 0000000000000000 406fbf35eb8b4999 10 0 8
a 3fd7733e88800000 0000000000000000 3ff3216197738474 10 0 8
7 40425208daa40000 c0452d2621940000 40036d5096334a11 10 0 8
8 c081d1c0a28c0000 0000000000000000 0c845c9bd8ada4da 10 0 8
9 1362b7364a8d18d6 0000000000000000 c07ee0ea2828ad3d 10 0 8
a bfe6cf0b0d800000 0000000000000000 4002e9f76037147c 10 0 8
7 c051d1c0a28c0000 401f053133e00000 bff76613ebc965df 10 0 8
8 406f856621b00000 0000000000000000 56abe8348e2f6a02 10 0 8
9 53a284bd6ddb9b83 0000000000000000 406b4f99f656c27f 10 0 8
a 3fd42c6a53000000 0000000000000000 3ff4007b2947f2c8 10 0 8
7 403f856621b00000 4054f3a9ff800000 3fd70618901d9f3d 10 0 8
8 4084c1b7219c0000 0000000000000000 7bd324f63ccac274 10 0 8
9 73d3443af8d5c28d 0000000000000000 4081fbfbc81b7eb1 10 0 8
a 3fea918e3f800000 0000000000000000 3fe2eb2ce7d9cf92 10 0 8
7 4054c1b7219c0000 4013f8f0b8400000 3ff82bf36b163082 10 0 8
8 c06a6e92c5380000 0000000000000000 2cde936945c8aa1d 10 0 8
9 2f69a5af1f4ea1db 0000000000000000 c066e6c9fd8c58f4 10 0 8
a bfd0ea9b5f800000 0000000000000000 3ffd69a755ac6489 10 0 8
7 c03a6e92c5380000 405430b0e9800000 bfd43e3cbb99b570 10 0 8
8 c07e7de16a540000 0000000000000000 13f1d3839aec6b29 10 0 8
9 19d1f22794f5048e 0000000000000000 c07a6b47b4a767ea 10 0 8
a bfe383c377400000 0000000000000000 4001d02ccf9a9db7 10 0 8
7 c04e7de16a540000 405169137e620000 bfe703c69cbb441a 10 0 8
8 405b7fe64b600000 0000000000000000 49d9e33bb922f2c8 10 0 8
9 488698bfec32dd49 0000000000000000 4057d39bb2397708 10 0 8
a 3fc1998926000000 0000000000000000 3ff6ecfffb3b5063 10 0 8
7 402b7fe64b600000 404587cd46e00000 3fd3c7eb86ad6563 10 0 8
8 c07455e9d7c00000 0000000000000000 2298195c5b97ae81 10 0 8
9 26838909b9ae0913 0000000000000000 c0719e948da2be69 10 0 8
a bfda0791b8000000 0000000000000000 3fffd599849907f3 10 0 8
7 c04455e9d7c00000 c03bf0d49b380000 c00161c4686a9431 10 0 8
8 4080bb0d6b3e0000 0000000000000000 7034fff94079dc0e 10 0 8
9 69c2b9c11aba2854 0000000000000000 407cfdf6da500b27 10 0 8
a 3fe56a4e9dc00000 0000000000000000 3feacdda14d25a9d 10 0 8
7 4050bb0d6b3e0000 4041ffb85f900000 3ff13c93a8dfb281 10 0 8
8 c083eac7dfe60000 0000000000000000 0676a7caa4bbdd29 10 0 8
9 0e23e9428e3a6c55 0000000000000000 c08141c1c33b6b81 10 0 8
a bfe97e707ac00000 0000000000000000 4003f0d0ddda2ef6 10 0 8
7 c053eac7dfe60000 c034d0f5fe080000 bffd38ce4bf1c85b 10 0 8
8 c0807bda927a0000 0000000000000000 10600d74ac3654dc 10 0 8
9 16b911b72e6468c5 0000000000000000 c07c90730c3b10a0 10 0 8
a bfe51969b1400000 0000000000000000 4002537659656f77 10 0 8
7 c0507bda927a0000 c01bc809f8600000 bffacfda4abbb2c5 10 0 8
8 404699ecc3e00000 0000000000000000 44028d3a746c65e0 10 0 8
9 4376ad5eeba7094a 0000000000000000 4043951f33b702f7 10 0 8
a 3facedfbdc000000 0000000000000000 3ff83a6be3266fd5 10 0 8
7 401699ecc3e00000 4056b9545b3a0000 3fafc94e20d94127 10 0 8
8 400c5803a6000000 0000000000000000 404148e9d08fa0c6 10 0 8
9 4035895fa0bfa0f1 0000000000000000 40088edb766dffd3 10 0 8
a 3f7223d960000000 0000000000000000 3ff90fd777014dfe 10 0 8
7 3fdc5803a6000000 404d065fffdc0000 3f7f3f9c9f3908a1 10 0 8
8 c07e9db9f51c0000 0000000000000000 13c37ca984952f9c 10 0 8
9 19a997924e139024 0000000000000000 c07a86df585c1cdd 10 0 8
a bfe3982517c00000 0000000000000000 4001d69caf80a836 10 0 8
7 c04e9db9f51c0000 c04863e5c3300000 c001f2aa6c8d3c27 10 0 8
8 4088c425146c0000 0000000000000000 7ff0000000000000 14 0 8
9 7dd910c5477f95af 0000000000000000 4085755120894e23 10 0 8
a 3fefb362a9800000 0000000000000000 3fc1850630a8e5dd 10 0 8
7 4058c425146c0000 4047b69b10680000 3ff1fd2001168679 10 0 8
8 4073bb8203880000 0000000000000000 5c666b00977a6726 10 0 8
9 589917175789eb51 0000000000000000 407118cc4c9bb73f 10 0 8
a 3fd941ee19000000 0000000000000000 3ff2a44adcdc5d85 10 0 8
7 4043bb8203880000 4054a6829e600000 3fdc867df70dcdb0 10 0 8
8 c07b5a49d4a80000 0000000000000000 18787f6d5448ffd3 10 0 8
9 1dbed43ccede156d 0000000000000000 c077b30544a0064b 10 0 8
a bfe18176ee800000 0000000000000000 40013274d988d65a 10 0 8
7 c04b5a49d4a80000 40503e1c000e0000 bfe6650951673195 10 0 8
8 405d596060a00000 0000000000000000 4a84a3cbc8e8617e 10 0 8
9 491ad3cf2e62a510 0000000000000000 40596dd83af54018 10 0 8
a 3fc2c88f9a000000 0000000000000000 3ff6c6bbb267600c 10 0 8
7 402d596060a00000 40539683691e0000 3fc7b2dbb059b2ae 10 0 8
8 c082e38c74680000 0000000000000000 096f63e4926c9ebb 10 0 8
9 10b5c9f71ea523e0 0000000000000000 c0805daf0332fd76 10 0 8
a bfe82d8095000000 0000000000000000 40036b1a66fd44cd 10 0 8
7 c052e38c74680000 c0493787caf80000 c001466977ecd6c9 10 0 8
8 4075123cafec0000 0000000000000000 5e54f726d14b3c28 10 0 8
9 5a457a4d24a101b2 0000000000000000 407241c0111e4986 10 0 8
a 3fdaf89f99800000 0000000000000000 3ff22c2827aac8d7 10 0 8
7 4045123cafec0000 404fa005b9e00000 3fe2cebccd6f3f65 10 0 8
8 c07f085cdbdc0000 0000000000000000 132971724ffca93a 10 0 8
9 19245888c8036958 0000000000000000 c07ae3440a71d35e 10 0 8
a bfe3dc6463c00000 0000000000000000 4001ec4828575200 10 0 8
7 c04f085cdbdc0000 c040b09739dc0000 c000838e00444561 10 0 8
8 405dc92de1500000 0000000000000000 4aad9a24dc25bb0b 10 0 8
9 493e7820227cd4bf 0000000000000000 4059ceb6df671be6 10 0 8
a 3fc3101d5d000000 0000000000000000 3ff6bdb08953ca05 10 0 8
7 402dc92de1500000 401848a9a0000000 3ff2f08532e9b356 10 0 8
8 4026852251000000 0000000000000000 40f2f56b4dce4b85 10 0 8
9 40d0daab5c4c8642 0000000000000000 4023831ba6cf146a 10 0 8
a 3f8cd35f20000000 0000000000000000 3ff8e854194196d4 10 0 8
7 3ff6852251000000 404c90606ccc0000 3f9939545a1c3204 10 0 8
8 406bd5c48d300000 0000000000000000 540327cb10a27ce7 10 0 8
9 515465b3389513b4 0000000000000000 40681e01dedebafa 10 0 8
a 3fd1d07dcb000000 0000000000000000 3ff49e99184d9b54 10 0 8
7 403bd5c48d300000 c05174f965f20000 4006192273affc05 10 0 8
8 c07679f6865c0000 0000000000000000 1f820d75fe3be572 10 0 8
9 23d62fde1c0f1b21 0000000000000000 c073796dd4bddb9b 10 0 8
a bfdcc51297800000 0000000000000000 40004bd84580a297 10 0 8
7 c04679f6865c0000 c03e91be37500000 c001580d3a9283b7 10 0 8
8 405a283741900000 0000000000000000 495ed79b11752c3a 10 0 8
9 481b9410958c8491 0000000000000000 4056a9d433d6b3f3 10 0 8
a 3fc0bd9401000000 0000000000000000 3ff708bed5473e82 10 0 8
7 402a283741900000 c034acf288c80000 40049edfc52d1d36 10 0 8
8 4085c9cb65680000 0000000000000000 7ecd7cf41456577b 10 0 8
9 76671bf22505a467 0000000000000000 4082e0ca69e31e57 10 0 8
a 3febe393b5000000 0000000000000000 3fe0663facaf4cd2 10 0 8
7 4055c9cb65680000 40554081301c0000 3fe9880cd8b2e8b8 10 0 8
8 c0858f59aaac0000 0000000000000000 01b93d3ba49aec7d 10 0 8
9 0a0846ed62d8d7f8 0000000000000000 c082ae27101ab36f 10 0 8
a bfeb98c4b1800000 0000000000000000 4004e2e33afc0052 10 0 8
7 c0558f59aaac0000 c056cc37eb220000 c003129e8b39151c 10 0 8
8 4055155f7d800000 0000000000000000 47896ccd1f859064 10 0 8
9 46855e710afed0d1 0000000000000000 40524477a487d56e 10 0 8
a 3fbafca330000000 0000000000000000 3ff771635dfcbfce 10 0 8
7 4025155f7d800000 404250c117380000 3fd1eefa84d5af57 10 0 8
8 407a7cbb1d400000 0000000000000000 66253a7d8c413364 10 0 8
9 610acee68c6c86f1 0000000000000000 4076f30e3ebe6cf4 10 0 8
a 3fe0f3aaf4000000 0000000000000000 3ff0332ff5b9ce62 10 0 8
7 404a7cbb1d400000 40490cc572e80000 3fea06649ae9ef77 10 0 8
8 c084dda61ad40000 0000000000000000 03ba0f1d9254fbcf 10 0 8
9 0bc4a3d3dcfa1d9f 0000000000000000 c082142fa0c9c1ef 10 0 8
a bfeab54f7e800000 0000000000000000 40047751f80a526b 10 0 8
7 c054dda61ad40000 4052c91eed360000 bfeacf5b02cfc5ba 10 0 8
8 40879e79cf420000 0000000000000000 7ff0000000000000 14 0 8
9 7afb216c1539a9e1 0000000000000000 408476df40ce6a94 10 0 8
a 3fee3b7d32400000 0000000000000000 3fd55f1829bec726 10 0 8
7 40579e79cf420000 401bdb5deb600000 3ff7f4980e25b7ca 10 0 8
8 40866e81c30e0000 0000000000000000 7ff0000000000000 14 0 8
9 78033fb4acbad20a 0000000000000000 40836f80c91cc172 10 0 8
a 3fecb668a7c00000 0000000000000000 3fdd43b4851a3089 10 0 8
7 40566e81c30e0000 c05459becdec0000 400275f11bf9a0f8 10 0 8
8 c0762ce377300000 0000000000000000 1ff16f0e59e90dd6 10 0 8
9 243684e99ebe8926 0000000000000000 c07336a62bbffaf7 10 0 8
a bfdc626ad6000000 0000000000000000 40003e100831cfc0 10 0 8
7 c0462ce377300000 c02ed1502f400000 bffe7b9eef79e71a 10 0 8
8 c064541f13380000 0000000000000000 3144c472184c66df 10 0 8
9 333a3ee52e3c5117 0000000000000000 c0619d070fb41e00 10 0 8
a bfca05467f000000 0000000000000000 3ffc687c4957f0b7 10 0 8
7 c034541f13380000 c02fde6ba3c00000 c001e285f196cc5c 10 0 8
8 c07b0462b4240000 0000000000000000 18f48a0461536cc7 10 0 8
9 1e293c444c1e01c3 0000000000000000 c07768976890b068 10 0 8
a bfe14a7c9c400000 0000000000000000 4001221472eeb415 10 0 8
7 c04b0462b4240000 40326cde8ae00000 bff3dfec22e87c1e 10 0 8
8 404c8c429ca00000 0000000000000000 4514b4188c58a519 10 0 8
9 4464ac7b3386e41c 0000000000000000 4048bc1ffc3d5a8c 10 0 8
a 3fb245495a000000 0000000000000000 3ff7fd67111efd87 10 0 8
7 401c8c429ca00000 c030219351d00000 4005cce620946791 10 0 8
8 4080dc21f1a00000 0000000000000000 709481370f59254a 10 0 8
9 6a150caf7e8ec91f 0000000000000000 407d3749b030363a 10 0 8
a 3fe594a654000000 0000000000000000 3fea94b000cdfbd2 10 0 8
7 4050dc21f1a00000 c050b8897ee80000 4002d101a26c0896 10 0 8
8 4051ddb86e300000 0000000000000000 466129f83042c5c7 10 0 8
9 45841e6e1582fd25 0000000000000000 404ef5a74f527bc9 10 0 8
a 3fb6de5cb6000000 0000000000000000 3ff7b39881642211 10 0 8
7 4021ddb86e300000 4046b8ee70040000 3fc8d817d963e686 10 0 8
8 4086d619769c0000 0000000000000000 7ff0000000000000 14 0 8
9 7905e71c142c2205 0000000000000000 4083c9425b1c513e 10 0 8
a 3fed3b01df800000 0000000000000000 3fdad2a2b5ee69ea 10 0 8
7 4056d619769c0000 4056c048230e0000 3fe9314beed34000 10 0 8
8 407762cfa5200000 0000000000000000 61ac463801bb63a1 10 0 8
9 5d2a59128e3289ba 0000000000000000 4074432d32b08551 10 0 8
a 3fddef1e44000000 0000000000000000 3ff1586bea8ab695 10 0 8
7 404762cfa5200000 4056fc3f0d6e0000 3fde1e3c55700309 10 0 8
8 40875a724f180000 0000000000000000 7ff0000000000000 14 0 8
9 7a518947e884236a 0000000000000000 40843beddf271d51 10 0 8
a 3fede4695b000000 0000000000000000 3fd75bc4fd866ac8 10 0 8
7 40575a724f180000 403cad4adb100000 3ff45df568f183e5 10 0 8
8 407a7199a1ac0000 0000000000000000 66152cc5ea0b039e 10 0 8
9 60fd5825b099b919 0000000000000000 4076e9695b3fff68 10 0 8
a 3fe0ec8b48c00000 0000000000000000 3ff03762b1785de5 10 0 8
7 404a7199a1ac0000 c0471bb4a4600000 40024fd5e81af2ed 10 0 8
8 c086ae37712e0000 0000000000000000 0000000007984706 18 0 8
9 073b72d7a653ce5c 0000000000000000 c083a6b40bf01533 10 0 8
a bfed07f50bc00000 0000000000000000 4005a8cf7ff4fb08 10 0 8
7 c056ae37712e0000 405254e513780000 bfec836c96231be2 10 0 8
8 c061d17fc0000000 0000000000000000 33145eb897f45af7 10 0 8
9 34cc2d4dad83e35e 0000000000000000 c05ee079b8464977 10 0 8
a bfc6ceb800000000 0000000000000000 3ffbffbd65d35cdd 10 0 8
7 c031d17fc0000000 c0469ce62aa00000 c0062157d97ecc27 10 0 8
8 406c9c1a87780000 0000000000000000 549265f622ecaef3 10 0 8
9 51d11f49f0c45b23 0000000000000000 4068c9da2b7f6d4b 10 0 8
a 3fd24f6d23800000 0000000000000000 3ff47d84fd5cf7a1 10 0 8
7 403c9c1a87780000 400fcdcd13000000 3ff6ec70e8b39ca7 10 0 8
8 c07eb02e6a0c0000 0000000000000000 13a898baa3b3ed85 10 0 8
9 1992d7670be33d0d 0000000000000000 c07a96dcc6688973 10 0 8
a bfe3a3f4bec00000 0000000000000000 4001da597a6a8075 10 0 8
7 c04eb02e6a0c0000 404243f7f8140000 bff08aec1c42f74e 10 0 8
8 408032a9b4000000 0000000000000000 6eabc90a80ab711c 10 0 8
9 686e31112a93e5fe 0000000000000000 407c119e8723e67f 10 0 8
a 3fe4bbba80000000 0000000000000000 3febb5deb6760e6f 10 0 8
7 405032a9b4000000 4057ea8708be0000 3fe30cd01691b042 10 0 8
8 402b0dd2ca800000 0000000000000000 4126de84097d066e 10 0 8
9 40fe09e59b6e66ce 0000000000000000 402770c4c9e2e7bb 10 0 8
a 3f915086e8000000 0000000000000000 3ff8dcb860548593 10 0 8
7 3ffb0dd2ca800000 404b5c9a47740000 3f9fa14a458af2a7 10 0 8
8 c06917994a500000 0000000000000000 2dd511b271536769 10 0 8
9 3040e410758c2216 0000000000000000 c065bd9fce10e382 10 0 8
a bfd00f1a6d000000 0000000000000000 3ffd30dc35c9ab66 10 0 8
7 c03917994a500000 4045255ca9100000 bfe122b28f8ac0a4 10 0 8
8 4084322ff0c60000 0000000000000000 7a34c17afba219fe 10 0 8
9 726cacff9709b3a3 0000000000000000 40817fa03b99c000 10 0 8
a 3fe9d9d6f6c00000 0000000000000000 3fe42b8ad0a143f3 10 0 8
7 4054322ff0c60000 40286303a6d00000 3ff6bc5f4d4d6f64 10 0 8
8 c085829744d20000 0000000000000000 01df1823edc95180 10 0 8
9 0a282ba30e7bf3cc 0000000000000000 c082a318f1e0139f 10 0 8
a bfeb886fb4400000 0000000000000000 4004dad956852cd1 10 0 8
7 c055829744d20000 4054057b5a840000 bfea47800b46bc54 10 0 8
8 406e10f1e6d00000 0000000000000000 55a01ea8d421211b 10 0 8
9 52b950991e96f12f 0000000000000000 406a0ce5042b2673 10 0 8
a 3fd33e0b75000000 0000000000000000 3ff43f1e44aece2f 10 0 8
7 403e10f1e6d00000 4042f5d6cda80000 3fe573bf76e0a5f5 10 0 8
8 408070994b720000 0000000000000000 6f5f3edc00e0796b 10 0 8
9 690824bd39266bc3 0000000000000000 407c7cf22ca54240 10 0 8
a 3fe50b01a8400000 0000000000000000 3feb4d38495d165a 10 0 8
7 405070994b720000 404dad7f2cd40000 3feac4eafbc8df36 10 0 8
8 4081f198648c0000 0000000000000000 73b508ab5c6a58c2 10 0 8
9 6ccae51b25d5be06 0000000000000000 407f181813a4ad7d 10 0 8
a 3fe6f7cd4d800000 0000000000000000 3fe8a5bd3aaa0d8f 10 0 8
7 4051f198648c0000 402c8b31dba00000 3ff5fe02f6a366f8 10 0 8
8 c0823b7755b80000 0000000000000000 0b537a2b5c405e2e 10 0 8
9 125a24e415e0566a 0000000000000000 c07f981a3e001342 10 0 8
a bfe7565b4f000000 0000000000000000 40031acae741aee6 10 0 8
7 c0523b7755b80000 4055b80214c60000 bfe658e15cefee34 10 0 8
8 4063f4b933380000 0000000000000000 4e540322ddba15a0 10 0 8
9 4c67948d9947a06e 0000000000000000 40614a5f1e7ccd3f 10 0 8
a 3fc98b2a7f000000 0000000000000000 3ff5eb0fa308fed1 10 0 8
7 4033f4b933380000 c0359fc474580000 40032b9b044b865c 10 0 8
8 c04efd4371200000 0000000000000000 3a57fad81a0d25fb 10 0 8
9 3b170ceb818c87ef 0000000000000000 c04ad9a6240065b5 10 0 8
a bfb3d549e2000000 0000000000000000 3ffa5fa16eaa5693 10 0 8
7 c01efd4371200000 c022db852f300000 c003a155c3f05b07 10 0 8
8 c0737be162140000 0000000000000000 23d30908fb94ebce 10 0 8
9 2793ffb32c917724 0000000000000000 c070e1ab46b60ee2 10 0 8
a bfd8f07ca6800000 0000000000000000 3fff898987d4069f 10 0 8
7 c0437be162140000 c01934fcf4200000 bffbb2b01b5010af 10 0 8
8 c075f9e800940000 0000000000000000 203a5ea40c69c494 10 0 8
9 24764157c9e07e5d 0000000000000000 c0730a79f08cb38d 10 0 8
a bfdc2128f6800000 0000000000000000 400034f8aaa982b5 10 0 8
7 c045f9e800940000 404809a44b300000 bfe7b3379c10536a 10 0 8
8 c05ec37b6ce00000 0000000000000000 34d629780fb06d03 10 0 8
9 365226b2422c4415 0000000000000000 c05aa795d5ba966e 10 0 8
a bfc3b04efe000000 0000000000000000 3ffb9a88174ceda7 10 0 8
7 c02ec37b6ce00000 40511bbb711a0000 bfcc4ce0d0cf7347 10 0 8
8 407cbe138dc00000 0000000000000000 69661ac177472f69 10 0 8
9 63dcd598e8bcd481 0000000000000000 4078e7499144f9b8 10 0 8
a 3fe2652b3c000000 0000000000000000 3feeab03d5c1da8c 10 0 8
7 404cbe138dc00000 40523bbf089a0000 3fe55c1bf5b3b926 10 0 8
8 c06b775ec5580000 0000000000000000 2c1fea37d109a360 10 0 8
9 2ec4362238b04b8d 0000000000000000 c067cc37d1336717 10 0 8
a bfd19413b1800000 0000000000000000 3ffd95a62bee824c 10 0 8
7 c03b775ec5580000 c039950263c80000 c00290c62949ff37 10 0 8
8 40551a41ac600000 0000000000000000 478b70e565a4d11e 10 0 8
9 4686d45591fef2e4 0000000000000000 405248b2d80454ad 10 0 8
a 3fbb02e36c000000 0000000000000000 3ff770fecaa4f74a 10 0 8
7 40251a41ac600000 4050a8d4720a0000 3fc419ae811942b8 10 0 8
8 40755d3670500000 0000000000000000 5ec1c1f8d79f6e44 10 0 8
9 5aa37510837b6bc5 0000000000000000 407282b62f709411 10 0 8
a 3fdb58979a000000 0000000000000000 3ff211a91dd5e914 10 0 8
7 40455d3670500000 4057c37072ce0000 3fdb09732b8c6a47 10 0 8
8 c0045b73d6000000 0000000000000000 3fb418963fd15328 10 0 8
9 3fbc3b00d6dabe94 0000000000000000 c001a36126958830 10 0 8
a bf6a0ea8c0000000 0000000000000000 3ff92f02aa14c4e8 10 0 8
7 bfd45b73d6000000 c0386f7910a80000 c0090752ef92c0c0 10 0 8
8 405da44dcad00000 0000000000000000 4aa0a33dcd804a87 10 0 8
9 49327eb5882145fa 0000000000000000 4059aec3a8e7ac15 10 0 8
a 3fc2f883b5000000 0000000000000000 3ff6c0ac38046543 10 0 8
7 402da44dcad00000 405042efdac40000 3fccacf63a614412 10 0 8
8 c08633cd8bd00000 0000000000000000 00020040fe9dd920 18 0 8
9 086dfa2af358833e 0000000000000000 c0833ca3d42ee5be 10 0 8
a bfec6b448a000000 0000000000000000 40054fd40b50bc1e 10 0 8
7 c05633cd8bd00000 c04fb64258d00000 c0018716755366f0 10 0 8
8 4081ac55e7dc0000 0000000000000000 72edf39bfc4c99bc 10 0 8
9 6c1e6e22a60e0504 0000000000000000 407ea0137be398c3 10 0 8
a 3fe69f2647800000 0000000000000000 3fe9240f2d61593f 10 0 8
7 4051ac55e7dc0000 c036e5e0f6b80000 3ffe25079fa5d0e9 10 0 8
8 c0884c4b3a200000 0000000000000000 0000000000000000 18 0 8
9 0330e6cd0df5b134 0000000000000000 c0850d7953d45dcb 10 0 8
a bfef19f9e4000000 0000000000000000 40073b827a6f2d3a 10 0 8
7 c0584c4b3a200000 c0556b5fe03a0000 c00258b4522bb7d6 10 0 8
8 40443fdfec800000 0000000000000000 4395859e8a6e3530 10 0 8
9 4318a78a4a26ff2e 0000000000000000 40418b7c33f7f313 10 0 8
a 3fa9eb5c10000000 0000000000000000 3ff85289c0baf29c 10 0 8
7 40143fdfec800000 c042cda596fc0000 40080ff08b277ed2 10 0 8
8 c06f5eca52380000 0000000000000000 294ea7da6e853359 10 0 8
9 2c53a92cf963e8c9 0000000000000000 c06b2e264b0898ae 10 0 8
a bfd413b4af800000 0000000000000000 3ffe3cf993fce472 10 0 8
7 c03f5eca52380000 4053a6df46de0000 bfd84d27630b2741 10 0 8
8 40871db0b6c80000 0000000000000000 7ff0000000000000 14 0 8
9 79b8eaf82f7e20f6 0000000000000000 40840749b5646e33 10 0 8
a 3fed96a4c1000000 0000000000000000 3fd9016226ccc6d6 10 0 8
7 40571db0b6c80000 c05213a8d0de0000 4001e030892555ff 10 0 8
8 404e06bd81600000 0000000000000000 4558e4a0371a26f2 10 0 8
9 44a0bf355493e2ec 0000000000000000 404a040d8c23e811 10 0 8
a 3fb3378386000000 0000000000000000 3ff7ee38ffa346ff 10 0 8
7 401e06bd81600000 404b48c22c080000 3fc17f8a7a0899cb 10 0 8
8 40542aa497300000 0000000000000000 4734c6b9caddfbd0 10 0 8
9 463c7fe5c8b2b466 0000000000000000 40517916d8797727 10 0 8
a 3fb9d02ed6000000 0000000000000000 3ff784446952ca18 10 0 8
7 40242aa497300000 c043483c0f7c0000 40071639353da4ea 10 0 8
8 c087615091280000 0000000000000000 0000000000000000 18 0 8
9 057bc0c99d1f3e74 0000000000000000 c08441e14944fcbb 10 0 8
a bfeded33ed000000 0000000000000000 40063cb14f9b65db 10 0 8
7 c057615091280000 403dbe6370280000 bff434b5396c7973 10 0 8
8 402bf20614000000 0000000000000000 4131db2c599c9485 10 0 8
9 410619390a3d85d1 0000000000000000 4028367d3e6a16a0 10 0 8
a 3f91e29340000000 0000000000000000 3ff8da7018dbe899 10 0 8
7 3ffbf20614000000 c057c21b78600000 4008fc58a5dd8c09 10 0 8
8 407f35a06be00000 0000000000000000 6cf54a7e7c4b28d6 10 0 8
9 66f23f36b2e5fa54 0000000000000000 407b0a7be6110e9f 10 0 8
a 3fe3f95c6e000000 0000000000000000 3fecb1c980a54c5f 10 0 8
7 404f35a06be00000 c03c6f5c0fb80000 3ffff8dbe8fbacd1 10 0 8
8 407c50898dcc0000 0000000000000000 68c812830e0a7402 10 0 8
9 635396ce48c1ef30 0000000000000000 4078886106ac9380 10 0 8
a 3fe21f105ac00000 0000000000000000 3fef00613f09cd4b 10 0 8
7 404c50898dcc0000 c044ebcbee540000 4001a83a3d01c929 10 0 8
8 4042af64f0200000 0000000000000000 434e2567bef531b6 10 0 8
9 42da396eb273216c 0000000000000000 4040307ece061530 10 0 8
a 3fa7eabea4000000 0000000000000000 3ff862938a5112f7 10 0 8
7 4012af64f0200000 40500179997c0000 3fb2a536d8fd68a1 10 0 8
8 407abbbf0ca40000 0000000000000000 66810770673fb4ea 10 0 8
9 61596a8e9fa73d10 0000000000000000 407729a780744cce 10 0 8
a 3fe11bff64400000 0000000000000000 3ff01b5e754f4a6a 10 0 8
7 404abbbf0ca40000 c048d83ae5e40000 40028e862d4f4b81 10 0 8
8 407d700696d00000 0000000000000000 6a66cfb9f9822715 10 0 8
9 64baf23b45cb1e37 0000000000000000 40798177ff75f88f 10 0 8
a 3fe2d70e75000000 0000000000000000 3fee1efc0d6951c1 10 0 8
7 404d700696d00000 404946daaebc0000 3feb8fc1a185c24d 10 0 8
8 40871f5ad80a0000 0000000000000000 7ff0000000000000 14 0 8
9 79bdd726d312556d 0000000000000000 408408baec081ad0 10 0 8
a 3fed98c633400000 0000000000000000 3fd8f62f5e509ad7 10 0 8
7 40571f5ad80a0000 c04b49a664400000 4000d4bfb36b6ed8 10 0 8
8 c0841f9ce3060000 0000000000000000 05df6ee0367f3732 10 0 8
9 0da0af66da84bed5 0000000000000000 c0816f884aefeaf2 10 0 8
a bfe9c2107ec00000 0000000000000000 40040d0ba0eaa7bf 10 0 8
7 c0541f9ce3060000 c057135a59a40000 c0036539512a8fd6 10 0 8
8 c085bf6974340000 0000000000000000 012fc91e73282ef8 10 0 8
9 09910d5d06872662 0000000000000000 c082d7cb7b7119cc 10 0 8
a bfebd6498a800000 0000000000000000 400501a9e339234a 10 0 8
7 c055bf6974340000 4045e7cfa5600000 bff1ab0273ac1471 10 0 8
8 c07b6353a8800000 0000000000000000 186bd9938c5d137e 10 0 8
9 1db2e5a9b737a92c 0000000000000000 c077bada0bfdaa6e 10 0 8
a bfe1873fc8000000 0000000000000000 4001342f3a9f2cc4 10 0 8
7 c04b6353a8800000 c0343b2680c80000 bffecb264c966c16 10 0 8
8 c07304e8c06c0000 0000000000000000 247f8453d187dd45 10 0 8
9 282887a7f508ab93 0000000000000000 c0707a969dad3e77 10 0 8
a bfd8583429800000 0000000000000000 3fff60492e9c71c7 10 0 8
7 c04304e8c06c0000 c056dbb40c200000 c005fa91d23670d7 10 0 8
8 4069f9fb4ce00000 0000000000000000 52ac09598c2c43ac 10 0 8
9 502b302cd212b326 0000000000000000 406681c520d4b614 10 0 8
a 3fd09ffcfe000000 0000000000000000 3ff4eda3d7d8fa3d 10 0 8
7 4039f9fb4ce00000 4037783b68e00000 3feac0f25c2e0f41 10 0 8
8 c0807f4d01040000 0000000000000000 1054ddcd14fb92a9 10 0 8
9 16b1423913c370fa 0000000000000000 c07c966c2f8034ac 10 0 8
a bfe51dd334800000 0000000000000000 400254ee0d8f4c32 10 0 8
7 c0507f4d01040000 3fc953ec60000000 bff915b31903abfc 10 0 8
8 407cdefb18b40000 0000000000000000 69959a92c7300f2d 10 0 8
9 64056996e76e2871 0000000000000000 407903cc02d9055c 10 0 8
a 3fe27a3a4d400000 0000000000000000 3fee9140139bbda8 10 0 8
7 404cdefb18b40000 c043e7fb74f80000 4001653c4bf5fc13 10 0 8
8 401d0b8656000000 0000000000000000 4096402b15a6e083 10 0 8
9 4080df427205c022 0000000000000000 40192a642a4b1cdc 10 0 8
a 3f8296bc60000000 0000000000000000 3ff8fccdba0f861e 10 0 8
7 3fed0b8656000000 c0517e7777040000 4009076b305ae093 10 0 8
8 c08225e1fffa0000 0000000000000000 0b921368348902a9 10 0 8
9 1290ebfaad4a42c5 0000000000000000 c07f72b390fd6d0b 10 0 8
a bfe73abae1400000 0000000000000000 400310b9760062c0 10 0 8
7 c05225e1fffa0000 4043de2f76180000 bff11e9077c634e0 10 0 8
8 4086d308f78e0000 0000000000000000 7ff0000000000000 14 0 8
9 78ff6eee740a0ad8 0000000000000000 4083c69aa442eee5 10 0 8
a 3fed3715b7c00000 0000000000000000 3fdae5e35023032a 10 0 8
7 4056d308f78e0000 4048985dabf00000 3ff139bf561d518a 10 0 8
8 c01617a38e000000 0000000000000000 3f705b7f8e5ed6d2 10 0 8
9 3f811a4421ca6afe 0000000000000000 c013243cd8e74db5 10 0 8
a bf7c4737c0000000 0000000000000000 3ff93e429abd101d 10 0 8
7 bfe617a38e000000 c04a02dc7e600000 c00906cdf13af194 10 0 8
8 4087a0494bcc0000 0000000000000000 7ff0000000000000 14 0 8
9 7b008100904bf623 0000000000000000 40847870d565bff9 10 0 8
a 3fee3dce75800000 0000000000000000 3fd550ef84761d16 10 0 8
7 4057a0494bcc0000 4054027f69600000 3febc75a5f0e1c11 10 0 8
8 405736e103a00000 0000000000000000 484f3bd370a1a7d2 10 0 8
9 4730d12bb1622ea6 0000000000000000 40541d1cbc2389df 10 0 8
a 3fbdb6e294000000 0000000000000000 3ff7457a34428c5b 10 0 8
7 402736e103a00000 4058c0682e360000 3fbde050cf7e58b9 10 0 8
8 408781e257460000 0000000000000000 7ff0000000000000 14 0 8
9 7ab39f3904975883 0000000000000000 40845e196ab2fa1c 10 0 8
a 3fee16e446c00000 0000000000000000 3fd63a3294c42945 10 0 8
7 405781e257460000 404b1f0b0dbc0000 3ff0c2cdfd35cbee 10 0 8
8 c05ca1b196400000 0000000000000000 359b587b0e03c8ca 10 0 8
9 36fcadcf341842a7 0000000000000000 c058ceb21642fc32 10 0 8
a bfc2530104000000 0000000000000000 3ffb6e60fb7139eb 10 0 8
7 c02ca1b196400000 404777cfc3740000 bfd2f261ded867a1 10 0 8
8 407779bce9280000 0000000000000000 61cd9fbe70fb4bae 10 0 8
9 5d46cc0c3e556d3d 0000000000000000 4074570a877db14e 10 0 8
a 3fde0c76ed000000 0000000000000000 3ff1501ddb6f1c78 10 0 8
7 404779bce9280000 4031142833980000 3ff38cfb969d35f2 10 0 8
8 40807f4fccd60000 0000000000000000 6f8892109f7792d2 10 0 8
9 692db38b0d2d7499 0000000000000000 407c967107ec4202 10 0 8
a 3fe51dd6c8c00000 0000000000000000 3feb3430575f45e0 10 0 8
7 40507f4fccd60000 40524160bfb40000 3fe783eadae6f718 10 0 8
8 c0782f3d27a40000 0000000000000000 1d0ad3df771b5132 10 0 8
9 21b3d3f3175916a8 0000000000000000 c074f44cba9eebb5 10 0 8
a bfdef4c928800000 0000000000000000 40009af513295bd6 10 0 8
7 c0482f3d27a40000 c009ea3c1c800000 bffa33e3dab65a23 10 0 8
8 c0765a2458e00000 0000000000000000 1fb07d0afd31e1fa 10 0 8
9 23ff13103f1b3079 0000000000000000 c0735ddbb4b6c324 10 0 8
a bfdc9c577c000000 0000000000000000 4000462629c7a993 10 0 8
7 c0465a2458e00000 c04f30cd55740000 c00428894f63fb51 10 0 8
8 c0753fc561fc0000 0000000000000000 2146b20a26272a69 10 0 8
9 2560331aa9ad3255 0000000000000000 c0726933d2edeeb0 10 0 8
a bfdb32e82b800000 0000000000000000 400013f1c0ae174b 10 0 8
7 c0453fc561fc0000 3ff371d997000000 bff8ace202cfb0f0 10 0 8
8 4067d33702e00000 0000000000000000 511f85f6059a746d 10 0 8
9 4ed308f4cb4391df 0000000000000000 4064a4912728044a 10 0 8
a 3fce7efebc000000 0000000000000000 3ff548a1857724fa 10 0 8
7 4037d33702e00000 c021f3f9ad800000 3ffee5d9d13fa7e7 10 0 8
8 40880c27c7ce0000 0000000000000000 7ff0000000000000 14 0 8
9 7c0dd797d4ce9c45 0000000000000000 4084d5e6f60a451a 10 0 8
a 3feec7e0ffc00000 0000000000000000 3fd1b93937af3abd 10 0 8
7 40580c27c7ce0000 c0333316bf480000 3ffc48f0d5e8a451 10 0 8
8 406a5def36580000 0000000000000000 52f3e956e23f42a6 10 0 8
9 506971ef1db0424a 0000000000000000 4066d85f5d53b8aa 10 0 8
a 3fd0dff541800000 0000000000000000 3ff4dd11eb86996a 10 0 8
7 403a5def36580000 40496ea2d5500000 3fde9b815336532d 10 0 8
8 c05dd44fe9200000 0000000000000000 352d11ac6f2bbf5a 10 0 8
9 369ce7d6f611e769 0000000000000000 c059d85c3c668441 10 0 8
a bfc3173d62000000 0000000000000000 3ffb872cb315ccd9 10 0 8
7 c02dd44fe9200000 405380fe5fd60000 bfc82dc21b293aa8 10 0 8
8 40680ac59a780000 0000000000000000 51465d1e87cfec5f 10 0 8
9 4ef56b1a648bf388 0000000000000000 4064d4b4170c0210 10 0 8
a 3fcec61ba7000000 0000000000000000 3ff53f79ca3728fd 10 0 8
7 40380ac59a780000 40551367f91c0000 3fd1c7a792cd0409 10 0 8
8 c053e15392700000 0000000000000000 38c35f0885c2fee9 10 0 8
9 39b83c78d0689a76 0000000000000000 c0513990baf0d16b 10 0 8
a bfb972567e000000 0000000000000000 3ffab9cd24a0a521 10 0 8
7 c023e15392700000 402c30a343e00000 bfe3a7b4064d41b9 10 0 8
8 c085ced95be60000 0000000000000000 0102760c5d25c998 10 0 8
9 0969a19cb6cc3938 0000000000000000 c082e52b8c08a82e 10 0 8
a bfebea0bfac00000 0000000000000000 40050bb9125208ea 10 0 8
7 c055ced95be60000 4039bfe73e380000 bff48a4a6c0e12da 10 0 8
8 40218bdf24000000 0000000000000000 40b93ab8edbe6723 10 0 8
9 409f43e0d3dbe95e 0000000000000000 401e67d2068688db 10 0 8
a 3f86759880000000 0000000000000000 3ff8f50fe8420279 10 0 8
7 3ff18bdf24000000 c052a18969ea0000 400903d8cb642799 10 0 8
8 4072bbd615c80000 0000000000000000 5af59a0b3c3ab4e1 10 0 8
9 57598a56ebb588c4 0000000000000000 40703b468641c064 10 0 8
a 3fd7faaba1000000 0000000000000000 3ff2fcee03adca1e 10 0 8
7 4042bbd615c80000 403e45be9b600000 3fec84d96a9d9a22 10 0 8
8 c07ceb9d4e840000 0000000000000000 163585379adb8915 10 0 8
9 1bc820b14a926252 0000000000000000 c0790ebe3da07ec2 10 0 8
a bfe2825032400000 0000000000000000 40018025649c9888 10 0 8
7 c04ceb9d4e840000 4039111eb6380000 bff296f165cb96ee 10 0 8
8 40763d5514200000 0000000000000000 600484e3d8c01773 10 0 8
9 5bbbb217ede0fad9 0000000000000000 407344e585cceacd 10 0 8
a 3fdc777724000000 0000000000000000 3ff1c1f714e8baf3 10 0 8
7 40463d5514200000 4049ba0c050c0000 3fe6cf777fa15911 10 0 8
8 c05eca2f2c200000 0000000000000000 34d3f5639ea0d69a 10 0 8
9 365093a553f9eafc 0000000000000000 c05aad646a9b676f 10 0 8
a bfc3b49912000000 0000000000000000 3ffb9b1301615bda 10 0 8
7 c02eca2f2c200000 c0556f05bb060000 c007b61ca58e832e 10 0 8
8 40820a4251c80000 0000000000000000 73fcb06873d64fde 10 0 8
9 6d084d345188e98a 0000000000000000 407f42d54727da7c 10 0 8
a 3fe7175f21000000 0000000000000000 3fe8784514ea7808 10 0 8
7 40520a4251c80000 c056f511775c0000 4003cdf49e9de46d 10 0 8
8 c073bab6e5180000 0000000000000000 2377fffb8581f76d 10 0 8
9 27454d61374fb7d6 0000000000000000 c071181c4f653473 10 0 8
a bfd940ea1b000000 0000000000000000 3fff9f650e875eab 10 0 8
7 c043bab6e5180000 401bc4df98200000 bff658a495937670 10 0 8
8 406107abf2300000 0000000000000000 4c3776dd79ed2ea8 10 0 8
9 4a93b1a12692f50a 0000000000000000 405d82bc3cfc9c40 10 0 8
a 3fc5cc6136000000 0000000000000000 3ff665048e8a56ca 10 0 8
7 403107abf2300000 c051d2adc62a0000 400741c2e4beb897 10 0 8
8 c0878d5808140000 0000000000000000 0000000000000000 18 0 8
9 050e2b659d3db5ca 0000000000000000 c0846807441b43d0 10 0 8
a bfee258f66800000 0000000000000000 4006658f8ab041d5 10 0 8
7 c0578d5808140000 4051e04beca80000 bfed7d66179be181 10 0 8
8 4086723b41000000 0000000000000000 7ff0000000000000 14 0 8
9 780cd037fc22d6da 0000000000000000 408372baec6659d4 10 0 8
a 3fecbb2d20000000 0000000000000000 3fdd2e143642e696 10 0 8
7 4056723b41000000 40551427ea9c0000 3fea2346bd013118 10 0 8
8 c06de8958cc80000 0000000000000000 2a5c078d6d5b73eb 10 0 8
9 2d3e2994a63abe01 0000000000000000 c069e9ecb73a6928 10 0 8
a bfd32436c0800000 0000000000000000 3ffdfe13765cc382 10 0 8
7 c03de8958cc80000 405099622a560000 bfdb16347cd9582e 10 0 8
8 4055fcfb8cb00000 0000000000000000 47dda21d3f8ce2bc 10 0 8
9 46ceb81aa7e50fee 0000000000000000 40530d244c218f19 10 0 8
a 3fbc251906000000 0000000000000000 3ff75ec041e6aaed 10 0 8
7 4025fcfb8cb00000 c04f519c33380000 4007be2488f5b876 10 0 8
8 c081cc15927a0000 0000000000000000 0c94ad65651e9155 10 0 8
9 13714a23db290fd7 0000000000000000 c07ed717a81d085a 10 0 8
a bfe6c7c9b1400000 0000000000000000 4002e761c674e4fe 10 0 8
7 c051cc15927a0000 404bd01d28600000 bfed0a51143eeaa6 10 0 8
8 40767b1e32f00000 0000000000000000 605e7c0f72374df7 10 0 8
9 5c0890e54d2b73b0 0000000000000000 40737a6e035cef67 10 0 8
a 3fdcc68d0e000000 0000000000000000 3ff1abdc31097e27 10 0 8
7 40467b1e32f00000 c047c8e115740000 4003132ee8f29105 10 0 8
8 c072c5f656300000 0000000000000000 24d92ca005208709 10 0 8
9 28772b92abe87b04 0000000000000000 c070440c8a0edc49 10 0 8
a bfd807a1b6000000 0000000000000000 3fff4a877dda8e39 10 0 8
7 c042c5f656300000 c041237e6e0c0000 c0027c54613919a4 10 0 8
8 4079453eefb40000 0000000000000000 6463ff913f9a4c4a 10 0 8
9 5f8541a97c289829 0000000000000000 4075e52ca54db749 10 0 8
a 3fe02c513d400000 0000000000000000 3ff0a7b0251d3eda 10 0 8
7 4049453eefb40000 4055754577a40000 3fe107862e1d696f 10 0 8
8 4080b0fcd1ac0000 0000000000000000 7017df3bcc40c930 10 0 8
9 69a92e89488c2756 0000000000000000 407cec85f2072076 10 0 8
a 3fe55d6c91800000 0000000000000000 3feadf2c577d1821 10 0 8
7 4050b0fcd1ac0000 c0581adae5d00000 400449a24d6ca363 10 0 8
8 40801124a5ce0000 0000000000000000 6e4aef54a57d8675 10 0 8
9 68199c14bcf443b4 0000000000000000 407bd788b1212a05 10 0 8
a 3fe490d2bfc00000 0000000000000000 3febee08ba4e2516 10 0 8
7 40501124a5ce0000 40514968f1d20000 3fe7f685b935a3eb 10 0 8
8 40859c988f3a0000 0000000000000000 7e4a8eeb90e47ce2 10 0 8
9 75f6220007af4bc4 0000000000000000 4082b9a10c317d51 10 0 8
a 3feba9b909400000 0000000000000000 3fe0dac472f9879e 10 0 8
7 40559c988f3a0000 c01df4cd6d800000 3ffa83f16282cf68 10 0 8
8 c06070cff8e80000 0000000000000000 341303895662b252 10 0 8
9 35a82376bc80f788 0000000000000000 c05c7d50ec65a1e7 10 0 8
a bfc50b47a5000000 0000000000000000 3ffbc67680fbb119 10 0 8
7 c03070cff8e80000 c048338769f00000 c00683634679fcda 10 0 8
8 406d74266d580000 0000000000000000 552ebc073a54757d 10 0 8
9 525737916046fa50 0000000000000000 4069850acfd37e3b 10 0 8
a 3fd2d9b231800000 0000000000000000 3ff45965663afc1a 10 0 8
7 403d74266d580000 4055a54ee6380000 3fd4fc4c730fbf66 10 0 8
8 406e35ccd6900000 0000000000000000 55b97fa5e90b0f12 10 0 8
9 52d12ac24a164fd0 0000000000000000 406a2cd3c40e7a0f 10 0 8
a 3fd355a1d1000000 0000000000000000 3ff438ef10a08982 10 0 8
7 403e35ccd6900000 c054dbd880b60000 40065a8409147255 10 0 8
8 c07b9b69a9b80000 0000000000000000 181ac4835b701b1d 10 0 8
9 1d6d020cae0abad6 0000000000000000 c077eb724f5b54bc 10 0 8
a bfe1ab24e7800000 0000000000000000 40013eedd24dbba8 10 0 8
7 c04b9b69a9b80000 404ef4e9ff940000 bfe74df123ff6e41 10 0 8
8 407eac53d0200000 0000000000000000 6c305c3139f68957 10 0 8
9 66460e4066d045db 0000000000000000 407a9385f33f2df4 10 0 8
a 3fe3a17d52000000 0000000000000000 3fed21a712ff7588 10 0 8
7 404eac53d0200000 c020148fa9200000 3ffb37c4bd1779b2 10 0 8
8 4086ff6a098a0000 0000000000000000 7ff0000000000000 14 0 8
9 796e0869934c3940 0000000000000000 4083ed0e424816fa 10 0 8
a 3fed6fe3e3400000 0000000000000000 3fd9c9ebf308fb42 10 0 8
7 4056ff6a098a0000 40252a1eeda00000 3ff74cdb25bc1935 10 0 8
8 c0805b0bb0ce0000 0000000000000000 10be4ccf2a4d84c9 10 0 8
9 170b5cbbf63fd0a2 0000000000000000 c07c5798e5282836 10 0 8
a bfe4ef6b1fc00000 0000000000000000 4002458a2a926fa0 10 0 8
7 c0505b0bb0ce0000 40395f914ec00000 bff3368de88c5cd2 10 0 8
8 4070ddf3bef00000 0000000000000000 58444b5c271067c0 10 0 8
9 550440937d5e3f4e 0000000000000000 406d3a70dc919733 10 0 8
a 3fd596fa8e000000 0000000000000000 3ff3a096fa82f1de 10 0 8
7 4040ddf3bef00000 403c532fb2180000 3febea323632a39e 10 0 8
8 c08643532f600000 0000000000000000 00004998213c4323 18 0 8
9 084652c33e25e7c2 0000000000000000 c0834a16b97fafd8 10 0 8
a bfec7f22cc000000 0000000000000000 40055ab09bf9f5d9 10 0 8
7 c05643532f600000 c0233a1fe4400000 bffada74bb21dd3d 10 0 8
8 c066921c07980000 0000000000000000 2fa69a5c291ae8f8 10 0 8
9 31d398f6053c914d 0000000000000000 c0638e59b262d4bd 10 0 8
a bfcce3faeb000000 0000000000000000 3ffcc683b2feaa24 10 0 8
7 c036921c07980000 402fdcb927a00000 bfee98eea334edc9 10 0 8
8 406ed3bf03000000 0000000000000000 562bba1c566bded3 10 0 8
9 53334f8e6ff8bdd3 0000000000000000 406ab5ad4ec01487 10 0 8
a 3fd3bab7b0000000 0000000000000000 3ff41e657a66ea41 10 0 8
7 403ed3bf03000000 c03deb3ac1a00000 4002baddfac4d9bf 10 0 8
8 c071005e3b500000 0000000000000000 27677c89e52f192a 10 0 8
9 2aaf5e535ae443bf 0000000000000000 c06d761445283361 10 0 8
a bfd5c307fa000000 0000000000000000 3ffeaf14205eb208 10 0 8
7 c041005e3b500000 c051aff3a0a00000 c0058c719f19c500 10 0 8
8 c08392bc453a0000 0000000000000000 0774d0d685f9c079 10 0 8
9 0f00d35cab63f0e1 0000000000000000 c080f578af0ad3f3 10 0 8
a bfe90dbdc9400000 0000000000000000 4003c2e00cb4e786 10 0 8
7 c05392bc453a0000 c0388586eaf00000 bffdfd39668ef8b3 10 0 8
8 4083aced1a560000 0000000000000000 78b44d52e081c0b8 10 0 8
9 7120385c612aa639 0000000000000000 40810c29fa789431 10 0 8
a 3fe92f43f8c00000 0000000000000000 3fe54650381538da 10 0 8
7 4053aced1a560000 40555e7cc0d60000 3fe7d026db87eace 10 0 8
8 407c40871b740000 0000000000000000 68b1b36a53e564f5 10 0 8
9 634076c015a04018 0000000000000000 40787a81fe1db9d3 10 0 8
a 3fe214d159400000 0000000000000000 3fef0cce0f1b24a0 10 0 8
7 404c40871b740000 40489f8cbb280000 3feb5351147b7c8a 10 0 8
8 c081accae73a0000 0000000000000000 0cf02522c114f3e5 10 0 8
9 13c00349c5b8631d 0000000000000000 c07ea0de39a741ea 10 0 8
a bfe69fbc09400000 0000000000000000 4002d92c789c4324 10 0 8
7 c051accae73a0000 40218736cb600000 bff728cf9cfa190a 10 0 8
8 c07165dcf1240000 0000000000000000 26d524a34b844bef 10 0 8
9 2a3078d8c2a5367c 0000000000000000 c06e25f4e0452955 10 0 8
a bfd644f1d8800000 0000000000000000 3ffed1ab0647c25c 10 0 8
7 c04165dcf1240000 40277e5e6b000000 bff3ec68cf618581 10 0 8
8 400ff93f3e000000 0000000000000000 404b358eb59325fa 10 0 8
9 403fe8a121e309af 0000000000000000 400bb3f9e3f7f9bd 10 0 8
a 3f74768ee0000000 0000000000000000 3ff90d84bfd00abc 10 0 8
7 3fdff93f3e000000 c04dde93ba9c0000 400910dae28e6288 10 0 8
8 c06f41768eb80000 0000000000000000 296329cffdaf80f7 10 0 8
9 2c65bfa0b9897be0 0000000000000000 c06b14bd4fc340e8 10 0 8
a bfd400efb7800000 0000000000000000 3ffe3808ba0ed328 10 0 8
7 c03f41768eb80000 40558fcdd45e0000 bfd6405637fe7f8d 10 0 8
8 c0843d02cef60000 0000000000000000 058980ff59174b80 10 0 8
9 0d561dc38c5a9825 0000000000000000 c081890101c5b114 10 0 8
a bfe9e7b1acc00000 0000000000000000 40041cfbf8ebd215 10 0 8
7 c0543d02cef60000 4050dd41ed420000 bfec08e7005db4b7 10 0 8
8 c045d44cc5e00000 0000000000000000 3c0027d6eb8eb76d 10 0 8
9 3c8581e2a40af2db 0000000000000000 c042e9e494c1c505 10 0 8
a bfabf1061c000000 0000000000000000 3ffa019ff677fd23 10 0 8
7 c015d44cc5e00000 405110b285ce0000 bfb46c5a874fca50 10 0 8
8 c082be39dff20000 0000000000000000 09da0b446f6d67a5 10 0 8
9 1113639de86206f9 0000000000000000 c0803d58998e2e86 10 0 8
a bfe7fdbab8400000 0000000000000000 400358f6c8e37dce 10 0 8
7 c052be39dff20000 c03f48fe50300000 bfff7537fd45e9a6 10 0 8
8 408035e4e0400000 0000000000000000 6eb4ce668576c667 10 0 8
9 68756bbdc909d791 0000000000000000 407c1737e8c26609 10 0 8
a 3fe4bfdd48000000 0000000000000000 3febb070516a188f 10 0 8
7 405035e4e0400000 4045911c2b940000 3fef7b4ebd650bfd 10 0 8
8 4076aee352f00000 0000000000000000 60a837e87a5d5740 10 0 8
9 5c49560c0aca4c9c 0000000000000000 4073a748f88e47c7 10 0 8
a 3fdd08d10e000000 0000000000000000 3ff1994ac3d25540 10 0 8
7 4046aee352f00000 c04763fb99cc0000 4002f8ed9f26d889 10 0 8
8 c085805ff7ea0000 0000000000000000 01e48262d3e88686 10 0 8
9 0a2eba0f6f136c0a 0000000000000000 c082a12d6a9dde21 10 0 8
a bfeb85998f400000 0000000000000000 4004d9755135f5e8 10 0 8
7 c055805ff7ea0000 c0161b66e5a00000 bffa28d4967d299c 10 0 8
8 c08648a94f4e0000 0000000000000000 000025c51bac784d 18 0 8
9 08390c74f77423ad 0000000000000000 c0834eb661a8c87f 10 0 8
a bfec85f76fc00000 0000000000000000 40055e733f2d4dfa 10 0 8
7 c05648a94f4e0000 c049ed2ceadc0000 c000c80a2b2ab9c3 10 0 8
8 4079bf68f1680000 0000000000000000 6514365001032f11 10 0 8
9 601efe6044a9a4ec 0000000000000000 40764f0581f485fd 10 0 8
a 3fe07a809a800000 0000000000000000 3ff07a3c153b68a7 10 0 8
7 4049bf68f1680000 4044cfdd6fc40000 3fec832c24630cab 10 0 8
8 406a2b4932580000 0000000000000000 52d05c19f3486c1f 10 0 8
9 5049d3eee2fdb844 0000000000000000 4066ac7d2b08101a 10 0 8
a 3fd0bf8b01800000 0000000000000000 3ff4e577fca57289 10 0 8
7 403a2b4932580000 c04d8e88ac100000 4005cc751ffb30e9 10 0 8
8 4076afcdfa6c0000 0000000000000000 60a9a576a6a34eb8 10 0 8
9 5c4aa01e2a6d2d9e 0000000000000000 4073a8144887e38e 10 0 8
a 3fdd09fd69800000 0000000000000000 3ff198f681146ce6 10 0 8
7 4046afcdfa6c0000 c02e861eb4100000 3ffe5307b0cf10a5 10 0 8
8 4083f4edd1ba0000 0000000000000000 798416b5e197251c 10 0 8
9 71d34b838cc4bcfd 0000000000000000 40814a8cb5cb0b95 10 0 8
a 3fe98b6dd9400000 0000000000000000 3fe4af2252364186 10 0 8
7 4053f4edd1ba0000 c04585d0a38c0000 400085cf004490d3 10 0 8
8 4086229797980000 0000000000000000 7fcdc3de67493319 10 0 8
9 77452f8f71d6ff21 0000000000000000 40832dba5c516bf0 10 0 8
a 3fec553ceb000000 0000000000000000 3fdef08b6e559996 10 0 8
7 4056229797980000 40213f41d5c00000 3ff7944ca2c769e9 10 0 8
8 40821cfba7560000 0000000000000000 74329f9cdb20cd02 10 0 8
9 6d3714960464b6ac 0000000000000000 407f63477e3ffdb3 10 0 8
a 3fe72f5698c00000 0000000000000000 3fe8559319cda283 10 0 8
7 40521cfba7560000 401eadbf50600000 3ff771ff97d83f54 10 0 8
8 c06a5290dd200000 0000000000000000 2cf25756a942d41e 10 0 8
9 2f7b5feb76074c9e 0000000000000000 c066ce85bd5ecec9 10 0 8
a bfd0d8aea2000000 0000000000000000 3ffd650207c1c302 10 0 8
7 c03a5290dd200000 404c98ece8c00000 bfdb9ad686293763 10 0 8
8 c083a2ebc8ae0000 0000000000000000 07460520e2145cd0 10 0 8
9 0ed7524e15eee1cb 0000000000000000 c081037ec3be6ceb 10 0 8
a bfe922757bc00000 0000000000000000 4003cb38dbf941c6 10 0 8
7 c053a2ebc8ae0000 c0542be9a31a0000 c002f503e1e40501 10 0 8
8 c087bac5bc2e0000 0000000000000000 0000000000000000 18 0 8
9 049c2f245e9ea47a 0000000000000000 c0848f63a2e4875c 10 0 8
a bfee5fb56bc00000 0000000000000000 400692482392724b 10 0 8
7 c057bac5bc2e0000 c03d2c6aaf600000 bffde75dd48e0517 10 0 8
8 40756b9e926c0000 0000000000000000 5ed5d9027b26e820 10 0 8
9 5ab539e19977b367 0000000000000000 40728f31b591e456 10 0 8
a 3fdb6b0869800000 0000000000000000 3ff20c8f5e711d4c 10 0 8
7 40456b9e926c0000 4055577f7c1a0000 3fddc48553045718 10 0 8
8 4061595ff6300000 0000000000000000 4c72d7b035a74c00 10 0 8
9 4ac67d69d41d9184 0000000000000000 405e1050ee6eba45 10 0 8
a 3fc634f5b6000000 0000000000000000 3ff657bf6d56d18d 10 0 8
7 4031595ff6300000 c05429b50d820000 4007700ba57e0339 10 0 8
8 407832da6d900000 0000000000000000 62d7ebf96aa3d31d 10 0 8
9 5e2f679ae9cdc421 0000000000000000 4074f76e6ac4d7cf 10 0 8
a 3fdef96982000000 0000000000000000 3ff10cba2f6f92c6 10 0 8
7 404832da6d900000 c054bc28c8b60000 4004e83284e12e38 10 0 8
8 4055214a39000000 0000000000000000 478ea0eda4446af9 10 0 8
9 46891c2d5e97e034 0000000000000000 40524ecae6a29c4c 10 0 8
a 3fbb0be420000000 0000000000000000 3ff7706df020956a 10 0 8
7 4025214a39000000 c0449d1d92940000 40072036ba1e7483 10 0 8
8 c0811258a6420000 0000000000000000 0ead26339a657927 10 0 8
9 15418cc7a7ec873e 0000000000000000 c07d953ba701d130 10 0 8
a bfe5da0b12400000 0000000000000000 4002946e29605eb7 10 0 8
7 c0511258a6420000 40271ba35cf00000 bff67372aee256b5 10 0 8
8 c082df9beb400000 0000000000000000 0979aea433956d39 10 0 8
9 10c0b126b0b1df94 0000000000000000 c0805a452ececae8 10 0 8
a bfe82875a8000000 0000000000000000 4003692e038147de 10 0 8
7 c052df9beb400000 402f9be42d100000 bff5d4b36dced962 10 0 8
8 c04ae534a8a00000 0000000000000000 3b150f7cfc6f0276 10 0 8
9 3bbb2089da6b4da7 0000000000000000 c0474d937e554be9 10 0 8
a bfb136881a000000 0000000000000000 3ffa359911a750a8 10 0 8
7 c01ae534a8a00000 40536597741c0000 bfb6214a57d81c8b 10 0 8
8 c08298594bec0000 0000000000000000 0a4728e40c01dc4b 10 0 8
9 1172526870f62fb4 0000000000000000 c0801c8727aecba7 10 0 8
a bfe7cd3f19800000 0000000000000000 400346bd50fc0834 10 0 8
7 c05298594bec0000 c03f7b4ae3500000 bfff89f9066ff8e1 10 0 8
8 c0736dfab3d00000 0000000000000000 23e6b0e214ed40bc 10 0 8
9 27a53a416d2a4bb1 0000000000000000 c070d59fea114ec1 10 0 8
a bfd8deb18a000000 0000000000000000 3fff84b550a1b956 10 0 8
7 c0436dfab3d00000 403ddfe85d580000 bfed4ac3ec8b671b 10 0 8
8 402d48d661800000 0000000000000000 4141709ad1f017ef 10 0 8
9 4113bca77ce94db5 0000000000000000 40295f83c076d201 10 0 8
a 3f92bdf9d8000000 0000000000000000 3ff8d7025a89ff7a 10 0 8
7 3ffd48d661800000 404a6f52f72c0000 3fa1b7bc210c46d3 10 0 8
8 c06ccf478ad80000 0000000000000000 2b267db4456d58ee 10 0 8
9 2dedec178cbab6f9 0000000000000000 c068f6315535c154 10 0 8
a bfd2702dc9800000 0000000000000000 3ffdcefdf479583a 10 0 8
7 c03ccf478ad80000 c03aaf216be00000 c0028b147a0d620b 10 0 8
8 c0208125cb000000 0000000000000000 3f311560a34c0419 10 0 8
9 3f49b7c50fda01a8 0000000000000000 c01c999f7769d1ca 10 0 8
a bf85203060000000 0000000000000000 3ff94c3be61fe931 10 0 8
7 bff08125cb000000 40543291a0960000 bf8a25c1a775ba14 10 0 8
8 c068cb43bc080000 0000000000000000 2e0c9c8fd54e8f59 10 0 8
9 3070addf2da7866a 0000000000000000 c0657b7c564a7c50 10 0 8
a bfcfbc7fa9000000 0000000000000000 3ffd243f82425ac2 10 0 8
7 c038cb43bc080000 c0540a64104a0000 c006bba78eaa9855 10 0 8
8 c082782872800000 0000000000000000 0aa43c0199fabcc5 10 0 8
9 11c2b459a58ec6bf 0000000000000000 c08000a300d0bdb9 10 0 8
a bfe7a40ad0000000 0000000000000000 400337644bdfbb32 10 0 8
7 c052782872800000 403ce87bb7180000 bff32a3ebbfbba8f 10 0 8
8 c059658b53200000 0000000000000000 36c5ba5564052815 10 0 8
9 38002fbac19dc0ec 0000000000000000 c0560128a887cf49 10 0 8
a bfc040fd02000000 0000000000000000 3ffb2b836a9b2098 10 0 8
7 c029658b53200000 c022d8c67e200000 c001ac7ba26a3573 10 0 8
8 40649035ad500000 0000000000000000 4ec426af0b7cb21f 10 0 8
9 4cc8d0dc1a619e06 0000000000000000 4061d11711fe61fb 10 0 8
a 3fca52303a000000 0000000000000000 3ff5d1a80a235321 10 0 8
7 40349035ad500000 c040079209c00000 400491f81a37028a 10 0 8
8 c081fcb9644c0000 0000000000000000 0c08398566d1c7d1 10 0 8
9 12f6d06090942430 0000000000000000 c07f2b61040d9e95 10 0 8
a bfe7060c05800000 0000000000000000 4002fdab07ad03cc 10 0 8
7 c051fcb9644c0000 4033bf4475780000 bff4d8ce8dafc208 10 0 8
8 4067a947e1200000 0000000000000000 510100f47dcaa672 10 0 8
9 4eb87688452cde90 0000000000000000 4064803bdeb831c2 10 0 8
a 3fce4951c4000000 0000000000000000 3ff54f89b4875998 10 0 8
7 4037a947e1200000 c04b3ea07f900000 4005dafb27edd080 10 0 8
8 4077e1eca40c0000 0000000000000000 626377c6e8644c8d 10 0 8
9 5dc91cd641acd862 0000000000000000 4074b14fd28634c2 10 0 8
a 3fde91d2bd800000 0000000000000000 3ff12a433f145562 10 0 8
7 4047e1eca40c0000 405774cd51aa0000 3fde2310802d72b7 10 0 8
8 407369fdbfc00000 0000000000000000 5bf196031c7dbeb0 10 0 8
9 58336f489bbbc533 0000000000000000 4070d22b535d2407 10 0 8
a 3fd8d996b8000000 0000000000000000 3ff2c0a3e3915d67 10 0 8
7 404369fdbfc00000 c03f7a142b900000 4002041ea93cda61 10 0 8
8 40756ff215dc0000 0000000000000000 5edca17ea08e265e 10 0 8
9 5abad4609cec74b4 0000000000000000 407292f14be8b758 10 0 8
a 3fdb709207800000 0000000000000000 3ff20b071d37f1d6 10 0 8
7 40456ff215dc0000 4052721a5f8e0000 3fe0d844c46d740b 10 0 8
8 4067d12977d00000 0000000000000000 511d9081075bf7e7 10 0 8
9 4ed2017c4a6a0560 0000000000000000 4064a2c9cdf10694 10 0 8
a 3fce7c5e0a000000 0000000000000000 3ff548f819bf0f2c 10 0 8
7 4037d12977d00000 403aa8a731a00000 3fe7554353c1f876 10 0 8
8 c080e7c547640000 0000000000000000 0f27514f57eb28b2 10 0 8
9 15ab95e6388a7dd6 0000000000000000 c07d4b747b7f5585 10 0 8
a bfe5a38be0800000 0000000000000000 400281dbfd7f7eec 10 0 8
7 c050e7c547640000 c00461ec41c00000 bff9bc3c7f0e0e34 10 0 8
8 407c6384f6640000 0000000000000000 68e3b5dd85c442ee 10 0 8
9 636b60cd06d0fb4a 0000000000000000 407898d361fc5e44 10 0 8
a 3fe22b3660400000 0000000000000000 3feef1a18c64a320 10 0 8
7 404c6384f6640000 c052bea97bd20000 4003f2a10fd9c5b7 10 0 8
8 4066efb050300000 0000000000000000 507a5d39dafafba4 10 0 8
9 4e4493461db61dcb 0000000000000000 4063df6e3c1e3ef5 10 0 8
a 3fcd5bc2f6000000 0000000000000000 3ff56e12b3e03a90 10 0 8
7 4036efb050300000 c046c90268b00000 40056701a70e904d 10 0 8
8 c065434de5100000 0000000000000000 309821c72d71ce52 10 0 8
9 32a4b0e0e53e5265 0000000000000000 c0626c43861dc98d 10 0 8
a bfcb376df2000000 0000000000000000 3ffc8f9c3addcf33 10 0 8
7 c035434de5100000 403ef85207d00000 bfe340bb7cdf508c 10 0 8
8 4081c78c42300000 0000000000000000 733c16d7df6dcd4d 10 0 8
9 6c621e398afd7394 0000000000000000 407ecf3b40e6eaed 10 0 8
a 3fe6c1fb36000000 0000000000000000 3fe8f2a9bf1a9e09 10 0 8
7 4051c78c42300000 4056da989acc0000 3fe5283623aa6c86 10 0 8
8 c088b009d51c0000 0000000000000000 0000000000000000 18 0 8
9 02368892ab85c70a 0000000000000000 c08563e5608c4849 10 0 8
a bfef99a62f800000 0000000000000000 4007dde77cabbda4 10 0 8
7 c058b009d51c0000 4004e01c0a800000 bff8b5c5c02b95fe 10 0 8
8 c07e3ff1b7580000 0000000000000000 144abc08c3a91b1d 10 0 8
9 1a200c650add5e35 0000000000000000 c07a359dca0a5e00 10 0 8
a bfe35c1fd1800000 0000000000000000 4001c3b33dcb4fd5 10 0 8
7 c04e3ff1b7580000 402b6bb8c4600000 bff5912a5235051d 10 0 8
8 c07316de21540000 0000000000000000 2464846847306f35 10 0 8
9 28128d2cd626d673 0000000000000000 c0708a25f0de3b54 10 0 8
a bfd86f30ce800000 0000000000000000 3fff66806b08e33e 10 0 8
7 c04316de21540000 405302c0075a0000 bfddc77872e7616b 10 0 8
8 c0449314cd800000 0000000000000000 3c38d65a5a565894 10 0 8
9 3cb7a5f19bf1683e 0000000000000000 c041d3940219511c 10 0 8
a bfaa55dd30000000 0000000000000000 3ff9f4c20d5d79e8 10 0 8
7 c0149314cd800000 c05130164e8c0000 c008890ba782073a 10 0 8
8 c0830763d2be0000 0000000000000000 0906c3cea150b9f6 10 0 8
9 105cbf25836e5a84 0000000000000000 c0807cbcdd0ea264 10 0 8
a bfe85b610dc00000 0000000000000000 40037cb2cf7b91ea 10 0 8
7 c0530763d2be0000 c02e700f9a400000 bffc4a4b9dbcf595 10 0 8
8 c086990e01e60000 0000000000000000 000000006afc78d5 18 0 8
9 0770f92e54a1cfdc 0000000000000000 c083945e3278a6f9 10 0 8
a bfececdebac00000 0000000000000000 400598d8a7bb389a 10 0 8
7 c056990e01e60000 c058c7289b5c0000 c00337a9a55e3a28 10 0 8
8 c06e578798380000 0000000000000000 2a0bfe2791e2c1bf 10 0 8
9 2cf7ee9b2f81b72e 0000000000000000 c06a4a0d365441dd 10 0 8
a bfd36b380f800000 0000000000000000 3ffe10b130571e52 10 0 8
7 c03e578798380000 c0253f30f0d00000 bffe8573efd04807 10 0 8
8 c075c6d2cce80000 0000000000000000 2084118eb5bd7fe2 10 0 8
9 24b61d4df695f2bb 0000000000000000 c072de37685c979a 10 0 8
a bfdbdfc625000000 0000000000000000 40002be1c5594abb 10 0 8
7 c045c6d2cce80000 3fe650fe45000000 bff8e066b162b8e9 10 0 8
8 c084242547920000 0000000000000000 05d1d63882dbb711 10 0 8
9 0d946cbc44a03c62 0000000000000000 c0817375b249af4f 10 0 8
a bfe9c7ddcc400000 0000000000000000 40040f7df0f19971 10 0 8
7 c054242547920000 c04c94d477940000 c00180ca9b425763 10 0 8
8 40813d829d780000 0000000000000000 71ae3eec43a30fdf 10 0 8
9 6b086fc46f0b8f21 0000000000000000 407de007c8a3427f 10 0 8
a 3fe6114b07000000 0000000000000000 3fe9ea3f3eb320ee 10 0 8
7 40513d829d780000 404afc20201c0000 3fed0415992266ef 10 0 8
8 407d0a2618900000 0000000000000000 69d40d0da9a7bc76 10 0 8
9 643bb86bdec1ecba 0000000000000000 40792932f8f6a4e3 10 0 8
a 3fe295daf1000000 0000000000000000 3fee6f5ca7f13e2b 10 0 8
7 404d0a2618900000 404a199e9bec0000 3fead64b62a90271 10 0 8
8 c0736b4ee5200000 0000000000000000 23ead04bc46557d7 10 0 8
9 27a887ff3a4db491 0000000000000000 c070d34f70bd1ee1 10 0 8
a bfd8db4644000000 0000000000000000 3fff83c7d81d5756 10 0 8
7 c0436b4ee5200000 c03525ec07680000 c0008e2c1bee62dc 10 0 8
8 403e0001ef000000 0000000000000000 42a3706ca129ddc0 10 0 8
9 4246a0c44f2d3a2d 0000000000000000 4039fe382fafbf53 10 0 8
a 3fa3333470000000 0000000000000000 3ff8885877f81710 10 0 8
7 400e0001ef000000 4042f4d1674c0000 3fb93d42b08e03d6 10 0 8
8 406719df16200000 0000000000000000 5098a1003134ccd5 10 0 8
9 4e601e36adb9708d 0000000000000000 406403faa8a8e4e8 10 0 8
a 3fcd91c164000000 0000000000000000 3ff5672338832770 10 0 8
7 403719df16200000 c05575de472c0000 400707983bd01096 10 0 8
8 c07fd1a26e580000 0000000000000000 1206f4eb2ce1738b 10 0 8
9 1828a11b37f11000 0000000000000000 c07b91a78c13a572 10 0 8
a bfe45d34c1800000 0000000000000000 400215aff9b89110 10 0 8
7 c04fd1a26e580000 c050df41cc200000 c003159c328f6444 10 0 8
8 c08095635a7e0000 0000000000000000 10151c896d0ed17e 10 0 8
9 16793f8af750c593 0000000000000000 c07cbcb26d36abc1 10 0 8
a bfe53a18c5c00000 0000000000000000 40025e5b16d073ae 10 0 8
7 c05095635a7e0000 404cd58d05300000 bfeb5d8b4a2ddf4a 10 0 8
8 4088f6bf1ecc0000 0000000000000000 7ff0000000000000 14 0 8
9 7e577e2c342965b6 0000000000000000 4085a128f2ab945d 10 0 8
a 3feff427d5800000 0000000000000000 3fab892ee73d92d5 10 0 8
7 4058f6bf1ecc0000 c03004c7de680000 3ffbad81784a4c53 10 0 8
8 408394398ecc0000 0000000000000000 786da14afffca116 10 0 8
9 70e1e0d273a9c5a9 0000000000000000 4080f6c30b4a559c 10 0 8
a 3fe90fa5d5800000 0000000000000000 3fe5795c6ee058f6 10 0 8
7 405394398ecc0000 40552a51cab80000 3fe7e333ab1ebbe5 10 0 8
8 4085f3f949c20000 0000000000000000 7f4672c7ac7375e5 10 0 8
9 76d1660dde979dc9 0000000000000000 4083055612f93465 10 0 8
a 3fec199102400000 0000000000000000 3fdfed95698fff71 10 0 8
7 4055f3f949c20000 c051f658b6ac0000 40020d67d25e5d5e 10 0 8
8 c04bfc4ebb600000 0000000000000000 3ae3095760f4f20a 10 0 8
9 3b9067aaabf0d971 0000000000000000 c0483f6643b71405 10 0 8
a bfb1e92826000000 0000000000000000 3ffa40c9d258f1c5 10 0 8
7 c01bfc4ebb600000 c040ebfd07680000 c007807c7580bbe3 10 0 8
8 c054b67e48000000 0000000000000000 38762bd1cb140803 10 0 8
9 3975a4079cef807d 0000000000000000 c051f242a594139b 10 0 8
a bfba833100000000 0000000000000000 3ffacaf17566d49f 10 0 8
7 c024b67e48000000 c01a7355a2200000 c0011cc53948bec8 10 0 8
8 c0857006d5620000 0000000000000000 0213c9255f21842f 10 0 8
9 0a568fe5797f81ed 0000000000000000 c082930345fe508c 10 0 8
a bfeb70ac96400000 0000000000000000 4004cf3f545f87a3 10 0 8
7 c0557006d5620000 404d2fde712c0000 bfef23bba50f32e5 10 0 8
8 405ee775bd800000 0000000000000000 4b1444223bb4abe0 10 0 8
9 4996f4567a577208 0000000000000000 405ac6c1f6f4a50c 10 0 8
a 3fc3c75598000000 0000000000000000 3ff6a684d38b8acf 10 0 8
7 402ee775bd800000 c03f453b8b700000 4005760cca2f7871 10 0 8
8 4074af1c28200000 0000000000000000 5dc5e250b98ea616 10 0 8
9 59c9a47e1138001a 0000000000000000 4071ebdcfa8bc92f 10 0 8
a 3fda79bda4000000 0000000000000000 3ff24f110b9519d4 10 0 8
7 4044af1c28200000 403fe95acce80000 3fed3d52e1e84f7d 10 0 8
8 407428ee294c0000 0000000000000000 5d046f9917bdfa22 10 0 8
9 5922598304543140 0000000000000000 4071779af9c0af5f 10 0 8
a 3fd9cdfda5800000 0000000000000000 3ff27e1b687a5b41 10 0 8
7 404428ee294c0000 c041b44847780000 400254d9a3b49c0b 10 0 8
8 4079a89692ec0000 0000000000000000 64f36b19adcf1779 10 0 8
9 60020347a51f1d71 0000000000000000 40763b3f7b068542 10 0 8
a 3fe06be57cc00000 0000000000000000 3ff082bfaf168bd1 10 0 8
7 4049a89692ec0000 c0424aa949740000 4001855d2197b535 10 0 8
8 c051c18b02400000 0000000000000000 39872a37f0edb3d4 10 0 8
9 3a62a24be68df4f6 0000000000000000 c04ec4d36716948f 10 0 8
a bfb6ba4b88000000 0000000000000000 3ffa8e1ac6f0f9ef 10 0 8
7 c021c18b02400000 40504507aabc0000 bfc15ac808caea61 10 0 8
8 4086bdbd9b500000 0000000000000000 7ff0000000000000 14 0 8
9 78c90ddbb1d5fb3b 0000000000000000 4083b42765d985d2 10 0 8
a 3fed1bd3fa000000 0000000000000000 3fdb6a4c5d28ab4c 10 0 8
7 4056bdbd9b500000 4042b14f74640000 3ff2e4c84f94a7fb 10 0 8
8 40531ebf0dc00000 0000000000000000 46d4390853220f3c 10 0 8
9 45e8429613fbf09b 0000000000000000 405090f978d23796 10 0 8
a 3fb8794678000000 0000000000000000 3ff799cd98ca3af9 10 0 8
7 40231ebf0dc00000 c0553dbbec6e0000 40083c8289d078d4 10 0 8
8 4063f37224a80000 0000000000000000 4e533aa12ba5f934 10 0 8
9 4c66c74f6cf173be 0000000000000000 40614943bef2f772 10 0 8
a 3fc98987dd000000 0000000000000000 3ff5eb450a339509 10 0 8
7 4033f37224a80000 40169be3a8800000 3ff4b730b8efb439 10 0 8
8 406684fb2b200000 0000000000000000 502e0ed9b8465d6c 10 0 8
9 4e024f68f39c26e9 0000000000000000 406382f9bb84125a 10 0 8
a 3fccd32d04000000 0000000000000000 3ff57f9ae837e58b 10 0 8
7 403684fb2b200000 4050ffeef1aa0000 3fd477b1806ad879 10 0 8
8 405cfb3843800000 0000000000000000 4a62f5b292bbaeb0 10 0 8
9 48fdfea584b1833c 0000000000000000 40591c439b70312b 10 0 8
a 3fc28c4cf8000000 0000000000000000 3ff6ce58dcc6fcd2 10 0 8
7 402cfb3843800000 c0145e4422e00000 3ffe8a1e1d8c11a6 10 0 8
8 404504ef72200000 0000000000000000 43b9160cc3d5bdc8 10 0 8
9 433765675104dcbe 0000000000000000 40423639a6684f3f 10 0 8
a 3faae798e4000000 0000000000000000 3ff84aa5294e9d7f 10 0 8
7 401504ef72200000 4056fbfb2cac0000 3fad3b7d70db2595 10 0 8
8 c085c8cc51680000 0000000000000000 0113aa7a6b3765ea 10 0 8
9 0978ae2f0e30d9a3 0000000000000000 c082dfed67bfa230 10 0 8
a bfebe24d35000000 0000000000000000 400507c4fde9d384 10 0 8
7 c055c8cc51680000 4054fd36c6fa0000 bfe9ba4560dc23eb 10 0 8
8 c07e22d6e7880000 0000000000000000 14749b0405d411a0 10 0 8
9 1a436706792e350f 0000000000000000 c07a1c66271b31fa 10 0 8
a bfe3497f4c800000 0000000000000000 4001bddba3d2be69 10 0 8
7 c04e22d6e7880000 c0522aacf6520000 c00397e1cdeda1d7 10 0 8
8 407b2f1715fc0000 0000000000000000 672679d33cf9380a 10 0 8
9 61e99d747007be3c 0000000000000000 40778d97988883ee 10 0 8
a 3fe165d155c00000 0000000000000000 3fefdf15c1cda18f 10 0 8
7 404b2f1715fc0000 40207a6d0c100000 3ff6b9f229d3665e 10 0 8
8 404c2f782e400000 0000000000000000 45040e4df1b2e5c9 10 0 8
9 4456102ca1256c54 0000000000000000 40486bba56ce6e03 10 0 8
a 3fb209e684000000 0000000000000000 3ff8011fa47b91cb 10 0 8
7 401c2f782e400000 4058052682a80000 3fb2bdb1ded8a7ed 10 0 8
8 c075a41e0c080000 0000000000000000 20b5f3a0c6a43fba 10 0 8
9 24e21aece3009695 0000000000000000 c072c0255afdd733 10 0 8
a bfdbb359a9000000 0000000000000000 400025b7b57c73b6 10 0 8
7 c045a41e0c080000 c048c35dac600000 c003631160b391b8 10 0 8
8 407f703958fc0000 0000000000000000 6d49eaa64dea2c03 10 0 8
9 673b3cb2759a8d6c 0000000000000000 407b3d4135f9124e 10 0 8
a 3fe41edd05c00000 0000000000000000 3fec81ac224d86d5 10 0 8
7 404f703958fc0000 c037a17e47680000 3ffee27a77ded146 10 0 8
8 4080a63177e60000 0000000000000000 6ff8c598ecedd99f 10 0 8
9 698f4a9776765b55 0000000000000000 407cd9d16c70a3bf 10 0 8
a 3fe54f9b7ac00000 0000000000000000 3feaf1b6ab8cc061 10 0 8
7 4050a63177e60000 c057439faa4c0000 400429d9aa20c443 10 0 8
8 406a565ce3680000 0000000000000000 52ef6ea2bf5365c6 10 0 8
9 5064ba8382811e40 0000000000000000 4066d1cfef4fc9c6 10 0 8
a 3fd0db1cba800000 0000000000000000 3ff4de536a6415b1 10 0 8
7 403a565ce3680000 4044eb709dc40000 3fe1fa6d2b4dd8ed 10 0 8
8 c086459487c40000 0000000000000000 00003783f0063053 18 0 8
9 08417c4f64bdcf1c 0000000000000000 c0834c0af4c761ce 10 0 8
a bfec8205cc800000 0000000000000000 40055c470300c860 10 0 8
7 c056459487c40000 40555115fbe20000 bfe9d572127a0882 10 0 8
8 40829a1b0fc40000 0000000000000000 759b89686e092f98 10 0 8
9 6e70e698de784ba2 0000000000000000 40801e0cd8c1605f 10 0 8
a 3fe7cf7ecc800000 0000000000000000 3fe7699a8a95ce65 10 0 8
7 40529a1b0fc40000 c0304679f8c80000 3ffc940303c0ac19 10 0 8
8 4085fd93bb7a0000 0000000000000000 7f62a3f64743e022 10 0 8
9 76e89d3be3fe203b 0000000000000000 40830da827597e71 10 0 8
a 3fec25dbd1400000 0000000000000000 3fdfba0cd2a9b6e2 10 0 8
7 4055fd93bb7a0000 4043bd1f80a80000 3ff2620e944b8557 10 0 8
8 40842b3424040000 0000000000000000 7a21571228d3c0ed 10 0 8
9 725aeb5d8dbe27da 0000000000000000 4081799338e860ed 10 0 8
a 3fe9d0e694800000 0000000000000000 3fe43ab078ea7100 10 0 8
7 40542b3424040000 c054da5bceb40000 4002fba4415914dc 10 0 8
8 4070e6b4ac480000 0000000000000000 58518967925cce2b 10 0 8
9 5510446206d855f1 0000000000000000 406d499c17a6f2c6 10 0 8
a 3fd5a22ef1000000 0000000000000000 3ff39d9d21930db2 10 0 8
7 4040e6b4ac480000 c0490271a3480000 400460df2ac2371d 10 0 8
8 c0862b8c1b620000 0000000000000000 00059da9564b90e5 18 0 8
9 0882532e5fb1a6d3 0000000000000000 c083357cac5f6841 10 0 8
a bfec60b356400000 0000000000000000 40054a18b549ecf4 10 0 8
7 c0562b8c1b620000 40419de3926c0000 bff314f07dad626f 10 0 8
8 c06332c469f00000 0000000000000000 32156e0d09a91537 10 0 8
9 33f03046d8974c75 0000000000000000 c060a25242125862 10 0 8
a bfc892e6ee000000 0000000000000000 3ffc3941ca954e92 10 0 8
7 c03332c469f00000 c043aa3b71cc0000 c0057ff6af052863 10 0 8
8 40406b4a7b000000 0000000000000000 42e4c1c83fd55bf6 10 0 8
9 428089e016ce7cea 0000000000000000 403c73bf875c1a08 10 0 8
a 3fa5043660000000 0000000000000000 3ff879cd88a7d7db 10 0 8
7 40106b4a7b000000 c04b0f7c089c0000 400886f2f84e5b67 10 0 8
8 4080fb1539320000 0000000000000000 70eeaeda44452d84 10 0 8
9 6a62c99bc64c6ebe 0000000000000000 407d6cebaf7b4c93 10 0 8
a 3fe5bc4420400000 0000000000000000 3fea5edf3010b166 10 0 8
7 4050fb1539320000 c03223afbcb80000 3ffd4ee76f355d21 10 0 8
8 c082bc6fb3900000 0000000000000000 09e0496f2db714e6 10 0 8
9 11178952affa2099 0000000000000000 c0803bcb9f732892 10 0 8
a bfe7fb7042000000 0000000000000000 4003581947fbe902 10 0 8
7 c052bc6fb3900000 4037c4e89d700000 bff43801eb1adae9 10 0 8
8 c0308d3738c00000 0000000000000000 3e7166852b9fdaf6 10 0 8
9 3ea3d77f73582994 0000000000000000 c02cae8909d87f75 10 0 8
a bf952fa2d8000000 0000000000000000 3ff976bb6bf0ff43 10 0 8
7 c0008d3738c00000 4046a4e18a880000 bfa75fc2ef4ec638 10 0 8
8 404cfaaa55200000 0000000000000000 4528866b01c44c13 10 0 8
9 4475d32d6bd507de 0000000000000000 40491bc8a219ec77 10 0 8
a 3fb28bf222000000 0000000000000000 3ff7f8f99569c5da 10 0 8
7 401cfaaa55200000 4057f3283f240000 3fb352b88698aacf 10 0 8
8 c078eef187340000 0000000000000000 1bf602009029619c 10 0 8
9 20c425ce0807ff90 0000000000000000 c0759a662a8ccc47 10 0 8
a bfdfea2aea800000 0000000000000000 4000be2bdcc2e935 10 0 8
7 c048eef187340000 40334d386de00000 bff3394e70597bb7 10 0 8
8 c083dfa918820000 0000000000000000 0696bd7d9f82857b 10 0 8
9 0e4099656ee564ab 0000000000000000 c081381f377917af 10 0 8
a bfe970349a400000 0000000000000000 4003eaf07817c3c7 10 0 8
7 c053dfa918820000 c056384979ee0000 c0034b84e577b804 10 0 8
8 c06f9c31eb680000 0000000000000000 2921ff48317a22d1 10 0 8
9 2c2dd42aac2cd7b1 0000000000000000 c06b635a4987c9f4 10 0 8
a bfd43b013a800000 0000000000000000 3ffe4753888b8c33 10 0 8
7 c03f9c31eb680000 c02a48bd16100000 bfff6fdce286644c 10 0 8
9 3fefffffffffff9c 0000000000000000 bd09000000000027 10 0 8
a 3fefffffffffff9c 0000000000000000 3e84000000000005 10 0 8
9 3fefffffffffff9d 0000000000000000 bd08c00000000026 10 0 8
a 3fefffffffffff9d 0000000000000000 3e83e655eefe136c 10 0 8
9 3fefffffffffff9e 0000000000000000 bd08800000000026 10 0 8
a 3fefffffffffff9e 0000000000000000 3e83cc8a99af5458 10 0 8
9 3fefffffffffff9f 0000000000000000 bd08400000000025 10 0 8
a 3fefffffffffff9f 0000000000000000 3e83b29d7d635667 10 0 8
9 3fefffffffffffa0 0000000000000000 bd08000000000024 10 0 8
a 3fefffffffffffa0 0000000000000000 3e83988e14092133 10 0 8
9 3fefffffffffffa1 0000000000000000 bd07c00000000023 10 0 8
a 3fefffffffffffa1 0000000000000000 3e837e5bd40f95a6 10 0 8
9 3fefffffffffffa2 0000000000000000 bd07800000000023 10 0 8
a 3fefffffffffffa2 0000000000000000 3e8364063044530a 10 0 8
9 3fefffffffffffa3 0000000000000000 bd07400000000022 10 0 8
a 3fefffffffffffa3 0000000000000000 3e83498c97b10545 10 0 8
9 3fefffffffffffa4 0000000000000000 bd07000000000021 10 0 8
a 3fefffffffffffa4 0000000000000000 3e832eee7577041b 10 0 8
9 3fefffffffffffa5 0000000000000000 bd06c00000000020 10 0 8
a 3fefffffffffffa5 0000000000000000 3e83142b30a929b0 10 0 8
9 3fefffffffffffa6 0000000000000000 bd06800000000020 10 0 8
a 3fefffffffffffa6 0000000000000000 3e82f9422c23c482 10 0 8
9 3fefffffffffffa7 0000000000000000 bd0640000000001f 10 0 8
a 3fefffffffffffa7 0000000000000000 3e82de32c6628746 10 0 8
9 3fefffffffffffa8 0000000000000000 bd0600000000001e 10 0 8
a 3fefffffffffffa8 0000000000000000 3e82c2fc595456ab 10 0 8
9 3fefffffffffffa9 0000000000000000 bd05c0000000001e 10 0 8
a 3fefffffffffffa9 0000000000000000 3e82a79e3a2cd2ea 10 0 8
9 3fefffffffffffaa 0000000000000000 bd0580000000001d 10 0 8
a 3fefffffffffffaa 0000000000000000 3e828c17b9337838 10 0 8
9 3fefffffffffffab 0000000000000000 bd0540000000001c 10 0 8
a 3fefffffffffffab 0000000000000000 3e82706821902e9e 10 0 8
9 3fefffffffffffac 0000000000000000 bd0500000000001c 10 0 8
a 3fefffffffffffac 0000000000000000 3e82548eb9151e89 10 0 8
9 3fefffffffffffad 0000000000000000 bd04c0000000001b 10 0 8
a 3fefffffffffffad 0000000000000000 3e82388ac0059c2c 10 0 8
9 3fefffffffffffae 0000000000000000 bd0480000000001a 10 0 8
a 3fefffffffffffae 0000000000000000 3e821c5b70d9f827 10 0 8
9 3fefffffffffffaf 0000000000000000 bd0440000000001a 10 0 8
a 3fefffffffffffaf 0000000000000000 3e82000000000004 10 0 8
9 3fefffffffffffb0 0000000000000000 bd04000000000019 10 0 8
a 3fefffffffffffb0 0000000000000000 3e81e3779b97f4ab 10 0 8
9 3fefffffffffffb1 0000000000000000 bd03c00000000018 10 0 8
a 3fefffffffffffb1 0000000000000000 3e81c6c16b2db874 10 0 8
9 3fefffffffffffb2 0000000000000000 bd03800000000018 10 0 8
a 3fefffffffffffb2 0000000000000000 3e81a9dc8f6df107 10 0 8
9 3fefffffffffffb3 0000000000000000 bd03400000000017 10 0 8
a 3fefffffffffffb3 0000000000000000 3e818cc821d6d3e6 10 0 8
9 3fefffffffffffb4 0000000000000000 bd03000000000017 10 0 8
a 3fefffffffffffb4 0000000000000000 3e816f8334644dfc 10 0 8
9 3fefffffffffffb5 0000000000000000 bd02c00000000016 10 0 8
a 3fefffffffffffb5 0000000000000000 3e81520cd1372fee 10 0 8
9 3fefffffffffffb6 0000000000000000 bd02800000000015 10 0 8
a 3fefffffffffffb6 0000000000000000 3e813463fa370151 10 0 8
9 3fefffffffffffb7 0000000000000000 bd02400000000015 10 0 8
a 3fefffffffffffb7 0000000000000000 3e811687a8ae14a7 10 0 8
9 3fefffffffffffb8 0000000000000000 bd02000000000014 10 0 8
a 3fefffffffffffb8 0000000000000000 3e80f876ccdf6cdd 10 0 8
9 3fefffffffffffb9 0000000000000000 bd01c00000000014 10 0 8
a 3fefffffffffffb9 0000000000000000 3e80da304d95fb09 10 0 8
9 3fefffffffffffba 0000000000000000 bd01800000000013 10 0 8
a 3fefffffffffffba 0000000000000000 3e80bbb307acafde 10 0 8
9 3fefffffffffffbb 0000000000000000 bd01400000000013 10 0 8
a 3fefffffffffffbb 0000000000000000 3e809cfdcd8ed00c 10 0 8
9 3fefffffffffffbc 0000000000000000 bd01000000000012 10 0 8
a 3fefffffffffffbc 0000000000000000 3e807e0f66afed0a 10 0 8
9 3fefffffffffffbd 0000000000000000 bd00c00000000012 10 0 8
a 3fefffffffffffbd 0000000000000000 3e805ee68efad48e 10 0 8
9 3fefffffffffffbe 0000000000000000 bd00800000000011 10 0 8
a 3fefffffffffffbe 0000000000000000 3e803f81f636b80f 10 0 8
9 3fefffffffffffbf 0000000000000000 bd00400000000011 10 0 8
a 3fefffffffffffbf 0000000000000000 3e801fe03f61bad3 10 0 8
9 3fefffffffffffc0 0000000000000000 bd00000000000010 10 0 8
a 3fefffffffffffc0 0000000000000000 3e80000000000003 10 0 8
9 3fefffffffffffc1 0000000000000000 bcff80000000001f 10 0 8
a 3fefffffffffffc1 0000000000000000 3e7fbfbf7ebc7564 10 0 8
9 3fefffffffffffc2 0000000000000000 bcff00000000001e 10 0 8
a 3fefffffffffffc2 0000000000000000 3e7f7efbeb8d4f17 10 0 8
9 3fefffffffffffc3 0000000000000000 bcfe80000000001d 10 0 8
a 3fefffffffffffc3 0000000000000000 3e7f3db2174e746d 10 0 8
9 3fefffffffffffc4 0000000000000000 bcfe00000000001c 10 0 8
a 3fefffffffffffc4 0000000000000000 3e7efbdeb14f4edf 10 0 8
9 3fefffffffffffc5 0000000000000000 bcfd80000000001b 10 0 8
a 3fefffffffffffc5 0000000000000000 3e7eb97e455b9ee0 10 0 8
9 3fefffffffffffc6 0000000000000000 bcfd00000000001a 10 0 8
a 3fefffffffffffc6 0000000000000000 3e7e768d399dc474 10 0 8
9 3fefffffffffffc7 0000000000000000 bcfc800000000019 10 0 8
a 3fefffffffffffc7 0000000000000000 3e7e3307cc56cf60 10 0 8
9 3fefffffffffffc8 0000000000000000 bcfc000000000019 10 0 8
a 3fefffffffffffc8 0000000000000000 3e7deeea11683f4d 10 0 8
9 3fefffffffffffc9 0000000000000000 bcfb800000000018 10 0 8
a 3fefffffffffffc9 0000000000000000 3e7daa2fefaae1dc 10 0 8
9 3fefffffffffffca 0000000000000000 bcfb000000000017 10 0 8
a 3fefffffffffffca 0000000000000000 3e7d64d51e0db1ca 10 0 8
9 3fefffffffffffcb 0000000000000000 bcfa800000000016 10 0 8
a 3fefffffffffffcb 0000000000000000 3e7d1ed52076fbed 10 0 8
9 3fefffffffffffcc 0000000000000000 bcfa000000000015 10 0 8
a 3fefffffffffffcc 0000000000000000 3e7cd82b446159f7 10 0 8
9 3fefffffffffffcd 0000000000000000 bcf9800000000014 10 0 8
a 3fefffffffffffcd 0000000000000000 3e7c90d29d2d43d1 10 0 8
9 3fefffffffffffce 0000000000000000 bcf9000000000014 10 0 8
a 3fefffffffffffce 0000000000000000 3e7c48c6001f0ac3 10 0 8
9 3fefffffffffffcf 0000000000000000 bcf8800000000013 10 0 8
a 3fefffffffffffcf 0000000000000000 3e7c000000000004 10 0 8
9 3fefffffffffffd0 0000000000000000 bcf8000000000012 10 0 8
a 3fefffffffffffd0 0000000000000000 3e7bb67ae8584cae 10 0 8
9 3fefffffffffffd1 0000000000000000 bcf7800000000011 10 0 8
a 3fefffffffffffd1 0000000000000000 3e7b6c30b83593ea 10 0 8
9 3fefffffffffffd2 0000000000000000 bcf7000000000011 10 0 8
a 3fefffffffffffd2 0000000000000000 3e7b211b1c70d026 10 0 8
9 3fefffffffffffd3 0000000000000000 bcf6800000000010 10 0 8
a 3fefffffffffffd3 0000000000000000 3e7ad5336963eeff 10 0 8
9 3fefffffffffffd4 0000000000000000 bcf600000000000f 10 0 8
a 3fefffffffffffd4 0000000000000000 3e7a887293fd6f37 10 0 8
9 3fefffffffffffd5 0000000000000000 bcf580000000000e 10 0 8
a 3fefffffffffffd5 0000000000000000 3e7a3ad12a1da163 10 0 8
9 3fefffffffffffd6 0000000000000000 bcf500000000000e 10 0 8
a 3fefffffffffffd6 0000000000000000 3e79ec474a261267 10 0 8
9 3fefffffffffffd7 0000000000000000 bcf480000000000d 10 0 8
a 3fefffffffffffd7 0000000000000000 3e799ccc999fff03 10 0 8
9 3fefffffffffffd8 0000000000000000 bcf400000000000d 10 0 8
a 3fefffffffffffd8 0000000000000000 3e794c583ada5b55 10 0 8
9 3fefffffffffffd9 0000000000000000 bcf380000000000c 10 0 8
a 3fefffffffffffd9 0000000000000000 3e78fae0c15ad38c 10 0 8
9 3fefffffffffffda 0000000000000000 bcf300000000000b 10 0 8
a 3fefffffffffffda 0000000000000000 3e78a85c24f7065c 10 0 8
9 3fefffffffffffdb 0000000000000000 bcf280000000000b 10 0 8
a 3fefffffffffffdb 0000000000000000 3e7854bfb363dc3c 10 0 8
9 3fefffffffffffdc 0000000000000000 bcf200000000000a 10 0 8
a 3fefffffffffffdc 0000000000000000 3e78000000000002 10 0 8
9 3fefffffffffffdd 0000000000000000 bcf180000000000a 10 0 8
a 3fefffffffffffdd 0000000000000000 3e77aa10d193c22f 10 0 8
9 3fefffffffffffde 0000000000000000 bcf1000000000009 10 0 8
a 3fefffffffffffde 0000000000000000 3e7752e50db3a3a4 10 0 8
9 3fefffffffffffdf 0000000000000000 bcf0800000000009 10 0 8
a 3fefffffffffffdf 0000000000000000 3e76fa6ea162d0f2 10 0 8
9 3fefffffffffffe0 0000000000000000 bcf0000000000008 10 0 8
a 3fefffffffffffe0 0000000000000000 3e76a09e667f3bce 10 0 8
9 3fefffffffffffe1 0000000000000000 bcef00000000000f 10 0 8
a 3fefffffffffffe1 0000000000000000 3e7645640568c1c5 10 0 8
9 3fefffffffffffe2 0000000000000000 bcee00000000000e 10 0 8
a 3fefffffffffffe2 0000000000000000 3e75e8add236a591 10 0 8
9 3fefffffffffffe3 0000000000000000 bced00000000000d 10 0 8
a 3fefffffffffffe3 0000000000000000 3e758a68a4a8d9f5 10 0 8
9 3fefffffffffffe4 0000000000000000 bcec00000000000c 10 0 8
a 3fefffffffffffe4 0000000000000000 3e752a7fa9d2f8eb 10 0 8
9 3fefffffffffffe5 0000000000000000 bceb00000000000b 10 0 8
a 3fefffffffffffe5 0000000000000000 3e74c8dc2e423981 10 0 8
9 3fefffffffffffe6 0000000000000000 bcea00000000000b 10 0 8
a 3fefffffffffffe6 0000000000000000 3e7465655f122ff8 10 0 8
9 3fefffffffffffe7 0000000000000000 bce900000000000a 10 0 8
a 3fefffffffffffe7 0000000000000000 3e74000000000001 10 0 8
9 3fefffffffffffe8 0000000000000000 bce8000000000009 10 0 8
a 3fefffffffffffe8 0000000000000000 3e73988e14092130 10 0 8
9 3fefffffffffffe9 0000000000000000 bce7000000000008 10 0 8
a 3fefffffffffffe9 0000000000000000 3e732eee75770418 10 0 8
9 3fefffffffffffea 0000000000000000 bce6000000000008 10 0 8
a 3fefffffffffffea 0000000000000000 3e72c2fc595456a8 10 0 8
9 3fefffffffffffeb 0000000000000000 bce5000000000007 10 0 8
a 3fefffffffffffeb 0000000000000000 3e72548eb9151e86 10 0 8
9 3fefffffffffffec 0000000000000000 bce4000000000006 10 0 8
a 3fefffffffffffec 0000000000000000 3e71e3779b97f4a9 10 0 8
9 3fefffffffffffed 0000000000000000 bce3000000000006 10 0 8
a 3fefffffffffffed 0000000000000000 3e716f8334644df9 10 0 8
9 3fefffffffffffee 0000000000000000 bce2000000000005 10 0 8
a 3fefffffffffffee 0000000000000000 3e70f876ccdf6cda 10 0 8
9 3fefffffffffffef 0000000000000000 bce1000000000005 10 0 8
a 3fefffffffffffef 0000000000000000 3e707e0f66afed08 10 0 8
9 3feffffffffffff0 0000000000000000 bce0000000000004 10 0 8
a 3feffffffffffff0 0000000000000000 3e70000000000001 10 0 8
9 3feffffffffffff1 0000000000000000 bcde000000000007 10 0 8
a 3feffffffffffff1 0000000000000000 3e6efbdeb14f4edb 10 0 8
9 3feffffffffffff2 0000000000000000 bcdc000000000006 10 0 8
a 3feffffffffffff2 0000000000000000 3e6deeea11683f4a 10 0 8
9 3feffffffffffff3 0000000000000000 bcda000000000005 10 0 8
a 3feffffffffffff3 0000000000000000 3e6cd82b446159f4 10 0 8
9 3feffffffffffff4 0000000000000000 bcd8000000000005 10 0 8
a 3feffffffffffff4 0000000000000000 3e6bb67ae8584cab 10 0 8
9 3feffffffffffff5 0000000000000000 bcd6000000000004 10 0 8
a 3feffffffffffff5 0000000000000000 3e6a887293fd6f35 10 0 8
9 3feffffffffffff6 0000000000000000 bcd4000000000003 10 0 8
a 3feffffffffffff6 0000000000000000 3e694c583ada5b53 10 0 8
9 3feffffffffffff7 0000000000000000 bcd2000000000003 10 0 8
a 3feffffffffffff7 0000000000000000 3e68000000000001 10 0 8
9 3feffffffffffff8 0000000000000000 bcd0000000000002 10 0 8
a 3feffffffffffff8 0000000000000000 3e66a09e667f3bcd 10 0 8
9 3feffffffffffff9 0000000000000000 bccc000000000003 10 0 8
a 3feffffffffffff9 0000000000000000 3e652a7fa9d2f8ea 10 0 8
9 3feffffffffffffa 0000000000000000 bcc8000000000002 10 0 8
a 3feffffffffffffa 0000000000000000 3e63988e1409212f 10 0 8
9 3feffffffffffffb 0000000000000000 bcc4000000000002 10 0 8
a 3feffffffffffffb 0000000000000000 3e61e3779b97f4a8 10 0 8
9 3feffffffffffffc 0000000000000000 bcc0000000000001 10 0 8
a 3feffffffffffffc 0000000000000000 3e60000000000000 10 0 8
9 3feffffffffffffd 0000000000000000 bcb8000000000001 10 0 8
a 3feffffffffffffd 0000000000000000 3e5bb67ae8584cab 10 0 8
9 3feffffffffffffe 0000000000000000 bcb0000000000001 10 0 8
a 3feffffffffffffe 0000000000000000 3e56a09e667f3bcd 10 0 8
9 3fefffffffffffff 0000000000000000 bca0000000000000 10 0 8
a 3fefffffffffffff 0000000000000000 3e50000000000000 10 0 8
9 3ff0000000000000 0000000000000000 0000000000000000 0 0 8
a 3ff0000000000000 0000000000000000 0000000000000000 0 0 8
9 3ff0000000000001 0000000000000000 3cafffffffffffff 10 0 8
9 3ff0000000000002 0000000000000000 3cbffffffffffffe 10 0 8
9 3ff0000000000003 0000000000000000 3cc7fffffffffffe 10 0 8
9 3ff0000000000004 0000000000000000 3ccffffffffffffc 10 0 8
9 3ff0000000000005 0000000000000000 3cd3fffffffffffd 10 0 8
9 3ff0000000000006 0000000000000000 3cd7fffffffffffc 10 0 8
9 3ff0000000000007 0000000000000000 3cdbfffffffffffa 10 0 8
9 3ff0000000000008 0000000000000000 3cdffffffffffff8 10 0 8
9 3ff0000000000009 0000000000000000 3ce1fffffffffffb 10 0 8
9 3ff000000000000a 0000000000000000 3ce3fffffffffffa 10 0 8
9 3ff000000000000b 0000000000000000 3ce5fffffffffff8 10 0 8
9 3ff000000000000c 0000000000000000 3ce7fffffffffff7 10 0 8
9 3ff000000000000d 0000000000000000 3ce9fffffffffff5 10 0 8
9 3ff000000000000e 0000000000000000 3cebfffffffffff4 10 0 8
9 3ff000000000000f 0000000000000000 3cedfffffffffff2 10 0 8
9 3ff0000000000010 0000000000000000 3ceffffffffffff0 10 0 8
9 3ff0000000000011 0000000000000000 3cf0fffffffffff7 10 0 8
9 3ff0000000000012 0000000000000000 3cf1fffffffffff6 10 0 8
9 3ff0000000000013 0000000000000000 3cf2fffffffffff5 10 0 8
9 3ff0000000000014 0000000000000000 3cf3fffffffffff4 10 0 8
9 3ff0000000000015 0000000000000000 3cf4fffffffffff2 10 0 8
9 3ff0000000000016 0000000000000000 3cf5fffffffffff1 10 0 8
9 3ff0000000000017 0000000000000000 3cf6ffffffffffef 10 0 8
9 3ff0000000000018 0000000000000000 3cf7ffffffffffee 10 0 8
9 3ff0000000000019 0000000000000000 3cf8ffffffffffec 10 0 8
9 3ff000000000001a 0000000000000000 3cf9ffffffffffeb 10 0 8
9 3ff000000000001b 0000000000000000 3cfaffffffffffe9 10 0 8
9 3ff000000000001c 0000000000000000 3cfbffffffffffe8 10 0 8
9 3ff000000000001d 0000000000000000 3cfcffffffffffe6 10 0 8
9 3ff000000000001e 0000000000000000 3cfdffffffffffe4 10 0 8
9 3ff000000000001f 0000000000000000 3cfeffffffffffe2 10 0 8
9 3ff0000000000020 0000000000000000 3cffffffffffffe0 10 0 8
9 3ff0000000000021 0000000000000000 3d007fffffffffef 10 0 8
9 3ff0000000000022 0000000000000000 3d00ffffffffffee 10 0 8
9 3ff0000000000023 0000000000000000 3d017fffffffffed 10 0 8
9 3ff0000000000024 0000000000000000 3d01ffffffffffec 10 0 8
9 3ff0000000000025 0000000000000000 3d027fffffffffeb 10 0 8
9 3ff0000000000026 0000000000000000 3d02ffffffffffe9 10 0 8
9 3ff0000000000027 0000000000000000 3d037fffffffffe8 10 0 8
9 3ff0000000000028 0000000000000000 3d03ffffffffffe7 10 0 8
9 3ff0000000000029 0000000000000000 3d047fffffffffe6 10 0 8
9 3ff000000000002a 0000000000000000 3d04ffffffffffe4 10 0 8
9 3ff000000000002b 0000000000000000 3d057fffffffffe3 10 0 8
9 3ff000000000002c 0000000000000000 3d05ffffffffffe2 10 0 8
9 3ff000000000002d 0000000000000000 3d067fffffffffe0 10 0 8
9 3ff000000000002e 0000000000000000 3d06ffffffffffdf 10 0 8
9 3ff000000000002f 0000000000000000 3d077fffffffffdd 10 0 8
9 3ff0000000000030 0000000000000000 3d07ffffffffffdc 10 0 8
9 3ff0000000000031 0000000000000000 3d087fffffffffda 10 0 8
9 3ff0000000000032 0000000000000000 3d08ffffffffffd9 10 0 8
9 3ff0000000000033 0000000000000000 3d097fffffffffd7 10 0 8
9 3ff0000000000034 0000000000000000 3d09ffffffffffd6 10 0 8
9 3ff0000000000035 0000000000000000 3d0a7fffffffffd4 10 0 8
9 3ff0000000000036 0000000000000000 3d0affffffffffd2 10 0 8
9 3ff0000000000037 0000000000000000 3d0b7fffffffffd1 10 0 8
9 3ff0000000000038 0000000000000000 3d0bffffffffffcf 10 0 8
9 3ff0000000000039 0000000000000000 3d0c7fffffffffcd 10 0 8
9 3ff000000000003a 0000000000000000 3d0cffffffffffcb 10 0 8
9 3ff000000000003b 0000000000000000 3d0d7fffffffffca 10 0 8
9 3ff000000000003c 0000000000000000 3d0dffffffffffc8 10 0 8
9 3ff000000000003d 0000000000000000 3d0e7fffffffffc6 10 0 8
9 3ff000000000003e 0000000000000000 3d0effffffffffc4 10 0 8
9 3ff000000000003f 0000000000000000 3d0f7fffffffffc2 10 0 8
9 3ff0000000000040 0000000000000000 3d0fffffffffffc0 10 0 8
9 3ff0000000000041 0000000000000000 3d103fffffffffdf 10 0 8
9 3ff0000000000042 0000000000000000 3d107fffffffffde 10 0 8
9 3ff0000000000043 0000000000000000 3d10bfffffffffdd 10 0 8
9 3ff0000000000044 0000000000000000 3d10ffffffffffdc 10 0 8
9 3ff0000000000045 0000000000000000 3d113fffffffffdb 10 0 8
9 3ff0000000000046 0000000000000000 3d117fffffffffda 10 0 8
9 3ff0000000000047 0000000000000000 3d11bfffffffffd9 10 0 8
9 3ff0000000000048 0000000000000000 3d11ffffffffffd8 10 0 8
9 3ff0000000000049 0000000000000000 3d123fffffffffd6 10 0 8
9 3ff000000000004a 0000000000000000 3d127fffffffffd5 10 0 8
9 3ff000000000004b 0000000000000000 3d12bfffffffffd4 10 0 8
9 3ff000000000004c 0000000000000000 3d12ffffffffffd3 10 0 8
9 3ff000000000004d 0000000000000000 3d133fffffffffd2 10 0 8
9 3ff000000000004e 0000000000000000 3d137fffffffffd0 10 0 8
9 3ff000000000004f 0000000000000000 3d13bfffffffffcf 10 0 8
9 3ff0000000000050 0000000000000000 3d13ffffffffffce 10 0 8
9 3ff0000000000051 0000000000000000 3d143fffffffffcd 10 0 8
9 3ff0000000000052 0000000000000000 3d147fffffffffcb 10 0 8
9 3ff0000000000053 0000000000000000 3d14bfffffffffca 10 0 8
9 3ff0000000000054 0000000000000000 3d14ffffffffffc9 10 0 8
9 3ff0000000000055 0000000000000000 3d153fffffffffc8 10 0 8
9 3ff0000000000056 0000000000000000 3d157fffffffffc6 10 0 8
9 3ff0000000000057 0000000000000000 3d15bfffffffffc5 10 0 8
9 3ff0000000000058 0000000000000000 3d15ffffffffffc4 10 0 8
9 3ff0000000000059 0000000000000000 3d163fffffffffc2 10 0 8
9 3ff000000000005a 0000000000000000 3d167fffffffffc1 10 0 8
9 3ff000000000005b 0000000000000000 3d16bfffffffffbf 10 0 8
9 3ff000000000005c 0000000000000000 3d16ffffffffffbe 10 0 8
9 3ff000000000005d 0000000000000000 3d173fffffffffbc 10 0 8
9 3ff000000000005e 0000000000000000 3d177fffffffffbb 10 0 8
9 3ff000000000005f 0000000000000000 3d17bfffffffffb9 10 0 8
9 3ff0000000000060 0000000000000000 3d17ffffffffffb8 10 0 8
9 3ff0000000000061 0000000000000000 3d183fffffffffb6 10 0 8
9 3ff0000000000062 0000000000000000 3d187fffffffffb5 10 0 8
9 3ff0000000000063 0000000000000000 3d18bfffffffffb3 10 0 8
9 3ff0000000000064 0000000000000000 3d18ffffffffffb2 10 0 8
5 400921fb54442d18 0000000000000000 3ca1a62633145c07 10 0 8
6 400921fb54442d18 0000000000000000 bff0000000000000 10 0 8
8 400921fb54442d18 0000000000000000 403724046eb09339 10 0 8
5 3ff921fb54442d18 0000000000000000 3ff0000000000000 10 0 8
6 3ff921fb54442d18 0000000000000000 3c91a62633145c07 10 0 8
8 3ff921fb54442d18 0000000000000000 40133dedc855935f 10 0 8
5 401921fb54442d18 0000000000000000 bcb1a62633145c07 10 0 8
6 401921fb54442d18 0000000000000000 3ff0000000000000 10 0 8
8 401921fb54442d18 0000000000000000 4080bbeee9177e18 10 0 8
5 4415af1d78b58c40 0000000000000000 bfe4a5e605fd6450 10 0 8
6 4415af1d78b58c40 0000000000000000 3fe872720fc60d3d 10 0 8
8 4415af1d78b58c40 0000000000000000 7ff0000000000000 14 0 8
5 54b249ad2594c37d 0000000000000000 bfd85c5e5b929359 10 0 8
6 54b249ad2594c37d 0000000000000000 3fed9757496841f5 10 0 8
8 54b249ad2594c37d 0000000000000000 7ff0000000000000 14 0 8
5 7e37e43c8800759c 0000000000000000 bfea2c16b010e385 10 0 8
6 7e37e43c8800759c 0000000000000000 bfe2699022adc4c1 10 0 8
8 7e37e43c8800759c 0000000000000000 7ff0000000000000 14 0 8
5 fe37e43c8800759c 0000000000000000 3fea2c16b010e385 10 0 8
6 fe37e43c8800759c 0000000000000000 bfe2699022adc4c1 10 0 8
8 fe37e43c8800759c 0000000000000000 0000000000000000 18 0 8
5 3ddb7cdfd9d7bdbb 0000000000000000 3ddb7cdfd9d7bdbb 10 0 8
6 3ddb7cdfd9d7bdbb 0000000000000000 3ff0000000000000 10 0 8
8 3ddb7cdfd9d7bdbb 0000000000000000 3ff000000006df38 10 0 8
5 3bc79ca10c924223 0000000000000000 3bc79ca10c924223 10 0 8
6 3bc79ca10c924223 0000000000000000 3ff0000000000000 10 0 8
8 3bc79ca10c924223 0000000000000000 3ff0000000000000 10 0 8
5 2b2bff2ee48e0530 0000000000000000 2b2bff2ee48e0530 10 0 8
6 2b2bff2ee48e0530 0000000000000000 3ff0000000000000 10 0 8
8 2b2bff2ee48e0530 0000000000000000 3ff0000000000000 10 0 8
5 01a56e1fc2f8f359 0000000000000000 01a56e1fc2f8f359 10 0 8
6 01a56e1fc2f8f359 0000000000000000 3ff0000000000000 10 0 8
8 01a56e1fc2f8f359 0000000000000000 3ff0000000000000 10 0 8
5 40862e42fefa39ef 0000000000000000 bfcb963d50b6322a 10 0 8
6 40862e42fefa39ef 0000000000000000 3fef3f7a97bc6780 10 0 8
8 40862e42fefa39ef 0000000000000000 7fefffffffffff2a 10 0 8
5 c0874910d52d3051 0000000000000000 3fe16c51c71d9462 10 0 8
6 c0874910d52d3051 0000000000000000 bfead7464b59047f 10 0 8
8 c0874910d52d3051 0000000000000000 0000000000000001 18 0 8
b 0000000000000000 0000000000000000 0000000000000000 0 0 0
b 0000000000000001 0000000000000000 36a0000000000000 0 0 0
b 000000007f800000 0000000000000000 7ff0000000000000 0 0 0
b 00000000ff800000 0000000000000000 fff0000000000000 0 0 0
b 000000007f800001 0000000000000000 7ff8000000000000 1 0 0
b 000000007fc00001 0000000000000000 7ff8000000000000 0 0 0
b 0000000080000000 0000000000000000 8000000000000000 0 0 0
