0 0000000000000000 0000000000000000 0000000000000000 0 0 0
0 0000000000000000 0000000080000000 0000000000000000 0 0 0
0 0000000000000000 0000000000000001 0000000000000001 0 0 0
0 0000000000000000 0000000080000001 0000000080000001 0 0 0
0 0000000000000000 00000000007fffff 00000000007fffff 0 0 0
0 0000000000000000 0000000000800000 0000000000800000 0 0 0
0 0000000000000000 0000000000800001 0000000000800001 0 0 0
0 0000000000000000 000000003f800000 000000003f800000 0 0 0
0 0000000000000000 00000000bf800000 00000000bf800000 0 0 0
0 0000000000000000 0000000040000000 0000000040000000 0 0 0
0 0000000000000000 0000000040400000 0000000040400000 0 0 0
0 0000000000000000 000000007f7fffff 000000007f7fffff 0 0 0
0 0000000000000000 00000000ff7fffff 00000000ff7fffff 0 0 0
0 0000000000000000 000000007f800000 000000007f800000 0 0 0
0 0000000000000000 00000000ff800000 00000000ff800000 0 0 0
0 0000000000000000 000000007f800001 000000007fc00000 1 0 0
0 0000000000000000 000000007fc00000 000000007fc00000 0 0 0
0 0000000000000000 000000003f000000 000000003f000000 0 0 0
0 0000000000000000 00000000bf000000 00000000bf000000 0 0 0
0 0000000080000000 0000000000000000 0000000000000000 0 0 0
0 0000000080000000 0000000080000000 0000000080000000 0 0 0
0 0000000080000000 0000000000000001 0000000000000001 0 0 0
0 0000000080000000 0000000080000001 0000000080000001 0 0 0
0 0000000080000000 00000000007fffff 00000000007fffff 0 0 0
0 0000000080000000 0000000000800000 0000000000800000 0 0 0
0 0000000080000000 0000000000800001 0000000000800001 0 0 0
0 0000000080000000 000000003f800000 000000003f800000 0 0 0
0 0000000080000000 00000000bf800000 00000000bf800000 0 0 0
0 0000000080000000 0000000040000000 0000000040000000 0 0 0
0 0000000080000000 0000000040400000 0000000040400000 0 0 0
0 0000000080000000 000000007f7fffff 000000007f7fffff 0 0 0
0 0000000080000000 00000000ff7fffff 00000000ff7fffff 0 0 0
0 0000000080000000 000000007f800000 000000007f800000 0 0 0
0 0000000080000000 00000000ff800000 00000000ff800000 0 0 0
0 0000000080000000 000000007f800001 000000007fc00000 1 0 0
0 0000000080000000 000000007fc00000 000000007fc00000 0 0 0
0 0000000080000000 000000003f000000 000000003f000000 0 0 0
0 0000000080000000 00000000bf000000 00000000bf000000 0 0 0
0 0000000000000001 0000000000000000 0000000000000001 0 0 0
0 0000000000000001 0000000080000000 0000000000000001 0 0 0
0 0000000000000001 0000000000000001 0000000000000002 0 0 0
0 0000000000000001 0000000080000001 0000000000000000 0 0 0
0 0000000000000001 00000000007fffff 0000000000800000 0 0 0
0 0000000000000001 0000000000800000 0000000000800001 0 0 0
0 0000000000000001 0000000000800001 0000000000800002 0 0 0
0 0000000000000001 000000003f800000 000000003f800000 10 0 0
0 0000000000000001 00000000bf800000 00000000bf800000 10 0 0
0 0000000000000001 0000000040000000 0000000040000000 10 0 0
0 0000000000000001 0000000040400000 0000000040400000 10 0 0
0 0000000000000001 000000007f7fffff 000000007f7fffff 10 0 0
0 0000000000000001 00000000ff7fffff 00000000ff7fffff 10 0 0
0 0000000000000001 000000007f800000 000000007f800000 0 0 0
0 0000000000000001 00000000ff800000 00000000ff800000 0 0 0
0 0000000000000001 000000007f800001 000000007fc00000 1 0 0
0 0000000000000001 000000007fc00000 000000007fc00000 0 0 0
0 0000000000000001 000000003f000000 000000003f000000 10 0 0
0 0000000000000001 00000000bf000000 00000000bf000000 10 0 0
0 0000000080000001 0000000000000000 0000000080000001 0 0 0
0 0000000080000001 0000000080000000 0000000080000001 0 0 0
0 0000000080000001 0000000000000001 0000000000000000 0 0 0
0 0000000080000001 0000000080000001 0000000080000002 0 0 0
0 0000000080000001 00000000007fffff 00000000007ffffe 0 0 0
0 0000000080000001 0000000000800000 00000000007fffff 0 0 0
0 0000000080000001 0000000000800001 0000000000800000 0 0 0
0 0000000080000001 000000003f800000 000000003f800000 10 0 0
0 0000000080000001 00000000bf800000 00000000bf800000 10 0 0
0 0000000080000001 0000000040000000 0000000040000000 10 0 0
0 0000000080000001 0000000040400000 0000000040400000 10 0 0
0 0000000080000001 000000007f7fffff 000000007f7fffff 10 0 0
0 0000000080000001 00000000ff7fffff 00000000ff7fffff 10 0 0
0 0000000080000001 000000007f800000 000000007f800000 0 0 0
0 0000000080000001 00000000ff800000 00000000ff800000 0 0 0
0 0000000080000001 000000007f800001 000000007fc00000 1 0 0
0 0000000080000001 000000007fc00000 000000007fc00000 0 0 0
0 0000000080000001 000000003f000000 000000003f000000 10 0 0
0 0000000080000001 00000000bf000000 00000000bf000000 10 0 0
0 00000000007fffff 0000000000000000 00000000007fffff 0 0 0
0 00000000007fffff 0000000080000000 00000000007fffff 0 0 0
0 00000000007fffff 0000000000000001 0000000000800000 0 0 0
0 00000000007fffff 0000000080000001 00000000007ffffe 0 0 0
0 00000000007fffff 00000000007fffff 0000000000fffffe 0 0 0
0 00000000007fffff 0000000000800000 0000000000ffffff 0 0 0
0 00000000007fffff 0000000000800001 0000000001000000 0 0 0
0 00000000007fffff 000000003f800000 000000003f800000 10 0 0
0 00000000007fffff 00000000bf800000 00000000bf800000 10 0 0
0 00000000007fffff 0000000040000000 0000000040000000 10 0 0
0 00000000007fffff 0000000040400000 0000000040400000 10 0 0
0 00000000007fffff 000000007f7fffff 000000007f7fffff 10 0 0
0 00000000007fffff 00000000ff7fffff 00000000ff7fffff 10 0 0
0 00000000007fffff 000000007f800000 000000007f800000 0 0 0
0 00000000007fffff 00000000ff800000 00000000ff800000 0 0 0
0 00000000007fffff 000000007f800001 000000007fc00000 1 0 0
0 00000000007fffff 000000007fc00000 000000007fc00000 0 0 0
0 00000000007fffff 000000003f000000 000000003f000000 10 0 0
0 00000000007fffff 00000000bf000000 00000000bf000000 10 0 0
0 0000000000800000 0000000000000000 0000000000800000 0 0 0
0 0000000000800000 0000000080000000 0000000000800000 0 0 0
0 0000000000800000 0000000000000001 0000000000800001 0 0 0
0 0000000000800000 0000000080000001 00000000007fffff 0 0 0
0 0000000000800000 00000000007fffff 0000000000ffffff 0 0 0
0 0000000000800000 0000000000800000 0000000001000000 0 0 0
0 0000000000800000 0000000000800001 0000000001000000 10 0 0
0 0000000000800000 000000003f800000 000000003f800000 10 0 0
0 0000000000800000 00000000bf800000 00000000bf800000 10 0 0
0 0000000000800000 0000000040000000 0000000040000000 10 0 0
0 0000000000800000 0000000040400000 0000000040400000 10 0 0
0 0000000000800000 000000007f7fffff 000000007f7fffff 10 0 0
0 0000000000800000 00000000ff7fffff 00000000ff7fffff 10 0 0
0 0000000000800000 000000007f800000 000000007f800000 0 0 0
0 0000000000800000 00000000ff800000 00000000ff800000 0 0 0
0 0000000000800000 000000007f800001 000000007fc00000 1 0 0
0 0000000000800000 000000007fc00000 000000007fc00000 0 0 0
0 0000000000800000 000000003f000000 000000003f000000 10 0 0
0 0000000000800000 00000000bf000000 00000000bf000000 10 0 0
0 0000000000800001 0000000000000000 0000000000800001 0 0 0
0 0000000000800001 0000000080000000 0000000000800001 0 0 0
0 0000000000800001 0000000000000001 0000000000800002 0 0 0
0 0000000000800001 0000000080000001 0000000000800000 0 0 0
0 0000000000800001 00000000007fffff 0000000001000000 0 0 0
0 0000000000800001 0000000000800000 0000000001000000 10 0 0
0 0000000000800001 0000000000800001 0000000001000001 0 0 0
0 0000000000800001 000000003f800000 000000003f800000 10 0 0
0 0000000000800001 00000000bf800000 00000000bf800000 10 0 0
0 0000000000800001 0000000040000000 0000000040000000 10 0 0
0 0000000000800001 0000000040400000 0000000040400000 10 0 0
0 0000000000800001 000000007f7fffff 000000007f7fffff 10 0 0
0 0000000000800001 00000000ff7fffff 00000000ff7fffff 10 0 0
0 0000000000800001 000000007f800000 000000007f800000 0 0 0
0 0000000000800001 00000000ff800000 00000000ff800000 0 0 0
0 0000000000800001 000000007f800001 000000007fc00000 1 0 0
0 0000000000800001 000000007fc00000 000000007fc00000 0 0 0
0 0000000000800001 000000003f000000 000000003f000000 10 0 0
0 0000000000800001 00000000bf000000 00000000bf000000 10 0 0
0 000000003f800000 0000000000000000 000000003f800000 0 0 0
0 000000003f800000 0000000080000000 000000003f800000 0 0 0
0 000000003f800000 0000000000000001 000000003f800000 10 0 0
0 000000003f800000 0000000080000001 000000003f800000 10 0 0
0 000000003f800000 00000000007fffff 000000003f800000 10 0 0
0 000000003f800000 0000000000800000 000000003f800000 10 0 0
0 000000003f800000 0000000000800001 000000003f800000 10 0 0
0 000000003f800000 000000003f800000 0000000040000000 0 0 0
0 000000003f800000 00000000bf800000 0000000000000000 0 0 0
0 000000003f800000 0000000040000000 0000000040400000 0 0 0
0 000000003f800000 0000000040400000 0000000040800000 0 0 0
0 000000003f800000 000000007f7fffff 000000007f7fffff 10 0 0
0 000000003f800000 00000000ff7fffff 00000000ff7fffff 10 0 0
0 000000003f800000 000000007f800000 000000007f800000 0 0 0
0 000000003f800000 00000000ff800000 00000000ff800000 0 0 0
0 000000003f800000 000000007f800001 000000007fc00000 1 0 0
0 000000003f800000 000000007fc00000 000000007fc00000 0 0 0
0 000000003f800000 000000003f000000 000000003fc00000 0 0 0
0 000000003f800000 00000000bf000000 000000003f000000 0 0 0
0 00000000bf800000 0000000000000000 00000000bf800000 0 0 0
0 00000000bf800000 0000000080000000 00000000bf800000 0 0 0
0 00000000bf800000 0000000000000001 00000000bf800000 10 0 0
0 00000000bf800000 0000000080000001 00000000bf800000 10 0 0
0 00000000bf800000 00000000007fffff 00000000bf800000 10 0 0
0 00000000bf800000 0000000000800000 00000000bf800000 10 0 0
0 00000000bf800000 0000000000800001 00000000bf800000 10 0 0
0 00000000bf800000 000000003f800000 0000000000000000 0 0 0
0 00000000bf800000 00000000bf800000 00000000c0000000 0 0 0
0 00000000bf800000 0000000040000000 000000003f800000 0 0 0
0 00000000bf800000 0000000040400000 0000000040000000 0 0 0
0 00000000bf800000 000000007f7fffff 000000007f7fffff 10 0 0
0 00000000bf800000 00000000ff7fffff 00000000ff7fffff 10 0 0
0 00000000bf800000 000000007f800000 000000007f800000 0 0 0
0 00000000bf800000 00000000ff800000 00000000ff800000 0 0 0
0 00000000bf800000 000000007f800001 000000007fc00000 1 0 0
0 00000000bf800000 000000007fc00000 000000007fc00000 0 0 0
0 00000000bf800000 000000003f000000 00000000bf000000 0 0 0
0 00000000bf800000 00000000bf000000 00000000bfc00000 0 0 0
0 0000000040000000 0000000000000000 0000000040000000 0 0 0
0 0000000040000000 0000000080000000 0000000040000000 0 0 0
0 0000000040000000 0000000000000001 0000000040000000 10 0 0
0 0000000040000000 0000000080000001 0000000040000000 10 0 0
0 0000000040000000 00000000007fffff 0000000040000000 10 0 0
0 0000000040000000 0000000000800000 0000000040000000 10 0 0
0 0000000040000000 0000000000800001 0000000040000000 10 0 0
0 0000000040000000 000000003f800000 0000000040400000 0 0 0
0 0000000040000000 00000000bf800000 000000003f800000 0 0 0
0 0000000040000000 0000000040000000 0000000040800000 0 0 0
0 0000000040000000 0000000040400000 0000000040a00000 0 0 0
0 0000000040000000 000000007f7fffff 000000007f7fffff 10 0 0
0 0000000040000000 00000000ff7fffff 00000000ff7fffff 10 0 0
0 0000000040000000 000000007f800000 000000007f800000 0 0 0
0 0000000040000000 00000000ff800000 00000000ff800000 0 0 0
0 0000000040000000 000000007f800001 000000007fc00000 1 0 0
0 0000000040000000 000000007fc00000 000000007fc00000 0 0 0
0 0000000040000000 000000003f000000 0000000040200000 0 0 0
0 0000000040000000 00000000bf000000 000000003fc00000 0 0 0
0 0000000040400000 0000000000000000 0000000040400000 0 0 0
0 0000000040400000 0000000080000000 0000000040400000 0 0 0
0 0000000040400000 0000000000000001 0000000040400000 10 0 0
0 0000000040400000 0000000080000001 0000000040400000 10 0 0
0 0000000040400000 00000000007fffff 0000000040400000 10 0 0
0 0000000040400000 0000000000800000 0000000040400000 10 0 0
0 0000000040400000 0000000000800001 0000000040400000 10 0 0
0 0000000040400000 000000003f800000 0000000040800000 0 0 0
0 0000000040400000 00000000bf800000 0000000040000000 0 0 0
0 0000000040400000 0000000040000000 0000000040a00000 0 0 0
0 0000000040400000 0000000040400000 0000000040c00000 0 0 0
0 0000000040400000 000000007f7fffff 000000007f7fffff 10 0 0
0 0000000040400000 00000000ff7fffff 00000000ff7fffff 10 0 0
0 0000000040400000 000000007f800000 000000007f800000 0 0 0
0 0000000040400000 00000000ff800000 00000000ff800000 0 0 0
0 0000000040400000 000000007f800001 000000007fc00000 1 0 0
0 0000000040400000 000000007fc00000 000000007fc00000 0 0 0
0 0000000040400000 000000003f000000 0000000040600000 0 0 0
0 0000000040400000 00000000bf000000 0000000040200000 0 0 0
0 000000007f7fffff 0000000000000000 000000007f7fffff 0 0 0
0 000000007f7fffff 0000000080000000 000000007f7fffff 0 0 0
0 000000007f7fffff 0000000000000001 000000007f7fffff 10 0 0
0 000000007f7fffff 0000000080000001 000000007f7fffff 10 0 0
0 000000007f7fffff 00000000007fffff 000000007f7fffff 10 0 0
0 000000007f7fffff 0000000000800000 000000007f7fffff 10 0 0
0 000000007f7fffff 0000000000800001 000000007f7fffff 10 0 0
0 000000007f7fffff 000000003f800000 000000007f7fffff 10 0 0
0 000000007f7fffff 00000000bf800000 000000007f7fffff 10 0 0
0 000000007f7fffff 0000000040000000 000000007f7fffff 10 0 0
0 000000007f7fffff 0000000040400000 000000007f7fffff 10 0 0
0 000000007f7fffff 000000007f7fffff 000000007f800000 14 0 0
0 000000007f7fffff 00000000ff7fffff 0000000000000000 0 0 0
0 000000007f7fffff 000000007f800000 000000007f800000 0 0 0
0 000000007f7fffff 00000000ff800000 00000000ff800000 0 0 0
0 000000007f7fffff 000000007f800001 000000007fc00000 1 0 0
0 000000007f7fffff 000000007fc00000 000000007fc00000 0 0 0
0 000000007f7fffff 000000003f000000 000000007f7fffff 10 0 0
0 000000007f7fffff 00000000bf000000 000000007f7fffff 10 0 0
0 00000000ff7fffff 0000000000000000 00000000ff7fffff 0 0 0
0 00000000ff7fffff 0000000080000000 00000000ff7fffff 0 0 0
0 00000000ff7fffff 0000000000000001 00000000ff7fffff 10 0 0
0 00000000ff7fffff 0000000080000001 00000000ff7fffff 10 0 0
0 00000000ff7fffff 00000000007fffff 00000000ff7fffff 10 0 0
0 00000000ff7fffff 0000000000800000 00000000ff7fffff 10 0 0
0 00000000ff7fffff 0000000000800001 00000000ff7fffff 10 0 0
0 00000000ff7fffff 000000003f800000 00000000ff7fffff 10 0 0
0 00000000ff7fffff 00000000bf800000 00000000ff7fffff 10 0 0
0 00000000ff7fffff 0000000040000000 00000000ff7fffff 10 0 0
0 00000000ff7fffff 0000000040400000 00000000ff7fffff 10 0 0
0 00000000ff7fffff 000000007f7fffff 0000000000000000 0 0 0
0 00000000ff7fffff 00000000ff7fffff 00000000ff800000 14 0 0
0 00000000ff7fffff 000000007f800000 000000007f800000 0 0 0
0 00000000ff7fffff 00000000ff800000 00000000ff800000 0 0 0
0 00000000ff7fffff 000000007f800001 000000007fc00000 1 0 0
0 00000000ff7fffff 000000007fc00000 000000007fc00000 0 0 0
0 00000000ff7fffff 000000003f000000 00000000ff7fffff 10 0 0
0 00000000ff7fffff 00000000bf000000 00000000ff7fffff 10 0 0
0 000000007f800000 0000000000000000 000000007f800000 0 0 0
0 000000007f800000 0000000080000000 000000007f800000 0 0 0
0 000000007f800000 0000000000000001 000000007f800000 0 0 0
0 000000007f800000 0000000080000001 000000007f800000 0 0 0
0 000000007f800000 00000000007fffff 000000007f800000 0 0 0
0 000000007f800000 0000000000800000 000000007f800000 0 0 0
0 000000007f800000 0000000000800001 000000007f800000 0 0 0
0 000000007f800000 000000003f800000 000000007f800000 0 0 0
0 000000007f800000 00000000bf800000 000000007f800000 0 0 0
0 000000007f800000 0000000040000000 000000007f800000 0 0 0
0 000000007f800000 0000000040400000 000000007f800000 0 0 0
0 000000007f800000 000000007f7fffff 000000007f800000 0 0 0
0 000000007f800000 00000000ff7fffff 000000007f800000 0 0 0
0 000000007f800000 000000007f800000 000000007f800000 0 0 0
0 000000007f800000 00000000ff800000 000000007fc00000 1 0 0
0 000000007f800000 000000007f800001 000000007fc00000 1 0 0
0 000000007f800000 000000007fc00000 000000007fc00000 0 0 0
0 000000007f800000 000000003f000000 000000007f800000 0 0 0
0 000000007f800000 00000000bf000000 000000007f800000 0 0 0
0 00000000ff800000 0000000000000000 00000000ff800000 0 0 0
0 00000000ff800000 0000000080000000 00000000ff800000 0 0 0
0 00000000ff800000 0000000000000001 00000000ff800000 0 0 0
0 00000000ff800000 0000000080000001 00000000ff800000 0 0 0
0 00000000ff800000 00000000007fffff 00000000ff800000 0 0 0
0 00000000ff800000 0000000000800000 00000000ff800000 0 0 0
0 00000000ff800000 0000000000800001 00000000ff800000 0 0 0
0 00000000ff800000 000000003f800000 00000000ff800000 0 0 0
0 00000000ff800000 00000000bf800000 00000000ff800000 0 0 0
0 00000000ff800000 0000000040000000 00000000ff800000 0 0 0
0 00000000ff800000 0000000040400000 00000000ff800000 0 0 0
0 00000000ff800000 000000007f7fffff 00000000ff800000 0 0 0
0 00000000ff800000 00000000ff7fffff 00000000ff800000 0 0 0
0 00000000ff800000 000000007f800000 000000007fc00000 1 0 0
0 00000000ff800000 00000000ff800000 00000000ff800000 0 0 0
0 00000000ff800000 000000007f800001 000000007fc00000 1 0 0
0 00000000ff800000 000000007fc00000 000000007fc00000 0 0 0
0 00000000ff800000 000000003f000000 00000000ff800000 0 0 0
0 00000000ff800000 00000000bf000000 00000000ff800000 0 0 0
0 000000007f800001 0000000000000000 000000007fc00000 1 0 0
0 000000007f800001 0000000080000000 000000007fc00000 1 0 0
0 000000007f800001 0000000000000001 000000007fc00000 1 0 0
0 000000007f800001 0000000080000001 000000007fc00000 1 0 0
0 000000007f800001 00000000007fffff 000000007fc00000 1 0 0
0 000000007f800001 0000000000800000 000000007fc00000 1 0 0
0 000000007f800001 0000000000800001 000000007fc00000 1 0 0
0 000000007f800001 000000003f800000 000000007fc00000 1 0 0
0 000000007f800001 00000000bf800000 000000007fc00000 1 0 0
0 000000007f800001 0000000040000000 000000007fc00000 1 0 0
0 000000007f800001 0000000040400000 000000007fc00000 1 0 0
0 000000007f800001 000000007f7fffff 000000007fc00000 1 0 0
0 000000007f800001 00000000ff7fffff 000000007fc00000 1 0 0
0 000000007f800001 000000007f800000 000000007fc00000 1 0 0
0 000000007f800001 00000000ff800000 000000007fc00000 1 0 0
0 000000007f800001 000000007f800001 000000007fc00000 1 0 0
0 000000007f800001 000000007fc00000 000000007fc00000 1 0 0
0 000000007f800001 000000003f000000 000000007fc00000 1 0 0
0 000000007f800001 00000000bf000000 000000007fc00000 1 0 0
0 000000007fc00000 0000000000000000 000000007fc00000 0 0 0
0 000000007fc00000 0000000080000000 000000007fc00000 0 0 0
0 000000007fc00000 0000000000000001 000000007fc00000 0 0 0
0 000000007fc00000 0000000080000001 000000007fc00000 0 0 0
0 000000007fc00000 00000000007fffff 000000007fc00000 0 0 0
0 000000007fc00000 0000000000800000 000000007fc00000 0 0 0
0 000000007fc00000 0000000000800001 000000007fc00000 0 0 0
0 000000007fc00000 000000003f800000 000000007fc00000 0 0 0
0 000000007fc00000 00000000bf800000 000000007fc00000 0 0 0
0 000000007fc00000 0000000040000000 000000007fc00000 0 0 0
0 000000007fc00000 0000000040400000 000000007fc00000 0 0 0
0 000000007fc00000 000000007f7fffff 000000007fc00000 0 0 0
0 000000007fc00000 00000000ff7fffff 000000007fc00000 0 0 0
0 000000007fc00000 000000007f800000 000000007fc00000 0 0 0
0 000000007fc00000 00000000ff800000 000000007fc00000 0 0 0
0 000000007fc00000 000000007f800001 000000007fc00000 1 0 0
0 000000007fc00000 000000007fc00000 000000007fc00000 0 0 0
0 000000007fc00000 000000003f000000 000000007fc00000 0 0 0
0 000000007fc00000 00000000bf000000 000000007fc00000 0 0 0
0 000000003f000000 0000000000000000 000000003f000000 0 0 0
0 000000003f000000 0000000080000000 000000003f000000 0 0 0
0 000000003f000000 0000000000000001 000000003f000000 10 0 0
0 000000003f000000 0000000080000001 000000003f000000 10 0 0
0 000000003f000000 00000000007fffff 000000003f000000 10 0 0
0 000000003f000000 0000000000800000 000000003f000000 10 0 0
0 000000003f000000 0000000000800001 000000003f000000 10 0 0
0 000000003f000000 000000003f800000 000000003fc00000 0 0 0
0 000000003f000000 00000000bf800000 00000000bf000000 0 0 0
0 000000003f000000 0000000040000000 0000000040200000 0 0 0
0 000000003f000000 0000000040400000 0000000040600000 0 0 0
0 000000003f000000 000000007f7fffff 000000007f7fffff 10 0 0
0 000000003f000000 00000000ff7fffff 00000000ff7fffff 10 0 0
0 000000003f000000 000000007f800000 000000007f800000 0 0 0
0 000000003f000000 00000000ff800000 00000000ff800000 0 0 0
0 000000003f000000 000000007f800001 000000007fc00000 1 0 0
0 000000003f000000 000000007fc00000 000000007fc00000 0 0 0
0 000000003f000000 000000003f000000 000000003f800000 0 0 0
0 000000003f000000 00000000bf000000 0000000000000000 0 0 0
0 00000000bf000000 0000000000000000 00000000bf000000 0 0 0
0 00000000bf000000 0000000080000000 00000000bf000000 0 0 0
0 00000000bf000000 0000000000000001 00000000bf000000 10 0 0
0 00000000bf000000 0000000080000001 00000000bf000000 10 0 0
0 00000000bf000000 00000000007fffff 00000000bf000000 10 0 0
0 00000000bf000000 0000000000800000 00000000bf000000 10 0 0
0 00000000bf000000 0000000000800001 00000000bf000000 10 0 0
0 00000000bf000000 000000003f800000 000000003f000000 0 0 0
0 00000000bf000000 00000000bf800000 00000000bfc00000 0 0 0
0 00000000bf000000 0000000040000000 000000003fc00000 0 0 0
0 00000000bf000000 0000000040400000 0000000040200000 0 0 0
0 00000000bf000000 000000007f7fffff 000000007f7fffff 10 0 0
0 00000000bf000000 00000000ff7fffff 00000000ff7fffff 10 0 0
0 00000000bf000000 000000007f800000 000000007f800000 0 0 0
0 00000000bf000000 00000000ff800000 00000000ff800000 0 0 0
0 00000000bf000000 000000007f800001 000000007fc00000 1 0 0
0 00000000bf000000 000000007fc00000 000000007fc00000 0 0 0
0 00000000bf000000 000000003f000000 0000000000000000 0 0 0
0 00000000bf000000 00000000bf000000 00000000bf800000 0 0 0
1 0000000000000000 0000000000000000 0000000000000000 0 0 0
1 0000000000000000 0000000080000000 0000000000000000 0 0 0
1 0000000000000000 0000000000000001 0000000080000001 0 0 0
1 0000000000000000 0000000080000001 0000000000000001 0 0 0
1 0000000000000000 00000000007fffff 00000000807fffff 0 0 0
1 0000000000000000 0000000000800000 0000000080800000 0 0 0
1 0000000000000000 0000000000800001 0000000080800001 0 0 0
1 0000000000000000 000000003f800000 00000000bf800000 0 0 0
1 0000000000000000 00000000bf800000 000000003f800000 0 0 0
1 0000000000000000 0000000040000000 00000000c0000000 0 0 0
1 0000000000000000 0000000040400000 00000000c0400000 0 0 0
1 0000000000000000 000000007f7fffff 00000000ff7fffff 0 0 0
1 0000000000000000 00000000ff7fffff 000000007f7fffff 0 0 0
1 0000000000000000 000000007f800000 00000000ff800000 0 0 0
1 0000000000000000 00000000ff800000 000000007f800000 0 0 0
1 0000000000000000 000000007f800001 000000007fc00000 1 0 0
1 0000000000000000 000000007fc00000 000000007fc00000 0 0 0
1 0000000000000000 000000003f000000 00000000bf000000 0 0 0
1 0000000000000000 00000000bf000000 000000003f000000 0 0 0
1 0000000080000000 0000000000000000 0000000080000000 0 0 0
1 0000000080000000 0000000080000000 0000000000000000 0 0 0
1 0000000080000000 0000000000000001 0000000080000001 0 0 0
1 0000000080000000 0000000080000001 0000000000000001 0 0 0
1 0000000080000000 00000000007fffff 00000000807fffff 0 0 0
1 0000000080000000 0000000000800000 0000000080800000 0 0 0
1 0000000080000000 0000000000800001 0000000080800001 0 0 0
1 0000000080000000 000000003f800000 00000000bf800000 0 0 0
1 0000000080000000 00000000bf800000 000000003f800000 0 0 0
1 0000000080000000 0000000040000000 00000000c0000000 0 0 0
1 0000000080000000 0000000040400000 00000000c0400000 0 0 0
1 0000000080000000 000000007f7fffff 00000000ff7fffff 0 0 0
1 0000000080000000 00000000ff7fffff 000000007f7fffff 0 0 0
1 0000000080000000 000000007f800000 00000000ff800000 0 0 0
1 0000000080000000 00000000ff800000 000000007f800000 0 0 0
1 0000000080000000 000000007f800001 000000007fc00000 1 0 0
1 0000000080000000 000000007fc00000 000000007fc00000 0 0 0
1 0000000080000000 000000003f000000 00000000bf000000 0 0 0
1 0000000080000000 00000000bf000000 000000003f000000 0 0 0
1 0000000000000001 0000000000000000 0000000000000001 0 0 0
1 0000000000000001 0000000080000000 0000000000000001 0 0 0
1 0000000000000001 0000000000000001 0000000000000000 0 0 0
1 0000000000000001 0000000080000001 0000000000000002 0 0 0
1 0000000000000001 00000000007fffff 00000000807ffffe 0 0 0
1 0000000000000001 0000000000800000 00000000807fffff 0 0 0
1 0000000000000001 0000000000800001 0000000080800000 0 0 0
1 0000000000000001 000000003f800000 00000000bf800000 10 0 0
1 0000000000000001 00000000bf800000 000000003f800000 10 0 0
1 0000000000000001 0000000040000000 00000000c0000000 10 0 0
1 0000000000000001 0000000040400000 00000000c0400000 10 0 0
1 0000000000000001 000000007f7fffff 00000000ff7fffff 10 0 0
1 0000000000000001 00000000ff7fffff 000000007f7fffff 10 0 0
1 0000000000000001 000000007f800000 00000000ff800000 0 0 0
1 0000000000000001 00000000ff800000 000000007f800000 0 0 0
1 0000000000000001 000000007f800001 000000007fc00000 1 0 0
1 0000000000000001 000000007fc00000 000000007fc00000 0 0 0
1 0000000000000001 000000003f000000 00000000bf000000 10 0 0
1 0000000000000001 00000000bf000000 000000003f000000 10 0 0
1 0000000080000001 0000000000000000 0000000080000001 0 0 0
1 0000000080000001 0000000080000000 0000000080000001 0 0 0
1 0000000080000001 0000000000000001 0000000080000002 0 0 0
1 0000000080000001 0000000080000001 0000000000000000 0 0 0
1 0000000080000001 00000000007fffff 0000000080800000 0 0 0
1 0000000080000001 0000000000800000 0000000080800001 0 0 0
1 0000000080000001 0000000000800001 0000000080800002 0 0 0
1 0000000080000001 000000003f800000 00000000bf800000 10 0 0
1 0000000080000001 00000000bf800000 000000003f800000 10 0 0
1 0000000080000001 0000000040000000 00000000c0000000 10 0 0
1 0000000080000001 0000000040400000 00000000c0400000 10 0 0
1 0000000080000001 000000007f7fffff 00000000ff7fffff 10 0 0
1 0000000080000001 00000000ff7fffff 000000007f7fffff 10 0 0
1 0000000080000001 000000007f800000 00000000ff800000 0 0 0
1 0000000080000001 00000000ff800000 000000007f800000 0 0 0
1 0000000080000001 000000007f800001 000000007fc00000 1 0 0
1 0000000080000001 000000007fc00000 000000007fc00000 0 0 0
1 0000000080000001 000000003f000000 00000000bf000000 10 0 0
1 0000000080000001 00000000bf000000 000000003f000000 10 0 0
1 00000000007fffff 0000000000000000 00000000007fffff 0 0 0
1 00000000007fffff 0000000080000000 00000000007fffff 0 0 0
1 00000000007fffff 0000000000000001 00000000007ffffe 0 0 0
1 00000000007fffff 0000000080000001 0000000000800000 0 0 0
1 00000000007fffff 00000000007fffff 0000000000000000 0 0 0
1 00000000007fffff 0000000000800000 0000000080000001 0 0 0
1 00000000007fffff 0000000000800001 0000000080000002 0 0 0
1 00000000007fffff 000000003f800000 00000000bf800000 10 0 0
1 00000000007fffff 00000000bf800000 000000003f800000 10 0 0
1 00000000007fffff 0000000040000000 00000000c0000000 10 0 0
1 00000000007fffff 0000000040400000 00000000c0400000 10 0 0
1 00000000007fffff 000000007f7fffff 00000000ff7fffff 10 0 0
1 00000000007fffff 00000000ff7fffff 000000007f7fffff 10 0 0
1 00000000007fffff 000000007f800000 00000000ff800000 0 0 0
1 00000000007fffff 00000000ff800000 000000007f800000 0 0 0
1 00000000007fffff 000000007f800001 000000007fc00000 1 0 0
1 00000000007fffff 000000007fc00000 000000007fc00000 0 0 0
1 00000000007fffff 000000003f000000 00000000bf000000 10 0 0
1 00000000007fffff 00000000bf000000 000000003f000000 10 0 0
1 0000000000800000 0000000000000000 0000000000800000 0 0 0
1 0000000000800000 0000000080000000 0000000000800000 0 0 0
1 0000000000800000 0000000000000001 00000000007fffff 0 0 0
1 0000000000800000 0000000080000001 0000000000800001 0 0 0
1 0000000000800000 00000000007fffff 0000000000000001 0 0 0
1 0000000000800000 0000000000800000 0000000000000000 0 0 0
1 0000000000800000 0000000000800001 0000000080000001 0 0 0
1 0000000000800000 000000003f800000 00000000bf800000 10 0 0
1 0000000000800000 00000000bf800000 000000003f800000 10 0 0
1 0000000000800000 0000000040000000 00000000c0000000 10 0 0
1 0000000000800000 0000000040400000 00000000c0400000 10 0 0
1 0000000000800000 000000007f7fffff 00000000ff7fffff 10 0 0
1 0000000000800000 00000000ff7fffff 000000007f7fffff 10 0 0
1 0000000000800000 000000007f800000 00000000ff800000 0 0 0
1 0000000000800000 00000000ff800000 000000007f800000 0 0 0
1 0000000000800000 000000007f800001 000000007fc00000 1 0 0
1 0000000000800000 000000007fc00000 000000007fc00000 0 0 0
1 0000000000800000 000000003f000000 00000000bf000000 10 0 0
1 0000000000800000 00000000bf000000 000000003f000000 10 0 0
1 0000000000800001 0000000000000000 0000000000800001 0 0 0
1 0000000000800001 0000000080000000 0000000000800001 0 0 0
1 0000000000800001 0000000000000001 0000000000800000 0 0 0
1 0000000000800001 0000000080000001 0000000000800002 0 0 0
1 0000000000800001 00000000007fffff 0000000000000002 0 0 0
1 0000000000800001 0000000000800000 0000000000000001 0 0 0
1 0000000000800001 0000000000800001 0000000000000000 0 0 0
1 0000000000800001 000000003f800000 00000000bf800000 10 0 0
1 0000000000800001 00000000bf800000 000000003f800000 10 0 0
1 0000000000800001 0000000040000000 00000000c0000000 10 0 0
1 0000000000800001 0000000040400000 00000000c0400000 10 0 0
1 0000000000800001 000000007f7fffff 00000000ff7fffff 10 0 0
1 0000000000800001 00000000ff7fffff 000000007f7fffff 10 0 0
1 0000000000800001 000000007f800000 00000000ff800000 0 0 0
1 0000000000800001 00000000ff800000 000000007f800000 0 0 0
1 0000000000800001 000000007f800001 000000007fc00000 1 0 0
1 0000000000800001 000000007fc00000 000000007fc00000 0 0 0
1 0000000000800001 000000003f000000 00000000bf000000 10 0 0
1 0000000000800001 00000000bf000000 000000003f000000 10 0 0
1 000000003f800000 0000000000000000 000000003f800000 0 0 0
1 000000003f800000 0000000080000000 000000003f800000 0 0 0
1 000000003f800000 0000000000000001 000000003f800000 10 0 0
1 000000003f800000 0000000080000001 000000003f800000 10 0 0
1 000000003f800000 00000000007fffff 000000003f800000 10 0 0
1 000000003f800000 0000000000800000 000000003f800000 10 0 0
1 000000003f800000 0000000000800001 000000003f800000 10 0 0
1 000000003f800000 000000003f800000 0000000000000000 0 0 0
1 000000003f800000 00000000bf800000 0000000040000000 0 0 0
1 000000003f800000 0000000040000000 00000000bf800000 0 0 0
1 000000003f800000 0000000040400000 00000000c0000000 0 0 0
1 000000003f800000 000000007f7fffff 00000000ff7fffff 10 0 0
1 000000003f800000 00000000ff7fffff 000000007f7fffff 10 0 0
1 000000003f800000 000000007f800000 00000000ff800000 0 0 0
1 000000003f800000 00000000ff800000 000000007f800000 0 0 0
1 000000003f800000 000000007f800001 000000007fc00000 1 0 0
1 000000003f800000 000000007fc00000 000000007fc00000 0 0 0
1 000000003f800000 000000003f000000 000000003f000000 0 0 0
1 000000003f800000 00000000bf000000 000000003fc00000 0 0 0
1 00000000bf800000 0000000000000000 00000000bf800000 0 0 0
1 00000000bf800000 0000000080000000 00000000bf800000 0 0 0
1 00000000bf800000 0000000000000001 00000000bf800000 10 0 0
1 00000000bf800000 0000000080000001 00000000bf800000 10 0 0
1 00000000bf800000 00000000007fffff 00000000bf800000 10 0 0
1 00000000bf800000 0000000000800000 00000000bf800000 10 0 0
1 00000000bf800000 0000000000800001 00000000bf800000 10 0 0
1 00000000bf800000 000000003f800000 00000000c0000000 0 0 0
1 00000000bf800000 00000000bf800000 0000000000000000 0 0 0
1 00000000bf800000 0000000040000000 00000000c0400000 0 0 0
1 00000000bf800000 0000000040400000 00000000c0800000 0 0 0
1 00000000bf800000 000000007f7fffff 00000000ff7fffff 10 0 0
1 00000000bf800000 00000000ff7fffff 000000007f7fffff 10 0 0
1 00000000bf800000 000000007f800000 00000000ff800000 0 0 0
1 00000000bf800000 00000000ff800000 000000007f800000 0 0 0
1 00000000bf800000 000000007f800001 000000007fc00000 1 0 0
1 00000000bf800000 000000007fc00000 000000007fc00000 0 0 0
1 00000000bf800000 000000003f000000 00000000bfc00000 0 0 0
1 00000000bf800000 00000000bf000000 00000000bf000000 0 0 0
1 0000000040000000 0000000000000000 0000000040000000 0 0 0
1 0000000040000000 0000000080000000 0000000040000000 0 0 0
1 0000000040000000 0000000000000001 0000000040000000 10 0 0
1 0000000040000000 0000000080000001 0000000040000000 10 0 0
1 0000000040000000 00000000007fffff 0000000040000000 10 0 0
1 0000000040000000 0000000000800000 0000000040000000 10 0 0
1 0000000040000000 0000000000800001 0000000040000000 10 0 0
1 0000000040000000 000000003f800000 000000003f800000 0 0 0
1 0000000040000000 00000000bf800000 0000000040400000 0 0 0
1 0000000040000000 0000000040000000 0000000000000000 0 0 0
1 0000000040000000 0000000040400000 00000000bf800000 0 0 0
1 0000000040000000 000000007f7fffff 00000000ff7fffff 10 0 0
1 0000000040000000 00000000ff7fffff 000000007f7fffff 10 0 0
1 0000000040000000 000000007f800000 00000000ff800000 0 0 0
1 0000000040000000 00000000ff800000 000000007f800000 0 0 0
1 0000000040000000 000000007f800001 000000007fc00000 1 0 0
1 0000000040000000 000000007fc00000 000000007fc00000 0 0 0
1 0000000040000000 000000003f000000 000000003fc00000 0 0 0
1 0000000040000000 00000000bf000000 0000000040200000 0 0 0
1 0000000040400000 0000000000000000 0000000040400000 0 0 0
1 0000000040400000 0000000080000000 0000000040400000 0 0 0
1 0000000040400000 0000000000000001 0000000040400000 10 0 0
1 0000000040400000 0000000080000001 0000000040400000 10 0 0
1 0000000040400000 00000000007fffff 0000000040400000 10 0 0
1 0000000040400000 0000000000800000 0000000040400000 10 0 0
1 0000000040400000 0000000000800001 0000000040400000 10 0 0
1 0000000040400000 000000003f800000 0000000040000000 0 0 0
1 0000000040400000 00000000bf800000 0000000040800000 0 0 0
1 0000000040400000 0000000040000000 000000003f800000 0 0 0
1 0000000040400000 0000000040400000 0000000000000000 0 0 0
1 0000000040400000 000000007f7fffff 00000000ff7fffff 10 0 0
1 0000000040400000 00000000ff7fffff 000000007f7fffff 10 0 0
1 0000000040400000 000000007f800000 00000000ff800000 0 0 0
1 0000000040400000 00000000ff800000 000000007f800000 0 0 0
1 0000000040400000 000000007f800001 000000007fc00000 1 0 0
1 0000000040400000 000000007fc00000 000000007fc00000 0 0 0
1 0000000040400000 000000003f000000 0000000040200000 0 0 0
1 0000000040400000 00000000bf000000 0000000040600000 0 0 0
1 000000007f7fffff 0000000000000000 000000007f7fffff 0 0 0
1 000000007f7fffff 0000000080000000 000000007f7fffff 0 0 0
1 000000007f7fffff 0000000000000001 000000007f7fffff 10 0 0
1 000000007f7fffff 0000000080000001 000000007f7fffff 10 0 0
1 000000007f7fffff 00000000007fffff 000000007f7fffff 10 0 0
1 000000007f7fffff 0000000000800000 000000007f7fffff 10 0 0
1 000000007f7fffff 0000000000800001 000000007f7fffff 10 0 0
1 000000007f7fffff 000000003f800000 000000007f7fffff 10 0 0
1 000000007f7fffff 00000000bf800000 000000007f7fffff 10 0 0
1 000000007f7fffff 0000000040000000 000000007f7fffff 10 0 0
1 000000007f7fffff 0000000040400000 000000007f7fffff 10 0 0
1 000000007f7fffff 000000007f7fffff 0000000000000000 0 0 0
1 000000007f7fffff 00000000ff7fffff 000000007f800000 14 0 0
1 000000007f7fffff 000000007f800000 00000000ff800000 0 0 0
1 000000007f7fffff 00000000ff800000 000000007f800000 0 0 0
1 000000007f7fffff 000000007f800001 000000007fc00000 1 0 0
1 000000007f7fffff 000000007fc00000 000000007fc00000 0 0 0
1 000000007f7fffff 000000003f000000 000000007f7fffff 10 0 0
1 000000007f7fffff 00000000bf000000 000000007f7fffff 10 0 0
1 00000000ff7fffff 0000000000000000 00000000ff7fffff 0 0 0
1 00000000ff7fffff 0000000080000000 00000000ff7fffff 0 0 0
1 00000000ff7fffff 0000000000000001 00000000ff7fffff 10 0 0
1 00000000ff7fffff 0000000080000001 00000000ff7fffff 10 0 0
1 00000000ff7fffff 00000000007fffff 00000000ff7fffff 10 0 0
1 00000000ff7fffff 0000000000800000 00000000ff7fffff 10 0 0
1 00000000ff7fffff 0000000000800001 00000000ff7fffff 10 0 0
1 00000000ff7fffff 000000003f800000 00000000ff7fffff 10 0 0
1 00000000ff7fffff 00000000bf800000 00000000ff7fffff 10 0 0
1 00000000ff7fffff 0000000040000000 00000000ff7fffff 10 0 0
1 00000000ff7fffff 0000000040400000 00000000ff7fffff 10 0 0
1 00000000ff7fffff 000000007f7fffff 00000000ff800000 14 0 0
1 00000000ff7fffff 00000000ff7fffff 0000000000000000 0 0 0
1 00000000ff7fffff 000000007f800000 00000000ff800000 0 0 0
1 00000000ff7fffff 00000000ff800000 000000007f800000 0 0 0
1 00000000ff7fffff 000000007f800001 000000007fc00000 1 0 0
1 00000000ff7fffff 000000007fc00000 000000007fc00000 0 0 0
1 00000000ff7fffff 000000003f000000 00000000ff7fffff 10 0 0
1 00000000ff7fffff 00000000bf000000 00000000ff7fffff 10 0 0
1 000000007f800000 0000000000000000 000000007f800000 0 0 0
1 000000007f800000 0000000080000000 000000007f800000 0 0 0
1 000000007f800000 0000000000000001 000000007f800000 0 0 0
1 000000007f800000 0000000080000001 000000007f800000 0 0 0
1 000000007f800000 00000000007fffff 000000007f800000 0 0 0
1 000000007f800000 0000000000800000 000000007f800000 0 0 0
1 000000007f800000 0000000000800001 000000007f800000 0 0 0
1 000000007f800000 000000003f800000 000000007f800000 0 0 0
1 000000007f800000 00000000bf800000 000000007f800000 0 0 0
1 000000007f800000 0000000040000000 000000007f800000 0 0 0
1 000000007f800000 0000000040400000 000000007f800000 0 0 0
1 000000007f800000 000000007f7fffff 000000007f800000 0 0 0
1 000000007f800000 00000000ff7fffff 000000007f800000 0 0 0
1 000000007f800000 000000007f800000 000000007fc00000 1 0 0
1 000000007f800000 00000000ff800000 000000007f800000 0 0 0
1 000000007f800000 000000007f800001 000000007fc00000 1 0 0
1 000000007f800000 000000007fc00000 000000007fc00000 0 0 0
1 000000007f800000 000000003f000000 000000007f800000 0 0 0
1 000000007f800000 00000000bf000000 000000007f800000 0 0 0
1 00000000ff800000 0000000000000000 00000000ff800000 0 0 0
1 00000000ff800000 0000000080000000 00000000ff800000 0 0 0
1 00000000ff800000 0000000000000001 00000000ff800000 0 0 0
1 00000000ff800000 0000000080000001 00000000ff800000 0 0 0
1 00000000ff800000 00000000007fffff 00000000ff800000 0 0 0
1 00000000ff800000 0000000000800000 00000000ff800000 0 0 0
1 00000000ff800000 0000000000800001 00000000ff800000 0 0 0
1 00000000ff800000 000000003f800000 00000000ff800000 0 0 0
1 00000000ff800000 00000000bf800000 00000000ff800000 0 0 0
1 00000000ff800000 0000000040000000 00000000ff800000 0 0 0
1 00000000ff800000 0000000040400000 00000000ff800000 0 0 0
1 00000000ff800000 000000007f7fffff 00000000ff800000 0 0 0
1 00000000ff800000 00000000ff7fffff 00000000ff800000 0 0 0
1 00000000ff800000 000000007f800000 00000000ff800000 0 0 0
1 00000000ff800000 00000000ff800000 000000007fc00000 1 0 0
1 00000000ff800000 000000007f800001 000000007fc00000 1 0 0
1 00000000ff800000 000000007fc00000 000000007fc00000 0 0 0
1 00000000ff800000 000000003f000000 00000000ff800000 0 0 0
1 00000000ff800000 00000000bf000000 00000000ff800000 0 0 0
1 000000007f800001 0000000000000000 000000007fc00000 1 0 0
1 000000007f800001 0000000080000000 000000007fc00000 1 0 0
1 000000007f800001 0000000000000001 000000007fc00000 1 0 0
1 000000007f800001 0000000080000001 000000007fc00000 1 0 0
1 000000007f800001 00000000007fffff 000000007fc00000 1 0 0
1 000000007f800001 0000000000800000 000000007fc00000 1 0 0
1 000000007f800001 0000000000800001 000000007fc00000 1 0 0
1 000000007f800001 000000003f800000 000000007fc00000 1 0 0
1 000000007f800001 00000000bf800000 000000007fc00000 1 0 0
1 000000007f800001 0000000040000000 000000007fc00000 1 0 0
1 000000007f800001 0000000040400000 000000007fc00000 1 0 0
1 000000007f800001 000000007f7fffff 000000007fc00000 1 0 0
1 000000007f800001 00000000ff7fffff 000000007fc00000 1 0 0
1 000000007f800001 000000007f800000 000000007fc00000 1 0 0
1 000000007f800001 00000000ff800000 000000007fc00000 1 0 0
1 000000007f800001 000000007f800001 000000007fc00000 1 0 0
1 000000007f800001 000000007fc00000 000000007fc00000 1 0 0
1 000000007f800001 000000003f000000 000000007fc00000 1 0 0
1 000000007f800001 00000000bf000000 000000007fc00000 1 0 0
1 000000007fc00000 0000000000000000 000000007fc00000 0 0 0
1 000000007fc00000 0000000080000000 000000007fc00000 0 0 0
1 000000007fc00000 0000000000000001 000000007fc00000 0 0 0
1 000000007fc00000 0000000080000001 000000007fc00000 0 0 0
1 000000007fc00000 00000000007fffff 000000007fc00000 0 0 0
1 000000007fc00000 0000000000800000 000000007fc00000 0 0 0
1 000000007fc00000 0000000000800001 000000007fc00000 0 0 0
1 000000007fc00000 000000003f800000 000000007fc00000 0 0 0
1 000000007fc00000 00000000bf800000 000000007fc00000 0 0 0
1 000000007fc00000 0000000040000000 000000007fc00000 0 0 0
1 000000007fc00000 0000000040400000 000000007fc00000 0 0 0
1 000000007fc00000 000000007f7fffff 000000007fc00000 0 0 0
1 000000007fc00000 00000000ff7fffff 000000007fc00000 0 0 0
1 000000007fc00000 000000007f800000 000000007fc00000 0 0 0
1 000000007fc00000 00000000ff800000 000000007fc00000 0 0 0
1 000000007fc00000 000000007f800001 000000007fc00000 1 0 0
1 000000007fc00000 000000007fc00000 000000007fc00000 0 0 0
1 000000007fc00000 000000003f000000 000000007fc00000 0 0 0
1 000000007fc00000 00000000bf000000 000000007fc00000 0 0 0
1 000000003f000000 0000000000000000 000000003f000000 0 0 0
1 000000003f000000 0000000080000000 000000003f000000 0 0 0
1 000000003f000000 0000000000000001 000000003f000000 10 0 0
1 000000003f000000 0000000080000001 000000003f000000 10 0 0
1 000000003f000000 00000000007fffff 000000003f000000 10 0 0
1 000000003f000000 0000000000800000 000000003f000000 10 0 0
1 000000003f000000 0000000000800001 000000003f000000 10 0 0
1 000000003f000000 000000003f800000 00000000bf000000 0 0 0
1 000000003f000000 00000000bf800000 000000003fc00000 0 0 0
1 000000003f000000 0000000040000000 00000000bfc00000 0 0 0
1 000000003f000000 0000000040400000 00000000c0200000 0 0 0
1 000000003f000000 000000007f7fffff 00000000ff7fffff 10 0 0
1 000000003f000000 00000000ff7fffff 000000007f7fffff 10 0 0
1 000000003f000000 000000007f800000 00000000ff800000 0 0 0
1 000000003f000000 00000000ff800000 000000007f800000 0 0 0
1 000000003f000000 000000007f800001 000000007fc00000 1 0 0
1 000000003f000000 000000007fc00000 000000007fc00000 0 0 0
1 000000003f000000 000000003f000000 0000000000000000 0 0 0
1 000000003f000000 00000000bf000000 000000003f800000 0 0 0
1 00000000bf000000 0000000000000000 00000000bf000000 0 0 0
1 00000000bf000000 0000000080000000 00000000bf000000 0 0 0
1 00000000bf000000 0000000000000001 00000000bf000000 10 0 0
1 00000000bf000000 0000000080000001 00000000bf000000 10 0 0
1 00000000bf000000 00000000007fffff 00000000bf000000 10 0 0
1 00000000bf000000 0000000000800000 00000000bf000000 10 0 0
1 00000000bf000000 0000000000800001 00000000bf000000 10 0 0
1 00000000bf000000 000000003f800000 00000000bfc00000 0 0 0
1 00000000bf000000 00000000bf800000 000000003f000000 0 0 0
1 00000000bf000000 0000000040000000 00000000c0200000 0 0 0
1 00000000bf000000 0000000040400000 00000000c0600000 0 0 0
1 00000000bf000000 000000007f7fffff 00000000ff7fffff 10 0 0
1 00000000bf000000 00000000ff7fffff 000000007f7fffff 10 0 0
1 00000000bf000000 000000007f800000 00000000ff800000 0 0 0
1 00000000bf000000 00000000ff800000 000000007f800000 0 0 0
1 00000000bf000000 000000007f800001 000000007fc00000 1 0 0
1 00000000bf000000 000000007fc00000 000000007fc00000 0 0 0
1 00000000bf000000 000000003f000000 00000000bf800000 0 0 0
1 00000000bf000000 00000000bf000000 0000000000000000 0 0 0
2 0000000000000000 0000000000000000 0000000000000000 0 0 0
2 0000000000000000 0000000080000000 0000000080000000 0 0 0
2 0000000000000000 0000000000000001 0000000000000000 0 0 0
2 0000000000000000 0000000080000001 0000000080000000 0 0 0
2 0000000000000000 00000000007fffff 0000000000000000 0 0 0
2 0000000000000000 0000000000800000 0000000000000000 0 0 0
2 0000000000000000 0000000000800001 0000000000000000 0 0 0
2 0000000000000000 000000003f800000 0000000000000000 0 0 0
2 0000000000000000 00000000bf800000 0000000080000000 0 0 0
2 0000000000000000 0000000040000000 0000000000000000 0 0 0
2 0000000000000000 0000000040400000 0000000000000000 0 0 0
2 0000000000000000 000000007f7fffff 0000000000000000 0 0 0
2 0000000000000000 00000000ff7fffff 0000000080000000 0 0 0
2 0000000000000000 000000007f800000 000000007fc00000 1 0 0
2 0000000000000000 00000000ff800000 000000007fc00000 1 0 0
2 0000000000000000 000000007f800001 000000007fc00000 1 0 0
2 0000000000000000 000000007fc00000 000000007fc00000 0 0 0
2 0000000000000000 000000003f000000 0000000000000000 0 0 0
2 0000000000000000 00000000bf000000 0000000080000000 0 0 0
2 0000000080000000 0000000000000000 0000000080000000 0 0 0
2 0000000080000000 0000000080000000 0000000000000000 0 0 0
2 0000000080000000 0000000000000001 0000000080000000 0 0 0
2 0000000080000000 0000000080000001 0000000000000000 0 0 0
2 0000000080000000 00000000007fffff 0000000080000000 0 0 0
2 0000000080000000 0000000000800000 0000000080000000 0 0 0
2 0000000080000000 0000000000800001 0000000080000000 0 0 0
2 0000000080000000 000000003f800000 0000000080000000 0 0 0
2 0000000080000000 00000000bf800000 0000000000000000 0 0 0
2 0000000080000000 0000000040000000 0000000080000000 0 0 0
2 0000000080000000 0000000040400000 0000000080000000 0 0 0
2 0000000080000000 000000007f7fffff 0000000080000000 0 0 0
2 0000000080000000 00000000ff7fffff 0000000000000000 0 0 0
2 0000000080000000 000000007f800000 000000007fc00000 1 0 0
2 0000000080000000 00000000ff800000 000000007fc00000 1 0 0
2 0000000080000000 000000007f800001 000000007fc00000 1 0 0
2 0000000080000000 000000007fc00000 000000007fc00000 0 0 0
2 0000000080000000 000000003f000000 0000000080000000 0 0 0
2 0000000080000000 00000000bf000000 0000000000000000 0 0 0
2 0000000000000001 0000000000000000 0000000000000000 0 0 0
2 0000000000000001 0000000080000000 0000000080000000 0 0 0
2 0000000000000001 0000000000000001 0000000000000000 18 0 0
2 0000000000000001 0000000080000001 0000000080000000 18 0 0
2 0000000000000001 00000000007fffff 0000000000000000 18 0 0
2 0000000000000001 0000000000800000 0000000000000000 18 0 0
2 0000000000000001 0000000000800001 0000000000000000 18 0 0
2 0000000000000001 000000003f800000 0000000000000001 0 0 0
2 0000000000000001 00000000bf800000 0000000080000001 0 0 0
2 0000000000000001 0000000040000000 0000000000000002 0 0 0
2 0000000000000001 0000000040400000 0000000000000003 0 0 0
2 0000000000000001 000000007f7fffff 0000000034ffffff 0 0 0
2 0000000000000001 00000000ff7fffff 00000000b4ffffff 0 0 0
2 0000000000000001 000000007f800000 000000007f800000 0 0 0
2 0000000000000001 00000000ff800000 00000000ff800000 0 0 0
2 0000000000000001 000000007f800001 000000007fc00000 1 0 0
2 0000000000000001 000000007fc00000 000000007fc00000 0 0 0
2 0000000000000001 000000003f000000 0000000000000000 18 0 0
2 0000000000000001 00000000bf000000 0000000080000000 18 0 0
2 0000000080000001 0000000000000000 0000000080000000 0 0 0
2 0000000080000001 0000000080000000 0000000000000000 0 0 0
2 0000000080000001 0000000000000001 0000000080000000 18 0 0
2 0000000080000001 0000000080000001 0000000000000000 18 0 0
2 0000000080000001 00000000007fffff 0000000080000000 18 0 0
2 0000000080000001 0000000000800000 0000000080000000 18 0 0
2 0000000080000001 0000000000800001 0000000080000000 18 0 0
2 0000000080000001 000000003f800000 0000000080000001 0 0 0
2 0000000080000001 00000000bf800000 0000000000000001 0 0 0
2 0000000080000001 0000000040000000 0000000080000002 0 0 0
2 0000000080000001 0000000040400000 0000000080000003 0 0 0
2 0000000080000001 000000007f7fffff 00000000b4ffffff 0 0 0
2 0000000080000001 00000000ff7fffff 0000000034ffffff 0 0 0
2 0000000080000001 000000007f800000 00000000ff800000 0 0 0
2 0000000080000001 00000000ff800000 000000007f800000 0 0 0
2 0000000080000001 000000007f800001 000000007fc00000 1 0 0
2 0000000080000001 000000007fc00000 000000007fc00000 0 0 0
2 0000000080000001 000000003f000000 0000000080000000 18 0 0
2 0000000080000001 00000000bf000000 0000000000000000 18 0 0
2 00000000007fffff 0000000000000000 0000000000000000 0 0 0
2 00000000007fffff 0000000080000000 0000000080000000 0 0 0
2 00000000007fffff 0000000000000001 0000000000000000 18 0 0
2 00000000007fffff 0000000080000001 0000000080000000 18 0 0
2 00000000007fffff 00000000007fffff 0000000000000000 18 0 0
2 00000000007fffff 0000000000800000 0000000000000000 18 0 0
2 00000000007fffff 0000000000800001 0000000000000000 18 0 0
2 00000000007fffff 000000003f800000 00000000007fffff 0 0 0
2 00000000007fffff 00000000bf800000 00000000807fffff 0 0 0
2 00000000007fffff 0000000040000000 0000000000fffffe 0 0 0
2 00000000007fffff 0000000040400000 00000000013ffffe 10 0 0
2 00000000007fffff 000000007f7fffff 00000000407ffffd 10 0 0
2 00000000007fffff 00000000ff7fffff 00000000c07ffffd 10 0 0
2 00000000007fffff 000000007f800000 000000007f800000 0 0 0
2 00000000007fffff 00000000ff800000 00000000ff800000 0 0 0
2 00000000007fffff 000000007f800001 000000007fc00000 1 0 0
2 00000000007fffff 000000007fc00000 000000007fc00000 0 0 0
2 00000000007fffff 000000003f000000 0000000000400000 18 0 0
2 00000000007fffff 00000000bf000000 0000000080400000 18 0 0
2 0000000000800000 0000000000000000 0000000000000000 0 0 0
2 0000000000800000 0000000080000000 0000000080000000 0 0 0
2 0000000000800000 0000000000000001 0000000000000000 18 0 0
2 0000000000800000 0000000080000001 0000000080000000 18 0 0
2 0000000000800000 00000000007fffff 0000000000000000 18 0 0
2 0000000000800000 0000000000800000 0000000000000000 18 0 0
2 0000000000800000 0000000000800001 0000000000000000 18 0 0
2 0000000000800000 000000003f800000 0000000000800000 0 0 0
2 0000000000800000 00000000bf800000 0000000080800000 0 0 0
2 0000000000800000 0000000040000000 0000000001000000 0 0 0
2 0000000000800000 0000000040400000 0000000001400000 0 0 0
2 0000000000800000 000000007f7fffff 00000000407fffff 0 0 0
2 0000000000800000 00000000ff7fffff 00000000c07fffff 0 0 0
2 0000000000800000 000000007f800000 000000007f800000 0 0 0
2 0000000000800000 00000000ff800000 00000000ff800000 0 0 0
2 0000000000800000 000000007f800001 000000007fc00000 1 0 0
2 0000000000800000 000000007fc00000 000000007fc00000 0 0 0
2 0000000000800000 000000003f000000 0000000000400000 0 0 0
2 0000000000800000 00000000bf000000 0000000080400000 0 0 0
2 0000000000800001 0000000000000000 0000000000000000 0 0 0
2 0000000000800001 0000000080000000 0000000080000000 0 0 0
2 0000000000800001 0000000000000001 0000000000000000 18 0 0
2 0000000000800001 0000000080000001 0000000080000000 18 0 0
2 0000000000800001 00000000007fffff 0000000000000000 18 0 0
2 0000000000800001 0000000000800000 0000000000000000 18 0 0
2 0000000000800001 0000000000800001 0000000000000000 18 0 0
2 0000000000800001 000000003f800000 0000000000800001 0 0 0
2 0000000000800001 00000000bf800000 0000000080800001 0 0 0
2 0000000000800001 0000000040000000 0000000001000001 0 0 0
2 0000000000800001 0000000040400000 0000000001400002 10 0 0
2 0000000000800001 000000007f7fffff 0000000040800000 10 0 0
2 0000000000800001 00000000ff7fffff 00000000c0800000 10 0 0
2 0000000000800001 000000007f800000 000000007f800000 0 0 0
2 0000000000800001 00000000ff800000 00000000ff800000 0 0 0
2 0000000000800001 000000007f800001 000000007fc00000 1 0 0
2 0000000000800001 000000007fc00000 000000007fc00000 0 0 0
2 0000000000800001 000000003f000000 0000000000400000 18 0 0
2 0000000000800001 00000000bf000000 0000000080400000 18 0 0
2 000000003f800000 0000000000000000 0000000000000000 0 0 0
2 000000003f800000 0000000080000000 0000000080000000 0 0 0
2 000000003f800000 0000000000000001 0000000000000001 0 0 0
2 000000003f800000 0000000080000001 0000000080000001 0 0 0
2 000000003f800000 00000000007fffff 00000000007fffff 0 0 0
2 000000003f800000 0000000000800000 0000000000800000 0 0 0
2 000000003f800000 0000000000800001 0000000000800001 0 0 0
2 000000003f800000 000000003f800000 000000003f800000 0 0 0
2 000000003f800000 00000000bf800000 00000000bf800000 0 0 0
2 000000003f800000 0000000040000000 0000000040000000 0 0 0
2 000000003f800000 0000000040400000 0000000040400000 0 0 0
2 000000003f800000 000000007f7fffff 000000007f7fffff 0 0 0
2 000000003f800000 00000000ff7fffff 00000000ff7fffff 0 0 0
2 000000003f800000 000000007f800000 000000007f800000 0 0 0
2 000000003f800000 00000000ff800000 00000000ff800000 0 0 0
2 000000003f800000 000000007f800001 000000007fc00000 1 0 0
2 000000003f800000 000000007fc00000 000000007fc00000 0 0 0
2 000000003f800000 000000003f000000 000000003f000000 0 0 0
2 000000003f800000 00000000bf000000 00000000bf000000 0 0 0
2 00000000bf800000 0000000000000000 0000000080000000 0 0 0
2 00000000bf800000 0000000080000000 0000000000000000 0 0 0
2 00000000bf800000 0000000000000001 0000000080000001 0 0 0
2 00000000bf800000 0000000080000001 0000000000000001 0 0 0
2 00000000bf800000 00000000007fffff 00000000807fffff 0 0 0
2 00000000bf800000 0000000000800000 0000000080800000 0 0 0
2 00000000bf800000 0000000000800001 0000000080800001 0 0 0
2 00000000bf800000 000000003f800000 00000000bf800000 0 0 0
2 00000000bf800000 00000000bf800000 000000003f800000 0 0 0
2 00000000bf800000 0000000040000000 00000000c0000000 0 0 0
2 00000000bf800000 0000000040400000 00000000c0400000 0 0 0
2 00000000bf800000 000000007f7fffff 00000000ff7fffff 0 0 0
2 00000000bf800000 00000000ff7fffff 000000007f7fffff 0 0 0
2 00000000bf800000 000000007f800000 00000000ff800000 0 0 0
2 00000000bf800000 00000000ff800000 000000007f800000 0 0 0
2 00000000bf800000 000000007f800001 000000007fc00000 1 0 0
2 00000000bf800000 000000007fc00000 000000007fc00000 0 0 0
2 00000000bf800000 000000003f000000 00000000bf000000 0 0 0
2 00000000bf800000 00000000bf000000 000000003f000000 0 0 0
2 0000000040000000 0000000000000000 0000000000000000 0 0 0
2 0000000040000000 0000000080000000 0000000080000000 0 0 0
2 0000000040000000 0000000000000001 0000000000000002 0 0 0
2 0000000040000000 0000000080000001 0000000080000002 0 0 0
2 0000000040000000 00000000007fffff 0000000000fffffe 0 0 0
2 0000000040000000 0000000000800000 0000000001000000 0 0 0
2 0000000040000000 0000000000800001 0000000001000001 0 0 0
2 0000000040000000 000000003f800000 0000000040000000 0 0 0
2 0000000040000000 00000000bf800000 00000000c0000000 0 0 0
2 0000000040000000 0000000040000000 0000000040800000 0 0 0
2 0000000040000000 0000000040400000 0000000040c00000 0 0 0
2 0000000040000000 000000007f7fffff 000000007f800000 14 0 0
2 0000000040000000 00000000ff7fffff 00000000ff800000 14 0 0
2 0000000040000000 000000007f800000 000000007f800000 0 0 0
2 0000000040000000 00000000ff800000 00000000ff800000 0 0 0
2 0000000040000000 000000007f800001 000000007fc00000 1 0 0
2 0000000040000000 000000007fc00000 000000007fc00000 0 0 0
2 0000000040000000 000000003f000000 000000003f800000 0 0 0
2 0000000040000000 00000000bf000000 00000000bf800000 0 0 0
2 0000000040400000 0000000000000000 0000000000000000 0 0 0
2 0000000040400000 0000000080000000 0000000080000000 0 0 0
2 0000000040400000 0000000000000001 0000000000000003 0 0 0
2 0000000040400000 0000000080000001 0000000080000003 0 0 0
2 0000000040400000 00000000007fffff 00000000013ffffe 10 0 0
2 0000000040400000 0000000000800000 0000000001400000 0 0 0
2 0000000040400000 0000000000800001 0000000001400002 10 0 0
2 0000000040400000 000000003f800000 0000000040400000 0 0 0
2 0000000040400000 00000000bf800000 00000000c0400000 0 0 0
2 0000000040400000 0000000040000000 0000000040c00000 0 0 0
2 0000000040400000 0000000040400000 0000000041100000 0 0 0
2 0000000040400000 000000007f7fffff 000000007f800000 14 0 0
2 0000000040400000 00000000ff7fffff 00000000ff800000 14 0 0
2 0000000040400000 000000007f800000 000000007f800000 0 0 0
2 0000000040400000 00000000ff800000 00000000ff800000 0 0 0
2 0000000040400000 000000007f800001 000000007fc00000 1 0 0
2 0000000040400000 000000007fc00000 000000007fc00000 0 0 0
2 0000000040400000 000000003f000000 000000003fc00000 0 0 0
2 0000000040400000 00000000bf000000 00000000bfc00000 0 0 0
2 000000007f7fffff 0000000000000000 0000000000000000 0 0 0
2 000000007f7fffff 0000000080000000 0000000080000000 0 0 0
2 000000007f7fffff 0000000000000001 0000000034ffffff 0 0 0
2 000000007f7fffff 0000000080000001 00000000b4ffffff 0 0 0
2 000000007f7fffff 00000000007fffff 00000000407ffffd 10 0 0
2 000000007f7fffff 0000000000800000 00000000407fffff 0 0 0
2 000000007f7fffff 0000000000800001 0000000040800000 10 0 0
2 000000007f7fffff 000000003f800000 000000007f7fffff 0 0 0
2 000000007f7fffff 00000000bf800000 00000000ff7fffff 0 0 0
2 000000007f7fffff 0000000040000000 000000007f800000 14 0 0
2 000000007f7fffff 0000000040400000 000000007f800000 14 0 0
2 000000007f7fffff 000000007f7fffff 000000007f800000 14 0 0
2 000000007f7fffff 00000000ff7fffff 00000000ff800000 14 0 0
2 000000007f7fffff 000000007f800000 000000007f800000 0 0 0
2 000000007f7fffff 00000000ff800000 00000000ff800000 0 0 0
2 000000007f7fffff 000000007f800001 000000007fc00000 1 0 0
2 000000007f7fffff 000000007fc00000 000000007fc00000 0 0 0
2 000000007f7fffff 000000003f000000 000000007effffff 0 0 0
2 000000007f7fffff 00000000bf000000 00000000feffffff 0 0 0
2 00000000ff7fffff 0000000000000000 0000000080000000 0 0 0
2 00000000ff7fffff 0000000080000000 0000000000000000 0 0 0
2 00000000ff7fffff 0000000000000001 00000000b4ffffff 0 0 0
2 00000000ff7fffff 0000000080000001 0000000034ffffff 0 0 0
2 00000000ff7fffff 00000000007fffff 00000000c07ffffd 10 0 0
2 00000000ff7fffff 0000000000800000 00000000c07fffff 0 0 0
2 00000000ff7fffff 0000000000800001 00000000c0800000 10 0 0
2 00000000ff7fffff 000000003f800000 00000000ff7fffff 0 0 0
2 00000000ff7fffff 00000000bf800000 000000007f7fffff 0 0 0
2 00000000ff7fffff 0000000040000000 00000000ff800000 14 0 0
2 00000000ff7fffff 0000000040400000 00000000ff800000 14 0 0
2 00000000ff7fffff 000000007f7fffff 00000000ff800000 14 0 0
2 00000000ff7fffff 00000000ff7fffff 000000007f800000 14 0 0
2 00000000ff7fffff 000000007f800000 00000000ff800000 0 0 0
2 00000000ff7fffff 00000000ff800000 000000007f800000 0 0 0
2 00000000ff7fffff 000000007f800001 000000007fc00000 1 0 0
2 00000000ff7fffff 000000007fc00000 000000007fc00000 0 0 0
2 00000000ff7fffff 000000003f000000 00000000feffffff 0 0 0
2 00000000ff7fffff 00000000bf000000 000000007effffff 0 0 0
2 000000007f800000 0000000000000000 000000007fc00000 1 0 0
2 000000007f800000 0000000080000000 000000007fc00000 1 0 0
2 000000007f800000 0000000000000001 000000007f800000 0 0 0
2 000000007f800000 0000000080000001 00000000ff800000 0 0 0
2 000000007f800000 00000000007fffff 000000007f800000 0 0 0
2 000000007f800000 0000000000800000 000000007f800000 0 0 0
2 000000007f800000 0000000000800001 000000007f800000 0 0 0
2 000000007f800000 000000003f800000 000000007f800000 0 0 0
2 000000007f800000 00000000bf800000 00000000ff800000 0 0 0
2 000000007f800000 0000000040000000 000000007f800000 0 0 0
2 000000007f800000 0000000040400000 000000007f800000 0 0 0
2 000000007f800000 000000007f7fffff 000000007f800000 0 0 0
2 000000007f800000 00000000ff7fffff 00000000ff800000 0 0 0
2 000000007f800000 000000007f800000 000000007f800000 0 0 0
2 000000007f800000 00000000ff800000 00000000ff800000 0 0 0
2 000000007f800000 000000007f800001 000000007fc00000 1 0 0
2 000000007f800000 000000007fc00000 000000007fc00000 0 0 0
2 000000007f800000 000000003f000000 000000007f800000 0 0 0
2 000000007f800000 00000000bf000000 00000000ff800000 0 0 0
2 00000000ff800000 0000000000000000 000000007fc00000 1 0 0
2 00000000ff800000 0000000080000000 000000007fc00000 1 0 0
2 00000000ff800000 0000000000000001 00000000ff800000 0 0 0
2 00000000ff800000 0000000080000001 000000007f800000 0 0 0
2 00000000ff800000 00000000007fffff 00000000ff800000 0 0 0
2 00000000ff800000 0000000000800000 00000000ff800000 0 0 0
2 00000000ff800000 0000000000800001 00000000ff800000 0 0 0
2 00000000ff800000 000000003f800000 00000000ff800000 0 0 0
2 00000000ff800000 00000000bf800000 000000007f800000 0 0 0
2 00000000ff800000 0000000040000000 00000000ff800000 0 0 0
2 00000000ff800000 0000000040400000 00000000ff800000 0 0 0
2 00000000ff800000 000000007f7fffff 00000000ff800000 0 0 0
2 00000000ff800000 00000000ff7fffff 000000007f800000 0 0 0
2 00000000ff800000 000000007f800000 00000000ff800000 0 0 0
2 00000000ff800000 00000000ff800000 000000007f800000 0 0 0
2 00000000ff800000 000000007f800001 000000007fc00000 1 0 0
2 00000000ff800000 000000007fc00000 000000007fc00000 0 0 0
2 00000000ff800000 000000003f000000 00000000ff800000 0 0 0
2 00000000ff800000 00000000bf000000 000000007f800000 0 0 0
2 000000007f800001 0000000000000000 000000007fc00000 1 0 0
2 000000007f800001 0000000080000000 000000007fc00000 1 0 0
2 000000007f800001 0000000000000001 000000007fc00000 1 0 0
2 000000007f800001 0000000080000001 000000007fc00000 1 0 0
2 000000007f800001 00000000007fffff 000000007fc00000 1 0 0
2 000000007f800001 0000000000800000 000000007fc00000 1 0 0
2 000000007f800001 0000000000800001 000000007fc00000 1 0 0
2 000000007f800001 000000003f800000 000000007fc00000 1 0 0
2 000000007f800001 00000000bf800000 000000007fc00000 1 0 0
2 000000007f800001 0000000040000000 000000007fc00000 1 0 0
2 000000007f800001 0000000040400000 000000007fc00000 1 0 0
2 000000007f800001 000000007f7fffff 000000007fc00000 1 0 0
2 000000007f800001 00000000ff7fffff 000000007fc00000 1 0 0
2 000000007f800001 000000007f800000 000000007fc00000 1 0 0
2 000000007f800001 00000000ff800000 000000007fc00000 1 0 0
2 000000007f800001 000000007f800001 000000007fc00000 1 0 0
2 000000007f800001 000000007fc00000 000000007fc00000 1 0 0
2 000000007f800001 000000003f000000 000000007fc00000 1 0 0
2 000000007f800001 00000000bf000000 000000007fc00000 1 0 0
2 000000007fc00000 0000000000000000 000000007fc00000 0 0 0
2 000000007fc00000 0000000080000000 000000007fc00000 0 0 0
2 000000007fc00000 0000000000000001 000000007fc00000 0 0 0
2 000000007fc00000 0000000080000001 000000007fc00000 0 0 0
2 000000007fc00000 00000000007fffff 000000007fc00000 0 0 0
2 000000007fc00000 0000000000800000 000000007fc00000 0 0 0
2 000000007fc00000 0000000000800001 000000007fc00000 0 0 0
2 000000007fc00000 000000003f800000 000000007fc00000 0 0 0
2 000000007fc00000 00000000bf800000 000000007fc00000 0 0 0
2 000000007fc00000 0000000040000000 000000007fc00000 0 0 0
2 000000007fc00000 0000000040400000 000000007fc00000 0 0 0
2 000000007fc00000 000000007f7fffff 000000007fc00000 0 0 0
2 000000007fc00000 00000000ff7fffff 000000007fc00000 0 0 0
2 000000007fc00000 000000007f800000 000000007fc00000 0 0 0
2 000000007fc00000 00000000ff800000 000000007fc00000 0 0 0
2 000000007fc00000 000000007f800001 000000007fc00000 1 0 0
2 000000007fc00000 000000007fc00000 000000007fc00000 0 0 0
2 000000007fc00000 000000003f000000 000000007fc00000 0 0 0
2 000000007fc00000 00000000bf000000 000000007fc00000 0 0 0
2 000000003f000000 0000000000000000 0000000000000000 0 0 0
2 000000003f000000 0000000080000000 0000000080000000 0 0 0
2 000000003f000000 0000000000000001 0000000000000000 18 0 0
2 000000003f000000 0000000080000001 0000000080000000 18 0 0
2 000000003f000000 00000000007fffff 0000000000400000 18 0 0
2 000000003f000000 0000000000800000 0000000000400000 0 0 0
2 000000003f000000 0000000000800001 0000000000400000 18 0 0
2 000000003f000000 000000003f800000 000000003f000000 0 0 0
2 000000003f000000 00000000bf800000 00000000bf000000 0 0 0
2 000000003f000000 0000000040000000 000000003f800000 0 0 0
2 000000003f000000 0000000040400000 000000003fc00000 0 0 0
2 000000003f000000 000000007f7fffff 000000007effffff 0 0 0
2 000000003f000000 00000000ff7fffff 00000000feffffff 0 0 0
2 000000003f000000 000000007f800000 000000007f800000 0 0 0
2 000000003f000000 00000000ff800000 00000000ff800000 0 0 0
2 000000003f000000 000000007f800001 000000007fc00000 1 0 0
2 000000003f000000 000000007fc00000 000000007fc00000 0 0 0
2 000000003f000000 000000003f000000 000000003e800000 0 0 0
2 000000003f000000 00000000bf000000 00000000be800000 0 0 0
2 00000000bf000000 0000000000000000 0000000080000000 0 0 0
2 00000000bf000000 0000000080000000 0000000000000000 0 0 0
2 00000000bf000000 0000000000000001 0000000080000000 18 0 0
2 00000000bf000000 0000000080000001 0000000000000000 18 0 0
2 00000000bf000000 00000000007fffff 0000000080400000 18 0 0
2 00000000bf000000 0000000000800000 0000000080400000 0 0 0
2 00000000bf000000 0000000000800001 0000000080400000 18 0 0
2 00000000bf000000 000000003f800000 00000000bf000000 0 0 0
2 00000000bf000000 00000000bf800000 000000003f000000 0 0 0
2 00000000bf000000 0000000040000000 00000000bf800000 0 0 0
2 00000000bf000000 0000000040400000 00000000bfc00000 0 0 0
2 00000000bf000000 000000007f7fffff 00000000feffffff 0 0 0
2 00000000bf000000 00000000ff7fffff 000000007effffff 0 0 0
2 00000000bf000000 000000007f800000 00000000ff800000 0 0 0
2 00000000bf000000 00000000ff800000 000000007f800000 0 0 0
2 00000000bf000000 000000007f800001 000000007fc00000 1 0 0
2 00000000bf000000 000000007fc00000 000000007fc00000 0 0 0
2 00000000bf000000 000000003f000000 00000000be800000 0 0 0
2 00000000bf000000 00000000bf000000 000000003e800000 0 0 0
3 0000000000000000 0000000000000000 000000007fc00000 1 0 0
3 0000000000000000 0000000080000000 000000007fc00000 1 0 0
3 0000000000000000 0000000000000001 0000000000000000 0 0 0
3 0000000000000000 0000000080000001 0000000080000000 0 0 0
3 0000000000000000 00000000007fffff 0000000000000000 0 0 0
3 0000000000000000 0000000000800000 0000000000000000 0 0 0
3 0000000000000000 0000000000800001 0000000000000000 0 0 0
3 0000000000000000 000000003f800000 0000000000000000 0 0 0
3 0000000000000000 00000000bf800000 0000000080000000 0 0 0
3 0000000000000000 0000000040000000 0000000000000000 0 0 0
3 0000000000000000 0000000040400000 0000000000000000 0 0 0
3 0000000000000000 000000007f7fffff 0000000000000000 0 0 0
3 0000000000000000 00000000ff7fffff 0000000080000000 0 0 0
3 0000000000000000 000000007f800000 0000000000000000 0 0 0
3 0000000000000000 00000000ff800000 0000000080000000 0 0 0
3 0000000000000000 000000007f800001 000000007fc00000 1 0 0
3 0000000000000000 000000007fc00000 000000007fc00000 0 0 0
3 0000000000000000 000000003f000000 0000000000000000 0 0 0
3 0000000000000000 00000000bf000000 0000000080000000 0 0 0
3 0000000080000000 0000000000000000 000000007fc00000 1 0 0
3 0000000080000000 0000000080000000 000000007fc00000 1 0 0
3 0000000080000000 0000000000000001 0000000080000000 0 0 0
3 0000000080000000 0000000080000001 0000000000000000 0 0 0
3 0000000080000000 00000000007fffff 0000000080000000 0 0 0
3 0000000080000000 0000000000800000 0000000080000000 0 0 0
3 0000000080000000 0000000000800001 0000000080000000 0 0 0
3 0000000080000000 000000003f800000 0000000080000000 0 0 0
3 0000000080000000 00000000bf800000 0000000000000000 0 0 0
3 0000000080000000 0000000040000000 0000000080000000 0 0 0
3 0000000080000000 0000000040400000 0000000080000000 0 0 0
3 0000000080000000 000000007f7fffff 0000000080000000 0 0 0
3 0000000080000000 00000000ff7fffff 0000000000000000 0 0 0
3 0000000080000000 000000007f800000 0000000080000000 0 0 0
3 0000000080000000 00000000ff800000 0000000000000000 0 0 0
3 0000000080000000 000000007f800001 000000007fc00000 1 0 0
3 0000000080000000 000000007fc00000 000000007fc00000 0 0 0
3 0000000080000000 000000003f000000 0000000080000000 0 0 0
3 0000000080000000 00000000bf000000 0000000000000000 0 0 0
3 0000000000000001 0000000000000000 000000007f800000 2 0 0
3 0000000000000001 0000000080000000 00000000ff800000 2 0 0
3 0000000000000001 0000000000000001 000000003f800000 0 0 0
3 0000000000000001 0000000080000001 00000000bf800000 0 0 0
3 0000000000000001 00000000007fffff 0000000034000001 10 0 0
3 0000000000000001 0000000000800000 0000000034000000 0 0 0
3 0000000000000001 0000000000800001 0000000033fffffe 10 0 0
3 0000000000000001 000000003f800000 0000000000000001 0 0 0
3 0000000000000001 00000000bf800000 0000000080000001 0 0 0
3 0000000000000001 0000000040000000 0000000000000000 18 0 0
3 0000000000000001 0000000040400000 0000000000000000 18 0 0
3 0000000000000001 000000007f7fffff 0000000000000000 18 0 0
3 0000000000000001 00000000ff7fffff 0000000080000000 18 0 0
3 0000000000000001 000000007f800000 0000000000000000 0 0 0
3 0000000000000001 00000000ff800000 0000000080000000 0 0 0
3 0000000000000001 000000007f800001 000000007fc00000 1 0 0
3 0000000000000001 000000007fc00000 000000007fc00000 0 0 0
3 0000000000000001 000000003f000000 0000000000000002 0 0 0
3 0000000000000001 00000000bf000000 0000000080000002 0 0 0
3 0000000080000001 0000000000000000 00000000ff800000 2 0 0
3 0000000080000001 0000000080000000 000000007f800000 2 0 0
3 0000000080000001 0000000000000001 00000000bf800000 0 0 0
3 0000000080000001 0000000080000001 000000003f800000 0 0 0
3 0000000080000001 00000000007fffff 00000000b4000001 10 0 0
3 0000000080000001 0000000000800000 00000000b4000000 0 0 0
3 0000000080000001 0000000000800001 00000000b3fffffe 10 0 0
3 0000000080000001 000000003f800000 0000000080000001 0 0 0
3 0000000080000001 00000000bf800000 0000000000000001 0 0 0
3 0000000080000001 0000000040000000 0000000080000000 18 0 0
3 0000000080000001 0000000040400000 0000000080000000 18 0 0
3 0000000080000001 000000007f7fffff 0000000080000000 18 0 0
3 0000000080000001 00000000ff7fffff 0000000000000000 18 0 0
3 0000000080000001 000000007f800000 0000000080000000 0 0 0
3 0000000080000001 00000000ff800000 0000000000000000 0 0 0
3 0000000080000001 000000007f800001 000000007fc00000 1 0 0
3 0000000080000001 000000007fc00000 000000007fc00000 0 0 0
3 0000000080000001 000000003f000000 0000000080000002 0 0 0
3 0000000080000001 00000000bf000000 0000000000000002 0 0 0
3 00000000007fffff 0000000000000000 000000007f800000 2 0 0
3 00000000007fffff 0000000080000000 00000000ff800000 2 0 0
3 00000000007fffff 0000000000000001 000000004afffffe 0 0 0
3 00000000007fffff 0000000080000001 00000000cafffffe 0 0 0
3 00000000007fffff 00000000007fffff 000000003f800000 0 0 0
3 00000000007fffff 0000000000800000 000000003f7ffffe 0 0 0
3 00000000007fffff 0000000000800001 000000003f7ffffc 10 0 0
3 00000000007fffff 000000003f800000 00000000007fffff 0 0 0
3 00000000007fffff 00000000bf800000 00000000807fffff 0 0 0
3 00000000007fffff 0000000040000000 0000000000400000 18 0 0
3 00000000007fffff 0000000040400000 00000000002aaaaa 18 0 0
3 00000000007fffff 000000007f7fffff 0000000000000000 18 0 0
3 00000000007fffff 00000000ff7fffff 0000000080000000 18 0 0
3 00000000007fffff 000000007f800000 0000000000000000 0 0 0
3 00000000007fffff 00000000ff800000 0000000080000000 0 0 0
3 00000000007fffff 000000007f800001 000000007fc00000 1 0 0
3 00000000007fffff 000000007fc00000 000000007fc00000 0 0 0
3 00000000007fffff 000000003f000000 0000000000fffffe 0 0 0
3 00000000007fffff 00000000bf000000 0000000080fffffe 0 0 0
3 0000000000800000 0000000000000000 000000007f800000 2 0 0
3 0000000000800000 0000000080000000 00000000ff800000 2 0 0
3 0000000000800000 0000000000000001 000000004b000000 0 0 0
3 0000000000800000 0000000080000001 00000000cb000000 0 0 0
3 0000000000800000 00000000007fffff 000000003f800001 10 0 0
3 0000000000800000 0000000000800000 000000003f800000 0 0 0
3 0000000000800000 0000000000800001 000000003f7ffffe 10 0 0
3 0000000000800000 000000003f800000 0000000000800000 0 0 0
3 0000000000800000 00000000bf800000 0000000080800000 0 0 0
3 0000000000800000 0000000040000000 0000000000400000 0 0 0
3 0000000000800000 0000000040400000 00000000002aaaab 18 0 0
3 0000000000800000 000000007f7fffff 0000000000000000 18 0 0
3 0000000000800000 00000000ff7fffff 0000000080000000 18 0 0
3 0000000000800000 000000007f800000 0000000000000000 0 0 0
3 0000000000800000 00000000ff800000 0000000080000000 0 0 0
3 0000000000800000 000000007f800001 000000007fc00000 1 0 0
3 0000000000800000 000000007fc00000 000000007fc00000 0 0 0
3 0000000000800000 000000003f000000 0000000001000000 0 0 0
3 0000000000800000 00000000bf000000 0000000081000000 0 0 0
3 0000000000800001 0000000000000000 000000007f800000 2 0 0
3 0000000000800001 0000000080000000 00000000ff800000 2 0 0
3 0000000000800001 0000000000000001 000000004b000001 0 0 0
3 0000000000800001 0000000080000001 00000000cb000001 0 0 0
3 0000000000800001 00000000007fffff 000000003f800002 10 0 0
3 0000000000800001 0000000000800000 000000003f800001 0 0 0
3 0000000000800001 0000000000800001 000000003f800000 0 0 0
3 0000000000800001 000000003f800000 0000000000800001 0 0 0
3 0000000000800001 00000000bf800000 0000000080800001 0 0 0
3 0000000000800001 0000000040000000 0000000000400000 18 0 0
3 0000000000800001 0000000040400000 00000000002aaaab 0 0 0
3 0000000000800001 000000007f7fffff 0000000000000000 18 0 0
3 0000000000800001 00000000ff7fffff 0000000080000000 18 0 0
3 0000000000800001 000000007f800000 0000000000000000 0 0 0
3 0000000000800001 00000000ff800000 0000000080000000 0 0 0
3 0000000000800001 000000007f800001 000000007fc00000 1 0 0
3 0000000000800001 000000007fc00000 000000007fc00000 0 0 0
3 0000000000800001 000000003f000000 0000000001000001 0 0 0
3 0000000000800001 00000000bf000000 0000000081000001 0 0 0
3 000000003f800000 0000000000000000 000000007f800000 2 0 0
3 000000003f800000 0000000080000000 00000000ff800000 2 0 0
3 000000003f800000 0000000000000001 000000007f800000 14 0 0
3 000000003f800000 0000000080000001 00000000ff800000 14 0 0
3 000000003f800000 00000000007fffff 000000007e800001 10 0 0
3 000000003f800000 0000000000800000 000000007e800000 0 0 0
3 000000003f800000 0000000000800001 000000007e7ffffe 10 0 0
3 000000003f800000 000000003f800000 000000003f800000 0 0 0
3 000000003f800000 00000000bf800000 00000000bf800000 0 0 0
3 000000003f800000 0000000040000000 000000003f000000 0 0 0
3 000000003f800000 0000000040400000 000000003eaaaaab 10 0 0
3 000000003f800000 000000007f7fffff 0000000000200000 18 0 0
3 000000003f800000 00000000ff7fffff 0000000080200000 18 0 0
3 000000003f800000 000000007f800000 0000000000000000 0 0 0
3 000000003f800000 00000000ff800000 0000000080000000 0 0 0
3 000000003f800000 000000007f800001 000000007fc00000 1 0 0
3 000000003f800000 000000007fc00000 000000007fc00000 0 0 0
3 000000003f800000 000000003f000000 0000000040000000 0 0 0
3 000000003f800000 00000000bf000000 00000000c0000000 0 0 0
3 00000000bf800000 0000000000000000 00000000ff800000 2 0 0
3 00000000bf800000 0000000080000000 000000007f800000 2 0 0
3 00000000bf800000 0000000000000001 00000000ff800000 14 0 0
3 00000000bf800000 0000000080000001 000000007f800000 14 0 0
3 00000000bf800000 00000000007fffff 00000000fe800001 10 0 0
3 00000000bf800000 0000000000800000 00000000fe800000 0 0 0
3 00000000bf800000 0000000000800001 00000000fe7ffffe 10 0 0
3 00000000bf800000 000000003f800000 00000000bf800000 0 0 0
3 00000000bf800000 00000000bf800000 000000003f800000 0 0 0
3 00000000bf800000 0000000040000000 00000000bf000000 0 0 0
3 00000000bf800000 0000000040400000 00000000beaaaaab 10 0 0
3 00000000bf800000 000000007f7fffff 0000000080200000 18 0 0
3 00000000bf800000 00000000ff7fffff 0000000000200000 18 0 0
3 00000000bf800000 000000007f800000 0000000080000000 0 0 0
3 00000000bf800000 00000000ff800000 0000000000000000 0 0 0
3 00000000bf800000 000000007f800001 000000007fc00000 1 0 0
3 00000000bf800000 000000007fc00000 000000007fc00000 0 0 0
3 00000000bf800000 000000003f000000 00000000c0000000 0 0 0
3 00000000bf800000 00000000bf000000 0000000040000000 0 0 0
3 0000000040000000 0000000000000000 000000007f800000 2 0 0
3 0000000040000000 0000000080000000 00000000ff800000 2 0 0
3 0000000040000000 0000000000000001 000000007f800000 14 0 0
3 0000000040000000 0000000080000001 00000000ff800000 14 0 0
3 0000000040000000 00000000007fffff 000000007f000001 10 0 0
3 0000000040000000 0000000000800000 000000007f000000 0 0 0
3 0000000040000000 0000000000800001 000000007efffffe 10 0 0
3 0000000040000000 000000003f800000 0000000040000000 0 0 0
3 0000000040000000 00000000bf800000 00000000c0000000 0 0 0
3 0000000040000000 0000000040000000 000000003f800000 0 0 0
3 0000000040000000 0000000040400000 000000003f2aaaab 10 0 0
3 0000000040000000 000000007f7fffff 0000000000400000 18 0 0
3 0000000040000000 00000000ff7fffff 0000000080400000 18 0 0
3 0000000040000000 000000007f800000 0000000000000000 0 0 0
3 0000000040000000 00000000ff800000 0000000080000000 0 0 0
3 0000000040000000 000000007f800001 000000007fc00000 1 0 0
3 0000000040000000 000000007fc00000 000000007fc00000 0 0 0
3 0000000040000000 000000003f000000 0000000040800000 0 0 0
3 0000000040000000 00000000bf000000 00000000c0800000 0 0 0
3 0000000040400000 0000000000000000 000000007f800000 2 0 0
3 0000000040400000 0000000080000000 00000000ff800000 2 0 0
3 0000000040400000 0000000000000001 000000007f800000 14 0 0
3 0000000040400000 0000000080000001 00000000ff800000 14 0 0
3 0000000040400000 00000000007fffff 000000007f400002 10 0 0
3 0000000040400000 0000000000800000 000000007f400000 0 0 0
3 0000000040400000 0000000000800001 000000007f3fffff 10 0 0
3 0000000040400000 000000003f800000 0000000040400000 0 0 0
3 0000000040400000 00000000bf800000 00000000c0400000 0 0 0
3 0000000040400000 0000000040000000 000000003fc00000 0 0 0
3 0000000040400000 0000000040400000 000000003f800000 0 0 0
3 0000000040400000 000000007f7fffff 0000000000600000 18 0 0
3 0000000040400000 00000000ff7fffff 0000000080600000 18 0 0
3 0000000040400000 000000007f800000 0000000000000000 0 0 0
3 0000000040400000 00000000ff800000 0000000080000000 0 0 0
3 0000000040400000 000000007f800001 000000007fc00000 1 0 0
3 0000000040400000 000000007fc00000 000000007fc00000 0 0 0
3 0000000040400000 000000003f000000 0000000040c00000 0 0 0
3 0000000040400000 00000000bf000000 00000000c0c00000 0 0 0
3 000000007f7fffff 0000000000000000 000000007f800000 2 0 0
3 000000007f7fffff 0000000080000000 00000000ff800000 2 0 0
3 000000007f7fffff 0000000000000001 000000007f800000 14 0 0
3 000000007f7fffff 0000000080000001 00000000ff800000 14 0 0
3 000000007f7fffff 00000000007fffff 000000007f800000 14 0 0
3 000000007f7fffff 0000000000800000 000000007f800000 14 0 0
3 000000007f7fffff 0000000000800001 000000007f800000 14 0 0
3 000000007f7fffff 000000003f800000 000000007f7fffff 0 0 0
3 000000007f7fffff 00000000bf800000 00000000ff7fffff 0 0 0
3 000000007f7fffff 0000000040000000 000000007effffff 0 0 0
3 000000007f7fffff 0000000040400000 000000007eaaaaaa 0 0 0
3 000000007f7fffff 000000007f7fffff 000000003f800000 0 0 0
3 000000007f7fffff 00000000ff7fffff 00000000bf800000 0 0 0
3 000000007f7fffff 000000007f800000 0000000000000000 0 0 0
3 000000007f7fffff 00000000ff800000 0000000080000000 0 0 0
3 000000007f7fffff 000000007f800001 000000007fc00000 1 0 0
3 000000007f7fffff 000000007fc00000 000000007fc00000 0 0 0
3 000000007f7fffff 000000003f000000 000000007f800000 14 0 0
3 000000007f7fffff 00000000bf000000 00000000ff800000 14 0 0
3 00000000ff7fffff 0000000000000000 00000000ff800000 2 0 0
3 00000000ff7fffff 0000000080000000 000000007f800000 2 0 0
3 00000000ff7fffff 0000000000000001 00000000ff800000 14 0 0
3 00000000ff7fffff 0000000080000001 000000007f800000 14 0 0
3 00000000ff7fffff 00000000007fffff 00000000ff800000 14 0 0
3 00000000ff7fffff 0000000000800000 00000000ff800000 14 0 0
3 00000000ff7fffff 0000000000800001 00000000ff800000 14 0 0
3 00000000ff7fffff 000000003f800000 00000000ff7fffff 0 0 0
3 00000000ff7fffff 00000000bf800000 000000007f7fffff 0 0 0
3 00000000ff7fffff 0000000040000000 00000000feffffff 0 0 0
3 00000000ff7fffff 0000000040400000 00000000feaaaaaa 0 0 0
3 00000000ff7fffff 000000007f7fffff 00000000bf800000 0 0 0
3 00000000ff7fffff 00000000ff7fffff 000000003f800000 0 0 0
3 00000000ff7fffff 000000007f800000 0000000080000000 0 0 0
3 00000000ff7fffff 00000000ff800000 0000000000000000 0 0 0
3 00000000ff7fffff 000000007f800001 000000007fc00000 1 0 0
3 00000000ff7fffff 000000007fc00000 000000007fc00000 0 0 0
3 00000000ff7fffff 000000003f000000 00000000ff800000 14 0 0
3 00000000ff7fffff 00000000bf000000 000000007f800000 14 0 0
3 000000007f800000 0000000000000000 000000007f800000 0 0 0
3 000000007f800000 0000000080000000 00000000ff800000 0 0 0
3 000000007f800000 0000000000000001 000000007f800000 0 0 0
3 000000007f800000 0000000080000001 00000000ff800000 0 0 0
3 000000007f800000 00000000007fffff 000000007f800000 0 0 0
3 000000007f800000 0000000000800000 000000007f800000 0 0 0
3 000000007f800000 0000000000800001 000000007f800000 0 0 0
3 000000007f800000 000000003f800000 000000007f800000 0 0 0
3 000000007f800000 00000000bf800000 00000000ff800000 0 0 0
3 000000007f800000 0000000040000000 000000007f800000 0 0 0
3 000000007f800000 0000000040400000 000000007f800000 0 0 0
3 000000007f800000 000000007f7fffff 000000007f800000 0 0 0
3 000000007f800000 00000000ff7fffff 00000000ff800000 0 0 0
3 000000007f800000 000000007f800000 000000007fc00000 1 0 0
3 000000007f800000 00000000ff800000 000000007fc00000 1 0 0
3 000000007f800000 000000007f800001 000000007fc00000 1 0 0
3 000000007f800000 000000007fc00000 000000007fc00000 0 0 0
3 000000007f800000 000000003f000000 000000007f800000 0 0 0
3 000000007f800000 00000000bf000000 00000000ff800000 0 0 0
3 00000000ff800000 0000000000000000 00000000ff800000 0 0 0
3 00000000ff800000 0000000080000000 000000007f800000 0 0 0
3 00000000ff800000 0000000000000001 00000000ff800000 0 0 0
3 00000000ff800000 0000000080000001 000000007f800000 0 0 0
3 00000000ff800000 00000000007fffff 00000000ff800000 0 0 0
3 00000000ff800000 0000000000800000 00000000ff800000 0 0 0
3 00000000ff800000 0000000000800001 00000000ff800000 0 0 0
3 00000000ff800000 000000003f800000 00000000ff800000 0 0 0
3 00000000ff800000 00000000bf800000 000000007f800000 0 0 0
3 00000000ff800000 0000000040000000 00000000ff800000 0 0 0
3 00000000ff800000 0000000040400000 00000000ff800000 0 0 0
3 00000000ff800000 000000007f7fffff 00000000ff800000 0 0 0
3 00000000ff800000 00000000ff7fffff 000000007f800000 0 0 0
3 00000000ff800000 000000007f800000 000000007fc00000 1 0 0
3 00000000ff800000 00000000ff800000 000000007fc00000 1 0 0
3 00000000ff800000 000000007f800001 000000007fc00000 1 0 0
3 00000000ff800000 000000007fc00000 000000007fc00000 0 0 0
3 00000000ff800000 000000003f000000 00000000ff800000 0 0 0
3 00000000ff800000 00000000bf000000 000000007f800000 0 0 0
3 000000007f800001 0000000000000000 000000007fc00000 1 0 0
3 000000007f800001 0000000080000000 000000007fc00000 1 0 0
3 000000007f800001 0000000000000001 000000007fc00000 1 0 0
3 000000007f800001 0000000080000001 000000007fc00000 1 0 0
3 000000007f800001 00000000007fffff 000000007fc00000 1 0 0
3 000000007f800001 0000000000800000 000000007fc00000 1 0 0
3 000000007f800001 0000000000800001 000000007fc00000 1 0 0
3 000000007f800001 000000003f800000 000000007fc00000 1 0 0
3 000000007f800001 00000000bf800000 000000007fc00000 1 0 0
3 000000007f800001 0000000040000000 000000007fc00000 1 0 0
3 000000007f800001 0000000040400000 000000007fc00000 1 0 0
3 000000007f800001 000000007f7fffff 000000007fc00000 1 0 0
3 000000007f800001 00000000ff7fffff 000000007fc00000 1 0 0
3 000000007f800001 000000007f800000 000000007fc00000 1 0 0
3 000000007f800001 00000000ff800000 000000007fc00000 1 0 0
3 000000007f800001 000000007f800001 000000007fc00000 1 0 0
3 000000007f800001 000000007fc00000 000000007fc00000 1 0 0
3 000000007f800001 000000003f000000 000000007fc00000 1 0 0
3 000000007f800001 00000000bf000000 000000007fc00000 1 0 0
3 000000007fc00000 0000000000000000 000000007fc00000 0 0 0
3 000000007fc00000 0000000080000000 000000007fc00000 0 0 0
3 000000007fc00000 0000000000000001 000000007fc00000 0 0 0
3 000000007fc00000 0000000080000001 000000007fc00000 0 0 0
3 000000007fc00000 00000000007fffff 000000007fc00000 0 0 0
3 000000007fc00000 0000000000800000 000000007fc00000 0 0 0
3 000000007fc00000 0000000000800001 000000007fc00000 0 0 0
3 000000007fc00000 000000003f800000 000000007fc00000 0 0 0
3 000000007fc00000 00000000bf800000 000000007fc00000 0 0 0
3 000000007fc00000 0000000040000000 000000007fc00000 0 0 0
3 000000007fc00000 0000000040400000 000000007fc00000 0 0 0
3 000000007fc00000 000000007f7fffff 000000007fc00000 0 0 0
3 000000007fc00000 00000000ff7fffff 000000007fc00000 0 0 0
3 000000007fc00000 000000007f800000 000000007fc00000 0 0 0
3 000000007fc00000 00000000ff800000 000000007fc00000 0 0 0
3 000000007fc00000 000000007f800001 000000007fc00000 1 0 0
3 000000007fc00000 000000007fc00000 000000007fc00000 0 0 0
3 000000007fc00000 000000003f000000 000000007fc00000 0 0 0
3 000000007fc00000 00000000bf000000 000000007fc00000 0 0 0
3 000000003f000000 0000000000000000 000000007f800000 2 0 0
3 000000003f000000 0000000080000000 00000000ff800000 2 0 0
3 000000003f000000 0000000000000001 000000007f800000 14 0 0
3 000000003f000000 0000000080000001 00000000ff800000 14 0 0
3 000000003f000000 00000000007fffff 000000007e000001 10 0 0
3 000000003f000000 0000000000800000 000000007e000000 0 0 0
3 000000003f000000 0000000000800001 000000007dfffffe 10 0 0
3 000000003f000000 000000003f800000 000000003f000000 0 0 0
3 000000003f000000 00000000bf800000 00000000bf000000 0 0 0
3 000000003f000000 0000000040000000 000000003e800000 0 0 0
3 000000003f000000 0000000040400000 000000003e2aaaab 10 0 0
3 000000003f000000 000000007f7fffff 0000000000100000 18 0 0
3 000000003f000000 00000000ff7fffff 0000000080100000 18 0 0
3 000000003f000000 000000007f800000 0000000000000000 0 0 0
3 000000003f000000 00000000ff800000 0000000080000000 0 0 0
3 000000003f000000 000000007f800001 000000007fc00000 1 0 0
3 000000003f000000 000000007fc00000 000000007fc00000 0 0 0
3 000000003f000000 000000003f000000 000000003f800000 0 0 0
3 000000003f000000 00000000bf000000 00000000bf800000 0 0 0
3 00000000bf000000 0000000000000000 00000000ff800000 2 0 0
3 00000000bf000000 0000000080000000 000000007f800000 2 0 0
3 00000000bf000000 0000000000000001 00000000ff800000 14 0 0
3 00000000bf000000 0000000080000001 000000007f800000 14 0 0
3 00000000bf000000 00000000007fffff 00000000fe000001 10 0 0
3 00000000bf000000 0000000000800000 00000000fe000000 0 0 0
3 00000000bf000000 0000000000800001 00000000fdfffffe 10 0 0
3 00000000bf000000 000000003f800000 00000000bf000000 0 0 0
3 00000000bf000000 00000000bf800000 000000003f000000 0 0 0
3 00000000bf000000 0000000040000000 00000000be800000 0 0 0
3 00000000bf000000 0000000040400000 00000000be2aaaab 10 0 0
3 00000000bf000000 000000007f7fffff 0000000080100000 18 0 0
3 00000000bf000000 00000000ff7fffff 0000000000100000 18 0 0
3 00000000bf000000 000000007f800000 0000000080000000 0 0 0
3 00000000bf000000 00000000ff800000 0000000000000000 0 0 0
3 00000000bf000000 000000007f800001 000000007fc00000 1 0 0
3 00000000bf000000 000000007fc00000 000000007fc00000 0 0 0
3 00000000bf000000 000000003f000000 00000000bf800000 0 0 0
3 00000000bf000000 00000000bf000000 000000003f800000 0 0 0
d 0000000000000000 0000000000000000 0000000000000000 0 2 0
d 0000000000000000 0000000080000000 0000000000000000 0 2 0
d 0000000000000000 0000000000000001 0000000000000000 0 1 0
d 0000000000000000 0000000080000001 0000000000000000 0 0 0
d 0000000000000000 00000000007fffff 0000000000000000 0 1 0
d 0000000000000000 0000000000800000 0000000000000000 0 1 0
d 0000000000000000 0000000000800001 0000000000000000 0 1 0
d 0000000000000000 000000003f800000 0000000000000000 0 1 0
d 0000000000000000 00000000bf800000 0000000000000000 0 0 0
d 0000000000000000 0000000040000000 0000000000000000 0 1 0
d 0000000000000000 0000000040400000 0000000000000000 0 1 0
d 0000000000000000 000000007f7fffff 0000000000000000 0 1 0
d 0000000000000000 00000000ff7fffff 0000000000000000 0 0 0
d 0000000000000000 000000007f800000 0000000000000000 0 1 0
d 0000000000000000 00000000ff800000 0000000000000000 0 0 0
d 0000000000000000 000000007f800001 0000000000000000 1 4 0
d 0000000000000000 000000007fc00000 0000000000000000 0 4 0
d 0000000000000000 000000003f000000 0000000000000000 0 1 0
d 0000000000000000 00000000bf000000 0000000000000000 0 0 0
d 0000000080000000 0000000000000000 0000000000000000 0 2 0
d 0000000080000000 0000000080000000 0000000000000000 0 2 0
d 0000000080000000 0000000000000001 0000000000000000 0 1 0
d 0000000080000000 0000000080000001 0000000000000000 0 0 0
d 0000000080000000 00000000007fffff 0000000000000000 0 1 0
d 0000000080000000 0000000000800000 0000000000000000 0 1 0
d 0000000080000000 0000000000800001 0000000000000000 0 1 0
d 0000000080000000 000000003f800000 0000000000000000 0 1 0
d 0000000080000000 00000000bf800000 0000000000000000 0 0 0
d 0000000080000000 0000000040000000 0000000000000000 0 1 0
d 0000000080000000 0000000040400000 0000000000000000 0 1 0
d 0000000080000000 000000007f7fffff 0000000000000000 0 1 0
d 0000000080000000 00000000ff7fffff 0000000000000000 0 0 0
d 0000000080000000 000000007f800000 0000000000000000 0 1 0
d 0000000080000000 00000000ff800000 0000000000000000 0 0 0
d 0000000080000000 000000007f800001 0000000000000000 1 4 0
d 0000000080000000 000000007fc00000 0000000000000000 0 4 0
d 0000000080000000 000000003f000000 0000000000000000 0 1 0
d 0000000080000000 00000000bf000000 0000000000000000 0 0 0
d 0000000000000001 0000000000000000 0000000000000000 0 0 0
d 0000000000000001 0000000080000000 0000000000000000 0 0 0
d 0000000000000001 0000000000000001 0000000000000000 0 2 0
d 0000000000000001 0000000080000001 0000000000000000 0 0 0
d 0000000000000001 00000000007fffff 0000000000000000 0 1 0
d 0000000000000001 0000000000800000 0000000000000000 0 1 0
d 0000000000000001 0000000000800001 0000000000000000 0 1 0
d 0000000000000001 000000003f800000 0000000000000000 0 1 0
d 0000000000000001 00000000bf800000 0000000000000000 0 0 0
d 0000000000000001 0000000040000000 0000000000000000 0 1 0
d 0000000000000001 0000000040400000 0000000000000000 0 1 0
d 0000000000000001 000000007f7fffff 0000000000000000 0 1 0
d 0000000000000001 00000000ff7fffff 0000000000000000 0 0 0
d 0000000000000001 000000007f800000 0000000000000000 0 1 0
d 0000000000000001 00000000ff800000 0000000000000000 0 0 0
d 0000000000000001 000000007f800001 0000000000000000 1 4 0
d 0000000000000001 000000007fc00000 0000000000000000 0 4 0
d 0000000000000001 000000003f000000 0000000000000000 0 1 0
d 0000000000000001 00000000bf000000 0000000000000000 0 0 0
d 0000000080000001 0000000000000000 0000000000000000 0 1 0
d 0000000080000001 0000000080000000 0000000000000000 0 1 0
d 0000000080000001 0000000000000001 0000000000000000 0 1 0
d 0000000080000001 0000000080000001 0000000000000000 0 2 0
d 0000000080000001 00000000007fffff 0000000000000000 0 1 0
d 0000000080000001 0000000000800000 0000000000000000 0 1 0
d 0000000080000001 0000000000800001 0000000000000000 0 1 0
d 0000000080000001 000000003f800000 0000000000000000 0 1 0
d 0000000080000001 00000000bf800000 0000000000000000 0 0 0
d 0000000080000001 0000000040000000 0000000000000000 0 1 0
d 0000000080000001 0000000040400000 0000000000000000 0 1 0
d 0000000080000001 000000007f7fffff 0000000000000000 0 1 0
d 0000000080000001 00000000ff7fffff 0000000000000000 0 0 0
d 0000000080000001 000000007f800000 0000000000000000 0 1 0
d 0000000080000001 00000000ff800000 0000000000000000 0 0 0
d 0000000080000001 000000007f800001 0000000000000000 1 4 0
d 0000000080000001 000000007fc00000 0000000000000000 0 4 0
d 0000000080000001 000000003f000000 0000000000000000 0 1 0
d 0000000080000001 00000000bf000000 0000000000000000 0 0 0
d 00000000007fffff 0000000000000000 0000000000000000 0 0 0
d 00000000007fffff 0000000080000000 0000000000000000 0 0 0
d 00000000007fffff 0000000000000001 0000000000000000 0 0 0
d 00000000007fffff 0000000080000001 0000000000000000 0 0 0
d 00000000007fffff 00000000007fffff 0000000000000000 0 2 0
d 00000000007fffff 0000000000800000 0000000000000000 0 1 0
d 00000000007fffff 0000000000800001 0000000000000000 0 1 0
d 00000000007fffff 000000003f800000 0000000000000000 0 1 0
d 00000000007fffff 00000000bf800000 0000000000000000 0 0 0
d 00000000007fffff 0000000040000000 0000000000000000 0 1 0
d 00000000007fffff 0000000040400000 0000000000000000 0 1 0
d 00000000007fffff 000000007f7fffff 0000000000000000 0 1 0
d 00000000007fffff 00000000ff7fffff 0000000000000000 0 0 0
d 00000000007fffff 000000007f800000 0000000000000000 0 1 0
d 00000000007fffff 00000000ff800000 0000000000000000 0 0 0
d 00000000007fffff 000000007f800001 0000000000000000 1 4 0
d 00000000007fffff 000000007fc00000 0000000000000000 0 4 0
d 00000000007fffff 000000003f000000 0000000000000000 0 1 0
d 00000000007fffff 00000000bf000000 0000000000000000 0 0 0
d 0000000000800000 0000000000000000 0000000000000000 0 0 0
d 0000000000800000 0000000080000000 0000000000000000 0 0 0
d 0000000000800000 0000000000000001 0000000000000000 0 0 0
d 0000000000800000 0000000080000001 0000000000000000 0 0 0
d 0000000000800000 00000000007fffff 0000000000000000 0 0 0
d 0000000000800000 0000000000800000 0000000000000000 0 2 0
d 0000000000800000 0000000000800001 0000000000000000 0 1 0
d 0000000000800000 000000003f800000 0000000000000000 0 1 0
d 0000000000800000 00000000bf800000 0000000000000000 0 0 0
d 0000000000800000 0000000040000000 0000000000000000 0 1 0
d 0000000000800000 0000000040400000 0000000000000000 0 1 0
d 0000000000800000 000000007f7fffff 0000000000000000 0 1 0
d 0000000000800000 00000000ff7fffff 0000000000000000 0 0 0
d 0000000000800000 000000007f800000 0000000000000000 0 1 0
d 0000000000800000 00000000ff800000 0000000000000000 0 0 0
d 0000000000800000 000000007f800001 0000000000000000 1 4 0
d 0000000000800000 000000007fc00000 0000000000000000 0 4 0
d 0000000000800000 000000003f000000 0000000000000000 0 1 0
d 0000000000800000 00000000bf000000 0000000000000000 0 0 0
d 0000000000800001 0000000000000000 0000000000000000 0 0 0
d 0000000000800001 0000000080000000 0000000000000000 0 0 0
d 0000000000800001 0000000000000001 0000000000000000 0 0 0
d 0000000000800001 0000000080000001 0000000000000000 0 0 0
d 0000000000800001 00000000007fffff 0000000000000000 0 0 0
d 0000000000800001 0000000000800000 0000000000000000 0 0 0
d 0000000000800001 0000000000800001 0000000000000000 0 2 0
d 0000000000800001 000000003f800000 0000000000000000 0 1 0
d 0000000000800001 00000000bf800000 0000000000000000 0 0 0
d 0000000000800001 0000000040000000 0000000000000000 0 1 0
d 0000000000800001 0000000040400000 0000000000000000 0 1 0
d 0000000000800001 000000007f7fffff 0000000000000000 0 1 0
d 0000000000800001 00000000ff7fffff 0000000000000000 0 0 0
d 0000000000800001 000000007f800000 0000000000000000 0 1 0
d 0000000000800001 00000000ff800000 0000000000000000 0 0 0
d 0000000000800001 000000007f800001 0000000000000000 1 4 0
d 0000000000800001 000000007fc00000 0000000000000000 0 4 0
d 0000000000800001 000000003f000000 0000000000000000 0 1 0
d 0000000000800001 00000000bf000000 0000000000000000 0 0 0
d 000000003f800000 0000000000000000 0000000000000000 0 0 0
d 000000003f800000 0000000080000000 0000000000000000 0 0 0
d 000000003f800000 0000000000000001 0000000000000000 0 0 0
d 000000003f800000 0000000080000001 0000000000000000 0 0 0
d 000000003f800000 00000000007fffff 0000000000000000 0 0 0
d 000000003f800000 0000000000800000 0000000000000000 0 0 0
d 000000003f800000 0000000000800001 0000000000000000 0 0 0
d 000000003f800000 000000003f800000 0000000000000000 0 2 0
d 000000003f800000 00000000bf800000 0000000000000000 0 0 0
d 000000003f800000 0000000040000000 0000000000000000 0 1 0
d 000000003f800000 0000000040400000 0000000000000000 0 1 0
d 000000003f800000 000000007f7fffff 0000000000000000 0 1 0
d 000000003f800000 00000000ff7fffff 0000000000000000 0 0 0
d 000000003f800000 000000007f800000 0000000000000000 0 1 0
d 000000003f800000 00000000ff800000 0000000000000000 0 0 0
d 000000003f800000 000000007f800001 0000000000000000 1 4 0
d 000000003f800000 000000007fc00000 0000000000000000 0 4 0
d 000000003f800000 000000003f000000 0000000000000000 0 0 0
d 000000003f800000 00000000bf000000 0000000000000000 0 0 0
d 00000000bf800000 0000000000000000 0000000000000000 0 1 0
d 00000000bf800000 0000000080000000 0000000000000000 0 1 0
d 00000000bf800000 0000000000000001 0000000000000000 0 1 0
d 00000000bf800000 0000000080000001 0000000000000000 0 1 0
d 00000000bf800000 00000000007fffff 0000000000000000 0 1 0
d 00000000bf800000 0000000000800000 0000000000000000 0 1 0
d 00000000bf800000 0000000000800001 0000000000000000 0 1 0
d 00000000bf800000 000000003f800000 0000000000000000 0 1 0
d 00000000bf800000 00000000bf800000 0000000000000000 0 2 0
d 00000000bf800000 0000000040000000 0000000000000000 0 1 0
d 00000000bf800000 0000000040400000 0000000000000000 0 1 0
d 00000000bf800000 000000007f7fffff 0000000000000000 0 1 0
d 00000000bf800000 00000000ff7fffff 0000000000000000 0 0 0
d 00000000bf800000 000000007f800000 0000000000000000 0 1 0
d 00000000bf800000 00000000ff800000 0000000000000000 0 0 0
d 00000000bf800000 000000007f800001 0000000000000000 1 4 0
d 00000000bf800000 000000007fc00000 0000000000000000 0 4 0
d 00000000bf800000 000000003f000000 0000000000000000 0 1 0
d 00000000bf800000 00000000bf000000 0000000000000000 0 1 0
d 0000000040000000 0000000000000000 0000000000000000 0 0 0
d 0000000040000000 0000000080000000 0000000000000000 0 0 0
d 0000000040000000 0000000000000001 0000000000000000 0 0 0
d 0000000040000000 0000000080000001 0000000000000000 0 0 0
d 0000000040000000 00000000007fffff 0000000000000000 0 0 0
d 0000000040000000 0000000000800000 0000000000000000 0 0 0
d 0000000040000000 0000000000800001 0000000000000000 0 0 0
d 0000000040000000 000000003f800000 0000000000000000 0 0 0
d 0000000040000000 00000000bf800000 0000000000000000 0 0 0
d 0000000040000000 0000000040000000 0000000000000000 0 2 0
d 0000000040000000 0000000040400000 0000000000000000 0 1 0
d 0000000040000000 000000007f7fffff 0000000000000000 0 1 0
d 0000000040000000 00000000ff7fffff 0000000000000000 0 0 0
d 0000000040000000 000000007f800000 0000000000000000 0 1 0
d 0000000040000000 00000000ff800000 0000000000000000 0 0 0
d 0000000040000000 000000007f800001 0000000000000000 1 4 0
d 0000000040000000 000000007fc00000 0000000000000000 0 4 0
d 0000000040000000 000000003f000000 0000000000000000 0 0 0
d 0000000040000000 00000000bf000000 0000000000000000 0 0 0
d 0000000040400000 0000000000000000 0000000000000000 0 0 0
d 0000000040400000 0000000080000000 0000000000000000 0 0 0
d 0000000040400000 0000000000000001 0000000000000000 0 0 0
d 0000000040400000 0000000080000001 0000000000000000 0 0 0
d 0000000040400000 00000000007fffff 0000000000000000 0 0 0
d 0000000040400000 0000000000800000 0000000000000000 0 0 0
d 0000000040400000 0000000000800001 0000000000000000 0 0 0
d 0000000040400000 000000003f800000 0000000000000000 0 0 0
d 0000000040400000 00000000bf800000 0000000000000000 0 0 0
d 0000000040400000 0000000040000000 0000000000000000 0 0 0
d 0000000040400000 0000000040400000 0000000000000000 0 2 0
d 0000000040400000 000000007f7fffff 0000000000000000 0 1 0
d 0000000040400000 00000000ff7fffff 0000000000000000 0 0 0
d 0000000040400000 000000007f800000 0000000000000000 0 1 0
d 0000000040400000 00000000ff800000 0000000000000000 0 0 0
d 0000000040400000 000000007f800001 0000000000000000 1 4 0
d 0000000040400000 000000007fc00000 0000000000000000 0 4 0
d 0000000040400000 000000003f000000 0000000000000000 0 0 0
d 0000000040400000 00000000bf000000 0000000000000000 0 0 0
d 000000007f7fffff 0000000000000000 0000000000000000 0 0 0
d 000000007f7fffff 0000000080000000 0000000000000000 0 0 0
d 000000007f7fffff 0000000000000001 0000000000000000 0 0 0
d 000000007f7fffff 0000000080000001 0000000000000000 0 0 0
d 000000007f7fffff 00000000007fffff 0000000000000000 0 0 0
d 000000007f7fffff 0000000000800000 0000000000000000 0 0 0
d 000000007f7fffff 0000000000800001 0000000000000000 0 0 0
d 000000007f7fffff 000000003f800000 0000000000000000 0 0 0
d 000000007f7fffff 00000000bf800000 0000000000000000 0 0 0
d 000000007f7fffff 0000000040000000 0000000000000000 0 0 0
d 000000007f7fffff 0000000040400000 0000000000000000 0 0 0
d 000000007f7fffff 000000007f7fffff 0000000000000000 0 2 0
d 000000007f7fffff 00000000ff7fffff 0000000000000000 0 0 0
d 000000007f7fffff 000000007f800000 0000000000000000 0 1 0
d 000000007f7fffff 00000000ff800000 0000000000000000 0 0 0
d 000000007f7fffff 000000007f800001 0000000000000000 1 4 0
d 000000007f7fffff 000000007fc00000 0000000000000000 0 4 0
d 000000007f7fffff 000000003f000000 0000000000000000 0 0 0
d 000000007f7fffff 00000000bf000000 0000000000000000 0 0 0
d 00000000ff7fffff 0000000000000000 0000000000000000 0 1 0
d 00000000ff7fffff 0000000080000000 0000000000000000 0 1 0
d 00000000ff7fffff 0000000000000001 0000000000000000 0 1 0
d 00000000ff7fffff 0000000080000001 0000000000000000 0 1 0
d 00000000ff7fffff 00000000007fffff 0000000000000000 0 1 0
d 00000000ff7fffff 0000000000800000 0000000000000000 0 1 0
d 00000000ff7fffff 0000000000800001 0000000000000000 0 1 0
d 00000000ff7fffff 000000003f800000 0000000000000000 0 1 0
d 00000000ff7fffff 00000000bf800000 0000000000000000 0 1 0
d 00000000ff7fffff 0000000040000000 0000000000000000 0 1 0
d 00000000ff7fffff 0000000040400000 0000000000000000 0 1 0
d 00000000ff7fffff 000000007f7fffff 0000000000000000 0 1 0
d 00000000ff7fffff 00000000ff7fffff 0000000000000000 0 2 0
d 00000000ff7fffff 000000007f800000 0000000000000000 0 1 0
d 00000000ff7fffff 00000000ff800000 0000000000000000 0 0 0
d 00000000ff7fffff 000000007f800001 0000000000000000 1 4 0
d 00000000ff7fffff 000000007fc00000 0000000000000000 0 4 0
d 00000000ff7fffff 000000003f000000 0000000000000000 0 1 0
d 00000000ff7fffff 00000000bf000000 0000000000000000 0 1 0
d 000000007f800000 0000000000000000 0000000000000000 0 0 0
d 000000007f800000 0000000080000000 0000000000000000 0 0 0
d 000000007f800000 0000000000000001 0000000000000000 0 0 0
d 000000007f800000 0000000080000001 0000000000000000 0 0 0
d 000000007f800000 00000000007fffff 0000000000000000 0 0 0
d 000000007f800000 0000000000800000 0000000000000000 0 0 0
d 000000007f800000 0000000000800001 0000000000000000 0 0 0
d 000000007f800000 000000003f800000 0000000000000000 0 0 0
d 000000007f800000 00000000bf800000 0000000000000000 0 0 0
d 000000007f800000 0000000040000000 0000000000000000 0 0 0
d 000000007f800000 0000000040400000 0000000000000000 0 0 0
d 000000007f800000 000000007f7fffff 0000000000000000 0 0 0
d 000000007f800000 00000000ff7fffff 0000000000000000 0 0 0
d 000000007f800000 000000007f800000 0000000000000000 0 2 0
d 000000007f800000 00000000ff800000 0000000000000000 0 0 0
d 000000007f800000 000000007f800001 0000000000000000 1 4 0
d 000000007f800000 000000007fc00000 0000000000000000 0 4 0
d 000000007f800000 000000003f000000 0000000000000000 0 0 0
d 000000007f800000 00000000bf000000 0000000000000000 0 0 0
d 00000000ff800000 0000000000000000 0000000000000000 0 1 0
d 00000000ff800000 0000000080000000 0000000000000000 0 1 0
d 00000000ff800000 0000000000000001 0000000000000000 0 1 0
d 00000000ff800000 0000000080000001 0000000000000000 0 1 0
d 00000000ff800000 00000000007fffff 0000000000000000 0 1 0
d 00000000ff800000 0000000000800000 0000000000000000 0 1 0
d 00000000ff800000 0000000000800001 0000000000000000 0 1 0
d 00000000ff800000 000000003f800000 0000000000000000 0 1 0
d 00000000ff800000 00000000bf800000 0000000000000000 0 1 0
d 00000000ff800000 0000000040000000 0000000000000000 0 1 0
d 00000000ff800000 0000000040400000 0000000000000000 0 1 0
d 00000000ff800000 000000007f7fffff 0000000000000000 0 1 0
d 00000000ff800000 00000000ff7fffff 0000000000000000 0 1 0
d 00000000ff800000 000000007f800000 0000000000000000 0 1 0
d 00000000ff800000 00000000ff800000 0000000000000000 0 2 0
d 00000000ff800000 000000007f800001 0000000000000000 1 4 0
d 00000000ff800000 000000007fc00000 0000000000000000 0 4 0
d 00000000ff800000 000000003f000000 0000000000000000 0 1 0
d 00000000ff800000 00000000bf000000 0000000000000000 0 1 0
d 000000007f800001 0000000000000000 0000000000000000 1 4 0
d 000000007f800001 0000000080000000 0000000000000000 1 4 0
d 000000007f800001 0000000000000001 0000000000000000 1 4 0
d 000000007f800001 0000000080000001 0000000000000000 1 4 0
d 000000007f800001 00000000007fffff 0000000000000000 1 4 0
d 000000007f800001 0000000000800000 0000000000000000 1 4 0
d 000000007f800001 0000000000800001 0000000000000000 1 4 0
d 000000007f800001 000000003f800000 0000000000000000 1 4 0
d 000000007f800001 00000000bf800000 0000000000000000 1 4 0
d 000000007f800001 0000000040000000 0000000000000000 1 4 0
d 000000007f800001 0000000040400000 0000000000000000 1 4 0
d 000000007f800001 000000007f7fffff 0000000000000000 1 4 0
d 000000007f800001 00000000ff7fffff 0000000000000000 1 4 0
d 000000007f800001 000000007f800000 0000000000000000 1 4 0
d 000000007f800001 00000000ff800000 0000000000000000 1 4 0
d 000000007f800001 000000007f800001 0000000000000000 1 4 0
d 000000007f800001 000000007fc00000 0000000000000000 1 4 0
d 000000007f800001 000000003f000000 0000000000000000 1 4 0
d 000000007f800001 00000000bf000000 0000000000000000 1 4 0
d 000000007fc00000 0000000000000000 0000000000000000 0 4 0
d 000000007fc00000 0000000080000000 0000000000000000 0 4 0
d 000000007fc00000 0000000000000001 0000000000000000 0 4 0
d 000000007fc00000 0000000080000001 0000000000000000 0 4 0
d 000000007fc00000 00000000007fffff 0000000000000000 0 4 0
d 000000007fc00000 0000000000800000 0000000000000000 0 4 0
d 000000007fc00000 0000000000800001 0000000000000000 0 4 0
d 000000007fc00000 000000003f800000 0000000000000000 0 4 0
d 000000007fc00000 00000000bf800000 0000000000000000 0 4 0
d 000000007fc00000 0000000040000000 0000000000000000 0 4 0
d 000000007fc00000 0000000040400000 0000000000000000 0 4 0
d 000000007fc00000 000000007f7fffff 0000000000000000 0 4 0
d 000000007fc00000 00000000ff7fffff 0000000000000000 0 4 0
d 000000007fc00000 000000007f800000 0000000000000000 0 4 0
d 000000007fc00000 00000000ff800000 0000000000000000 0 4 0
d 000000007fc00000 000000007f800001 0000000000000000 1 4 0
d 000000007fc00000 000000007fc00000 0000000000000000 0 4 0
d 000000007fc00000 000000003f000000 0000000000000000 0 4 0
d 000000007fc00000 00000000bf000000 0000000000000000 0 4 0
d 000000003f000000 0000000000000000 0000000000000000 0 0 0
d 000000003f000000 0000000080000000 0000000000000000 0 0 0
d 000000003f000000 0000000000000001 0000000000000000 0 0 0
d 000000003f000000 0000000080000001 0000000000000000 0 0 0
d 000000003f000000 00000000007fffff 0000000000000000 0 0 0
d 000000003f000000 0000000000800000 0000000000000000 0 0 0
d 000000003f000000 0000000000800001 0000000000000000 0 0 0
d 000000003f000000 000000003f800000 0000000000000000 0 1 0
d 000000003f000000 00000000bf800000 0000000000000000 0 0 0
d 000000003f000000 0000000040000000 0000000000000000 0 1 0
d 000000003f000000 0000000040400000 0000000000000000 0 1 0
d 000000003f000000 000000007f7fffff 0000000000000000 0 1 0
d 000000003f000000 00000000ff7fffff 0000000000000000 0 0 0
d 000000003f000000 000000007f800000 0000000000000000 0 1 0
d 000000003f000000 00000000ff800000 0000000000000000 0 0 0
d 000000003f000000 000000007f800001 0000000000000000 1 4 0
d 000000003f000000 000000007fc00000 0000000000000000 0 4 0
d 000000003f000000 000000003f000000 0000000000000000 0 2 0
d 000000003f000000 00000000bf000000 0000000000000000 0 0 0
d 00000000bf000000 0000000000000000 0000000000000000 0 1 0
d 00000000bf000000 0000000080000000 0000000000000000 0 1 0
d 00000000bf000000 0000000000000001 0000000000000000 0 1 0
d 00000000bf000000 0000000080000001 0000000000000000 0 1 0
d 00000000bf000000 00000000007fffff 0000000000000000 0 1 0
d 00000000bf000000 0000000000800000 0000000000000000 0 1 0
d 00000000bf000000 0000000000800001 0000000000000000 0 1 0
d 00000000bf000000 000000003f800000 0000000000000000 0 1 0
d 00000000bf000000 00000000bf800000 0000000000000000 0 0 0
d 00000000bf000000 0000000040000000 0000000000000000 0 1 0
d 00000000bf000000 0000000040400000 0000000000000000 0 1 0
d 00000000bf000000 000000007f7fffff 0000000000000000 0 1 0
d 00000000bf000000 00000000ff7fffff 0000000000000000 0 0 0
d 00000000bf000000 000000007f800000 0000000000000000 0 1 0
d 00000000bf000000 00000000ff800000 0000000000000000 0 0 0
d 00000000bf000000 000000007f800001 0000000000000000 1 4 0
d 00000000bf000000 000000007fc00000 0000000000000000 0 4 0
d 00000000bf000000 000000003f000000 0000000000000000 0 1 0
d 00000000bf000000 00000000bf000000 0000000000000000 0 2 0
4 0000000000000000 0000000000000000 0000000000000000 0 0 0
5 0000000000000000 0000000000000000 0000000000000000 0 0 8
6 0000000000000000 0000000000000000 000000003f800000 0 0 8
8 0000000000000000 0000000000000000 000000003f800000 0 0 8
9 0000000000000000 0000000000000000 00000000ff800000 2 0 0
a 0000000000000000 0000000000000000 000000003fc90fdb 10 0 8
4 0000000080000000 0000000000000000 0000000080000000 0 0 0
5 0000000080000000 0000000000000000 0000000080000000 0 0 8
6 0000000080000000 0000000000000000 000000003f800000 0 0 8
8 0000000080000000 0000000000000000 000000003f800000 0 0 8
9 0000000080000000 0000000000000000 00000000ff800000 2 0 0
a 0000000080000000 0000000000000000 000000003fc90fdb 10 0 8
4 0000000000000001 0000000000000000 000000001a3504f3 10 0 0
5 0000000000000001 0000000000000000 0000000000000001 18 0 8
6 0000000000000001 0000000000000000 000000003f800000 10 0 8
8 0000000000000001 0000000000000000 000000003f800000 10 0 8
9 0000000000000001 0000000000000000 00000000c2ce8ed0 10 0 8
a 0000000000000001 0000000000000000 000000003fc90fdb 10 0 8
4 0000000080000001 0000000000000000 000000007fc00000 1 0 0
5 0000000080000001 0000000000000000 0000000080000001 18 0 8
6 0000000080000001 0000000000000000 000000003f800000 10 0 8
8 0000000080000001 0000000000000000 000000003f800000 10 0 8
9 0000000080000001 0000000000000000 000000007fc00000 1 0 0
a 0000000080000001 0000000000000000 000000003fc90fdb 10 0 8
4 00000000007fffff 0000000000000000 000000001fffffff 10 0 0
5 00000000007fffff 0000000000000000 00000000007fffff 18 0 8
6 00000000007fffff 0000000000000000 000000003f800000 10 0 8
8 00000000007fffff 0000000000000000 000000003f800000 10 0 8
9 00000000007fffff 0000000000000000 00000000c2aeac50 10 0 8
a 00000000007fffff 0000000000000000 000000003fc90fdb 10 0 8
4 0000000000800000 0000000000000000 0000000020000000 0 0 0
5 0000000000800000 0000000000000000 0000000000800000 10 0 8
6 0000000000800000 0000000000000000 000000003f800000 10 0 8
8 0000000000800000 0000000000000000 000000003f800000 10 0 8
9 0000000000800000 0000000000000000 00000000c2aeac50 10 0 8
a 0000000000800000 0000000000000000 000000003fc90fdb 10 0 8
4 0000000000800001 0000000000000000 0000000020000000 10 0 0
5 0000000000800001 0000000000000000 0000000000800001 10 0 8
6 0000000000800001 0000000000000000 000000003f800000 10 0 8
8 0000000000800001 0000000000000000 000000003f800000 10 0 8
9 0000000000800001 0000000000000000 00000000c2aeac50 10 0 8
a 0000000000800001 0000000000000000 000000003fc90fdb 10 0 8
4 000000003f800000 0000000000000000 000000003f800000 0 0 0
5 000000003f800000 0000000000000000 000000003f576aa4 10 0 8
6 000000003f800000 0000000000000000 000000003f0a5140 10 0 8
8 000000003f800000 0000000000000000 00000000402df854 10 0 8
9 000000003f800000 0000000000000000 0000000000000000 0 0 8
a 000000003f800000 0000000000000000 0000000000000000 0 0 8
4 00000000bf800000 0000000000000000 000000007fc00000 1 0 0
5 00000000bf800000 0000000000000000 00000000bf576aa4 10 0 8
6 00000000bf800000 0000000000000000 000000003f0a5140 10 0 8
8 00000000bf800000 0000000000000000 000000003ebc5ab2 10 0 8
9 00000000bf800000 0000000000000000 000000007fc00000 1 0 0
a 00000000bf800000 0000000000000000 0000000040490fdb 10 0 8
4 0000000040000000 0000000000000000 000000003fb504f3 10 0 0
5 0000000040000000 0000000000000000 000000003f68c7b7 10 0 8
6 0000000040000000 0000000000000000 00000000bed51133 10 0 8
8 0000000040000000 0000000000000000 0000000040ec7326 10 0 8
9 0000000040000000 0000000000000000 000000003f317218 10 0 8
a 0000000040000000 0000000000000000 000000007fc00000 1 0 0
4 0000000040400000 0000000000000000 000000003fddb3d7 10 0 0
5 0000000040400000 0000000000000000 000000003e1081c3 10 0 8
6 0000000040400000 0000000000000000 00000000bf7d7026 10 0 8
8 0000000040400000 0000000000000000 0000000041a0af2e 10 0 8
9 0000000040400000 0000000000000000 000000003f8c9f54 10 0 8
a 0000000040400000 0000000000000000 000000007fc00000 1 0 0
4 000000007f7fffff 0000000000000000 000000005f7fffff 10 0 0
5 000000007f7fffff 0000000000000000 00000000bf0599b3 10 0 8
6 000000007f7fffff 0000000000000000 000000003f5a5f96 10 0 8
8 000000007f7fffff 0000000000000000 000000007f800000 14 0 8
9 000000007f7fffff 0000000000000000 0000000042b17218 10 0 8
a 000000007f7fffff 0000000000000000 000000007fc00000 1 0 0
4 00000000ff7fffff 0000000000000000 000000007fc00000 1 0 0
5 00000000ff7fffff 0000000000000000 000000003f0599b3 10 0 8
6 00000000ff7fffff 0000000000000000 000000003f5a5f96 10 0 8
8 00000000ff7fffff 0000000000000000 0000000000000000 18 0 8
9 00000000ff7fffff 0000000000000000 000000007fc00000 1 0 0
a 00000000ff7fffff 0000000000000000 000000007fc00000 1 0 0
4 000000007f800000 0000000000000000 000000007f800000 0 0 0
5 000000007f800000 0000000000000000 000000007fc00000 1 0 0
6 000000007f800000 0000000000000000 000000007fc00000 1 0 0
8 000000007f800000 0000000000000000 000000007f800000 0 0 8
9 000000007f800000 0000000000000000 000000007f800000 0 0 8
a 000000007f800000 0000000000000000 000000007fc00000 1 0 0
4 00000000ff800000 0000000000000000 000000007fc00000 1 0 0
5 00000000ff800000 0000000000000000 000000007fc00000 1 0 0
6 00000000ff800000 0000000000000000 000000007fc00000 1 0 0
8 00000000ff800000 0000000000000000 0000000000000000 0 0 8
9 00000000ff800000 0000000000000000 000000007fc00000 1 0 0
a 00000000ff800000 0000000000000000 000000007fc00000 1 0 0
4 000000007f800001 0000000000000000 000000007fc00000 1 0 0
5 000000007f800001 0000000000000000 000000007fc00000 1 0 0
6 000000007f800001 0000000000000000 000000007fc00000 1 0 0
8 000000007f800001 0000000000000000 000000007fc00000 1 0 0
9 000000007f800001 0000000000000000 000000007fc00000 1 0 0
a 000000007f800001 0000000000000000 000000007fc00000 1 0 0
4 000000007fc00000 0000000000000000 000000007fc00000 0 0 0
5 000000007fc00000 0000000000000000 000000007fc00000 0 0 0
6 000000007fc00000 0000000000000000 000000007fc00000 0 0 0
8 000000007fc00000 0000000000000000 000000007fc00000 0 0 0
9 000000007fc00000 0000000000000000 000000007fc00000 0 0 0
a 000000007fc00000 0000000000000000 000000007fc00000 0 0 0
4 000000003f000000 0000000000000000 000000003f3504f3 10 0 0
5 000000003f000000 0000000000000000 000000003ef57744 10 0 8
6 000000003f000000 0000000000000000 000000003f60a940 10 0 8
8 000000003f000000 0000000000000000 000000003fd3094c 10 0 8
9 000000003f000000 0000000000000000 00000000bf317218 10 0 8
a 000000003f000000 0000000000000000 000000003f860a92 10 0 8
4 00000000bf000000 0000000000000000 000000007fc00000 1 0 0
5 00000000bf000000 0000000000000000 00000000bef57744 10 0 8
6 00000000bf000000 0000000000000000 000000003f60a940 10 0 8
8 00000000bf000000 0000000000000000 000000003f1b4598 10 0 8
9 00000000bf000000 0000000000000000 000000007fc00000 1 0 0
a 00000000bf000000 0000000000000000 0000000040060a92 10 0 8
7 0000000000000000 0000000000000000 0000000000000000 0 0 8
7 0000000000000000 0000000080000000 0000000040490fdb 10 0 8
7 0000000000000000 0000000000000001 0000000000000000 0 0 8
7 0000000000000000 0000000080000001 0000000040490fdb 10 0 8
7 0000000000000000 00000000007fffff 0000000000000000 0 0 8
7 0000000000000000 0000000000800000 0000000000000000 0 0 8
7 0000000000000000 0000000000800001 0000000000000000 0 0 8
7 0000000000000000 000000003f800000 0000000000000000 0 0 8
7 0000000000000000 00000000bf800000 0000000040490fdb 10 0 8
7 0000000000000000 0000000040000000 0000000000000000 0 0 8
7 0000000000000000 0000000040400000 0000000000000000 0 0 8
7 0000000000000000 000000007f7fffff 0000000000000000 0 0 8
7 0000000000000000 00000000ff7fffff 0000000040490fdb 10 0 8
7 0000000000000000 000000007f800000 0000000000000000 0 0 8
7 0000000000000000 00000000ff800000 0000000040490fdb 10 0 8
7 0000000000000000 000000007f800001 000000007fc00000 1 0 0
7 0000000000000000 000000007fc00000 000000007fc00000 0 0 0
7 0000000000000000 000000003f000000 0000000000000000 0 0 8
7 0000000000000000 00000000bf000000 0000000040490fdb 10 0 8
7 0000000080000000 0000000000000000 0000000080000000 0 0 8
7 0000000080000000 0000000080000000 00000000c0490fdb 10 0 8
7 0000000080000000 0000000000000001 0000000080000000 0 0 8
7 0000000080000000 0000000080000001 00000000c0490fdb 10 0 8
7 0000000080000000 00000000007fffff 0000000080000000 0 0 8
7 0000000080000000 0000000000800000 0000000080000000 0 0 8
7 0000000080000000 0000000000800001 0000000080000000 0 0 8
7 0000000080000000 000000003f800000 0000000080000000 0 0 8
7 0000000080000000 00000000bf800000 00000000c0490fdb 10 0 8
7 0000000080000000 0000000040000000 0000000080000000 0 0 8
7 0000000080000000 0000000040400000 0000000080000000 0 0 8
7 0000000080000000 000000007f7fffff 0000000080000000 0 0 8
7 0000000080000000 00000000ff7fffff 00000000c0490fdb 10 0 8
7 0000000080000000 000000007f800000 0000000080000000 0 0 8
7 0000000080000000 00000000ff800000 00000000c0490fdb 10 0 8
7 0000000080000000 000000007f800001 000000007fc00000 1 0 0
7 0000000080000000 000000007fc00000 000000007fc00000 0 0 0
7 0000000080000000 000000003f000000 0000000080000000 0 0 8
7 0000000080000000 00000000bf000000 00000000c0490fdb 10 0 8
7 0000000000000001 0000000000000000 000000003fc90fdb 10 0 8
7 0000000000000001 0000000080000000 000000003fc90fdb 10 0 8
7 0000000000000001 0000000000000001 000000003f490fdb 10 0 8
7 0000000000000001 0000000080000001 000000004016cbe4 10 0 8
7 0000000000000001 00000000007fffff 0000000034000001 10 0 8
7 0000000000000001 0000000000800000 0000000034000000 10 0 8
7 0000000000000001 0000000000800001 0000000033fffffe 10 0 8
7 0000000000000001 000000003f800000 0000000000000001 18 0 8
7 0000000000000001 00000000bf800000 0000000040490fdb 10 0 8
7 0000000000000001 0000000040000000 0000000000000000 18 0 8
7 0000000000000001 0000000040400000 0000000000000000 18 0 8
7 0000000000000001 000000007f7fffff 0000000000000000 18 0 8
7 0000000000000001 00000000ff7fffff 0000000040490fdb 10 0 8
7 0000000000000001 000000007f800000 0000000000000000 0 0 8
7 0000000000000001 00000000ff800000 0000000040490fdb 10 0 8
7 0000000000000001 000000007f800001 000000007fc00000 1 0 0
7 0000000000000001 000000007fc00000 000000007fc00000 0 0 0
7 0000000000000001 000000003f000000 0000000000000002 18 0 8
7 0000000000000001 00000000bf000000 0000000040490fdb 10 0 8
7 0000000080000001 0000000000000000 00000000bfc90fdb 10 0 8
7 0000000080000001 0000000080000000 00000000bfc90fdb 10 0 8
7 0000000080000001 0000000000000001 00000000bf490fdb 10 0 8
7 0000000080000001 0000000080000001 00000000c016cbe4 10 0 8
7 0000000080000001 00000000007fffff 00000000b4000001 10 0 8
7 0000000080000001 0000000000800000 00000000b4000000 10 0 8
7 0000000080000001 0000000000800001 00000000b3fffffe 10 0 8
7 0000000080000001 000000003f800000 0000000080000001 18 0 8
7 0000000080000001 00000000bf800000 00000000c0490fdb 10 0 8
7 0000000080000001 0000000040000000 0000000080000000 18 0 8
7 0000000080000001 0000000040400000 0000000080000000 18 0 8
7 0000000080000001 000000007f7fffff 0000000080000000 18 0 8
7 0000000080000001 00000000ff7fffff 00000000c0490fdb 10 0 8
7 0000000080000001 000000007f800000 0000000080000000 0 0 8
7 0000000080000001 00000000ff800000 00000000c0490fdb 10 0 8
7 0000000080000001 000000007f800001 000000007fc00000 1 0 0
7 0000000080000001 000000007fc00000 000000007fc00000 0 0 0
7 0000000080000001 000000003f000000 0000000080000002 18 0 8
7 0000000080000001 00000000bf000000 00000000c0490fdb 10 0 8
7 00000000007fffff 0000000000000000 000000003fc90fdb 10 0 8
7 00000000007fffff 0000000080000000 000000003fc90fdb 10 0 8
7 00000000007fffff 0000000000000001 000000003fc90fda 10 0 8
7 00000000007fffff 0000000080000001 000000003fc90fdc 10 0 8
7 00000000007fffff 00000000007fffff 000000003f490fdb 10 0 8
7 00000000007fffff 0000000000800000 000000003f490fda 10 0 8
7 00000000007fffff 0000000000800001 000000003f490fd9 10 0 8
7 00000000007fffff 000000003f800000 00000000007fffff 18 0 8
7 00000000007fffff 00000000bf800000 0000000040490fdb 10 0 8
7 00000000007fffff 0000000040000000 0000000000400000 18 0 8
7 00000000007fffff 0000000040400000 00000000002aaaaa 18 0 8
7 00000000007fffff 000000007f7fffff 0000000000000000 18 0 8
7 00000000007fffff 00000000ff7fffff 0000000040490fdb 10 0 8
7 00000000007fffff 000000007f800000 0000000000000000 0 0 8
7 00000000007fffff 00000000ff800000 0000000040490fdb 10 0 8
7 00000000007fffff 000000007f800001 000000007fc00000 1 0 0
7 00000000007fffff 000000007fc00000 000000007fc00000 0 0 0
7 00000000007fffff 000000003f000000 0000000000fffffe 10 0 8
7 00000000007fffff 00000000bf000000 0000000040490fdb 10 0 8
7 0000000000800000 0000000000000000 000000003fc90fdb 10 0 8
7 0000000000800000 0000000080000000 000000003fc90fdb 10 0 8
7 0000000000800000 0000000000000001 000000003fc90fda 10 0 8
7 0000000000800000 0000000080000001 000000003fc90fdc 10 0 8
7 0000000000800000 00000000007fffff 000000003f490fdc 10 0 8
7 0000000000800000 0000000000800000 000000003f490fdb 10 0 8
7 0000000000800000 0000000000800001 000000003f490fda 10 0 8
7 0000000000800000 000000003f800000 0000000000800000 10 0 8
7 0000000000800000 00000000bf800000 0000000040490fdb 10 0 8
7 0000000000800000 0000000040000000 0000000000400000 18 0 8
7 0000000000800000 0000000040400000 00000000002aaaab 18 0 8
7 0000000000800000 000000007f7fffff 0000000000000000 18 0 8
7 0000000000800000 00000000ff7fffff 0000000040490fdb 10 0 8
7 0000000000800000 000000007f800000 0000000000000000 0 0 8
7 0000000000800000 00000000ff800000 0000000040490fdb 10 0 8
7 0000000000800000 000000007f800001 000000007fc00000 1 0 0
7 0000000000800000 000000007fc00000 000000007fc00000 0 0 0
7 0000000000800000 000000003f000000 0000000001000000 10 0 8
7 0000000000800000 00000000bf000000 0000000040490fdb 10 0 8
7 0000000000800001 0000000000000000 000000003fc90fdb 10 0 8
7 0000000000800001 0000000080000000 000000003fc90fdb 10 0 8
7 0000000000800001 0000000000000001 000000003fc90fda 10 0 8
7 0000000000800001 0000000080000001 000000003fc90fdc 10 0 8
7 0000000000800001 00000000007fffff 000000003f490fdd 10 0 8
7 0000000000800001 0000000000800000 000000003f490fdc 10 0 8
7 0000000000800001 0000000000800001 000000003f490fdb 10 0 8
7 0000000000800001 000000003f800000 0000000000800001 10 0 8
7 0000000000800001 00000000bf800000 0000000040490fdb 10 0 8
7 0000000000800001 0000000040000000 0000000000400000 18 0 8
7 0000000000800001 0000000040400000 00000000002aaaab 18 0 8
7 0000000000800001 000000007f7fffff 0000000000000000 18 0 8
7 0000000000800001 00000000ff7fffff 0000000040490fdb 10 0 8
7 0000000000800001 000000007f800000 0000000000000000 0 0 8
7 0000000000800001 00000000ff800000 0000000040490fdb 10 0 8
7 0000000000800001 000000007f800001 000000007fc00000 1 0 0
7 0000000000800001 000000007fc00000 000000007fc00000 0 0 0
7 0000000000800001 000000003f000000 0000000001000001 10 0 8
7 0000000000800001 00000000bf000000 0000000040490fdb 10 0 8
7 000000003f800000 0000000000000000 000000003fc90fdb 10 0 8
7 000000003f800000 0000000080000000 000000003fc90fdb 10 0 8
7 000000003f800000 0000000000000001 000000003fc90fdb 10 0 8
7 000000003f800000 0000000080000001 000000003fc90fdb 10 0 8
7 000000003f800000 00000000007fffff 000000003fc90fdb 10 0 8
7 000000003f800000 0000000000800000 000000003fc90fdb 10 0 8
7 000000003f800000 0000000000800001 000000003fc90fdb 10 0 8
7 000000003f800000 000000003f800000 000000003f490fdb 10 0 8
7 000000003f800000 00000000bf800000 000000004016cbe4 10 0 8
7 000000003f800000 0000000040000000 000000003eed6338 10 0 8
7 000000003f800000 0000000040400000 000000003ea4bc7d 10 0 8
7 000000003f800000 000000007f7fffff 0000000000200000 18 0 8
7 000000003f800000 00000000ff7fffff 0000000040490fdb 10 0 8
7 000000003f800000 000000007f800000 0000000000000000 0 0 8
7 000000003f800000 00000000ff800000 0000000040490fdb 10 0 8
7 000000003f800000 000000007f800001 000000007fc00000 1 0 0
7 000000003f800000 000000007fc00000 000000007fc00000 0 0 0
7 000000003f800000 000000003f000000 000000003f8db70d 10 0 8
7 000000003f800000 00000000bf000000 0000000040023454 10 0 8
7 00000000bf800000 0000000000000000 00000000bfc90fdb 10 0 8
7 00000000bf800000 0000000080000000 00000000bfc90fdb 10 0 8
7 00000000bf800000 0000000000000001 00000000bfc90fdb 10 0 8
7 00000000bf800000 0000000080000001 00000000bfc90fdb 10 0 8
7 00000000bf800000 00000000007fffff 00000000bfc90fdb 10 0 8
7 00000000bf800000 0000000000800000 00000000bfc90fdb 10 0 8
7 00000000bf800000 0000000000800001 00000000bfc90fdb 10 0 8
7 00000000bf800000 000000003f800000 00000000bf490fdb 10 0 8
7 00000000bf800000 00000000bf800000 00000000c016cbe4 10 0 8
7 00000000bf800000 0000000040000000 00000000beed6338 10 0 8
7 00000000bf800000 0000000040400000 00000000bea4bc7d 10 0 8
7 00000000bf800000 000000007f7fffff 0000000080200000 18 0 8
7 00000000bf800000 00000000ff7fffff 00000000c0490fdb 10 0 8
7 00000000bf800000 000000007f800000 0000000080000000 0 0 8
7 00000000bf800000 00000000ff800000 00000000c0490fdb 10 0 8
7 00000000bf800000 000000007f800001 000000007fc00000 1 0 0
7 00000000bf800000 000000007fc00000 000000007fc00000 0 0 0
7 00000000bf800000 000000003f000000 00000000bf8db70d 10 0 8
7 00000000bf800000 00000000bf000000 00000000c0023454 10 0 8
7 0000000040000000 0000000000000000 000000003fc90fdb 10 0 8
7 0000000040000000 0000000080000000 000000003fc90fdb 10 0 8
7 0000000040000000 0000000000000001 000000003fc90fdb 10 0 8
7 0000000040000000 0000000080000001 000000003fc90fdb 10 0 8
7 0000000040000000 00000000007fffff 000000003fc90fdb 10 0 8
7 0000000040000000 0000000000800000 000000003fc90fdb 10 0 8
7 0000000040000000 0000000000800001 000000003fc90fdb 10 0 8
7 0000000040000000 000000003f800000 000000003f8db70d 10 0 8
7 0000000040000000 00000000bf800000 0000000040023454 10 0 8
7 0000000040000000 0000000040000000 000000003f490fdb 10 0 8
7 0000000040000000 0000000040400000 000000003f168757 10 0 8
7 0000000040000000 000000007f7fffff 0000000000400000 18 0 8
7 0000000040000000 00000000ff7fffff 0000000040490fdb 10 0 8
7 0000000040000000 000000007f800000 0000000000000000 0 0 8
7 0000000040000000 00000000ff800000 0000000040490fdb 10 0 8
7 0000000040000000 000000007f800001 000000007fc00000 1 0 0
7 0000000040000000 000000007fc00000 000000007fc00000 0 0 0
7 0000000040000000 000000003f000000 000000003fa9b465 10 0 8
7 0000000040000000 00000000bf000000 000000003fe86b51 10 0 8
7 0000000040400000 0000000000000000 000000003fc90fdb 10 0 8
7 0000000040400000 0000000080000000 000000003fc90fdb 10 0 8
7 0000000040400000 0000000000000001 000000003fc90fdb 10 0 8
7 0000000040400000 0000000080000001 000000003fc90fdb 10 0 8
7 0000000040400000 00000000007fffff 000000003fc90fdb 10 0 8
7 0000000040400000 0000000000800000 000000003fc90fdb 10 0 8
7 0000000040400000 0000000000800001 000000003fc90fdb 10 0 8
7 0000000040400000 000000003f800000 000000003f9fe0bb 10 0 8
7 0000000040400000 00000000bf800000 000000003ff23efa 10 0 8
7 0000000040400000 0000000040000000 000000003f7b985f 10 0 8
7 0000000040400000 0000000040400000 000000003f490fdb 10 0 8
7 0000000040400000 000000007f7fffff 0000000000600000 18 0 8
7 0000000040400000 00000000ff7fffff 0000000040490fdb 10 0 8
7 0000000040400000 000000007f800000 0000000000000000 0 0 8
7 0000000040400000 00000000ff800000 0000000040490fdb 10 0 8
7 0000000040400000 000000007f800001 000000007fc00000 1 0 0
7 0000000040400000 000000007fc00000 000000007fc00000 0 0 0
7 0000000040400000 000000003f000000 000000003fb3ec43 10 0 8
7 0000000040400000 00000000bf000000 000000003fde3372 10 0 8
7 000000007f7fffff 0000000000000000 000000003fc90fdb 10 0 8
7 000000007f7fffff 0000000080000000 000000003fc90fdb 10 0 8
7 000000007f7fffff 0000000000000001 000000003fc90fdb 10 0 8
7 000000007f7fffff 0000000080000001 000000003fc90fdb 10 0 8
7 000000007f7fffff 00000000007fffff 000000003fc90fdb 10 0 8
7 000000007f7fffff 0000000000800000 000000003fc90fdb 10 0 8
7 000000007f7fffff 0000000000800001 000000003fc90fdb 10 0 8
7 000000007f7fffff 000000003f800000 000000003fc90fdb 10 0 8
7 000000007f7fffff 00000000bf800000 000000003fc90fdb 10 0 8
7 000000007f7fffff 0000000040000000 000000003fc90fdb 10 0 8
7 000000007f7fffff 0000000040400000 000000003fc90fdb 10 0 8
7 000000007f7fffff 000000007f7fffff 000000003f490fdb 10 0 8
7 000000007f7fffff 00000000ff7fffff 000000004016cbe4 10 0 8
7 000000007f7fffff 000000007f800000 0000000000000000 0 0 8
7 000000007f7fffff 00000000ff800000 0000000040490fdb 10 0 8
7 000000007f7fffff 000000007f800001 000000007fc00000 1 0 0
7 000000007f7fffff 000000007fc00000 000000007fc00000 0 0 0
7 000000007f7fffff 000000003f000000 000000003fc90fdb 10 0 8
7 000000007f7fffff 00000000bf000000 000000003fc90fdb 10 0 8
7 00000000ff7fffff 0000000000000000 00000000bfc90fdb 10 0 8
7 00000000ff7fffff 0000000080000000 00000000bfc90fdb 10 0 8
7 00000000ff7fffff 0000000000000001 00000000bfc90fdb 10 0 8
7 00000000ff7fffff 0000000080000001 00000000bfc90fdb 10 0 8
7 00000000ff7fffff 00000000007fffff 00000000bfc90fdb 10 0 8
7 00000000ff7fffff 0000000000800000 00000000bfc90fdb 10 0 8
7 00000000ff7fffff 0000000000800001 00000000bfc90fdb 10 0 8
7 00000000ff7fffff 000000003f800000 00000000bfc90fdb 10 0 8
7 00000000ff7fffff 00000000bf800000 00000000bfc90fdb 10 0 8
7 00000000ff7fffff 0000000040000000 00000000bfc90fdb 10 0 8
7 00000000ff7fffff 0000000040400000 00000000bfc90fdb 10 0 8
7 00000000ff7fffff 000000007f7fffff 00000000bf490fdb 10 0 8
7 00000000ff7fffff 00000000ff7fffff 00000000c016cbe4 10 0 8
7 00000000ff7fffff 000000007f800000 0000000080000000 0 0 8
7 00000000ff7fffff 00000000ff800000 00000000c0490fdb 10 0 8
7 00000000ff7fffff 000000007f800001 000000007fc00000 1 0 0
7 00000000ff7fffff 000000007fc00000 000000007fc00000 0 0 0
7 00000000ff7fffff 000000003f000000 00000000bfc90fdb 10 0 8
7 00000000ff7fffff 00000000bf000000 00000000bfc90fdb 10 0 8
7 000000007f800000 0000000000000000 000000003fc90fdb 10 0 8
7 000000007f800000 0000000080000000 000000003fc90fdb 10 0 8
7 000000007f800000 0000000000000001 000000003fc90fdb 10 0 8
7 000000007f800000 0000000080000001 000000003fc90fdb 10 0 8
7 000000007f800000 00000000007fffff 000000003fc90fdb 10 0 8
7 000000007f800000 0000000000800000 000000003fc90fdb 10 0 8
7 000000007f800000 0000000000800001 000000003fc90fdb 10 0 8
7 000000007f800000 000000003f800000 000000003fc90fdb 10 0 8
7 000000007f800000 00000000bf800000 000000003fc90fdb 10 0 8
7 000000007f800000 0000000040000000 000000003fc90fdb 10 0 8
7 000000007f800000 0000000040400000 000000003fc90fdb 10 0 8
7 000000007f800000 000000007f7fffff 000000003fc90fdb 10 0 8
7 000000007f800000 00000000ff7fffff 000000003fc90fdb 10 0 8
7 000000007f800000 000000007f800000 000000003f490fdb 10 0 8
7 000000007f800000 00000000ff800000 000000004016cbe4 10 0 8
7 000000007f800000 000000007f800001 000000007fc00000 1 0 0
7 000000007f800000 000000007fc00000 000000007fc00000 0 0 0
7 000000007f800000 000000003f000000 000000003fc90fdb 10 0 8
7 000000007f800000 00000000bf000000 000000003fc90fdb 10 0 8
7 00000000ff800000 0000000000000000 00000000bfc90fdb 10 0 8
7 00000000ff800000 0000000080000000 00000000bfc90fdb 10 0 8
7 00000000ff800000 0000000000000001 00000000bfc90fdb 10 0 8
7 00000000ff800000 0000000080000001 00000000bfc90fdb 10 0 8
7 00000000ff800000 00000000007fffff 00000000bfc90fdb 10 0 8
7 00000000ff800000 0000000000800000 00000000bfc90fdb 10 0 8
7 00000000ff800000 0000000000800001 00000000bfc90fdb 10 0 8
7 00000000ff800000 000000003f800000 00000000bfc90fdb 10 0 8
7 00000000ff800000 00000000bf800000 00000000bfc90fdb 10 0 8
7 00000000ff800000 0000000040000000 00000000bfc90fdb 10 0 8
7 00000000ff800000 0000000040400000 00000000bfc90fdb 10 0 8
7 00000000ff800000 000000007f7fffff 00000000bfc90fdb 10 0 8
7 00000000ff800000 00000000ff7fffff 00000000bfc90fdb 10 0 8
7 00000000ff800000 000000007f800000 00000000bf490fdb 10 0 8
7 00000000ff800000 00000000ff800000 00000000c016cbe4 10 0 8
7 00000000ff800000 000000007f800001 000000007fc00000 1 0 0
7 00000000ff800000 000000007fc00000 000000007fc00000 0 0 0
7 00000000ff800000 000000003f000000 00000000bfc90fdb 10 0 8
7 00000000ff800000 00000000bf000000 00000000bfc90fdb 10 0 8
7 000000007f800001 0000000000000000 000000007fc00000 1 0 0
7 000000007f800001 0000000080000000 000000007fc00000 1 0 0
7 000000007f800001 0000000000000001 000000007fc00000 1 0 0
7 000000007f800001 0000000080000001 000000007fc00000 1 0 0
7 000000007f800001 00000000007fffff 000000007fc00000 1 0 0
7 000000007f800001 0000000000800000 000000007fc00000 1 0 0
7 000000007f800001 0000000000800001 000000007fc00000 1 0 0
7 000000007f800001 000000003f800000 000000007fc00000 1 0 0
7 000000007f800001 00000000bf800000 000000007fc00000 1 0 0
7 000000007f800001 0000000040000000 000000007fc00000 1 0 0
7 000000007f800001 0000000040400000 000000007fc00000 1 0 0
7 000000007f800001 000000007f7fffff 000000007fc00000 1 0 0
7 000000007f800001 00000000ff7fffff 000000007fc00000 1 0 0
7 000000007f800001 000000007f800000 000000007fc00000 1 0 0
7 000000007f800001 00000000ff800000 000000007fc00000 1 0 0
7 000000007f800001 000000007f800001 000000007fc00000 1 0 0
7 000000007f800001 000000007fc00000 000000007fc00000 1 0 0
7 000000007f800001 000000003f000000 000000007fc00000 1 0 0
7 000000007f800001 00000000bf000000 000000007fc00000 1 0 0
7 000000007fc00000 0000000000000000 000000007fc00000 0 0 0
7 000000007fc00000 0000000080000000 000000007fc00000 0 0 0
7 000000007fc00000 0000000000000001 000000007fc00000 0 0 0
7 000000007fc00000 0000000080000001 000000007fc00000 0 0 0
7 000000007fc00000 00000000007fffff 000000007fc00000 0 0 0
7 000000007fc00000 0000000000800000 000000007fc00000 0 0 0
7 000000007fc00000 0000000000800001 000000007fc00000 0 0 0
7 000000007fc00000 000000003f800000 000000007fc00000 0 0 0
7 000000007fc00000 00000000bf800000 000000007fc00000 0 0 0
7 000000007fc00000 0000000040000000 000000007fc00000 0 0 0
7 000000007fc00000 0000000040400000 000000007fc00000 0 0 0
7 000000007fc00000 000000007f7fffff 000000007fc00000 0 0 0
7 000000007fc00000 00000000ff7fffff 000000007fc00000 0 0 0
7 000000007fc00000 000000007f800000 000000007fc00000 0 0 0
7 000000007fc00000 00000000ff800000 000000007fc00000 0 0 0
7 000000007fc00000 000000007f800001 000000007fc00000 1 0 0
7 000000007fc00000 000000007fc00000 000000007fc00000 0 0 0
7 000000007fc00000 000000003f000000 000000007fc00000 0 0 0
7 000000007fc00000 00000000bf000000 000000007fc00000 0 0 0
7 000000003f000000 0000000000000000 000000003fc90fdb 10 0 8
7 000000003f000000 0000000080000000 000000003fc90fdb 10 0 8
7 000000003f000000 0000000000000001 000000003fc90fdb 10 0 8
7 000000003f000000 0000000080000001 000000003fc90fdb 10 0 8
7 000000003f000000 00000000007fffff 000000003fc90fdb 10 0 8
7 000000003f000000 0000000000800000 000000003fc90fdb 10 0 8
7 000000003f000000 0000000000800001 000000003fc90fdb 10 0 8
7 000000003f000000 000000003f800000 000000003eed6338 10 0 8
7 000000003f000000 00000000bf800000 00000000402b6374 10 0 8
7 000000003f000000 0000000040000000 000000003e7adbb0 10 0 8
7 000000003f000000 0000000040400000 000000003e291cbc 10 0 8
7 000000003f000000 000000007f7fffff 0000000000100000 18 0 8
7 000000003f000000 00000000ff7fffff 0000000040490fdb 10 0 8
7 000000003f000000 000000007f800000 0000000000000000 0 0 8
7 000000003f000000 00000000ff800000 0000000040490fdb 10 0 8
7 000000003f000000 000000007f800001 000000007fc00000 1 0 0
7 000000003f000000 000000007fc00000 000000007fc00000 0 0 0
7 000000003f000000 000000003f000000 000000003f490fdb 10 0 8
7 000000003f000000 00000000bf000000 000000004016cbe4 10 0 8
7 00000000bf000000 0000000000000000 00000000bfc90fdb 10 0 8
7 00000000bf000000 0000000080000000 00000000bfc90fdb 10 0 8
7 00000000bf000000 0000000000000001 00000000bfc90fdb 10 0 8
7 00000000bf000000 0000000080000001 00000000bfc90fdb 10 0 8
7 00000000bf000000 00000000007fffff 00000000bfc90fdb 10 0 8
7 00000000bf000000 0000000000800000 00000000bfc90fdb 10 0 8
7 00000000bf000000 0000000000800001 00000000bfc90fdb 10 0 8
7 00000000bf000000 000000003f800000 00000000beed6338 10 0 8
7 00000000bf000000 00000000bf800000 00000000c02b6374 10 0 8
7 00000000bf000000 0000000040000000 00000000be7adbb0 10 0 8
7 00000000bf000000 0000000040400000 00000000be291cbc 10 0 8
7 00000000bf000000 000000007f7fffff 0000000080100000 18 0 8
7 00000000bf000000 00000000ff7fffff 00000000c0490fdb 10 0 8
7 00000000bf000000 000000007f800000 0000000080000000 0 0 8
7 00000000bf000000 00000000ff800000 00000000c0490fdb 10 0 8
7 00000000bf000000 000000007f800001 000000007fc00000 1 0 0
7 00000000bf000000 000000007fc00000 000000007fc00000 0 0 0
7 00000000bf000000 000000003f000000 00000000bf490fdb 10 0 8
7 00000000bf000000 00000000bf000000 00000000c016cbe4 10 0 8
0 00000000510c4619 00000000e02e553e 00000000e02e553e 10 0 0
1 00000000510c4619 00000000e02e553e 00000000602e553e 10 0 0
2 00000000510c4619 00000000e02e553e 00000000f1bf0cb4 10 0 0
3 00000000510c4619 00000000e02e553e 00000000b04dfc56 10 0 0
4 00000000510c4619 00000000e02e553e 00000000483d7fe6 10 0 0
d 00000000510c4619 00000000e02e553e 0000000000000000 0 0 0
5 00000000510c4619 0000000000000000 00000000bda0601c 10 0 8
6 00000000510c4619 0000000000000000 00000000bf7f36c0 10 0 8
7 00000000510c4619 00000000e02e553e 0000000040490fdb 10 0 8
9 00000000510c4619 0000000000000000 0000000041c2d051 10 0 8
0 000000007bb98f3a 000000000183a8b5 000000007bb98f3a 10 0 0
1 000000007bb98f3a 000000000183a8b5 000000007bb98f3a 10 0 0
2 000000007bb98f3a 000000000183a8b5 000000003dbedd28 10 0 0
3 000000007bb98f3a 000000000183a8b5 000000007f800000 14 0 0
4 000000007bb98f3a 000000000183a8b5 000000005d9a1d97 10 0 0
d 000000007bb98f3a 000000000183a8b5 0000000000000000 0 0 0
5 000000007bb98f3a 0000000000000000 000000003f5f13c6 10 0 8
6 000000007bb98f3a 0000000000000000 000000003efb2d75 10 0 8
7 000000007bb98f3a 000000000183a8b5 000000003fc90fdb 10 0 8
9 000000007bb98f3a 0000000000000000 0000000042a71917 10 0 8
0 00000000e6336d1f 00000000f989d237 00000000f989d237 10 0 0
1 00000000e6336d1f 00000000f989d237 000000007989d237 10 0 0
2 00000000e6336d1f 00000000f989d237 000000007f800000 14 0 0
3 00000000e6336d1f 00000000f989d237 000000002c26a3ec 10 0 0
4 00000000e6336d1f 00000000f989d237 000000007fc00000 1 0 0
d 00000000e6336d1f 00000000f989d237 0000000000000000 0 0 0
5 00000000e6336d1f 0000000000000000 000000003c8e1a49 10 0 8
6 00000000e6336d1f 0000000000000000 000000003f7ff624 10 0 8
7 00000000e6336d1f 00000000f989d237 00000000c0490fdb 10 0 8
9 0000000066336d1f 0000000000000000 000000004256d71c 10 0 8
0 00000000ba2529d0 00000000fcfbedbf 00000000fcfbedbf 10 0 0
1 00000000ba2529d0 00000000fcfbedbf 000000007cfbedbf 10 0 0
2 00000000ba2529d0 00000000fcfbedbf 0000000077a28962 10 0 0
3 00000000ba2529d0 00000000fcfbedbf 000000000000a7d5 18 0 0
4 00000000ba2529d0 00000000fcfbedbf 000000007fc00000 1 0 0
d 00000000ba2529d0 00000000fcfbedbf 0000000000000000 0 0 0
5 00000000ba2529d0 0000000000000000 00000000ba2529cf 10 0 8
6 00000000ba2529d0 0000000000000000 000000003f7ffffd 10 0 8
7 00000000ba2529d0 00000000fcfbedbf 00000000c0490fdb 10 0 8
9 000000003a2529d0 0000000000000000 00000000c0ebd4b3 10 0 8
0 00000000a8c5ee39 00000000b55a53b8 00000000b55a53b8 10 0 0
1 00000000a8c5ee39 00000000b55a53b8 00000000355a53b8 10 0 0
2 00000000a8c5ee39 00000000b55a53b8 000000001ea8cd97 10 0 0
3 00000000a8c5ee39 00000000b55a53b8 0000000032e81585 10 0 0
4 00000000a8c5ee39 00000000b55a53b8 000000007fc00000 1 0 0
d 00000000a8c5ee39 00000000b55a53b8 0000000000000000 0 0 0
5 00000000a8c5ee39 0000000000000000 00000000a8c5ee39 10 0 8
6 00000000a8c5ee39 0000000000000000 000000003f800000 10 0 8
7 00000000a8c5ee39 00000000b55a53b8 00000000c0490fdb 10 0 8
9 0000000028c5ee39 0000000000000000 00000000c1fb9751 10 0 8
0 000000001a88a9ee 00000000f918a8b4 00000000f918a8b4 10 0 0
1 000000001a88a9ee 00000000f918a8b4 000000007918a8b4 10 0 0
2 000000001a88a9ee 00000000f918a8b4 00000000d422fdea 10 0 0
3 000000001a88a9ee 00000000f918a8b4 0000000080000000 18 0 0
4 000000001a88a9ee 00000000f918a8b4 000000002d0442cf 10 0 0
d 000000001a88a9ee 00000000f918a8b4 0000000000000000 0 0 0
5 000000001a88a9ee 0000000000000000 000000001a88a9ee 10 0 8
6 000000001a88a9ee 0000000000000000 000000003f800000 10 0 8
7 000000001a88a9ee 00000000f918a8b4 0000000040490fdb 10 0 8
9 000000001a88a9ee 0000000000000000 00000000c24ce8db 10 0 8
0 000000006dc588d3 00000000472f513c 000000006dc588d3 10 0 0
1 000000006dc588d3 00000000472f513c 000000006dc588d3 10 0 0
2 000000006dc588d3 00000000472f513c 0000000075874737 10 0 0
3 000000006dc588d3 00000000472f513c 0000000066103889 10 0 0
4 000000006dc588d3 00000000472f513c 00000000569f02bf 10 0 0
d 000000006dc588d3 00000000472f513c 0000000000000000 0 0 0
5 000000006dc588d3 0000000000000000 000000003d8c4ad1 10 0 8
6 000000006dc588d3 0000000000000000 00000000bf7f660e 10 0 8
7 000000006dc588d3 00000000472f513c 000000003fc90fdb 10 0 8
9 000000006dc588d3 0000000000000000 0000000042806827 10 0 8
0 000000000c1870b8 0000000043e1465f 0000000043e1465f 10 0 0
1 000000000c1870b8 0000000043e1465f 00000000c3e1465f 10 0 0
2 000000000c1870b8 0000000043e1465f 00000000108624f9 10 0 0
3 000000000c1870b8 0000000043e1465f 0000000007ad3b47 10 0 0
4 000000000c1870b8 0000000043e1465f 0000000025c58bf8 10 0 0
d 000000000c1870b8 0000000043e1465f 0000000000000000 0 1 0
5 000000000c1870b8 0000000000000000 000000000c1870b8 10 0 8
6 000000000c1870b8 0000000000000000 000000003f800000 10 0 8
7 000000000c1870b8 0000000043e1465f 0000000007ad3b47 10 0 8
9 000000000c1870b8 0000000000000000 00000000c28e7057 10 0 8
0 000000000e78ea8a 00000000761dc0de 00000000761dc0de 10 0 0
1 000000000e78ea8a 00000000761dc0de 00000000f61dc0de 10 0 0
2 000000000e78ea8a 00000000761dc0de 000000004519635e 10 0 0
3 000000000e78ea8a 00000000761dc0de 0000000000000000 18 0 0
4 000000000e78ea8a 00000000761dc0de 0000000026fc6ee9 10 0 0
d 000000000e78ea8a 00000000761dc0de 0000000000000000 0 1 0
5 000000000e78ea8a 0000000000000000 000000000e78ea8a 10 0 8
6 000000000e78ea8a 0000000000000000 000000003f800000 10 0 8
7 000000000e78ea8a 00000000761dc0de 0000000000000000 18 0 8
9 000000000e78ea8a 0000000000000000 00000000c287e9b8 10 0 8
0 000000000eca9c7d 00000000f5e7493f 00000000f5e7493f 10 0 0
1 000000000eca9c7d 00000000f5e7493f 0000000075e7493f 10 0 0
2 000000000eca9c7d 00000000f5e7493f 00000000c5370d2d 10 0 0
3 000000000eca9c7d 00000000f5e7493f 0000000080000000 18 0 0
4 000000000eca9c7d 00000000f5e7493f 0000000027210a87 10 0 0
d 000000000eca9c7d 00000000f5e7493f 0000000000000000 0 0 0
5 000000000eca9c7d 0000000000000000 000000000eca9c7d 10 0 8
6 000000000eca9c7d 0000000000000000 000000003f800000 10 0 8
7 000000000eca9c7d 00000000f5e7493f 0000000040490fdb 10 0 8
9 000000000eca9c7d 0000000000000000 00000000c286f036 10 0 8
0 0000000084d44cbf 00000000a536e9de 00000000a536e9de 10 0 0
1 0000000084d44cbf 00000000a536e9de 000000002536e9de 10 0 0
2 0000000084d44cbf 00000000a536e9de 0000000000000000 18 0 0
3 0000000084d44cbf 00000000a536e9de 000000001f149064 10 0 0
4 0000000084d44cbf 00000000a536e9de 000000007fc00000 1 0 0
d 0000000084d44cbf 00000000a536e9de 0000000000000000 0 0 0
5 0000000084d44cbf 0000000000000000 0000000084d44cbf 10 0 8
6 0000000084d44cbf 0000000000000000 000000003f800000 10 0 8
7 0000000084d44cbf 00000000a536e9de 00000000c0490fdb 10 0 8
9 0000000004d44cbf 0000000000000000 00000000c2a29220 10 0 8
0 0000000079afaed8 0000000002e9f4a2 0000000079afaed8 10 0 0
1 0000000079afaed8 0000000002e9f4a2 0000000079afaed8 10 0 0
2 0000000079afaed8 0000000002e9f4a2 000000003d208e04 10 0 0
3 0000000079afaed8 0000000002e9f4a2 000000007f800000 14 0 0
4 0000000079afaed8 0000000002e9f4a2 000000005c95f544 10 0 0
d 0000000079afaed8 0000000002e9f4a2 0000000000000000 0 0 0
5 0000000079afaed8 0000000000000000 00000000bf4324a8 10 0 8
6 0000000079afaed8 0000000000000000 00000000bf25b228 10 0 8
7 0000000079afaed8 0000000002e9f4a2 000000003fc90fdb 10 0 8
9 0000000079afaed8 0000000000000000 0000000042a17186 10 0 8
0 00000000b3c8f91c 00000000318ec249 00000000b3c00cf7 10 0 0
1 00000000b3c8f91c 00000000318ec249 00000000b3d1e541 10 0 0
2 00000000b3c8f91c 00000000318ec249 00000000a5e02567 10 0 0
3 00000000b3c8f91c 00000000318ec249 00000000c1b4321e 10 0 0
4 00000000b3c8f91c 00000000318ec249 000000007fc00000 1 0 0
d 00000000b3c8f91c 00000000318ec249 0000000000000000 0 1 0
5 00000000b3c8f91c 0000000000000000 00000000b3c8f91c 10 0 8
6 00000000b3c8f91c 0000000000000000 000000003f800000 10 0 8
7 00000000b3c8f91c 00000000318ec249 00000000bfc36209 10 0 8
9 0000000033c8f91c 0000000000000000 00000000c18179a2 10 0 8
0 00000000d13543ea 00000000504fd68e 00000000d1014e46 10 0 0
1 00000000d13543ea 00000000504fd68e 00000000d169398e 10 0 0
2 00000000d13543ea 00000000504fd68e 00000000e21329d6 10 0 0
3 00000000d13543ea 00000000504fd68e 00000000c05f44ff 10 0 0
4 00000000d13543ea 00000000504fd68e 000000007fc00000 1 0 0
d 00000000d13543ea 00000000504fd68e 0000000000000000 0 1 0
5 00000000d13543ea 0000000000000000 000000003f5d9944 10 0 8
6 00000000d13543ea 0000000000000000 000000003f002dfc 10 0 8
7 00000000d13543ea 00000000504fd68e 00000000bfa55438 10 0 8
9 00000000513543ea 0000000000000000 0000000041c4dd5a 10 0 8
0 00000000f9563be1 00000000fb6a9a74 00000000fb77fe32 10 0 0
1 00000000f9563be1 00000000fb6a9a74 000000007b5d36b6 10 0 0
2 00000000f9563be1 00000000fb6a9a74 000000007f800000 14 0 0
3 00000000f9563be1 00000000fb6a9a74 000000003d69c5d6 10 0 0
4 00000000f9563be1 00000000fb6a9a74 000000007fc00000 1 0 0
d 00000000f9563be1 00000000fb6a9a74 0000000000000000 0 0 0
5 00000000f9563be1 0000000000000000 000000003e9147b1 10 0 8
6 00000000f9563be1 0000000000000000 000000003f757a5b 10 0 8
7 00000000f9563be1 00000000fb6a9a74 00000000c04569c7 10 0 8
9 0000000079563be1 0000000000000000 0000000042a07435 10 0 8
0 00000000acad82a6 0000000083d0d79a 00000000acad82a6 10 0 0
1 00000000acad82a6 0000000083d0d79a 00000000acad82a6 10 0 0
2 00000000acad82a6 0000000083d0d79a 0000000000000000 18 0 0
3 00000000acad82a6 0000000083d0d79a 000000006854b0a5 10 0 0
4 00000000acad82a6 0000000083d0d79a 000000007fc00000 1 0 0
d 00000000acad82a6 0000000083d0d79a 0000000000000000 0 1 0
5 00000000acad82a6 0000000000000000 00000000acad82a6 10 0 8
6 00000000acad82a6 0000000000000000 000000003f800000 10 0 8
7 00000000acad82a6 0000000083d0d79a 00000000bfc90fdb 10 0 8
9 000000002cad82a6 0000000000000000 00000000c1d04878 10 0 8
0 00000000bd58ba6b 00000000e8a46341 00000000e8a46341 10 0 0
1 00000000bd58ba6b 00000000e8a46341 0000000068a46341 10 0 0
2 00000000bd58ba6b 00000000e8a46341 00000000668b2b74 10 0 0
3 00000000bd58ba6b 00000000e8a46341 000000001428c138 10 0 0
4 00000000bd58ba6b 00000000e8a46341 000000007fc00000 1 0 0
d 00000000bd58ba6b 00000000e8a46341 0000000000000000 0 0 0
5 00000000bd58ba6b 0000000000000000 00000000bd58a088 10 0 8
6 00000000bd58ba6b 0000000000000000 000000003f7fa448 10 0 8
7 00000000bd58ba6b 00000000e8a46341 00000000c0490fdb 10 0 8
9 000000003d58ba6b 0000000000000000 00000000c03c1a94 10 0 8
0 00000000fd4255c7 0000000048a7297a 00000000fd4255c7 10 0 0
1 00000000fd4255c7 0000000048a7297a 00000000fd4255c7 10 0 0
2 00000000fd4255c7 0000000048a7297a 00000000ff800000 14 0 0
3 00000000fd4255c7 0000000048a7297a 00000000f414ce9c 10 0 0
4 00000000fd4255c7 0000000048a7297a 000000007fc00000 1 0 0
d 00000000fd4255c7 0000000048a7297a 0000000000000000 0 1 0
5 00000000fd4255c7 0000000000000000 000000003f569a79 10 0 8
6 00000000fd4255c7 0000000000000000 000000003f0b9361 10 0 8
7 00000000fd4255c7 0000000048a7297a 00000000bfc90fdb 10 0 8
9 000000007d4255c7 0000000000000000 0000000042ab596d 10 0 8
0 000000001c8fc87e 00000000558f2d7e 00000000558f2d7e 10 0 0
1 000000001c8fc87e 00000000558f2d7e 00000000d58f2d7e 10 0 0
2 000000001c8fc87e 00000000558f2d7e 0000000032a0d517 10 0 0
3 000000001c8fc87e 00000000558f2d7e 0000000006808a92 10 0 0
4 000000001c8fc87e 00000000558f2d7e 000000002e07a989 10 0 0
d 000000001c8fc87e 00000000558f2d7e 0000000000000000 0 1 0
5 000000001c8fc87e 0000000000000000 000000001c8fc87e 10 0 8
6 000000001c8fc87e 0000000000000000 000000003f800000 10 0 8
7 000000001c8fc87e 00000000558f2d7e 0000000006808a92 10 0 8
9 000000001c8fc87e 0000000000000000 00000000c2419db9 10 0 8
0 00000000b43618ae 00000000935f84df 00000000b43618ae 10 0 0
1 00000000b43618ae 00000000935f84df 00000000b43618ae 10 0 0
2 00000000b43618ae 00000000935f84df 00000000081efe03 10 0 0
3 00000000b43618ae 00000000935f84df 0000000060508ed9 10 0 0
4 00000000b43618ae 00000000935f84df 000000007fc00000 1 0 0
d 00000000b43618ae 00000000935f84df 0000000000000000 0 1 0
5 00000000b43618ae 0000000000000000 00000000b43618ae 10 0 8
6 00000000b43618ae 0000000000000000 000000003f800000 10 0 8
7 00000000b43618ae 00000000935f84df 00000000bfc90fdb 10 0 8
9 00000000343618ae 0000000000000000 00000000c1797025 10 0 8
0 000000001b4ef29d 0000000066bb3273 0000000066bb3273 10 0 0
1 000000001b4ef29d 0000000066bb3273 00000000e6bb3273 10 0 0
2 000000001b4ef29d 0000000066bb3273 0000000042975401 10 0 0
3 000000001b4ef29d 0000000066bb3273 0000000000000000 18 0 0
4 000000001b4ef29d 0000000066bb3273 000000002d662bbc 10 0 0
d 000000001b4ef29d 0000000066bb3273 0000000000000000 0 1 0
5 000000001b4ef29d 0000000000000000 000000001b4ef29d 10 0 8
6 000000001b4ef29d 0000000000000000 000000003f800000 10 0 8
7 000000001b4ef29d 0000000066bb3273 0000000000000000 18 0 8
9 000000001b4ef29d 0000000000000000 00000000c2487a2c 10 0 8
0 000000001e5f1329 000000007b73ebb4 000000007b73ebb4 10 0 0
1 000000001e5f1329 000000007b73ebb4 00000000fb73ebb4 10 0 0
2 000000001e5f1329 000000007b73ebb4 000000005a548c93 10 0 0
3 000000001e5f1329 000000007b73ebb4 0000000000000000 18 0 0
4 000000001e5f1329 000000007b73ebb4 000000002eeef896 10 0 0
d 000000001e5f1329 000000007b73ebb4 0000000000000000 0 1 0
5 000000001e5f1329 0000000000000000 000000001e5f1329 10 0 8
6 000000001e5f1329 0000000000000000 000000003f800000 10 0 8
7 000000001e5f1329 000000007b73ebb4 0000000000000000 18 0 8
9 000000001e5f1329 0000000000000000 00000000c2378aa2 10 0 8
0 00000000c6a87e76 00000000e5bd8265 00000000e5bd8265 10 0 0
1 00000000c6a87e76 00000000e5bd8265 0000000065bd8265 10 0 0
2 00000000c6a87e76 00000000e5bd8265 000000006cf97660 10 0 0
3 00000000c6a87e76 00000000e5bd8265 0000000020639c7b 10 0 0
4 00000000c6a87e76 00000000e5bd8265 000000007fc00000 1 0 0
d 00000000c6a87e76 00000000e5bd8265 0000000000000000 0 0 0
5 00000000c6a87e76 0000000000000000 000000003e4853c1 10 0 8
6 00000000c6a87e76 0000000000000000 00000000bf7b0dac 10 0 8
7 00000000c6a87e76 00000000e5bd8265 00000000c0490fdb 10 0 8
9 0000000046a87e76 0000000000000000 00000000411fa9b3 10 0 8
0 00000000ebd01b3d 00000000fe4e23a6 00000000fe4e23a6 10 0 0
1 00000000ebd01b3d 00000000fe4e23a6 000000007e4e23a6 10 0 0
2 00000000ebd01b3d 00000000fe4e23a6 000000007f800000 14 0 0
3 00000000ebd01b3d 00000000fe4e23a6 000000002d0138b3 10 0 0
4 00000000ebd01b3d 00000000fe4e23a6 000000007fc00000 1 0 0
d 00000000ebd01b3d 00000000fe4e23a6 0000000000000000 0 0 0
5 00000000ebd01b3d 0000000000000000 00000000bf7688ef 10 0 8
6 00000000ebd01b3d 0000000000000000 00000000be89ef7b 10 0 8
7 00000000ebd01b3d 00000000fe4e23a6 00000000c0490fdb 10 0 8
9 000000006bd01b3d 0000000000000000 000000004275ee90 10 0 8
0 000000007d6529db 00000000d39a9b74 000000007d6529db 10 0 0
1 000000007d6529db 00000000d39a9b74 000000007d6529db 10 0 0
2 000000007d6529db 00000000d39a9b74 00000000ff800000 14 0 0
3 000000007d6529db 00000000d39a9b74 00000000e93db9b7 10 0 0
4 000000007d6529db 00000000d39a9b74 000000005e7235da 10 0 0
d 000000007d6529db 00000000d39a9b74 0000000000000000 0 0 0
5 000000007d6529db 0000000000000000 000000003f1d5b68 10 0 8
6 000000007d6529db 0000000000000000 00000000bf49ed77 10 0 8
7 000000007d6529db 00000000d39a9b74 000000003fc90fdb 10 0 8
9 000000007d6529db 0000000000000000 0000000042abadd4 10 0 8
0 000000009e7f3ace 000000005dfe0dfd 000000005dfe0dfd 10 0 0
1 000000009e7f3ace 000000005dfe0dfd 00000000ddfe0dfd 10 0 0
2 000000009e7f3ace 000000005dfe0dfd 00000000bcfd4a4b 10 0 0
3 000000009e7f3ace 000000005dfe0dfd 0000000080404bc8 18 0 0
4 000000009e7f3ace 000000005dfe0dfd 000000007fc00000 1 0 0
d 000000009e7f3ace 000000005dfe0dfd 0000000000000000 0 1 0
5 000000009e7f3ace 0000000000000000 000000009e7f3ace 10 0 8
6 000000009e7f3ace 0000000000000000 000000003f800000 10 0 8
7 000000009e7f3ace 000000005dfe0dfd 0000000080404bc8 18 0 8
9 000000001e7f3ace 0000000000000000 00000000c23700bf 10 0 8
0 00000000147d987d 00000000493f1344 00000000493f1344 10 0 0
1 00000000147d987d 00000000493f1344 00000000c93f1344 10 0 0
2 00000000147d987d 00000000493f1344 000000001e3d47db 10 0 0
3 00000000147d987d 00000000493f1344 000000000aa9e1ca 10 0 0
4 00000000147d987d 00000000493f1344 0000000029fecb85 10 0 0
d 00000000147d987d 00000000493f1344 0000000000000000 0 1 0
5 00000000147d987d 0000000000000000 00000000147d987d 10 0 8
6 00000000147d987d 0000000000000000 000000003f800000 10 0 8
7 00000000147d987d 00000000493f1344 000000000aa9e1ca 10 0 8
9 00000000147d987d 0000000000000000 00000000c26e7afa 10 0 8
0 00000000c1af1b0f 000000007b13a768 000000007b13a768 10 0 0
1 00000000c1af1b0f 000000007b13a768 00000000fb13a768 10 0 0
2 00000000c1af1b0f 000000007b13a768 00000000fd49fe17 10 0 0
3 00000000c1af1b0f 000000007b13a768 000000008617cc37 10 0 0
4 00000000c1af1b0f 000000007b13a768 000000007fc00000 1 0 0
d 00000000c1af1b0f 000000007b13a768 0000000000000000 0 1 0
5 00000000c1af1b0f 0000000000000000 00000000bdd2710c 10 0 8
6 00000000c1af1b0f 0000000000000000 00000000bf7ea51a 10 0 8
7 00000000c1af1b0f 000000007b13a768 000000008617cc37 10 0 8
9 0000000041af1b0f 0000000000000000 000000004045802d 10 0 8
0 00000000f02ab277 000000006ae429e5 00000000f02a95f2 10 0 0
1 00000000f02ab277 000000006ae429e5 00000000f02acefc 10 0 0
2 00000000f02ab277 000000006ae429e5 00000000ff800000 14 0 0
3 00000000f02ab277 000000006ae429e5 00000000c4bf85c0 10 0 0
4 00000000f02ab277 000000006ae429e5 000000007fc00000 1 0 0
d 00000000f02ab277 000000006ae429e5 0000000000000000 0 1 0
5 00000000f02ab277 0000000000000000 000000003f7c9b44 10 0 8
6 00000000f02ab277 0000000000000000 000000003e262db0 10 0 8
7 00000000f02ab277 000000006ae429e5 00000000bfc8fa78 10 0 8
9 00000000702ab277 0000000000000000 0000000042870bd9 10 0 8
0 0000000014c73f29 00000000976eb1b8 00000000976877bf 10 0 0
1 0000000014c73f29 00000000976eb1b8 000000001774ebb1 10 0 0
2 0000000014c73f29 00000000976eb1b8 0000000080000000 18 0 0
3 0000000014c73f29 00000000976eb1b8 00000000bcd5b147 10 0 0
4 0000000014c73f29 00000000976eb1b8 000000002a1fb2cb 10 0 0
d 0000000014c73f29 00000000976eb1b8 0000000000000000 0 0 0
5 0000000014c73f29 0000000000000000 0000000014c73f29 10 0 8
6 0000000014c73f29 0000000000000000 000000003f800000 10 0 8
7 0000000014c73f29 00000000976eb1b8 0000000040476491 10 0 8
9 0000000014c73f29 0000000000000000 00000000c26cac2e 10 0 8
0 000000006a6bb394 000000009f3e8e98 000000006a6bb394 10 0 0
1 000000006a6bb394 000000009f3e8e98 000000006a6bb394 10 0 0
2 000000006a6bb394 000000009f3e8e98 00000000ca2f7291 10 0 0
3 000000006a6bb394 000000009f3e8e98 00000000ff800000 14 0 0
4 000000006a6bb394 000000009f3e8e98 0000000054f5a423 10 0 0
d 000000006a6bb394 000000009f3e8e98 0000000000000000 0 0 0
5 000000006a6bb394 0000000000000000 000000003f68907c 10 0 8
6 000000006a6bb394 0000000000000000 000000003ed601eb 10 0 8
7 000000006a6bb394 000000009f3e8e98 000000003fc90fdb 10 0 8
9 000000006a6bb394 0000000000000000 00000000426e1cb8 10 0 8
0 000000009358942e 00000000ba7f8cc0 00000000ba7f8cc0 10 0 0
1 000000009358942e 00000000ba7f8cc0 000000003a7f8cc0 10 0 0
2 000000009358942e 00000000ba7f8cc0 000000000e5832ad 10 0 0
3 000000009358942e 00000000ba7f8cc0 000000001858f5db 10 0 0
4 000000009358942e 00000000ba7f8cc0 000000007fc00000 1 0 0
d 000000009358942e 00000000ba7f8cc0 0000000000000000 0 0 0
5 000000009358942e 0000000000000000 000000009358942e 10 0 8
6 000000009358942e 0000000000000000 000000003f800000 10 0 8
7 000000009358942e 00000000ba7f8cc0 00000000c0490fdb 10 0 8
9 000000001358942e 0000000000000000 00000000c274a81d 10 0 8
0 0000000037128f53 00000000b9e359cf 00000000b9dec554 10 0 0
1 0000000037128f53 00000000b9e359cf 0000000039e7ee4a 10 0 0
2 0000000037128f53 00000000b9e359cf 00000000b1822881 10 0 0
3 0000000037128f53 00000000b9e359cf 00000000bca50740 10 0 0
4 0000000037128f53 00000000b9e359cf 000000003b41b2f5 10 0 0
d 0000000037128f53 00000000b9e359cf 0000000000000000 0 0 0
5 0000000037128f53 0000000000000000 0000000037128f53 10 0 8
6 0000000037128f53 0000000000000000 000000003f800000 10 0 8
7 0000000037128f53 00000000b9e359cf 000000004047c5d8 10 0 8
9 0000000037128f53 0000000000000000 00000000c13a5e9c 10 0 8
0 000000008980c4e2 00000000b28541ec 00000000b28541ec 10 0 0
1 000000008980c4e2 00000000b28541ec 00000000328541ec 10 0 0
2 000000008980c4e2 00000000b28541ec 000000000000860f 18 0 0
3 000000008980c4e2 00000000b28541ec 0000000016776097 10 0 0
4 000000008980c4e2 00000000b28541ec 000000007fc00000 1 0 0
d 000000008980c4e2 00000000b28541ec 0000000000000000 0 0 0
5 000000008980c4e2 0000000000000000 000000008980c4e2 10 0 8
6 000000008980c4e2 0000000000000000 000000003f800000 10 0 8
7 000000008980c4e2 00000000b28541ec 00000000c0490fdb 10 0 8
9 000000000980c4e2 0000000000000000 00000000c295b533 10 0 8
0 000000004da15ab0 00000000b81a50ab 000000004da15ab0 10 0 0
1 000000004da15ab0 00000000b81a50ab 000000004da15ab0 10 0 0
2 000000004da15ab0 00000000b81a50ab 00000000c64286cc 10 0 0
3 000000004da15ab0 00000000b81a50ab 00000000d505d6b9 10 0 0
4 000000004da15ab0 00000000b81a50ab 00000000468fb674 10 0 0
d 000000004da15ab0 00000000b81a50ab 0000000000000000 0 0 0
5 000000004da15ab0 0000000000000000 000000003f30c165 10 0 8
6 000000004da15ab0 0000000000000000 00000000bf392f61 10 0 8
7 000000004da15ab0 00000000b81a50ab 000000003fc90fdb 10 0 8
9 000000004da15ab0 0000000000000000 00000000419d1e17 10 0 8
0 00000000b3e67c2c 00000000f01b81bd 00000000f01b81bd 10 0 0
1 00000000b3e67c2c 00000000f01b81bd 00000000701b81bd 10 0 0
2 00000000b3e67c2c 00000000f01b81bd 00000000648c01fd 10 0 0
3 00000000b3e67c2c 00000000f01b81bd 00000000033db73b 10 0 0
4 00000000b3e67c2c 00000000f01b81bd 000000007fc00000 1 0 0
d 00000000b3e67c2c 00000000f01b81bd 0000000000000000 0 0 0
5 00000000b3e67c2c 0000000000000000 00000000b3e67c2c 10 0 8
6 00000000b3e67c2c 0000000000000000 000000003f800000 10 0 8
7 00000000b3e67c2c 00000000f01b81bd 00000000c0490fdb 10 0 8
9 0000000033e67c2c 0000000000000000 00000000c1806107 10 0 8
0 0000000085a054cb 00000000681719b7 00000000681719b7 10 0 0
1 0000000085a054cb 00000000681719b7 00000000e81719b7 10 0 0
2 0000000085a054cb 00000000681719b7 00000000ae3d443d 10 0 0
3 0000000085a054cb 00000000681719b7 0000000080000000 18 0 0
4 0000000085a054cb 00000000681719b7 000000007fc00000 1 0 0
d 0000000085a054cb 00000000681719b7 0000000000000000 0 1 0
5 0000000085a054cb 0000000000000000 0000000085a054cb 10 0 8
6 0000000085a054cb 0000000000000000 000000003f800000 10 0 8
7 0000000085a054cb 00000000681719b7 0000000080000000 18 0 8
9 0000000005a054cb 0000000000000000 00000000c2a05c17 10 0 8
0 00000000ef1638c7 0000000029d754c0 00000000ef1638c7 10 0 0
1 00000000ef1638c7 0000000029d754c0 00000000ef1638c7 10 0 0
2 00000000ef1638c7 0000000029d754c0 00000000d97cb6d5 10 0 0
3 00000000ef1638c7 0000000029d754c0 00000000ff800000 14 0 0
4 00000000ef1638c7 0000000029d754c0 000000007fc00000 1 0 0
d 00000000ef1638c7 0000000029d754c0 0000000000000000 0 1 0
5 00000000ef1638c7 0000000000000000 000000003f755ec0 10 0 8
6 00000000ef1638c7 0000000000000000 00000000be9201c6 10 0 8
7 00000000ef1638c7 0000000029d754c0 00000000bfc90fdb 10 0 8
9 000000006f1638c7 0000000000000000 00000000428404a4 10 0 8
0 00000000aaa99987 00000000aabf9c2b 00000000ab349ad9 0 0 0
1 00000000aaa99987 00000000aabf9c2b 0000000029301520 0 0 0
2 00000000aaa99987 00000000aabf9c2b 0000000015fde204 10 0 0
3 00000000aaa99987 00000000aabf9c2b 000000003f6297db 10 0 0
4 00000000aaa99987 00000000aabf9c2b 000000007fc00000 1 0 0
d 00000000aaa99987 00000000aabf9c2b 0000000000000000 0 0 0
5 00000000aaa99987 0000000000000000 00000000aaa99987 10 0 8
6 00000000aaa99987 0000000000000000 000000003f800000 10 0 8
7 00000000aaa99987 00000000aabf9c2b 00000000c01ab104 10 0 8
9 000000002aa99987 0000000000000000 00000000c1e6a56b 10 0 8
0 000000007e60c676 00000000b3689101 000000007e60c676 10 0 0
1 000000007e60c676 00000000b3689101 000000007e60c676 10 0 0
2 000000007e60c676 00000000b3689101 00000000f24c332c 10 0 0
3 000000007e60c676 00000000b3689101 00000000ff800000 14 0 0
4 000000007e60c676 00000000b3689101 000000005eefe14e 10 0 0
d 000000007e60c676 00000000b3689101 0000000000000000 0 0 0
5 000000007e60c676 0000000000000000 000000003f5bd933 10 0 8
6 000000007e60c676 0000000000000000 000000003f0328b0 10 0 8
7 000000007e60c676 00000000b3689101 000000003fc90fdb 10 0 8
9 000000007e60c676 0000000000000000 0000000042ae69b6 10 0 8
0 000000008854d505 000000004c7bf39f 000000004c7bf39f 10 0 0
1 000000008854d505 000000004c7bf39f 00000000cc7bf39f 10 0 0
2 000000008854d505 000000004c7bf39f 0000000095517766 10 0 0
3 000000008854d505 000000004c7bf39f 0000000080001b08 18 0 0
4 000000008854d505 000000004c7bf39f 000000007fc00000 1 0 0
d 000000008854d505 000000004c7bf39f 0000000000000000 0 1 0
5 000000008854d505 0000000000000000 000000008854d505 10 0 8
6 000000008854d505 0000000000000000 000000003f800000 10 0 8
7 000000008854d505 000000004c7bf39f 0000000080001b08 18 0 8
9 000000000854d505 0000000000000000 00000000c298dc9a 10 0 8
0 00000000730959fb 000000005ef4a9e0 00000000730959fb 10 0 0
1 00000000730959fb 000000005ef4a9e0 00000000730959fb 10 0 0
2 00000000730959fb 000000005ef4a9e0 000000007f800000 14 0 0
3 00000000730959fb 000000005ef4a9e0 00000000538fb734 10 0 0
4 00000000730959fb 000000005ef4a9e0 00000000593b83e9 10 0 0
d 00000000730959fb 000000005ef4a9e0 0000000000000000 0 0 0
5 00000000730959fb 0000000000000000 00000000bf5ff91b 10 0 8
6 00000000730959fb 0000000000000000 000000003ef7f7e0 10 0 8
7 00000000730959fb 000000005ef4a9e0 000000003fc90fdb 10 0 8
9 00000000730959fb 0000000000000000 00000000428eedea 10 0 8
0 00000000b2d14c84 00000000f371a5a4 00000000f371a5a4 10 0 0
1 00000000b2d14c84 00000000f371a5a4 000000007371a5a4 10 0 0
2 00000000b2d14c84 00000000f371a5a4 0000000066c59075 10 0 0
3 00000000b2d14c84 00000000f371a5a4 00000000000ddbb0 18 0 0
4 00000000b2d14c84 00000000f371a5a4 000000007fc00000 1 0 0
d 00000000b2d14c84 00000000f371a5a4 0000000000000000 0 0 0
5 00000000b2d14c84 0000000000000000 00000000b2d14c84 10 0 8
6 00000000b2d14c84 0000000000000000 000000003f800000 10 0 8
7 00000000b2d14c84 00000000f371a5a4 00000000c0490fdb 10 0 8
9 0000000032d14c84 0000000000000000 00000000c18c3da2 10 0 8
0 000000003f6d8e86 00000000591c32d8 00000000591c32d8 10 0 0
1 000000003f6d8e86 00000000591c32d8 00000000d91c32d8 10 0 0
2 000000003f6d8e86 00000000591c32d8 000000005910f208 10 0 0
3 000000003f6d8e86 00000000591c32d8 0000000025c2aba6 10 0 0
4 000000003f6d8e86 00000000591c32d8 000000003f769b23 10 0 0
d 000000003f6d8e86 00000000591c32d8 0000000000000000 0 1 0
5 000000003f6d8e86 0000000000000000 000000003f4ce6c5 10 0 8
6 000000003f6d8e86 0000000000000000 000000003f1976f3 10 0 8
7 000000003f6d8e86 00000000591c32d8 0000000025c2aba6 10 0 8
9 000000003f6d8e86 0000000000000000 00000000bd992187 10 0 8
0 0000000037acf21b 0000000094171b6c 0000000037acf21b 10 0 0
1 0000000037acf21b 0000000094171b6c 0000000037acf21b 10 0 0
2 0000000037acf21b 0000000094171b6c 000000008c4c2aa9 10 0 0
3 0000000037acf21b 0000000094171b6c 00000000e3127fc3 10 0 0
4 0000000037acf21b 0000000094171b6c 000000003b94c907 10 0 0
d 0000000037acf21b 0000000094171b6c 0000000000000000 0 0 0
5 0000000037acf21b 0000000000000000 0000000037acf21b 10 0 8
6 0000000037acf21b 0000000000000000 000000003f800000 10 0 8
7 0000000037acf21b 0000000094171b6c 000000003fc90fdb 10 0 8
9 0000000037acf21b 0000000000000000 00000000c12ca16a 10 0 8
0 00000000982ebaf1 00000000a1671469 00000000a1671495 10 0 0
1 00000000982ebaf1 00000000a1671469 000000002167143d 10 0 0
2 00000000982ebaf1 00000000a1671469 00000000000004ee 18 0 0
3 00000000982ebaf1 00000000a1671469 00000000364192d9 10 0 0
4 00000000982ebaf1 00000000a1671469 000000007fc00000 1 0 0
d 00000000982ebaf1 00000000a1671469 0000000000000000 0 0 0
5 00000000982ebaf1 0000000000000000 00000000982ebaf1 10 0 8
6 00000000982ebaf1 0000000000000000 000000003f800000 10 0 8
7 00000000982ebaf1 00000000a1671469 00000000c0490fcf 10 0 8
9 00000000182ebaf1 0000000000000000 00000000c259ca27 10 0 8
0 000000003ea8a61c 00000000670d5609 00000000670d5609 10 0 0
1 000000003ea8a61c 00000000670d5609 00000000e70d5609 10 0 0
2 000000003ea8a61c 00000000670d5609 00000000663a3856 10 0 0
3 000000003ea8a61c 00000000670d5609 000000001718bc52 10 0 0
4 000000003ea8a61c 00000000670d5609 000000003f12ece3 10 0 0
d 000000003ea8a61c 00000000670d5609 0000000000000000 0 1 0
5 000000003ea8a61c 0000000000000000 000000003ea59d9b 10 0 8
6 000000003ea8a61c 0000000000000000 000000003f723cba 10 0 8
7 000000003ea8a61c 00000000670d5609 000000001718bc52 10 0 8
9 000000003ea8a61c 0000000000000000 00000000bf8e250e 10 0 8
0 00000000744e0d0f 00000000081948f8 00000000744e0d0f 10 0 0
1 00000000744e0d0f 00000000081948f8 00000000744e0d0f 10 0 0
2 00000000744e0d0f 00000000081948f8 000000003cf6c112 10 0 0
3 00000000744e0d0f 00000000081948f8 000000007f800000 14 0 0
4 00000000744e0d0f 00000000081948f8 0000000059e5abf0 10 0 0
d 00000000744e0d0f 00000000081948f8 0000000000000000 0 0 0
5 00000000744e0d0f 0000000000000000 000000003f31dc16 10 0 8
6 00000000744e0d0f 0000000000000000 000000003f381ff0 10 0 8
7 00000000744e0d0f 00000000081948f8 000000003fc90fdb 10 0 8
9 00000000744e0d0f 0000000000000000 000000004292835a 10 0 8
0 0000000001cd571b 00000000cee2330c 00000000cee2330c 10 0 0
1 0000000001cd571b 00000000cee2330c 000000004ee2330c 10 0 0
2 0000000001cd571b 00000000cee2330c 0000000091356fd8 10 0 0
3 0000000001cd571b 00000000cee2330c 0000000080000000 18 0 0
4 0000000001cd571b 00000000cee2330c 0000000020a21f3d 10 0 0
d 0000000001cd571b 00000000cee2330c 0000000000000000 0 0 0
5 0000000001cd571b 0000000000000000 0000000001cd571b 10 0 8
6 0000000001cd571b 0000000000000000 000000003f800000 10 0 8
7 0000000001cd571b 00000000cee2330c 0000000040490fdb 10 0 8
9 0000000001cd571b 0000000000000000 00000000c2aaf48a 10 0 8
0 0000000098fd1eed 000000005f34ccdd 000000005f34ccdd 10 0 0
1 0000000098fd1eed 000000005f34ccdd 00000000df34ccdd 10 0 0
2 0000000098fd1eed 000000005f34ccdd 00000000b8b2c44e 10 0 0
3 0000000098fd1eed 000000005f34ccdd 0000000080000166 18 0 0
4 0000000098fd1eed 000000005f34ccdd 000000007fc00000 1 0 0
d 0000000098fd1eed 000000005f34ccdd 0000000000000000 0 1 0
5 0000000098fd1eed 0000000000000000 0000000098fd1eed 10 0 8
6 0000000098fd1eed 0000000000000000 000000003f800000 10 0 8
7 0000000098fd1eed 000000005f34ccdd 0000000080000166 18 0 8
9 0000000018fd1eed 0000000000000000 00000000c25588da 10 0 8
0 00000000134efeca 000000005e6cc8a1 000000005e6cc8a1 10 0 0
1 00000000134efeca 000000005e6cc8a1 00000000de6cc8a1 10 0 0
2 00000000134efeca 000000005e6cc8a1 00000000323f751b 10 0 0
3 00000000134efeca 000000005e6cc8a1 0000000000000000 18 0 0
4 00000000134efeca 000000005e6cc8a1 0000000029663281 10 0 0
d 00000000134efeca 000000005e6cc8a1 0000000000000000 0 1 0
5 00000000134efeca 0000000000000000 00000000134efeca 10 0 8
6 00000000134efeca 0000000000000000 000000003f800000 10 0 8
7 00000000134efeca 000000005e6cc8a1 0000000000000000 18 0 8
9 00000000134efeca 0000000000000000 00000000c274d676 10 0 8
0 000000002869e8bd 00000000bab60242 00000000bab60242 10 0 0
1 000000002869e8bd 00000000bab60242 000000003ab60242 10 0 0
2 000000002869e8bd 00000000bab60242 00000000a3a64d86 10 0 0
3 000000002869e8bd 00000000bab60242 00000000ad247fe3 10 0 0
4 000000002869e8bd 00000000bab60242 0000000033f4b496 10 0 0
d 000000002869e8bd 00000000bab60242 0000000000000000 0 0 0
5 000000002869e8bd 0000000000000000 000000002869e8bd 10 0 8
6 000000002869e8bd 0000000000000000 000000003f800000 10 0 8
7 000000002869e8bd 00000000bab60242 0000000040490fdb 10 0 8
9 000000002869e8bd 0000000000000000 00000000c1ffccd5 10 0 8
0 000000002531989d 00000000d264420c 00000000d264420c 10 0 0
1 000000002531989d 00000000d264420c 000000005264420c 10 0 0
2 000000002531989d 00000000d264420c 00000000b81e59bd 10 0 0
3 000000002531989d 00000000d264420c 0000000092472e4a 10 0 0
4 000000002531989d 00000000d264420c 000000003255396d 10 0 0
d 000000002531989d 00000000d264420c 0000000000000000 0 0 0
5 000000002531989d 0000000000000000 000000002531989d 10 0 8
6 000000002531989d 0000000000000000 000000003f800000 10 0 8
7 000000002531989d 00000000d264420c 0000000040490fdb 10 0 8
9 000000002531989d 0000000000000000 00000000c211a324 10 0 8
0 000000001e980cde 00000000ff7ba8bf 00000000ff7ba8bf 10 0 0
1 000000001e980cde 00000000ff7ba8bf 000000007f7ba8bf 10 0 0
2 000000001e980cde 00000000ff7ba8bf 00000000de9578d8 10 0 0
3 000000001e980cde 00000000ff7ba8bf 0000000080000000 18 0 0
4 000000001e980cde 00000000ff7ba8bf 000000002f0b8201 10 0 0
d 000000001e980cde 00000000ff7ba8bf 0000000000000000 0 0 0
5 000000001e980cde 0000000000000000 000000001e980cde 10 0 8
6 000000001e980cde 0000000000000000 000000003f800000 10 0 8
7 000000001e980cde 00000000ff7ba8bf 0000000040490fdb 10 0 8
9 000000001e980cde 0000000000000000 00000000c2364d59 10 0 8
0 00000000c7edbca9 000000007f6c3635 000000007f6c3635 10 0 0
1 00000000c7edbca9 000000007f6c3635 00000000ff6c3635 10 0 0
2 00000000c7edbca9 000000007f6c3635 00000000ff800000 14 0 0
3 00000000c7edbca9 000000007f6c3635 000000008800d395 10 0 0
4 00000000c7edbca9 000000007f6c3635 000000007fc00000 1 0 0
d 00000000c7edbca9 000000007f6c3635 0000000000000000 0 1 0
5 00000000c7edbca9 0000000000000000 000000003e9da099 10 0 8
6 00000000c7edbca9 0000000000000000 00000000bf7390e7 10 0 8
7 00000000c7edbca9 000000007f6c3635 000000008800d395 10 0 8
9 0000000047edbca9 0000000000000000 00000000413b5a12 10 0 8
0 00000000ccf7b6e0 000000007f5ed555 000000007f5ed555 10 0 0
1 00000000ccf7b6e0 000000007f5ed555 00000000ff5ed555 10 0 0
2 00000000ccf7b6e0 000000007f5ed555 00000000ff800000 14 0 0
3 00000000ccf7b6e0 000000007f5ed555 000000008d0e4acc 10 0 0
4 00000000ccf7b6e0 000000007f5ed555 000000007fc00000 1 0 0
d 00000000ccf7b6e0 000000007f5ed555 0000000000000000 0 1 0
5 00000000ccf7b6e0 0000000000000000 000000003f1a6bf7 10 0 8
6 00000000ccf7b6e0 0000000000000000 00000000bf4c2e5e 10 0 8
7 00000000ccf7b6e0 000000007f5ed555 000000008d0e4acc 10 0 8
9 000000004cf7b6e0 0000000000000000 00000000419574e3 10 0 8
0 000000001b70d24f 00000000261f68b3 00000000261f68b7 10 0 0
1 000000001b70d24f 00000000261f68b3 00000000a61f68af 10 0 0
2 000000001b70d24f 00000000261f68b3 000000000215f51d 10 0 0
3 000000001b70d24f 00000000261f68b3 0000000034c15f1b 10 0 0
4 000000001b70d24f 00000000261f68b3 000000002d784b78 10 0 0
d 000000001b70d24f 00000000261f68b3 0000000000000000 0 1 0
5 000000001b70d24f 0000000000000000 000000001b70d24f 10 0 8
6 000000001b70d24f 0000000000000000 000000003f800000 10 0 8
7 000000001b70d24f 00000000261f68b3 0000000034c15f1b 10 0 8
9 000000001b70d24f 0000000000000000 00000000c247def2 10 0 8
0 00000000aa24cbd7 0000000058987d78 0000000058987d78 10 0 0
1 00000000aa24cbd7 0000000058987d78 00000000d8987d78 10 0 0
2 00000000aa24cbd7 0000000058987d78 00000000c3445399 10 0 0
3 00000000aa24cbd7 0000000058987d78 00000000910a546b 10 0 0
4 00000000aa24cbd7 0000000058987d78 000000007fc00000 1 0 0
d 00000000aa24cbd7 0000000058987d78 0000000000000000 0 1 0
5 00000000aa24cbd7 0000000000000000 00000000aa24cbd7 10 0 8
6 00000000aa24cbd7 0000000000000000 000000003f800000 10 0 8
7 00000000aa24cbd7 0000000058987d78 00000000910a546b 10 0 8
9 000000002a24cbd7 0000000000000000 00000000c1ec6bd3 10 0 8
0 00000000b1dd8a83 000000001130b265 00000000b1dd8a83 10 0 0
1 00000000b1dd8a83 000000001130b265 00000000b1dd8a83 10 0 0
2 00000000b1dd8a83 000000001130b265 000000008398e99c 10 0 0
3 00000000b1dd8a83 000000001130b265 00000000e0207c40 10 0 0
4 00000000b1dd8a83 000000001130b265 000000007fc00000 1 0 0
d 00000000b1dd8a83 000000001130b265 0000000000000000 0 1 0
5 00000000b1dd8a83 0000000000000000 00000000b1dd8a83 10 0 8
6 00000000b1dd8a83 0000000000000000 000000003f800000 10 0 8
7 00000000b1dd8a83 000000001130b265 00000000bfc90fdb 10 0 8
9 0000000031dd8a83 0000000000000000 00000000c196e058 10 0 8
0 00000000e8fe2abb 000000009882d18f 00000000e8fe2abb 10 0 0
1 00000000e8fe2abb 000000009882d18f 00000000e8fe2abb 10 0 0
2 00000000e8fe2abb 000000009882d18f 000000004201e1c2 10 0 0
3 00000000e8fe2abb 000000009882d18f 000000007f800000 14 0 0
4 00000000e8fe2abb 000000009882d18f 000000007fc00000 1 0 0
d 00000000e8fe2abb 000000009882d18f 0000000000000000 0 1 0
5 00000000e8fe2abb 0000000000000000 00000000bf4bf4b6 10 0 8
6 00000000e8fe2abb 0000000000000000 000000003f1ab815 10 0 8
7 00000000e8fe2abb 000000009882d18f 00000000bfc90fdb 10 0 8
9 0000000068fe2abb 0000000000000000 000000004266189b 10 0 8
0 0000000094d94a16 000000000ee14fbb 0000000094d93c01 10 0 0
1 0000000094d94a16 000000000ee14fbb 0000000094d9582b 10 0 0
2 0000000094d94a16 000000000ee14fbb 0000000080000000 18 0 0
3 0000000094d94a16 000000000ee14fbb 00000000c576e2a4 10 0 0
4 0000000094d94a16 000000000ee14fbb 000000007fc00000 1 0 0
d 0000000094d94a16 000000000ee14fbb 0000000000000000 0 1 0
5 0000000094d94a16 0000000000000000 0000000094d94a16 10 0 8
6 0000000094d94a16 0000000000000000 000000003f800000 10 0 8
7 0000000094d94a16 000000000ee14fbb 00000000bfc9078f 10 0 8
9 0000000014d94a16 0000000000000000 00000000c26c536a 10 0 8
0 00000000c5d1ba30 00000000a06fac1b 00000000c5d1ba30 10 0 0
1 00000000c5d1ba30 00000000a06fac1b 00000000c5d1ba30 10 0 0
2 00000000c5d1ba30 00000000a06fac1b 0000000026c459d2 10 0 0
3 00000000c5d1ba30 00000000a06fac1b 0000000064e003d7 10 0 0
4 00000000c5d1ba30 00000000a06fac1b 000000007fc00000 1 0 0
d 00000000c5d1ba30 00000000a06fac1b 0000000000000000 0 1 0
5 00000000c5d1ba30 0000000000000000 00000000bf3d2ca9 10 0 8
6 00000000c5d1ba30 0000000000000000 000000003f2c7aa4 10 0 8
7 00000000c5d1ba30 00000000a06fac1b 00000000bfc90fdb 10 0 8
9 0000000045d1ba30 0000000000000000 00000000410cfc16 10 0 8
0 00000000e8703b4d 000000000c2474e1 00000000e8703b4d 10 0 0
1 00000000e8703b4d 000000000c2474e1 00000000e8703b4d 10 0 0
2 00000000e8703b4d 000000000c2474e1 00000000b51a53ab 10 0 0
3 00000000e8703b4d 000000000c2474e1 00000000ff800000 14 0 0
4 00000000e8703b4d 000000000c2474e1 000000007fc00000 1 0 0
d 00000000e8703b4d 000000000c2474e1 0000000000000000 0 1 0
5 00000000e8703b4d 0000000000000000 000000003f361730 10 0 8
6 00000000e8703b4d 0000000000000000 00000000bf33f115 10 0 8
7 00000000e8703b4d 000000000c2474e1 00000000bfc90fdb 10 0 8
9 0000000068703b4d 0000000000000000 0000000042631915 10 0 8
0 00000000d5baa21d 00000000bed11ec1 00000000d5baa21d 10 0 0
1 00000000d5baa21d 00000000bed11ec1 00000000d5baa21d 10 0 0
2 00000000d5baa21d 00000000bed11ec1 00000000551874c5 10 0 0
3 00000000d5baa21d 00000000bed11ec1 00000000566478db 10 0 0
4 00000000d5baa21d 00000000bed11ec1 000000007fc00000 1 0 0
d 00000000d5baa21d 00000000bed11ec1 0000000000000000 0 1 0
5 00000000d5baa21d 0000000000000000 00000000be95a14d 10 0 8
6 00000000d5baa21d 0000000000000000 00000000bf74d2e7 10 0 8
7 00000000d5baa21d 00000000bed11ec1 00000000bfc90fdb 10 0 8
9 0000000055baa21d 0000000000000000 0000000041f70136 10 0 8
0 000000003c2778e5 00000000b44d9e78 000000003c277817 10 0 0
1 000000003c2778e5 00000000b44d9e78 000000003c2779b3 10 0 0
2 000000003c2778e5 00000000b44d9e78 00000000b106837a 10 0 0
3 000000003c2778e5 00000000b44d9e78 00000000c75081a8 10 0 0
4 000000003c2778e5 00000000b44d9e78 000000003dcf0ec6 10 0 0
d 000000003c2778e5 00000000b44d9e78 0000000000000000 0 0 0
5 000000003c2778e5 0000000000000000 000000003c277826 10 0 8
6 000000003c2778e5 0000000000000000 000000003f7ffc94 10 0 8
7 000000003c2778e5 00000000b44d9e78 000000003fc91078 10 0 8
9 000000003c2778e5 0000000000000000 00000000c092a9ed 10 0 8
0 00000000f7d12a99 0000000082ce18d8 00000000f7d12a99 10 0 0
1 00000000f7d12a99 0000000082ce18d8 00000000f7d12a99 10 0 0
2 00000000f7d12a99 0000000082ce18d8 000000003b286494 10 0 0
3 00000000f7d12a99 0000000082ce18d8 000000007f800000 14 0 0
4 00000000f7d12a99 0000000082ce18d8 000000007fc00000 1 0 0
d 00000000f7d12a99 0000000082ce18d8 0000000000000000 0 1 0
5 00000000f7d12a99 0000000000000000 00000000bec833ab 10 0 8
6 00000000f7d12a99 0000000000000000 00000000bf6b9e30 10 0 8
7 00000000f7d12a99 0000000082ce18d8 00000000bfc90fdb 10 0 8
9 0000000077d12a99 0000000000000000 00000000429c3f46 10 0 8
0 000000007b723e72 00000000ab3065ac 000000007b723e72 10 0 0
1 000000007b723e72 00000000ab3065ac 000000007b723e72 10 0 0
2 000000007b723e72 00000000ab3065ac 00000000e726eb24 10 0 0
3 000000007b723e72 00000000ab3065ac 00000000ff800000 14 0 0
4 000000007b723e72 00000000ab3065ac 000000005d7906e9 10 0 0
d 000000007b723e72 00000000ab3065ac 0000000000000000 0 0 0
5 000000007b723e72 0000000000000000 00000000bf0ecd81 10 0 8
6 000000007b723e72 0000000000000000 000000003f54783e 10 0 8
7 000000007b723e72 00000000ab3065ac 000000003fc90fdb 10 0 8
9 000000007b723e72 0000000000000000 0000000042a63eaf 10 0 8
0 0000000057337bae 000000003092562d 0000000057337bae 10 0 0
1 0000000057337bae 000000003092562d 0000000057337bae 10 0 0
2 0000000057337bae 000000003092562d 00000000484d31e9 10 0 0
3 0000000057337bae 000000003092562d 00000000661cfe3c 10 0 0
4 0000000057337bae 000000003092562d 000000004b565aa6 10 0 0
d 0000000057337bae 000000003092562d 0000000000000000 0 0 0
5 0000000057337bae 0000000000000000 00000000be90bb50 10 0 8
6 0000000057337bae 0000000000000000 00000000bf758f16 10 0 8
7 0000000057337bae 000000003092562d 000000003fc90fdb 10 0 8
9 0000000057337bae 0000000000000000 000000004203a9f4 10 0 8
0 0000000030aeabc6 000000005f153c8d 000000005f153c8d 10 0 0
1 0000000030aeabc6 000000005f153c8d 00000000df153c8d 10 0 0
2 0000000030aeabc6 000000005f153c8d 00000000504ba695 10 0 0
3 0000000030aeabc6 000000005f153c8d 000000001115d0ab 10 0 0
4 0000000030aeabc6 000000005f153c8d 000000003815868a 10 0 0
d 0000000030aeabc6 000000005f153c8d 0000000000000000 0 1 0
5 0000000030aeabc6 0000000000000000 0000000030aeabc6 10 0 8
6 0000000030aeabc6 0000000000000000 000000003f800000 10 0 8
7 0000000030aeabc6 000000005f153c8d 000000001115d0ab 10 0 8
9 0000000030aeabc6 0000000000000000 00000000c1a3de4b 10 0 8
0 00000000e818f92f 0000000010913491 00000000e818f92f 10 0 0
1 00000000e818f92f 0000000010913491 00000000e818f92f 10 0 0
2 00000000e818f92f 0000000010913491 00000000b92d891a 10 0 0
3 00000000e818f92f 0000000010913491 00000000ff800000 14 0 0
4 00000000e818f92f 0000000010913491 000000007fc00000 1 0 0
d 00000000e818f92f 0000000010913491 0000000000000000 0 1 0
5 00000000e818f92f 0000000000000000 00000000bf62a445 10 0 8
6 00000000e818f92f 0000000000000000 00000000beee1265 10 0 8
7 00000000e818f92f 0000000010913491 00000000bfc90fdb 10 0 8
9 000000006818f92f 0000000000000000 0000000042614ae9 10 0 8
0 00000000f662fd90 0000000093c58678 00000000f662fd90 10 0 0
1 00000000f662fd90 0000000093c58678 00000000f662fd90 10 0 0
2 00000000f662fd90 0000000093c58678 000000004aaf245b 10 0 0
3 00000000f662fd90 0000000093c58678 000000007f800000 14 0 0
4 00000000f662fd90 0000000093c58678 000000007fc00000 1 0 0
d 00000000f662fd90 0000000093c58678 0000000000000000 0 1 0
5 00000000f662fd90 0000000000000000 000000003f2d62b9 10 0 8
6 00000000f662fd90 0000000000000000 000000003f3c5809 10 0 8
7 00000000f662fd90 0000000093c58678 00000000bfc90fdb 10 0 8
9 000000007662fd90 0000000000000000 0000000042984079 10 0 8
0 000000004258685d 00000000a52e1174 000000004258685d 10 0 0
1 000000004258685d 00000000a52e1174 000000004258685d 10 0 0
2 000000004258685d 00000000a52e1174 00000000a81325b0 10 0 0
3 000000004258685d 00000000a52e1174 00000000dc9f2254 10 0 0
4 000000004258685d 00000000a52e1174 0000000040eb5f71 10 0 0
d 000000004258685d 00000000a52e1174 0000000000000000 0 0 0
5 000000004258685d 0000000000000000 00000000bf23e85b 10 0 8
6 000000004258685d 0000000000000000 00000000bf44a5cb 10 0 8
7 000000004258685d 00000000a52e1174 000000003fc90fdb 10 0 8
9 000000004258685d 0000000000000000 00000000407f6a68 10 0 8
0 000000008714fc74 000000000bd47719 000000000bd42c9b 10 0 0
1 000000008714fc74 000000000bd47719 000000008bd4c197 10 0 0
2 000000008714fc74 000000000bd47719 0000000080000000 18 0 0
3 000000008714fc74 000000000bd47719 00000000bab3838c 10 0 0
4 000000008714fc74 000000000bd47719 000000007fc00000 1 0 0
d 000000008714fc74 000000000bd47719 0000000000000000 0 1 0
5 000000008714fc74 0000000000000000 000000008714fc74 10 0 8
6 000000008714fc74 0000000000000000 000000003f800000 10 0 8
7 000000008714fc74 000000000bd47719 00000000bab38385 10 0 8
9 000000000714fc74 0000000000000000 00000000c29c58fd 10 0 8
0 0000000023d5a5c2 000000007ad860f4 000000007ad860f4 10 0 0
1 0000000023d5a5c2 000000007ad860f4 00000000fad860f4 10 0 0
2 0000000023d5a5c2 000000007ad860f4 000000005f3494c5 10 0 0
3 0000000023d5a5c2 000000007ad860f4 0000000000000000 18 0 0
4 0000000023d5a5c2 000000007ad860f4 0000000031a55e71 10 0 0
d 0000000023d5a5c2 000000007ad860f4 0000000000000000 0 1 0
5 0000000023d5a5c2 0000000000000000 0000000023d5a5c2 10 0 8
6 0000000023d5a5c2 0000000000000000 000000003f800000 10 0 8
7 0000000023d5a5c2 000000007ad860f4 0000000000000000 18 0 8
9 0000000023d5a5c2 0000000000000000 00000000c219373d 10 0 8
0 00000000ae1da977 000000007d5bd92e 000000007d5bd92e 10 0 0
1 00000000ae1da977 000000007d5bd92e 00000000fd5bd92e 10 0 0
2 00000000ae1da977 000000007d5bd92e 00000000ec0765ba 10 0 0
3 00000000ae1da977 000000007d5bd92e 0000000080000000 18 0 0
4 00000000ae1da977 000000007d5bd92e 000000007fc00000 1 0 0
d 00000000ae1da977 000000007d5bd92e 0000000000000000 0 1 0
5 00000000ae1da977 0000000000000000 00000000ae1da977 10 0 8
6 00000000ae1da977 0000000000000000 000000003f800000 10 0 8
7 00000000ae1da977 000000007d5bd92e 0000000080000000 18 0 8
9 000000002e1da977 0000000000000000 00000000c1c069f1 10 0 8
0 00000000c9bd5831 0000000035d264ec 00000000c9bd5831 10 0 0
1 00000000c9bd5831 0000000035d264ec 00000000c9bd5831 10 0 0
2 00000000c9bd5831 0000000035d264ec 00000000c01b9cfd 10 0 0
3 00000000c9bd5831 0000000035d264ec 00000000d3666331 10 0 0
4 00000000c9bd5831 0000000035d264ec 000000007fc00000 1 0 0
d 00000000c9bd5831 0000000035d264ec 0000000000000000 0 1 0
5 00000000c9bd5831 0000000000000000 000000003f54eca8 10 0 8
6 00000000c9bd5831 0000000000000000 000000003f0e1fb4 10 0 8
7 00000000c9bd5831 0000000035d264ec 00000000bfc90fdb 10 0 8
9 0000000049bd5831 0000000000000000 000000004164125b 10 0 8
0 0000000050b4d12b 0000000098ab5803 0000000050b4d12b 10 0 0
1 0000000050b4d12b 0000000098ab5803 0000000050b4d12b 10 0 0
2 0000000050b4d12b 0000000098ab5803 00000000a9f20bc3 10 0 0
3 0000000050b4d12b 0000000098ab5803 00000000f78713ae 10 0 0
4 0000000050b4d12b 0000000098ab5803 0000000048182229 10 0 0
d 0000000050b4d12b 0000000098ab5803 0000000000000000 0 0 0
5 0000000050b4d12b 0000000000000000 00000000be8055a7 10 0 8
6 0000000050b4d12b 0000000000000000 00000000bf77d3e3 10 0 8
7 0000000050b4d12b 0000000098ab5803 000000003fc90fdb 10 0 8
9 0000000050b4d12b 0000000000000000 0000000041bf4cb8 10 0 8
0 0000000086c37b16 00000000dd983706 00000000dd983706 10 0 0
1 0000000086c37b16 00000000dd983706 000000005d983706 10 0 0
2 0000000086c37b16 00000000dd983706 0000000024e87632 10 0 0
3 0000000086c37b16 00000000dd983706 0000000000000000 18 0 0
4 0000000086c37b16 00000000dd983706 000000007fc00000 1 0 0
d 0000000086c37b16 00000000dd983706 0000000000000000 0 0 0
5 0000000086c37b16 0000000000000000 0000000086c37b16 10 0 8
6 0000000086c37b16 0000000000000000 000000003f800000 10 0 8
7 0000000086c37b16 00000000dd983706 00000000c0490fdb 10 0 8
9 0000000006c37b16 0000000000000000 00000000c29d30d1 10 0 8
0 00000000b46bcdfa 0000000077498910 0000000077498910 10 0 0
1 00000000b46bcdfa 0000000077498910 00000000f7498910 10 0 0
2 00000000b46bcdfa 0000000077498910 00000000ec39a2f9 10 0 0
3 00000000b46bcdfa 0000000077498910 00000000800095c4 18 0 0
4 00000000b46bcdfa 0000000077498910 000000007fc00000 1 0 0
d 00000000b46bcdfa 0000000077498910 0000000000000000 0 1 0
5 00000000b46bcdfa 0000000000000000 00000000b46bcdfa 10 0 8
6 00000000b46bcdfa 0000000000000000 000000003f800000 10 0 8
7 00000000b46bcdfa 0000000077498910 00000000800095c4 18 0 8
9 00000000346bcdfa 0000000000000000 00000000c1754d77 10 0 8
0 000000008b1eee85 000000008f02d9a2 000000008f037891 10 0 0
1 000000008b1eee85 000000008f02d9a2 000000000f023ab3 10 0 0
2 000000008b1eee85 000000008f02d9a2 0000000000000000 18 0 0
3 000000008b1eee85 000000008f02d9a2 000000003b9b784d 10 0 0
4 000000008b1eee85 000000008f02d9a2 000000007fc00000 1 0 0
d 000000008b1eee85 000000008f02d9a2 0000000000000000 0 0 0
5 000000008b1eee85 0000000000000000 000000008b1eee85 10 0 8
6 000000008b1eee85 0000000000000000 000000003f800000 10 0 8
7 000000008b1eee85 000000008f02d9a2 00000000c048c21f 10 0 8
9 000000000b1eee85 0000000000000000 00000000c29120c6 10 0 8
0 0000000052e88499 000000000d0b3124 0000000052e88499 10 0 0
1 0000000052e88499 000000000d0b3124 0000000052e88499 10 0 0
2 0000000052e88499 000000000d0b3124 00000000207cd942 10 0 0
3 0000000052e88499 000000000d0b3124 000000007f800000 14 0 0
4 0000000052e88499 000000000d0b3124 00000000492c847d 10 0 0
d 0000000052e88499 000000000d0b3124 0000000000000000 0 0 0
5 0000000052e88499 0000000000000000 000000003ef84791 10 0 8
6 0000000052e88499 0000000000000000 00000000bf5fe308 10 0 8
7 0000000052e88499 000000000d0b3124 000000003fc90fdb 10 0 8
9 0000000052e88499 0000000000000000 0000000041d77e03 10 0 8
0 000000000edf12d3 000000007c2596b1 000000007c2596b1 10 0 0
1 000000000edf12d3 000000007c2596b1 00000000fc2596b1 10 0 0
2 000000000edf12d3 000000007c2596b1 000000004b904a71 10 0 0
3 000000000edf12d3 000000007c2596b1 0000000000000000 18 0 0
4 000000000edf12d3 000000007c2596b1 000000002728fa41 10 0 0
d 000000000edf12d3 000000007c2596b1 0000000000000000 0 1 0
5 000000000edf12d3 0000000000000000 000000000edf12d3 10 0 8
6 000000000edf12d3 0000000000000000 000000003f800000 10 0 8
7 000000000edf12d3 000000007c2596b1 0000000000000000 18 0 8
9 000000000edf12d3 0000000000000000 00000000c286bef4 10 0 8
0 000000001089e8c8 000000009f8f3e00 000000009f8f3e00 10 0 0
1 000000001089e8c8 000000009f8f3e00 000000001f8f3e00 10 0 0
2 000000001089e8c8 000000009f8f3e00 0000000080000000 18 0 0
3 000000001089e8c8 000000009f8f3e00 00000000b076781b 10 0 0
4 000000001089e8c8 000000009f8f3e00 000000002804dcc0 10 0 0
d 000000001089e8c8 000000009f8f3e00 0000000000000000 0 0 0
5 000000001089e8c8 0000000000000000 000000001089e8c8 10 0 8
6 000000001089e8c8 0000000000000000 000000003f800000 10 0 8
7 000000001089e8c8 000000009f8f3e00 0000000040490fdb 10 0 8
9 000000001089e8c8 0000000000000000 00000000c282299c 10 0 8
0 0000000071af46c7 00000000b78aa5fc 0000000071af46c7 10 0 0
1 0000000071af46c7 00000000b78aa5fc 0000000071af46c7 10 0 0
2 0000000071af46c7 00000000b78aa5fc 00000000e9bddb99 10 0 0
3 0000000071af46c7 00000000b78aa5fc 00000000f9a1d0a5 10 0 0
4 0000000071af46c7 00000000b78aa5fc 000000005895c8d3 10 0 0
d 0000000071af46c7 00000000b78aa5fc 0000000000000000 0 0 0
5 0000000071af46c7 0000000000000000 00000000be0c9d35 10 0 8
6 0000000071af46c7 0000000000000000 000000003f7d932d 10 0 8
7 0000000071af46c7 00000000b78aa5fc 000000003fc90fdb 10 0 8
9 0000000071af46c7 0000000000000000 00000000428b4213 10 0 8
0 00000000859fd8a6 00000000afefdb83 00000000afefdb83 10 0 0
1 00000000859fd8a6 00000000afefdb83 000000002fefdb83 10 0 0
2 00000000859fd8a6 00000000afefdb83 0000000000000005 18 0 0
3 00000000859fd8a6 00000000afefdb83 00000000152a9aa1 10 0 0
4 00000000859fd8a6 00000000afefdb83 000000007fc00000 1 0 0
d 00000000859fd8a6 00000000afefdb83 0000000000000000 0 0 0
5 00000000859fd8a6 0000000000000000 00000000859fd8a6 10 0 8
6 00000000859fd8a6 0000000000000000 000000003f800000 10 0 8
7 00000000859fd8a6 00000000afefdb83 00000000c0490fdb 10 0 8
9 00000000059fd8a6 0000000000000000 00000000c2a05da4 10 0 8
0 00000000c76da84c 000000003ee63ebe 00000000c76da7d9 10 0 0
1 00000000c76da84c 000000003ee63ebe 00000000c76da8bf 10 0 0
2 00000000c76da84c 000000003ee63ebe 00000000c6d5bf73 10 0 0
3 00000000c76da84c 000000003ee63ebe 00000000c8041ee8 10 0 0
4 00000000c76da84c 000000003ee63ebe 000000007fc00000 1 0 0
d 00000000c76da84c 000000003ee63ebe 0000000000000000 0 1 0
5 00000000c76da84c 0000000000000000 00000000be590333 10 0 8
6 00000000c76da84c 0000000000000000 000000003f7a2f65 10 0 8
7 00000000c76da84c 000000003ee63ebe 00000000bfc90f9d 10 0 8
9 00000000476da84c 0000000000000000 0000000041304191 10 0 8
0 00000000df01c6e6 000000001c73d408 00000000df01c6e6 10 0 0
1 00000000df01c6e6 000000001c73d408 00000000df01c6e6 10 0 0
2 00000000df01c6e6 000000001c73d408 00000000bbf73692 10 0 0
3 00000000df01c6e6 000000001c73d408 00000000ff800000 14 0 0
4 00000000df01c6e6 000000001c73d408 000000007fc00000 1 0 0
d 00000000df01c6e6 000000001c73d408 0000000000000000 0 1 0
5 00000000df01c6e6 0000000000000000 000000003eed0d62 10 0 8
6 00000000df01c6e6 0000000000000000 000000003f62e8a0 10 0 8
7 00000000df01c6e6 000000001c73d408 00000000bfc90fdb 10 0 8
9 000000005f01c6e6 0000000000000000 00000000422eba6e 10 0 8
0 00000000b8ae0951 000000004906a7f3 000000004906a7f3 10 0 0
1 00000000b8ae0951 000000004906a7f3 00000000c906a7f3 10 0 0
2 00000000b8ae0951 000000004906a7f3 00000000c237161b 10 0 0
3 00000000b8ae0951 000000004906a7f3 00000000af256f0c 10 0 0
4 00000000b8ae0951 000000004906a7f3 000000007fc00000 1 0 0
d 00000000b8ae0951 000000004906a7f3 0000000000000000 0 1 0
5 00000000b8ae0951 0000000000000000 00000000b8ae0951 10 0 8
6 00000000b8ae0951 0000000000000000 000000003f800000 10 0 8
7 00000000b8ae0951 000000004906a7f3 00000000af256f0c 10 0 8
9 0000000038ae0951 0000000000000000 00000000c1165967 10 0 8
0 0000000022e9a8ef 00000000e97c21b5 00000000e97c21b5 10 0 0
1 0000000022e9a8ef 00000000e97c21b5 00000000697c21b5 10 0 0
2 0000000022e9a8ef 00000000e97c21b5 00000000cce6210f 10 0 0
3 0000000022e9a8ef 00000000e97c21b5 00000000800000ed 18 0 0
4 0000000022e9a8ef 00000000e97c21b5 00000000312cf0ce 10 0 0
d 0000000022e9a8ef 00000000e97c21b5 0000000000000000 0 0 0
5 0000000022e9a8ef 0000000000000000 0000000022e9a8ef 10 0 8
6 0000000022e9a8ef 0000000000000000 000000003f800000 10 0 8
7 0000000022e9a8ef 00000000e97c21b5 0000000040490fdb 10 0 8
9 0000000022e9a8ef 0000000000000000 00000000c21e671e 10 0 8
0 00000000c41c5510 0000000099703baf 00000000c41c5510 10 0 0
1 00000000c41c5510 0000000099703baf 00000000c41c5510 10 0 0
2 00000000c41c5510 0000000099703baf 000000001e12b431 10 0 0
3 00000000c41c5510 0000000099703baf 000000006a2697b4 10 0 0
4 00000000c41c5510 0000000099703baf 000000007fc00000 1 0 0
d 00000000c41c5510 0000000099703baf 0000000000000000 0 1 0
5 00000000c41c5510 0000000000000000 000000003e1b36ff 10 0 8
6 00000000c41c5510 0000000000000000 00000000bf7d0ac3 10 0 8
7 00000000c41c5510 0000000099703baf 00000000bfc90fdb 10 0 8
9 00000000441c5510 0000000000000000 0000000040ce0660 10 0 8
0 000000005eb7010d 000000006c493686 000000006c493686 10 0 0
1 000000005eb7010d 000000006c493686 00000000ec493686 10 0 0
2 000000005eb7010d 000000006c493686 000000007f800000 14 0 0
3 000000005eb7010d 000000006c493686 0000000031e8d549 10 0 0
4 000000005eb7010d 000000006c493686 000000004f190cfd 10 0 0
d 000000005eb7010d 000000006c493686 0000000000000000 0 1 0
5 000000005eb7010d 0000000000000000 00000000bf6841ec 10 0 8
6 000000005eb7010d 0000000000000000 000000003ed75624 10 0 8
7 000000005eb7010d 000000006c493686 0000000031e8d549 10 0 8
9 000000005eb7010d 0000000000000000 00000000422d5496 10 0 8
0 0000000019a3aa8a 00000000f2a94293 00000000f2a94293 10 0 0
1 0000000019a3aa8a 00000000f2a94293 0000000072a94293 10 0 0
2 0000000019a3aa8a 00000000f2a94293 00000000ccd86c4a 10 0 0
3 0000000019a3aa8a 00000000f2a94293 0000000080000000 18 0 0
4 0000000019a3aa8a 00000000f2a94293 000000002c90bd17 10 0 0
d 0000000019a3aa8a 00000000f2a94293 0000000000000000 0 0 0
5 0000000019a3aa8a 0000000000000000 0000000019a3aa8a 10 0 8
6 0000000019a3aa8a 0000000000000000 000000003f800000 10 0 8
7 0000000019a3aa8a 00000000f2a94293 0000000040490fdb 10 0 8
9 0000000019a3aa8a 0000000000000000 00000000c251bbca 10 0 8
0 000000008592b22e 00000000a9346365 00000000a9346365 10 0 0
1 000000008592b22e 00000000a9346365 0000000029346365 10 0 0
2 000000008592b22e 00000000a9346365 0000000000000000 18 0 0
3 000000008592b22e 00000000a9346365 000000001bd02f6e 10 0 0
4 000000008592b22e 00000000a9346365 000000007fc00000 1 0 0
d 000000008592b22e 00000000a9346365 0000000000000000 0 0 0
5 000000008592b22e 0000000000000000 000000008592b22e 10 0 8
6 000000008592b22e 0000000000000000 000000003f800000 10 0 8
7 000000008592b22e 00000000a9346365 00000000c0490fdb 10 0 8
9 000000000592b22e 0000000000000000 00000000c2a08998 10 0 8
0 000000008e42e8e9 00000000b8ab8986 00000000b8ab8986 10 0 0
1 000000008e42e8e9 00000000b8ab8986 0000000038ab8986 10 0 0
2 000000008e42e8e9 00000000b8ab8986 0000000007829a48 10 0 0
3 000000008e42e8e9 00000000b8ab8986 00000000151170c4 10 0 0
4 000000008e42e8e9 00000000b8ab8986 000000007fc00000 1 0 0
d 000000008e42e8e9 00000000b8ab8986 0000000000000000 0 0 0
5 000000008e42e8e9 0000000000000000 000000008e42e8e9 10 0 8
6 000000008e42e8e9 0000000000000000 000000003f800000 10 0 8
7 000000008e42e8e9 00000000b8ab8986 00000000c0490fdb 10 0 8
9 000000000e42e8e9 0000000000000000 00000000c28866f2 10 0 8
0 00000000fafe842b 000000006505d3d6 00000000fafe842b 10 0 0
1 00000000fafe842b 000000006505d3d6 00000000fafe842b 10 0 0
2 00000000fafe842b 000000006505d3d6 00000000ff800000 14 0 0
3 00000000fafe842b 000000006505d3d6 00000000d5736ef6 10 0 0
4 00000000fafe842b 000000006505d3d6 000000007fc00000 1 0 0
d 00000000fafe842b 000000006505d3d6 0000000000000000 0 1 0
5 00000000fafe842b 0000000000000000 000000003ed01931 10 0 8
6 00000000fafe842b 0000000000000000 000000003f69e6b4 10 0 8
7 00000000fafe842b 000000006505d3d6 00000000bfc90fdb 10 0 8
9 000000007afe842b 0000000000000000 0000000042a4f518 10 0 8
0 000000003090f149 00000000f98104b5 00000000f98104b5 10 0 0
1 000000003090f149 00000000f98104b5 00000000798104b5 10 0 0
2 000000003090f149 00000000f98104b5 00000000ea921880 10 0 0
3 000000003090f149 00000000f98104b5 0000000080000009 18 0 0
4 000000003090f149 00000000f98104b5 0000000038083545 10 0 0
d 000000003090f149 00000000f98104b5 0000000000000000 0 0 0
5 000000003090f149 0000000000000000 000000003090f149 10 0 8
6 000000003090f149 0000000000000000 000000003f800000 10 0 8
7 000000003090f149 00000000f98104b5 0000000040490fdb 10 0 8
9 000000003090f149 0000000000000000 00000000c1a55c62 10 0 8
0 00000000fbeecffe 000000006032c036 00000000fbeecffe 10 0 0
1 00000000fbeecffe 000000006032c036 00000000fbeecffe 10 0 0
2 00000000fbeecffe 000000006032c036 00000000ff800000 14 0 0
3 00000000fbeecffe 000000006032c036 00000000db2b024d 10 0 0
4 00000000fbeecffe 000000006032c036 000000007fc00000 1 0 0
d 00000000fbeecffe 000000006032c036 0000000000000000 0 1 0
5 00000000fbeecffe 0000000000000000 000000003f161cd6 10 0 8
6 00000000fbeecffe 0000000000000000 00000000bf4f5ea5 10 0 8
7 00000000fbeecffe 000000006032c036 00000000bfc90fdb 10 0 8
9 000000007beecffe 0000000000000000 0000000042a79a45 10 0 8
0 000000003eb799ac 000000007dcd92cd 000000007dcd92cd 10 0 0
1 000000003eb799ac 000000007dcd92cd 00000000fdcd92cd 10 0 0
2 000000003eb799ac 000000007dcd92cd 000000007d136f57 10 0 0
3 000000003eb799ac 000000007dcd92cd 0000000000725186 18 0 0
4 000000003eb799ac 000000007dcd92cd 000000003f194cc1 10 0 0
d 000000003eb799ac 000000007dcd92cd 0000000000000000 0 1 0
5 000000003eb799ac 0000000000000000 000000003eb3b0ce 10 0 8
6 000000003eb799ac 0000000000000000 000000003f6fb754 10 0 8
7 000000003eb799ac 000000007dcd92cd 0000000000725186 18 0 8
9 000000003eb799ac 0000000000000000 00000000bf8345ab 10 0 8
0 000000003d1ef5e7 0000000097eee2f6 000000003d1ef5e7 10 0 0
1 000000003d1ef5e7 0000000097eee2f6 000000003d1ef5e7 10 0 0
2 000000003d1ef5e7 0000000097eee2f6 000000009594558b 10 0 0
3 000000003d1ef5e7 0000000097eee2f6 00000000e4aa5925 10 0 0
4 000000003d1ef5e7 0000000097eee2f6 000000003e49ba30 10 0 0
d 000000003d1ef5e7 0000000097eee2f6 0000000000000000 0 0 0
5 000000003d1ef5e7 0000000000000000 000000003d1eebb0 10 0 8
6 000000003d1ef5e7 0000000000000000 000000003f7fcea7 10 0 8
7 000000003d1ef5e7 0000000097eee2f6 000000003fc90fdb 10 0 8
9 000000003d1ef5e7 0000000000000000 00000000c04ff16b 10 0 8
0 000000003db0e2ee 000000001c4b7118 000000003db0e2ee 10 0 0
1 000000003db0e2ee 000000001c4b7118 000000003db0e2ee 10 0 0
2 000000003db0e2ee 000000001c4b7118 000000001a8c9217 10 0 0
3 000000003db0e2ee 000000001c4b7118 0000000060de9590 10 0 0
4 000000003db0e2ee 000000001c4b7118 000000003e967887 10 0 0
d 000000003db0e2ee 000000001c4b7118 0000000000000000 0 0 0
5 000000003db0e2ee 0000000000000000 000000003db0aaa6 10 0 8
6 000000003db0e2ee 0000000000000000 000000003f7f0bb5 10 0 8
7 000000003db0e2ee 000000001c4b7118 000000003fc90fdb 10 0 8
9 000000003db0e2ee 0000000000000000 00000000c01cbe3c 10 0 8
0 000000003f614dac 00000000cc4c1e06 00000000cc4c1e06 10 0 0
1 000000003f614dac 00000000cc4c1e06 000000004c4c1e06 10 0 0
2 000000003f614dac 00000000cc4c1e06 00000000cc33a451 10 0 0
3 000000003f614dac 00000000cc4c1e06 00000000b28d491e 10 0 0
4 000000003f614dac 00000000cc4c1e06 000000003f702969 10 0 0
d 000000003f614dac 00000000cc4c1e06 0000000000000000 0 0 0
5 000000003f614dac 0000000000000000 000000003f4552f6 10 0 8
6 000000003f614dac 0000000000000000 000000003f2317b8 10 0 8
7 000000003f614dac 00000000cc4c1e06 0000000040490fdb 10 0 8
9 000000003f614dac 0000000000000000 00000000be02cb84 10 0 8
0 00000000be13c1c0 00000000035ff875 00000000be13c1c0 10 0 0
1 00000000be13c1c0 00000000035ff875 00000000be13c1c0 10 0 0
2 00000000be13c1c0 00000000035ff875 000000008201452d 10 0 0
3 00000000be13c1c0 00000000035ff875 00000000fa28e31e 10 0 0
4 00000000be13c1c0 00000000035ff875 000000007fc00000 1 0 0
d 00000000be13c1c0 00000000035ff875 0000000000000000 0 1 0
5 00000000be13c1c0 0000000000000000 00000000be133ea0 10 0 8
6 00000000be13c1c0 0000000000000000 000000003f7d56ee 10 0 8
7 00000000be13c1c0 00000000035ff875 00000000bfc90fdb 10 0 8
9 000000003e13c1c0 0000000000000000 00000000bff7cbb3 10 0 8
0 000000007675edfd 00000000b28f2b18 000000007675edfd 10 0 0
1 000000007675edfd 00000000b28f2b18 000000007675edfd 10 0 0
2 000000007675edfd 00000000b28f2b18 00000000e9898956 10 0 0
3 000000007675edfd 00000000b28f2b18 00000000ff800000 14 0 0
4 000000007675edfd 00000000b28f2b18 000000005afaea10 10 0 0
d 000000007675edfd 00000000b28f2b18 0000000000000000 0 0 0
5 000000007675edfd 0000000000000000 000000003f2dcd3c 10 0 8
6 000000007675edfd 0000000000000000 00000000bf3bf5c4 10 0 8
7 000000007675edfd 00000000b28f2b18 000000003fc90fdb 10 0 8
9 000000007675edfd 0000000000000000 0000000042986980 10 0 8
0 00000000aa6c1d2e 0000000010f0f08a 00000000aa6c1d2e 10 0 0
1 00000000aa6c1d2e 0000000010f0f08a 00000000aa6c1d2e 10 0 0
2 00000000aa6c1d2e 0000000010f0f08a 000000008000378e 18 0 0
3 00000000aa6c1d2e 0000000010f0f08a 00000000d8fadf6c 10 0 0
4 00000000aa6c1d2e 0000000010f0f08a 000000007fc00000 1 0 0
d 00000000aa6c1d2e 0000000010f0f08a 0000000000000000 0 1 0
5 00000000aa6c1d2e 0000000000000000 00000000aa6c1d2e 10 0 8
6 00000000aa6c1d2e 0000000000000000 000000003f800000 10 0 8
7 00000000aa6c1d2e 0000000010f0f08a 00000000bfc90fdb 10 0 8
9 000000002a6c1d2e 0000000000000000 00000000c1e98b5b 10 0 8
0 00000000d2d748ba 0000000043c2be1a 00000000d2d748ba 10 0 0
1 00000000d2d748ba 0000000043c2be1a 00000000d2d748ba 10 0 0
2 00000000d2d748ba 0000000043c2be1a 00000000d723c4fb 10 0 0
3 00000000d2d748ba 0000000043c2be1a 00000000ce8d8061 10 0 0
4 00000000d2d748ba 0000000043c2be1a 000000007fc00000 1 0 0
d 00000000d2d748ba 0000000043c2be1a 0000000000000000 0 1 0
5 00000000d2d748ba 0000000000000000 000000003e45b930 10 0 8
6 00000000d2d748ba 0000000000000000 00000000bf7b2eb1 10 0 8
7 00000000d2d748ba 0000000043c2be1a 00000000bfc90fdb 10 0 8
9 0000000052d748ba 0000000000000000 0000000041d6e04d 10 0 8
0 00000000943f775a 0000000020554c30 0000000020554c2f 10 0 0
1 00000000943f775a 0000000020554c30 00000000a0554c31 10 0 0
2 00000000943f775a 0000000020554c30 0000000080000001 18 0 0
3 00000000943f775a 0000000020554c30 00000000b365cc46 10 0 0
4 00000000943f775a 0000000020554c30 000000007fc00000 1 0 0
d 00000000943f775a 0000000020554c30 0000000000000000 0 1 0
5 00000000943f775a 0000000000000000 00000000943f775a 10 0 8
6 00000000943f775a 0000000000000000 000000003f800000 10 0 8
7 00000000943f775a 0000000020554c30 00000000b365cc46 10 0 8
9 00000000143f775a 0000000000000000 00000000c26f9ac0 10 0 8
0 00000000b3b213f9 00000000c86428ff 00000000c86428ff 10 0 0
1 00000000b3b213f9 00000000c86428ff 00000000486428ff 10 0 0
2 00000000b3b213f9 00000000c86428ff 000000003c9eb64e 10 0 0
3 00000000b3b213f9 00000000c86428ff 000000002ac7ce92 10 0 0
4 00000000b3b213f9 00000000c86428ff 000000007fc00000 1 0 0
d 00000000b3b213f9 00000000c86428ff 0000000000000000 0 0 0
5 00000000b3b213f9 0000000000000000 00000000b3b213f9 10 0 8
6 00000000b3b213f9 0000000000000000 000000003f800000 10 0 8
7 00000000b3b213f9 00000000c86428ff 00000000c0490fdb 10 0 8
9 0000000033b213f9 0000000000000000 00000000c1827157 10 0 8
0 00000000e2062602 00000000fe08d941 00000000fe08d941 10 0 0
1 00000000e2062602 00000000fe08d941 000000007e08d941 10 0 0
2 00000000e2062602 00000000fe08d941 000000007f800000 14 0 0
3 00000000e2062602 00000000fe08d941 00000000237af2e6 10 0 0
4 00000000e2062602 00000000fe08d941 000000007fc00000 1 0 0
d 00000000e2062602 00000000fe08d941 0000000000000000 0 0 0
5 00000000e2062602 0000000000000000 00000000bf17c1af 10 0 8
6 00000000e2062602 0000000000000000 00000000bf4e2b71 10 0 8
7 00000000e2062602 00000000fe08d941 00000000c0490fdb 10 0 8
9 0000000062062602 0000000000000000 00000000423f7f0d 10 0 8
0 000000004131f1f1 000000009ef220b6 000000004131f1f1 10 0 0
1 000000004131f1f1 000000009ef220b6 000000004131f1f1 10 0 0
2 000000004131f1f1 000000009ef220b6 00000000a0a84d73 10 0 0
3 000000004131f1f1 000000009ef220b6 00000000e1bc23dd 10 0 0
4 000000004131f1f1 000000009ef220b6 0000000040556f07 10 0 0
d 000000004131f1f1 000000009ef220b6 0000000000000000 0 0 0
5 000000004131f1f1 0000000000000000 00000000bf7df884 10 0 8
6 000000004131f1f1 0000000000000000 000000003e00ad1c 10 0 8
7 000000004131f1f1 000000009ef220b6 000000003fc90fdb 10 0 8
9 000000004131f1f1 0000000000000000 00000000401a2b31 10 0 8
0 0000000086753544 000000003b69006a 000000003b69006a 10 0 0
1 0000000086753544 000000003b69006a 00000000bb69006a 10 0 0
2 0000000086753544 000000003b69006a 00000000825f2de0 10 0 0
3 0000000086753544 000000003b69006a 000000008a86b4a5 10 0 0
4 0000000086753544 000000003b69006a 000000007fc00000 1 0 0
d 0000000086753544 000000003b69006a 0000000000000000 0 1 0
5 0000000086753544 0000000000000000 0000000086753544 10 0 8
6 0000000086753544 0000000000000000 000000003f800000 10 0 8
7 0000000086753544 000000003b69006a 000000008a86b4a5 10 0 8
9 0000000006753544 0000000000000000 00000000c29e1fab 10 0 8
0 0000000077edf6d8 00000000efe4da23 0000000077edf5f3 10 0 0
1 0000000077edf6d8 00000000efe4da23 0000000077edf7bd 10 0 0
2 0000000077edf6d8 00000000efe4da23 00000000ff800000 14 0 0
3 0000000077edf6d8 00000000efe4da23 00000000c78518b7 10 0 0
4 0000000077edf6d8 00000000efe4da23 000000005bae86ba 10 0 0
d 0000000077edf6d8 00000000efe4da23 0000000000000000 0 0 0
5 0000000077edf6d8 0000000000000000 000000003f43e795 10 0 8
6 0000000077edf6d8 0000000000000000 00000000bf24cb83 10 0 8
7 0000000077edf6d8 00000000efe4da23 000000003fc91056 10 0 8
9 0000000077edf6d8 0000000000000000 00000000429c8151 10 0 8
0 00000000e0b08e13 00000000df2043ea 00000000e0c49690 10 0 0
1 00000000e0b08e13 00000000df2043ea 00000000e09c8596 10 0 0
2 00000000e0b08e13 00000000df2043ea 000000007f800000 14 0 0
3 00000000e0b08e13 00000000df2043ea 00000000410d029b 10 0 0
4 00000000e0b08e13 00000000df2043ea 000000007fc00000 1 0 0
d 00000000e0b08e13 00000000df2043ea 0000000000000000 0 1 0
5 00000000e0b08e13 0000000000000000 00000000bf6b775d 10 0 8
6 00000000e0b08e13 0000000000000000 00000000bec8ea10 10 0 8
7 00000000e0b08e13 00000000df2043ea 00000000bfd7861b 10 0 8
9 0000000060b08e13 0000000000000000 00000000423846fb 10 0 8
0 000000003cf060c4 000000002df7eeb0 000000003cf060c4 10 0 0
1 000000003cf060c4 000000002df7eeb0 000000003cf060c4 10 0 0
2 000000003cf060c4 000000002df7eeb0 000000002b68cd7c 10 0 0
3 000000003cf060c4 000000002df7eeb0 000000004e783326 10 0 0
4 000000003cf060c4 000000002df7eeb0 000000003e2f68c0 10 0 0
d 000000003cf060c4 000000002df7eeb0 0000000000000000 0 0 0
5 000000003cf060c4 0000000000000000 000000003cf057ef 10 0 8
6 000000003cf060c4 0000000000000000 000000003f7fe3ca 10 0 8
7 000000003cf060c4 000000002df7eeb0 000000003fc90fdb 10 0 8
9 000000003cf060c4 0000000000000000 00000000c061d63b 10 0 8
0 00000000d41152a0 0000000036e09dc2 00000000d41152a0 10 0 0
1 00000000d41152a0 0000000036e09dc2 00000000d41152a0 10 0 0
2 00000000d41152a0 0000000036e09dc2 00000000cb7f03b4 10 0 0
3 00000000d41152a0 0000000036e09dc2 00000000dca5a0a3 10 0 0
4 00000000d41152a0 0000000036e09dc2 000000007fc00000 1 0 0
d 00000000d41152a0 0000000036e09dc2 0000000000000000 0 1 0
5 00000000d41152a0 0000000000000000 000000003f6fcc63 10 0 8
6 00000000d41152a0 0000000000000000 000000003eb34043 10 0 8
7 00000000d41152a0 0000000036e09dc2 00000000bfc90fdb 10 0 8
9 00000000541152a0 0000000000000000 0000000041e45e21 10 0 8
0 000000008e4122ae 00000000e8824324 00000000e8824324 10 0 0
1 000000008e4122ae 00000000e8824324 0000000068824324 10 0 0
2 000000008e4122ae 00000000e8824324 0000000037448c87 10 0 0
3 000000008e4122ae 00000000e8824324 0000000000000000 18 0 0
4 000000008e4122ae 00000000e8824324 000000007fc00000 1 0 0
d 000000008e4122ae 00000000e8824324 0000000000000000 0 0 0
5 000000008e4122ae 0000000000000000 000000008e4122ae 10 0 8
6 000000008e4122ae 0000000000000000 000000003f800000 10 0 8
7 000000008e4122ae 00000000e8824324 00000000c0490fdb 10 0 8
9 000000000e4122ae 0000000000000000 00000000c2886ba1 10 0 8
0 00000000bc34f9b7 0000000043430ef6 0000000043430c22 10 0 0
1 00000000bc34f9b7 0000000043430ef6 00000000c34311ca 10 0 0
2 00000000bc34f9b7 0000000043430ef6 00000000c009e4ca 10 0 0
3 00000000bc34f9b7 0000000043430ef6 00000000b86d8461 10 0 0
4 00000000bc34f9b7 0000000043430ef6 000000007fc00000 1 0 0
d 00000000bc34f9b7 0000000043430ef6 0000000000000000 0 1 0
5 00000000bc34f9b7 0000000000000000 00000000bc34f8c6 10 0 8
6 00000000bc34f9b7 0000000000000000 000000003f7ffc01 10 0 8
7 00000000bc34f9b7 0000000043430ef6 00000000b86d8461 10 0 8
9 000000003c34f9b7 0000000000000000 00000000c0902eb0 10 0 8
0 00000000712628b8 00000000321f26a0 00000000712628b8 10 0 0
1 00000000712628b8 00000000321f26a0 00000000712628b8 10 0 0
2 00000000712628b8 00000000321f26a0 0000000063ce98b8 10 0 0
3 00000000712628b8 00000000321f26a0 000000007e85a2ef 10 0 0
4 00000000712628b8 00000000321f26a0 00000000584e3e8c 10 0 0
d 00000000712628b8 00000000321f26a0 0000000000000000 0 0 0
5 00000000712628b8 0000000000000000 00000000beee254f 10 0 8
6 00000000712628b8 0000000000000000 00000000bf629f4d 10 0 8
7 00000000712628b8 00000000321f26a0 000000003fc90fdb 10 0 8
9 00000000712628b8 0000000000000000 000000004289c3d5 10 0 8
0 000000000fa2f565 0000000070c1c1a2 0000000070c1c1a2 10 0 0
1 000000000fa2f565 0000000070c1c1a2 00000000f0c1c1a2 10 0 0
2 000000000fa2f565 0000000070c1c1a2 0000000040f6ac87 10 0 0
3 000000000fa2f565 0000000070c1c1a2 0000000000000000 18 0 0
4 000000000fa2f565 0000000070c1c1a2 0000000027906ce7 10 0 0
d 000000000fa2f565 0000000070c1c1a2 0000000000000000 0 1 0
5 000000000fa2f565 0000000000000000 000000000fa2f565 10 0 8
6 000000000fa2f565 0000000000000000 000000003f800000 10 0 8
7 000000000fa2f565 0000000070c1c1a2 0000000000000000 18 0 8
9 000000000fa2f565 0000000000000000 00000000c28499f1 10 0 8
0 0000000056411ed8 00000000c6dea6b5 0000000056411ed8 10 0 0
1 0000000056411ed8 00000000c6dea6b5 0000000056411ed8 10 0 0
2 0000000056411ed8 00000000c6dea6b5 00000000dda7f682 10 0 0
3 0000000056411ed8 00000000c6dea6b5 00000000cede0bd1 10 0 0
4 0000000056411ed8 00000000c6dea6b5 000000004ade5936 10 0 0
d 0000000056411ed8 00000000c6dea6b5 0000000000000000 0 0 0
5 0000000056411ed8 0000000000000000 000000003f7c5cbc 10 0 8
6 0000000056411ed8 0000000000000000 000000003e2c0383 10 0 8
7 0000000056411ed8 00000000c6dea6b5 000000003fc90fdb 10 0 8
9 0000000056411ed8 0000000000000000 0000000041fcd2c1 10 0 8
0 000000005309f991 00000000eb461e0c 00000000eb461e0c 10 0 0
1 000000005309f991 00000000eb461e0c 000000006b461e0c 10 0 0
2 000000005309f991 00000000eb461e0c 00000000fed58e70 10 0 0
3 000000005309f991 00000000eb461e0c 00000000a732493c 10 0 0
4 000000005309f991 00000000eb461e0c 00000000493bf0b9 10 0 0
d 000000005309f991 00000000eb461e0c 0000000000000000 0 0 0
5 000000005309f991 0000000000000000 000000003f10c701 10 0 8
6 000000005309f991 0000000000000000 00000000bf532110 10 0 8
7 000000005309f991 00000000eb461e0c 0000000040490fdb 10 0 8
9 000000005309f991 0000000000000000 0000000041d8dcbc 10 0 8
0 000000003876c3af 00000000e069266e 00000000e069266e 10 0 0
1 000000003876c3af 00000000e069266e 000000006069266e 10 0 0
2 000000003876c3af 00000000e069266e 00000000d960bd25 10 0 0
3 000000003876c3af 00000000e069266e 000000009787796a 10 0 0
4 000000003876c3af 00000000e069266e 000000003bfb56fc 10 0 0
d 000000003876c3af 00000000e069266e 0000000000000000 0 0 0
5 000000003876c3af 0000000000000000 000000003876c3af 10 0 8
6 000000003876c3af 0000000000000000 000000003f800000 10 0 8
7 000000003876c3af 00000000e069266e 0000000040490fdb 10 0 8
9 000000003876c3af 0000000000000000 00000000c11bda55 10 0 8
0 00000000503403bc 00000000d83e983d 00000000d83e9789 10 0 0
1 00000000503403bc 00000000d83e983d 00000000583e98f1 10 0 0
2 00000000503403bc 00000000d83e983d 00000000e90605d3 10 0 0
3 00000000503403bc 00000000d83e983d 00000000b771ca09 10 0 0
4 00000000503403bc 00000000d83e983d 0000000047d6abd5 10 0 0
d 00000000503403bc 00000000d83e983d 0000000000000000 0 0 0
5 00000000503403bc 0000000000000000 000000003f5c158f 10 0 8
6 00000000503403bc 0000000000000000 00000000bf02c34e 10 0 8
7 00000000503403bc 00000000d83e983d 0000000040490f9e 10 0 8
9 00000000503403bc 0000000000000000 0000000041b9b80b 10 0 8
0 000000006c1e8981 0000000018f015d6 000000006c1e8981 10 0 0
1 000000006c1e8981 0000000018f015d6 000000006c1e8981 10 0 0
2 000000006c1e8981 0000000018f015d6 000000004594ae6f 10 0 0
3 000000006c1e8981 0000000018f015d6 000000007f800000 14 0 0
4 000000006c1e8981 0000000018f015d6 0000000055c9755c 10 0 0
d 000000006c1e8981 0000000018f015d6 0000000000000000 0 0 0
5 000000006c1e8981 0000000000000000 000000003f68fdff 10 0 8
6 000000006c1e8981 0000000000000000 00000000bed4235c 10 0 8
7 000000006c1e8981 0000000018f015d6 000000003fc90fdb 10 0 8
9 000000006c1e8981 0000000000000000 0000000042779dc1 10 0 8
0 000000005311c693 0000000013b1fd32 000000005311c693 10 0 0
1 000000005311c693 0000000013b1fd32 000000005311c693 10 0 0
2 000000005311c693 0000000013b1fd32 00000000274ab4f3 10 0 0
3 000000005311c693 0000000013b1fd32 000000007ed1aaf6 10 0 0
4 000000005311c693 0000000013b1fd32 0000000049412e1f 10 0 0
d 000000005311c693 0000000013b1fd32 0000000000000000 0 0 0
5 000000005311c693 0000000000000000 000000003e37f27a 10 0 8
6 000000005311c693 0000000000000000 000000003f7bd5f0 10 0 8
7 000000005311c693 0000000013b1fd32 000000003fc90fdb 10 0 8
9 000000005311c693 0000000000000000 0000000041d94d5f 10 0 8
0 00000000aee2cc19 000000001b536289 00000000aee2cc19 10 0 0
1 00000000aee2cc19 000000001b536289 00000000aee2cc19 10 0 0
2 00000000aee2cc19 000000001b536289 000000008abb4584 10 0 0
3 00000000aee2cc19 000000001b536289 00000000d3095529 10 0 0
4 00000000aee2cc19 000000001b536289 000000007fc00000 1 0 0
d 00000000aee2cc19 000000001b536289 0000000000000000 0 1 0
5 00000000aee2cc19 0000000000000000 00000000aee2cc19 10 0 8
6 00000000aee2cc19 0000000000000000 000000003f800000 10 0 8
7 00000000aee2cc19 000000001b536289 00000000bfc90fdb 10 0 8
9 000000002ee2cc19 0000000000000000 00000000c1b7f5b7 10 0 8
0 00000000974d5808 00000000b5c483ee 00000000b5c483ee 10 0 0
1 00000000974d5808 00000000b5c483ee 0000000035c483ee 10 0 0
2 00000000974d5808 00000000b5c483ee 000000000d9da139 10 0 0
3 00000000974d5808 00000000b5c483ee 000000002105c01d 10 0 0
4 00000000974d5808 00000000b5c483ee 000000007fc00000 1 0 0
d 00000000974d5808 00000000b5c483ee 0000000000000000 0 0 0
5 00000000974d5808 0000000000000000 00000000974d5808 10 0 8
6 00000000974d5808 0000000000000000 000000003f800000 10 0 8
7 00000000974d5808 00000000b5c483ee 00000000c0490fdb 10 0 8
9 00000000174d5808 0000000000000000 00000000c25eb066 10 0 8
0 0000000092937772 0000000073d460cc 0000000073d460cc 10 0 0
1 0000000092937772 0000000073d460cc 00000000f3d460cc 10 0 0
2 0000000092937772 0000000073d460cc 00000000c6f4ad59 10 0 0
3 0000000092937772 0000000073d460cc 0000000080000000 18 0 0
4 0000000092937772 0000000073d460cc 000000007fc00000 1 0 0
d 0000000092937772 0000000073d460cc 0000000000000000 0 1 0
5 0000000092937772 0000000000000000 0000000092937772 10 0 8
6 0000000092937772 0000000000000000 000000003f800000 10 0 8
7 0000000092937772 0000000073d460cc 0000000080000000 18 0 8
9 0000000012937772 0000000000000000 00000000c278f77a 10 0 8
0 00000000067e7a6a 00000000ef588093 00000000ef588093 10 0 0
1 00000000067e7a6a 00000000ef588093 000000006f588093 10 0 0
2 00000000067e7a6a 00000000ef588093 00000000b6573719 10 0 0
3 00000000067e7a6a 00000000ef588093 0000000080000000 18 0 0
4 00000000067e7a6a 00000000ef588093 0000000022ff3ceb 10 0 0
d 00000000067e7a6a 00000000ef588093 0000000000000000 0 0 0
5 00000000067e7a6a 0000000000000000 00000000067e7a6a 10 0 8
6 00000000067e7a6a 0000000000000000 000000003f800000 10 0 8
7 00000000067e7a6a 00000000ef588093 0000000040490fdb 10 0 8
9 00000000067e7a6a 0000000000000000 00000000c29e0cab 10 0 8
0 00000000161979f6 000000001dd309c5 000000001dd30af8 10 0 0
1 00000000161979f6 000000001dd309c5 000000009dd30892 10 0 0
2 00000000161979f6 000000001dd309c5 0000000000000000 18 0 0
3 00000000161979f6 000000001dd309c5 0000000037ba2cb7 10 0 0
4 00000000161979f6 000000001dd309c5 000000002ac6378a 10 0 0
d 00000000161979f6 000000001dd309c5 0000000000000000 0 1 0
5 00000000161979f6 0000000000000000 00000000161979f6 10 0 8
6 00000000161979f6 0000000000000000 000000003f800000 10 0 8
7 00000000161979f6 000000001dd309c5 0000000037ba2cb7 10 0 8
9 00000000161979f6 0000000000000000 00000000c2656618 10 0 8
0 00000000e19961b0 00000000784feb87 00000000784feb87 10 0 0
1 00000000e19961b0 00000000784feb87 00000000f84feb87 10 0 0
2 00000000e19961b0 00000000784feb87 00000000ff800000 14 0 0
3 00000000e19961b0 00000000784feb87 00000000a8bcd996 10 0 0
4 00000000e19961b0 00000000784feb87 000000007fc00000 1 0 0
d 00000000e19961b0 00000000784feb87 0000000000000000 0 1 0
5 00000000e19961b0 0000000000000000 00000000bf5049c9 10 0 8
6 00000000e19961b0 0000000000000000 00000000bf14d5e5 10 0 8
7 00000000e19961b0 00000000784feb87 00000000a8bcd996 10 0 8
9 00000000619961b0 0000000000000000 00000000423d4277 10 0 8
0 0000000022d66a18 000000001d36a792 0000000022d680ed 10 0 0
1 0000000022d66a18 000000001d36a792 0000000022d65343 10 0 0
2 0000000022d66a18 000000001d36a792 000000000098fbc7 10 0 0
3 0000000022d66a18 000000001d36a792 00000000451641ae 10 0 0
4 0000000022d66a18 000000001d36a792 000000003125aa5c 10 0 0
d 0000000022d66a18 000000001d36a792 0000000000000000 0 0 0
5 0000000022d66a18 0000000000000000 0000000022d66a18 10 0 8
6 0000000022d66a18 0000000000000000 000000003f800000 10 0 8
7 0000000022d66a18 000000001d36a792 000000003fc90239 10 0 8
9 0000000022d66a18 0000000000000000 00000000c21ebf23 10 0 8
0 00000000f154ed70 00000000f3a1baad 00000000f3a86218 10 0 0
1 00000000f154ed70 00000000f3a1baad 00000000739b1342 10 0 0
2 00000000f154ed70 00000000f3a1baad 000000007f800000 14 0 0
3 00000000f154ed70 00000000f3a1baad 000000003d28854d 10 0 0
4 00000000f154ed70 00000000f3a1baad 000000007fc00000 1 0 0
d 00000000f154ed70 00000000f3a1baad 0000000000000000 0 0 0
5 00000000f154ed70 0000000000000000 000000003e8dc7ca 10 0 8
6 00000000f154ed70 0000000000000000 00000000bf75fd2e 10 0 8
7 00000000f154ed70 00000000f3a1baad 00000000c0466e27 10 0 8
9 000000007154ed70 0000000000000000 00000000428a42d0 10 0 8
0 000000005a7b6237 00000000f18ebc09 00000000f18ebc09 10 0 0
1 000000005a7b6237 00000000f18ebc09 00000000718ebc09 10 0 0
2 000000005a7b6237 00000000f18ebc09 00000000ff800000 14 0 0
3 000000005a7b6237 00000000f18ebc09 00000000a8616eeb 10 0 0
4 000000005a7b6237 00000000f18ebc09 000000004cfdae6b 10 0 0
d 000000005a7b6237 00000000f18ebc09 0000000000000000 0 0 0
5 000000005a7b6237 0000000000000000 00000000bf18c7e5 10 0 8
6 000000005a7b6237 0000000000000000 00000000bf4d696d 10 0 8
7 000000005a7b6237 00000000f18ebc09 0000000040490fdb 10 0 8
9 000000005a7b6237 0000000000000000 000000004215a5a2 10 0 8
0 00000000e7fe6ece 000000006ed0c07d 000000006ed0bc83 10 0 0
1 00000000e7fe6ece 000000006ed0c07d 00000000eed0c477 10 0 0
2 00000000e7fe6ece 000000006ed0c07d 00000000ff800000 14 0 0
3 00000000e7fe6ece 000000006ed0c07d 00000000b89c0295 10 0 0
4 00000000e7fe6ece 000000006ed0c07d 000000007fc00000 1 0 0
d 00000000e7fe6ece 000000006ed0c07d 0000000000000000 0 1 0
5 00000000e7fe6ece 0000000000000000 000000003f00c11a 10 0 8
6 00000000e7fe6ece 0000000000000000 00000000bf5d43ea 10 0 8
7 00000000e7fe6ece 000000006ed0c07d 00000000b89c0295 10 0 8
9 0000000067fe6ece 0000000000000000 0000000042608e1d 10 0 8
0 00000000ad343952 0000000069d3e7fd 0000000069d3e7fd 10 0 0
1 00000000ad343952 0000000069d3e7fd 00000000e9d3e7fd 10 0 0
2 00000000ad343952 0000000069d3e7fd 00000000d7952e90 10 0 0
3 00000000ad343952 0000000069d3e7fd 0000000082d9b9a7 10 0 0
4 00000000ad343952 0000000069d3e7fd 000000007fc00000 1 0 0
d 00000000ad343952 0000000069d3e7fd 0000000000000000 0 1 0
5 00000000ad343952 0000000000000000 00000000ad343952 10 0 8
6 00000000ad343952 0000000000000000 000000003f800000 10 0 8
7 00000000ad343952 0000000069d3e7fd 0000000082d9b9a7 10 0 8
9 000000002d343952 0000000000000000 00000000c1ca6f28 10 0 8
0 00000000b0a5e00b 0000000098344d79 00000000b0a5e00b 10 0 0
1 00000000b0a5e00b 0000000098344d79 00000000b0a5e00b 10 0 0
2 00000000b0a5e00b 0000000098344d79 000000000969a775 10 0 0
3 00000000b0a5e00b 0000000098344d79 0000000057eb83f0 10 0 0
4 00000000b0a5e00b 0000000098344d79 000000007fc00000 1 0 0
d 00000000b0a5e00b 0000000098344d79 0000000000000000 0 1 0
5 00000000b0a5e00b 0000000000000000 00000000b0a5e00b 10 0 8
6 00000000b0a5e00b 0000000000000000 000000003f800000 10 0 8
7 00000000b0a5e00b 0000000098344d79 00000000bfc90fdb 10 0 8
9 0000000030a5e00b 0000000000000000 00000000c1a4481c 10 0 8
0 0000000022f7d334 00000000cab6d0fc 00000000cab6d0fc 10 0 0
1 0000000022f7d334 00000000cab6d0fc 000000004ab6d0fc 10 0 0
2 0000000022f7d334 00000000cab6d0fc 00000000ae30fa77 10 0 0
3 0000000022f7d334 00000000cab6d0fc 0000000097ad8427 10 0 0
4 0000000022f7d334 00000000cab6d0fc 0000000031321b08 10 0 0
d 0000000022f7d334 00000000cab6d0fc 0000000000000000 0 0 0
5 0000000022f7d334 0000000000000000 0000000022f7d334 10 0 8
6 0000000022f7d334 0000000000000000 000000003f800000 10 0 8
7 0000000022f7d334 00000000cab6d0fc 0000000040490fdb 10 0 8
9 0000000022f7d334 0000000000000000 00000000c21e2ad9 10 0 8
0 0000000005824da8 00000000cada1dd3 00000000cada1dd3 10 0 0
1 0000000005824da8 00000000cada1dd3 000000004ada1dd3 10 0 0
2 0000000005824da8 00000000cada1dd3 0000000090de0a9f 10 0 0
3 0000000005824da8 00000000cada1dd3 00000000800004c7 18 0 0
4 0000000005824da8 00000000cada1dd3 0000000022812583 10 0 0
d 0000000005824da8 00000000cada1dd3 0000000000000000 0 0 0
5 0000000005824da8 0000000000000000 0000000005824da8 10 0 8
6 0000000005824da8 0000000000000000 000000003f800000 10 0 8
7 0000000005824da8 00000000cada1dd3 0000000040490fdb 10 0 8
9 0000000005824da8 0000000000000000 00000000c2a0c644 10 0 8
0 00000000a5671503 00000000bf2d8ae0 00000000bf2d8ae0 10 0 0
1 00000000a5671503 00000000bf2d8ae0 000000003f2d8ae0 10 0 0
2 00000000a5671503 00000000bf2d8ae0 00000000251ca68f 10 0 0
3 00000000a5671503 00000000bf2d8ae0 0000000025aa7088 10 0 0
4 00000000a5671503 00000000bf2d8ae0 000000007fc00000 1 0 0
d 00000000a5671503 00000000bf2d8ae0 0000000000000000 0 0 0
5 00000000a5671503 0000000000000000 00000000a5671503 10 0 8
6 00000000a5671503 0000000000000000 000000003f800000 10 0 8
7 00000000a5671503 00000000bf2d8ae0 00000000c0490fdb 10 0 8
9 0000000025671503 0000000000000000 00000000c2109590 10 0 8
0 00000000c04036d8 0000000015f1e735 00000000c04036d8 10 0 0
1 00000000c04036d8 0000000015f1e735 00000000c04036d8 10 0 0
2 00000000c04036d8 0000000015f1e735 0000000096b5a13b 10 0 0
3 00000000c04036d8 0000000015f1e735 00000000e9cb6a5c 10 0 0
4 00000000c04036d8 0000000015f1e735 000000007fc00000 1 0 0
d 00000000c04036d8 0000000015f1e735 0000000000000000 0 1 0
5 00000000c04036d8 0000000000000000 00000000be0d1cd7 10 0 8
6 00000000c04036d8 0000000000000000 00000000bf7d8ebe 10 0 8
7 00000000c04036d8 0000000015f1e735 00000000bfc90fdb 10 0 8
9 00000000404036d8 0000000000000000 000000003f8cc3df 10 0 8
0 000000000bfd247e 000000004124cb27 000000004124cb27 10 0 0
1 000000000bfd247e 000000004124cb27 00000000c124cb27 10 0 0
2 000000000bfd247e 000000004124cb27 000000000da2f443 10 0 0
3 000000000bfd247e 000000004124cb27 000000000a449f8d 10 0 0
4 000000000bfd247e 000000004124cb27 0000000025b40199 10 0 0
d 000000000bfd247e 000000004124cb27 0000000000000000 0 1 0
5 000000000bfd247e 0000000000000000 000000000bfd247e 10 0 8
6 000000000bfd247e 0000000000000000 000000003f800000 10 0 8
7 000000000bfd247e 000000004124cb27 000000000a449f8d 10 0 8
9 000000000bfd247e 0000000000000000 00000000c28ecf8f 10 0 8
0 00000000d048a7e7 000000005230921d 000000005224079f 10 0 0
1 00000000d048a7e7 000000005230921d 00000000d23d1c9b 10 0 0
2 00000000d048a7e7 000000005230921d 00000000e30a65f5 10 0 0
3 00000000d048a7e7 000000005230921d 00000000bd9175b7 10 0 0
4 00000000d048a7e7 000000005230921d 000000007fc00000 1 0 0
d 00000000d048a7e7 000000005230921d 0000000000000000 0 1 0
5 00000000d048a7e7 0000000000000000 00000000bec06d34 10 0 8
6 00000000d048a7e7 0000000000000000 000000003f6d3b62 10 0 8
7 00000000d048a7e7 000000005230921d 00000000bd91374a 10 0 8
9 000000005048a7e7 0000000000000000 0000000041ba965c 10 0 8
0 000000004e1156a4 00000000fc797c06 00000000fc797c06 10 0 0
1 000000004e1156a4 00000000fc797c06 000000007c797c06 10 0 0
2 000000004e1156a4 00000000fc797c06 00000000ff800000 14 0 0
3 000000004e1156a4 00000000fc797c06 0000000091152254 10 0 0
4 000000004e1156a4 00000000fc797c06 0000000046c0e3e6 10 0 0
d 000000004e1156a4 00000000fc797c06 0000000000000000 0 0 0
5 000000004e1156a4 0000000000000000 00000000bf7a93cd 10 0 8
6 000000004e1156a4 0000000000000000 00000000be51a5ab 10 0 8
7 000000004e1156a4 00000000fc797c06 0000000040490fdb 10 0 8
9 000000004e1156a4 0000000000000000 0000000041a1d391 10 0 8
0 00000000acc36aba 00000000f31d0470 00000000f31d0470 10 0 0
1 00000000acc36aba 00000000f31d0470 00000000731d0470 10 0 0
2 00000000acc36aba 00000000f31d0470 00000000606fb7ae 10 0 0
3 00000000acc36aba 00000000f31d0470 000000000000013f 18 0 0
4 00000000acc36aba 00000000f31d0470 000000007fc00000 1 0 0
d 00000000acc36aba 00000000f31d0470 0000000000000000 0 0 0
5 00000000acc36aba 0000000000000000 00000000acc36aba 10 0 8
6 00000000acc36aba 0000000000000000 000000003f800000 10 0 8
7 00000000acc36aba 00000000f31d0470 00000000c0490fdb 10 0 8
9 000000002cc36aba 0000000000000000 00000000c1cf54f8 10 0 8
0 0000000021f69a99 00000000a61dbaab 00000000a61d3f5e 10 0 0
1 0000000021f69a99 00000000a61dbaab 00000000261e35f8 10 0 0
2 0000000021f69a99 00000000a61dbaab 000000008897f0a1 10 0 0
3 0000000021f69a99 00000000a61dbaab 00000000bb481f97 10 0 0
4 0000000021f69a99 00000000a61dbaab 0000000030b1aa90 10 0 0
d 0000000021f69a99 00000000a61dbaab 0000000000000000 0 0 0
5 0000000021f69a99 0000000000000000 0000000021f69a99 10 0 8
6 0000000021f69a99 0000000000000000 000000003f800000 10 0 8
7 0000000021f69a99 00000000a61dbaab 000000004048ddd3 10 0 8
9 0000000021f69a99 0000000000000000 00000000c223bb79 10 0 8
0 00000000385293ef 000000002fc799f8 0000000038529453 10 0 0
1 00000000385293ef 000000002fc799f8 000000003852938b 10 0 0
2 00000000385293ef 000000002fc799f8 0000000028a42fa5 10 0 0
3 00000000385293ef 000000002fc799f8 00000000480709f8 10 0 0
4 00000000385293ef 000000002fc799f8 000000003be82e4a 10 0 0
d 00000000385293ef 000000002fc799f8 0000000000000000 0 0 0
5 00000000385293ef 0000000000000000 00000000385293ef 10 0 8
6 00000000385293ef 0000000000000000 000000003f800000 10 0 8
7 00000000385293ef 000000002fc799f8 000000003fc90f9e 10 0 8
9 00000000385293ef 0000000000000000 00000000c11e63df 10 0 8
0 0000000043e60704 00000000e3de1667 00000000e3de1667 10 0 0
1 0000000043e60704 00000000e3de1667 0000000063de1667 10 0 0
2 0000000043e60704 00000000e3de1667 00000000e8478e37 10 0 0
3 0000000043e60704 00000000e3de1667 000000009f84937f 10 0 0
4 0000000043e60704 00000000e3de1667 0000000041ab9753 10 0 0
d 0000000043e60704 00000000e3de1667 0000000000000000 0 0 0
5 0000000043e60704 0000000000000000 000000003f7b76f3 10 0 8
6 0000000043e60704 0000000000000000 000000003e3fe5af 10 0 8
7 0000000043e60704 00000000e3de1667 0000000040490fdb 10 0 8
9 0000000043e60704 0000000000000000 0000000040c433fc 10 0 8
0 00000000034e3b2e 000000004158be5b 000000004158be5b 10 0 0
1 00000000034e3b2e 000000004158be5b 00000000c158be5b 10 0 0
2 00000000034e3b2e 000000004158be5b 00000000052e9b48 10 0 0
3 00000000034e3b2e 000000004158be5b 0000000001739567 10 0 0
4 00000000034e3b2e 000000004158be5b 000000002165c5a3 10 0 0
d 00000000034e3b2e 000000004158be5b 0000000000000000 0 1 0
5 00000000034e3b2e 0000000000000000 00000000034e3b2e 10 0 8
6 00000000034e3b2e 0000000000000000 000000003f800000 10 0 8
7 00000000034e3b2e 000000004158be5b 0000000001739567 10 0 8
9 00000000034e3b2e 0000000000000000 00000000c2a6c9a6 10 0 8
0 0000000084ed5752 00000000eee70a71 00000000eee70a71 10 0 0
1 0000000084ed5752 00000000eee70a71 000000006ee70a71 10 0 0
2 0000000084ed5752 00000000eee70a71 0000000034563379 10 0 0
3 0000000084ed5752 00000000eee70a71 0000000000000000 18 0 0
4 0000000084ed5752 00000000eee70a71 000000007fc00000 1 0 0
d 0000000084ed5752 00000000eee70a71 0000000000000000 0 0 0
5 0000000084ed5752 0000000000000000 0000000084ed5752 10 0 8
6 0000000084ed5752 0000000000000000 000000003f800000 10 0 8
7 0000000084ed5752 00000000eee70a71 00000000c0490fdb 10 0 8
9 0000000004ed5752 0000000000000000 00000000c2a25909 10 0 8
0 00000000fa8c9905 000000005c2db7b3 00000000fa8c9905 10 0 0
1 00000000fa8c9905 000000005c2db7b3 00000000fa8c9905 10 0 0
2 00000000fa8c9905 000000005c2db7b3 00000000ff800000 14 0 0
3 00000000fa8c9905 000000005c2db7b3 00000000ddcf3157 10 0 0
4 00000000fa8c9905 000000005c2db7b3 000000007fc00000 1 0 0
d 00000000fa8c9905 000000005c2db7b3 0000000000000000 0 1 0
5 00000000fa8c9905 0000000000000000 000000003e88819a 10 0 8
6 00000000fa8c9905 0000000000000000 000000003f76bbd3 10 0 8
7 00000000fa8c9905 000000005c2db7b3 00000000bfc90fdb 10 0 8
9 000000007a8c9905 0000000000000000 0000000042a3c53e 10 0 8
0 00000000b1aff91e 000000009f0fd558 00000000b1aff91e 10 0 0
1 00000000b1aff91e 000000009f0fd558 00000000b1aff91e 10 0 0
2 00000000b1aff91e 000000009f0fd558 000000001145bd9d 10 0 0
3 00000000b1aff91e 000000009f0fd558 00000000521c9a0d 10 0 0
4 00000000b1aff91e 000000009f0fd558 000000007fc00000 1 0 0
d 00000000b1aff91e 000000009f0fd558 0000000000000000 0 1 0
5 00000000b1aff91e 0000000000000000 00000000b1aff91e 10 0 8
6 00000000b1aff91e 0000000000000000 000000003f800000 10 0 8
7 00000000b1aff91e 000000009f0fd558 00000000bfc90fdb 10 0 8
9 0000000031aff91e 0000000000000000 00000000c198b7f4 10 0 8
0 00000000d13816ca 00000000afc6d87a 00000000d13816ca 10 0 0
1 00000000d13816ca 00000000afc6d87a 00000000d13816ca 10 0 0
2 00000000d13816ca 00000000afc6d87a 00000000418efd4b 10 0 0
3 00000000d13816ca 00000000afc6d87a 0000000060ed007d 10 0 0
4 00000000d13816ca 00000000afc6d87a 000000007fc00000 1 0 0
d 00000000d13816ca 00000000afc6d87a 0000000000000000 0 1 0
5 00000000d13816ca 0000000000000000 000000003f5c58d7 10 0 8
6 00000000d13816ca 0000000000000000 000000003f0251ce 10 0 8
7 00000000d13816ca 00000000afc6d87a 00000000bfc90fdb 10 0 8
9 00000000513816ca 0000000000000000 0000000041c4fd03 10 0 8
0 00000000edfde1de 0000000069072e9d 00000000edfd9e47 10 0 0
1 00000000edfde1de 0000000069072e9d 00000000edfe2575 10 0 0
2 00000000edfde1de 0000000069072e9d 00000000ff800000 14 0 0
3 00000000edfde1de 0000000069072e9d 00000000c47064d0 10 0 0
4 00000000edfde1de 0000000069072e9d 000000007fc00000 1 0 0
d 00000000edfde1de 0000000069072e9d 0000000000000000 0 1 0
5 00000000edfde1de 0000000000000000 00000000bf7cd764 10 0 8
6 00000000edfde1de 0000000000000000 00000000be205c99 10 0 8
7 00000000edfde1de 0000000069072e9d 00000000bfc8edc7 10 0 8
9 000000006dfde1de 0000000000000000 000000004280e8a5 10 0 8
0 00000000164dd617 000000003d636a50 000000003d636a50 10 0 0
1 00000000164dd617 000000003d636a50 00000000bd636a50 10 0 0
2 00000000164dd617 000000003d636a50 000000001436da51 10 0 0
3 00000000164dd617 000000003d636a50 000000001867b56b 10 0 0
4 00000000164dd617 000000003d636a50 000000002ae58d4b 10 0 0
d 00000000164dd617 000000003d636a50 0000000000000000 0 1 0
5 00000000164dd617 0000000000000000 00000000164dd617 10 0 8
6 00000000164dd617 0000000000000000 000000003f800000 10 0 8
7 00000000164dd617 000000003d636a50 000000001867b56b 10 0 8
9 00000000164dd617 0000000000000000 00000000c2643983 10 0 8
0 0000000055010ac4 00000000ff6fade8 00000000ff6fade8 10 0 0
1 0000000055010ac4 00000000ff6fade8 000000007f6fade8 10 0 0
2 0000000055010ac4 00000000ff6fade8 00000000ff800000 14 0 0
3 0000000055010ac4 00000000ff6fade8 000000009509d43b 10 0 0
4 0000000055010ac4 00000000ff6fade8 000000004a35c133 10 0 0
d 0000000055010ac4 00000000ff6fade8 0000000000000000 0 0 0
5 0000000055010ac4 0000000000000000 000000003c92df5e 10 0 8
6 0000000055010ac4 0000000000000000 00000000bf7ff577 10 0 8
7 0000000055010ac4 00000000ff6fade8 0000000040490fdb 10 0 8
9 0000000055010ac4 0000000000000000 0000000041ee81eb 10 0 8
0 000000005087b8a1 0000000055eaa668 0000000055eac856 10 0 0
1 000000005087b8a1 0000000055eaa668 00000000d5ea847a 10 0 0
2 000000005087b8a1 0000000055eaa668 0000000066f8cdf8 10 0 0
3 000000005087b8a1 0000000055eaa668 000000003a1411eb 10 0 0
4 000000005087b8a1 0000000055eaa668 000000004803cdd8 10 0 0
d 000000005087b8a1 0000000055eaa668 0000000000000000 0 1 0
5 000000005087b8a1 0000000000000000 000000003f247701 10 0 8
6 000000005087b8a1 0000000000000000 000000003f442e8d 10 0 8
7 000000005087b8a1 0000000055eaa668 000000003a1411ea 10 0 8
9 000000005087b8a1 0000000000000000 0000000041bd012e 10 0 8
0 0000000025d3799b 0000000016e7a18b 0000000025d3799b 10 0 0
1 0000000025d3799b 0000000016e7a18b 0000000025d3799b 10 0 0
2 0000000025d3799b 0000000016e7a18b 0000000000017eb0 18 0 0
3 0000000025d3799b 0000000016e7a18b 000000004e69b935 10 0 0
4 0000000025d3799b 0000000016e7a18b 0000000032a486a8 10 0 0
d 0000000025d3799b 0000000016e7a18b 0000000000000000 0 0 0
5 0000000025d3799b 0000000000000000 0000000025d3799b 10 0 8
6 0000000025d3799b 0000000000000000 000000003f800000 10 0 8
7 0000000025d3799b 0000000016e7a18b 000000003fc90fdb 10 0 8
9 0000000025d3799b 0000000000000000 00000000c20e2a93 10 0 8
0 00000000b800ace0 000000001e03bfee 00000000b800ace0 10 0 0
1 00000000b800ace0 000000001e03bfee 00000000b800ace0 10 0 0
2 00000000b800ace0 000000001e03bfee 00000000968471de 10 0 0
3 00000000b800ace0 000000001e03bfee 00000000d97a06b1 10 0 0
4 00000000b800ace0 000000001e03bfee 000000007fc00000 1 0 0
d 00000000b800ace0 000000001e03bfee 0000000000000000 0 1 0
5 00000000b800ace0 0000000000000000 00000000b800ace0 10 0 8
6 00000000b800ace0 0000000000000000 000000003f800000 10 0 8
7 00000000b800ace0 000000001e03bfee 00000000bfc90fdb 10 0 8
9 000000003800ace0 0000000000000000 00000000c1264569 10 0 8
0 0000000056372931 00000000d13b4799 000000005636fa5f 10 0 0
1 0000000056372931 00000000d13b4799 0000000056375803 10 0 0
2 0000000056372931 00000000d13b4799 00000000e805fe51 10 0 0
3 0000000056372931 00000000d13b4799 00000000c47a5eb1 10 0 0
4 0000000056372931 00000000d13b4799 000000004ad88a04 10 0 0
d 0000000056372931 00000000d13b4799 0000000000000000 0 0 0
5 0000000056372931 0000000000000000 000000003f5e8bbc 10 0 8
6 0000000056372931 0000000000000000 00000000befd0e5d 10 0 8
7 0000000056372931 00000000d13b4799 000000003fc93093 10 0 8
9 0000000056372931 0000000000000000 0000000041fc6650 10 0 8
0 0000000080cf54dd 0000000020ccff17 0000000020ccff17 10 0 0
1 0000000080cf54dd 0000000020ccff17 00000000a0ccff17 10 0 0
2 0000000080cf54dd 0000000020ccff17 0000000080000000 18 0 0
3 0000000080cf54dd 0000000020ccff17 000000009f817540 10 0 0
4 0000000080cf54dd 0000000020ccff17 000000007fc00000 1 0 0
d 0000000080cf54dd 0000000020ccff17 0000000000000000 0 1 0
5 0000000080cf54dd 0000000000000000 0000000080cf54dd 10 0 8
6 0000000080cf54dd 0000000000000000 000000003f800000 10 0 8
7 0000000080cf54dd 0000000020ccff17 000000009f817540 10 0 8
9 0000000000cf54dd 0000000000000000 00000000c2adb561 10 0 8
0 000000005ae65080 000000008e35079b 000000005ae65080 10 0 0
1 000000005ae65080 000000008e35079b 000000005ae65080 10 0 0
2 000000005ae65080 000000008e35079b 00000000a9a2ddc2 10 0 0
3 000000005ae65080 000000008e35079b 00000000ff800000 14 0 0
4 000000005ae65080 000000008e35079b 000000004d2bb2b9 10 0 0
d 000000005ae65080 000000008e35079b 0000000000000000 0 0 0
5 000000005ae65080 0000000000000000 00000000bee00a68 10 0 8
6 000000005ae65080 0000000000000000 000000003f6630a5 10 0 8
7 000000005ae65080 000000008e35079b 000000003fc90fdb 10 0 8
9 000000005ae65080 0000000000000000 00000000421811c8 10 0 8
0 00000000f6086ff8 0000000085155263 00000000f6086ff8 10 0 0
1 00000000f6086ff8 0000000085155263 00000000f6086ff8 10 0 0
2 00000000f6086ff8 0000000085155263 000000003b9f2a28 10 0 0
3 00000000f6086ff8 0000000085155263 000000007f800000 14 0 0
4 00000000f6086ff8 0000000085155263 000000007fc00000 1 0 0
d 00000000f6086ff8 0000000085155263 0000000000000000 0 1 0
5 00000000f6086ff8 0000000000000000 00000000be9e91dd 10 0 8
6 00000000f6086ff8 0000000000000000 000000003f7369bd 10 0 8
7 00000000f6086ff8 0000000085155263 00000000bfc90fdb 10 0 8
9 0000000076086ff8 0000000000000000 0000000042973bd7 10 0 8
0 00000000c47d9c2f 0000000088f0bdb3 00000000c47d9c2f 10 0 0
1 00000000c47d9c2f 0000000088f0bdb3 00000000c47d9c2f 10 0 0
2 00000000c47d9c2f 0000000088f0bdb3 000000000dee7e5a 10 0 0
3 00000000c47d9c2f 0000000088f0bdb3 000000007b06d7a6 10 0 0
4 00000000c47d9c2f 0000000088f0bdb3 000000007fc00000 1 0 0
d 00000000c47d9c2f 0000000088f0bdb3 0000000000000000 0 1 0
5 00000000c47d9c2f 0000000000000000 00000000be9465c2 10 0 8
6 00000000c47d9c2f 0000000000000000 00000000bf7502e6 10 0 8
7 00000000c47d9c2f 0000000088f0bdb3 00000000bfc90fdb 10 0 8
9 00000000447d9c2f 0000000000000000 0000000040dd81c8 10 0 8
0 000000007794d010 000000005f427dbb 000000007794d010 10 0 0
1 000000007794d010 000000005f427dbb 000000007794d010 10 0 0
2 000000007794d010 000000005f427dbb 000000007f800000 14 0 0
3 000000007794d010 000000005f427dbb 0000000057c3e026 10 0 0
4 000000007794d010 000000005f427dbb 000000005b8a03bd 10 0 0
d 000000007794d010 000000005f427dbb 0000000000000000 0 0 0
5 000000007794d010 0000000000000000 000000003e85a54b 10 0 8
6 000000007794d010 0000000000000000 00000000bf771ff8 10 0 8
7 000000007794d010 000000005f427dbb 000000003fc90fdb 10 0 8
9 000000007794d010 0000000000000000 00000000429b90f8 10 0 8
0 000000000e57ade1 000000008695f294 000000000e57acb5 10 0 0
1 000000000e57ade1 000000008695f294 000000000e57af0d 10 0 0
2 000000000e57ade1 000000008695f294 0000000080000000 18 0 0
3 000000000e57ade1 000000008695f294 00000000c7381c51 10 0 0
4 000000000e57ade1 000000008695f294 0000000026eaf9f1 10 0 0
d 000000000e57ade1 000000008695f294 0000000000000000 0 0 0
5 000000000e57ade1 0000000000000000 000000000e57ade1 10 0 8
6 000000000e57ade1 0000000000000000 000000003f800000 10 0 8
7 000000000e57ade1 000000008695f294 000000003fc9108d 10 0 8
9 000000000e57ade1 0000000000000000 00000000c288331a 10 0 8
0 00000000202ab017 00000000b3250b63 00000000b3250b63 10 0 0
1 00000000202ab017 00000000b3250b63 0000000033250b63 10 0 0
2 00000000202ab017 00000000b3250b63 0000000093dc162d 10 0 0
3 00000000202ab017 00000000b3250b63 00000000ac846070 10 0 0
4 00000000202ab017 00000000b3250b63 000000002fd1093e 10 0 0
d 00000000202ab017 00000000b3250b63 0000000000000000 0 0 0
5 00000000202ab017 0000000000000000 00000000202ab017 10 0 8
6 00000000202ab017 0000000000000000 000000003f800000 10 0 8
7 00000000202ab017 00000000b3250b63 0000000040490fdb 10 0 8
9 00000000202ab017 0000000000000000 00000000c22d8599 10 0 8
0 000000005b652aa7 000000003807025f 000000005b652aa7 10 0 0
1 000000005b652aa7 000000003807025f 000000005b652aa7 10 0 0
2 000000005b652aa7 000000003807025f 0000000053f1b73b 10 0 0
3 000000005b652aa7 000000003807025f 0000000062d944dd 10 0 0
4 000000005b652aa7 000000003807025f 000000004d723646 10 0 0
d 000000005b652aa7 000000003807025f 0000000000000000 0 0 0
5 000000005b652aa7 0000000000000000 00000000bf782882 10 0 8
6 000000005b652aa7 0000000000000000 000000003e7b81d4 10 0 8
7 000000005b652aa7 000000003807025f 000000003fc90fdb 10 0 8
9 000000005b652aa7 0000000000000000 00000000421ad272 10 0 8
0 00000000d1dd4159 00000000473de9e2 00000000d1dd4153 10 0 0
1 00000000d1dd4159 00000000473de9e2 00000000d1dd415f 10 0 0
2 00000000d1dd4159 00000000473de9e2 00000000d9a42363 10 0 0
3 00000000d1dd4159 00000000473de9e2 00000000ca151fbe 10 0 0
4 00000000d1dd4159 00000000473de9e2 000000007fc00000 1 0 0
d 00000000d1dd4159 00000000473de9e2 0000000000000000 0 1 0
5 00000000d1dd4159 0000000000000000 000000003f7d57d5 10 0 8
6 00000000d1dd4159 0000000000000000 00000000be1325c0 10 0 8
7 00000000d1dd4159 00000000473de9e2 00000000bfc90fd7 10 0 8
9 0000000051dd4159 0000000000000000 0000000041cc0133 10 0 8
0 00000000ba3b48a2 00000000b6c34795 00000000ba3ccf31 10 0 0
1 00000000ba3b48a2 00000000b6c34795 00000000ba39c213 10 0 0
2 00000000ba3b48a2 00000000b6c34795 00000000318edcb2 10 0 0
3 00000000ba3b48a2 00000000b6c34795 0000000042f58492 10 0 0
4 00000000ba3b48a2 00000000b6c34795 000000007fc00000 1 0 0
d 00000000ba3b48a2 00000000b6c34795 0000000000000000 0 1 0
5 00000000ba3b48a2 0000000000000000 00000000ba3b48a1 10 0 8
6 00000000ba3b48a2 0000000000000000 000000003f7ffffc 10 0 8
7 00000000ba3b48a2 00000000b6c34795 00000000bfca1ac7 10 0 8
9 000000003a3b48a2 0000000000000000 00000000c0e7cf0d 10 0 8
0 000000001800992d 000000006f82ab5f 000000006f82ab5f 10 0 0
1 000000001800992d 000000006f82ab5f 00000000ef82ab5f 10 0 0
2 000000001800992d 000000006f82ab5f 00000000480347be 10 0 0
3 000000001800992d 000000006f82ab5f 0000000000000000 18 0 0
4 000000001800992d 000000006f82ab5f 000000002bb57123 10 0 0
d 000000001800992d 000000006f82ab5f 0000000000000000 0 1 0
5 000000001800992d 0000000000000000 000000001800992d 10 0 8
6 000000001800992d 0000000000000000 000000003f800000 10 0 8
7 000000001800992d 000000006f82ab5f 0000000000000000 18 0 8
9 000000001800992d 0000000000000000 00000000c25b040f 10 0 8
0 0000000067c3934b 00000000a0f5ca5e 0000000067c3934b 10 0 0
1 0000000067c3934b 00000000a0f5ca5e 0000000067c3934b 10 0 0
2 0000000067c3934b 00000000a0f5ca5e 00000000c93bc691 10 0 0
3 0000000067c3934b 00000000a0f5ca5e 00000000ff800000 14 0 0
4 0000000067c3934b 00000000a0f5ca5e 00000000539e3862 10 0 0
d 0000000067c3934b 00000000a0f5ca5e 0000000000000000 0 0 0
5 0000000067c3934b 0000000000000000 00000000be3fdd78 10 0 8
6 0000000067c3934b 0000000000000000 00000000bf7b7757 10 0 8
7 0000000067c3934b 00000000a0f5ca5e 000000003fc90fdb 10 0 8
9 0000000067c3934b 0000000000000000 00000000425f80b5 10 0 8
0 000000002e7ed6a1 0000000061fb1274 0000000061fb1274 10 0 0
1 000000002e7ed6a1 0000000061fb1274 00000000e1fb1274 10 0 0
2 000000002e7ed6a1 0000000061fb1274 0000000050f9eece 10 0 0
3 000000002e7ed6a1 0000000061fb1274 000000000c01eb8d 10 0 0
4 000000002e7ed6a1 0000000061fb1274 0000000036ff6b25 10 0 0
d 000000002e7ed6a1 0000000061fb1274 0000000000000000 0 1 0
5 000000002e7ed6a1 0000000000000000 000000002e7ed6a1 10 0 8
6 000000002e7ed6a1 0000000000000000 000000003f800000 10 0 8
7 000000002e7ed6a1 0000000061fb1274 000000000c01eb8d 10 0 8
9 000000002e7ed6a1 0000000000000000 00000000c1bc928a 10 0 8
0 000000007507e66e 00000000b08633eb 000000007507e66e 10 0 0
1 000000007507e66e 00000000b08633eb 000000007507e66e 10 0 0
2 000000007507e66e 00000000b08633eb 00000000e60e7c5a 10 0 0
3 000000007507e66e 00000000b08633eb 00000000ff800000 14 0 0
4 000000007507e66e 00000000b08633eb 000000005a3a859d 10 0 0
d 000000007507e66e 00000000b08633eb 0000000000000000 0 0 0
5 000000007507e66e 0000000000000000 00000000bf77b0c3 10 0 8
6 000000007507e66e 0000000000000000 00000000be8163c9 10 0 8
7 000000007507e66e 00000000b08633eb 000000003fc90fdb 10 0 8
9 000000007507e66e 0000000000000000 000000004294740a 10 0 8
0 00000000a9967a56 00000000bd4dae38 00000000bd4dae38 10 0 0
1 00000000a9967a56 00000000bd4dae38 000000003d4dae38 10 0 0
2 00000000a9967a56 00000000bd4dae38 000000002771ccbe 10 0 0
3 00000000a9967a56 00000000bd4dae38 000000002bbb4ac6 10 0 0
4 00000000a9967a56 00000000bd4dae38 000000007fc00000 1 0 0
d 00000000a9967a56 00000000bd4dae38 0000000000000000 0 0 0
5 00000000a9967a56 0000000000000000 00000000a9967a56 10 0 8
6 00000000a9967a56 0000000000000000 000000003f800000 10 0 8
7 00000000a9967a56 00000000bd4dae38 00000000c0490fdb 10 0 8
9 0000000029967a56 0000000000000000 00000000c1f2b18b 10 0 8
0 0000000019dfe5dd 0000000049e2da8f 0000000049e2da8f 10 0 0
1 0000000019dfe5dd 0000000049e2da8f 00000000c9e2da8f 10 0 0
2 0000000019dfe5dd 0000000049e2da8f 0000000024466814 10 0 0
3 0000000019dfe5dd 0000000049e2da8f 000000000f7caa16 10 0 0
4 0000000019dfe5dd 0000000049e2da8f 000000002ca94a1c 10 0 0
d 0000000019dfe5dd 0000000049e2da8f 0000000000000000 0 1 0
5 0000000019dfe5dd 0000000000000000 0000000019dfe5dd 10 0 8
6 0000000019dfe5dd 0000000000000000 000000003f800000 10 0 8
7 0000000019dfe5dd 0000000049e2da8f 000000000f7caa16 10 0 8
9 0000000019dfe5dd 0000000000000000 00000000c2507ae8 10 0 8
0 0000000044d54916 000000005308024d 000000005308024d 10 0 0
1 0000000044d54916 000000005308024d 00000000d308024d 10 0 0
2 0000000044d54916 000000005308024d 000000005862a17d 10 0 0
3 0000000044d54916 000000005308024d 000000003148b9dd 10 0 0
4 0000000044d54916 000000005308024d 0000000042253a90 10 0 0
d 0000000044d54916 000000005308024d 0000000000000000 0 1 0
5 0000000044d54916 0000000000000000 00000000bec6f825 10 0 8
6 0000000044d54916 0000000000000000 00000000bf6be0f8 10 0 8
7 0000000044d54916 000000005308024d 000000003148b9dd 10 0 8
9 0000000044d54916 0000000000000000 0000000040ee2577 10 0 8
0 000000003b70f64d 000000009291d6b1 000000003b70f64d 10 0 0
1 000000003b70f64d 000000009291d6b1 000000003b70f64d 10 0 0
2 000000003b70f64d 000000009291d6b1 000000008e894596 10 0 0
3 000000003b70f64d 000000009291d6b1 00000000e8537cfa 10 0 0
4 000000003b70f64d 000000009291d6b1 000000003d785e05 10 0 0
d 000000003b70f64d 000000009291d6b1 0000000000000000 0 0 0
5 000000003b70f64d 0000000000000000 000000003b70f629 10 0 8
6 000000003b70f64d 0000000000000000 000000003f7fff8f 10 0 8
7 000000003b70f64d 000000009291d6b1 000000003fc90fdb 10 0 8
9 000000003b70f64d 0000000000000000 00000000c0b36205 10 0 8
0 00000000a0b3f0d2 000000000b922f46 00000000a0b3f0d2 10 0 0
1 00000000a0b3f0d2 000000000b922f46 00000000a0b3f0d2 10 0 0
2 00000000a0b3f0d2 000000000b922f46 0000000080000000 18 0 0
3 00000000a0b3f0d2 000000000b922f46 00000000d49d8e95 10 0 0
4 00000000a0b3f0d2 000000000b922f46 000000007fc00000 1 0 0
d 00000000a0b3f0d2 000000000b922f46 0000000000000000 0 1 0
5 00000000a0b3f0d2 0000000000000000 00000000a0b3f0d2 10 0 8
6 00000000a0b3f0d2 0000000000000000 000000003f800000 10 0 8
7 00000000a0b3f0d2 000000000b922f46 00000000bfc90fdb 10 0 8
9 0000000020b3f0d2 0000000000000000 00000000c22a89c2 10 0 8
0 000000008123c71b 00000000c1dba49b 00000000c1dba49b 10 0 0
1 000000008123c71b 00000000c1dba49b 0000000041dba49b 10 0 0
2 000000008123c71b 00000000c1dba49b 00000000038c84a3 10 0 0
3 000000008123c71b 00000000c1dba49b 00000000000bee33 18 0 0
4 000000008123c71b 00000000c1dba49b 000000007fc00000 1 0 0
d 000000008123c71b 00000000c1dba49b 0000000000000000 0 0 0
5 000000008123c71b 0000000000000000 000000008123c71b 10 0 8
6 000000008123c71b 0000000000000000 000000003f800000 10 0 8
7 000000008123c71b 00000000c1dba49b 00000000c0490fdb 10 0 8
9 000000000123c71b 0000000000000000 00000000c2accb39 10 0 8
0 000000001c5b59df 000000009b70cf8f 000000001c1f25fb 10 0 0
1 000000001c5b59df 000000009b70cf8f 000000001c8bc6e1 10 0 0
2 000000001c5b59df 000000009b70cf8f 0000000080000067 18 0 0
3 000000001c5b59df 000000009b70cf8f 00000000c0692fcc 10 0 0
4 000000001c5b59df 000000009b70cf8f 000000002decf7d4 10 0 0
d 000000001c5b59df 000000009b70cf8f 0000000000000000 0 0 0
5 000000001c5b59df 0000000000000000 000000001c5b59df 10 0 8
6 000000001c5b59df 0000000000000000 000000003f800000 10 0 8
7 000000001c5b59df 000000009b70cf8f 000000003feb592b 10 0 8
9 000000001c5b59df 0000000000000000 00000000c242b301 10 0 8
0 00000000d2acb72f 00000000cd67d46b 00000000d2acd42a 10 0 0
1 00000000d2acb72f 00000000cd67d46b 00000000d2ac9a34 10 0 0
2 00000000d2acb72f 00000000cd67d46b 00000000609c689b 10 0 0
3 00000000d2acb72f 00000000cd67d46b 0000000044beb8ff 10 0 0
4 00000000d2acb72f 00000000cd67d46b 000000007fc00000 1 0 0
d 00000000d2acb72f 00000000cd67d46b 0000000000000000 0 1 0
5 00000000d2acb72f 0000000000000000 000000003eab17d4 10 0 8
6 00000000d2acb72f 0000000000000000 000000003f71489c 10 0 8
7 00000000d2acb72f 00000000cd67d46b 00000000bfc92555 10 0 8
9 0000000052acb72f 0000000000000000 0000000041d51d19 10 0 8
0 00000000cabf5c5e 0000000007a51444 00000000cabf5c5e 10 0 0
1 00000000cabf5c5e 0000000007a51444 00000000cabf5c5e 10 0 0
2 00000000cabf5c5e 0000000007a51444 0000000092f6cb5d 10 0 0
3 00000000cabf5c5e 0000000007a51444 00000000ff800000 14 0 0
4 00000000cabf5c5e 0000000007a51444 000000007fc00000 1 0 0
d 00000000cabf5c5e 0000000007a51444 0000000000000000 0 1 0
5 00000000cabf5c5e 0000000000000000 000000003f66b1c4 10 0 8
6 00000000cabf5c5e 0000000000000000 000000003eddf4b0 10 0 8
7 00000000cabf5c5e 0000000007a51444 00000000bfc90fdb 10 0 8
9 000000004abf5c5e 0000000000000000 00000000417a6c01 10 0 8
0 0000000000951c92 00000000c3e6af31 00000000c3e6af31 10 0 0
1 0000000000951c92 00000000c3e6af31 0000000043e6af31 10 0 0
2 0000000000951c92 00000000c3e6af31 0000000085065db6 10 0 0
3 0000000000951c92 00000000c3e6af31 00000000800052bd 18 0 0
4 0000000000951c92 00000000c3e6af31 00000000200a2733 10 0 0
d 0000000000951c92 00000000c3e6af31 0000000000000000 0 0 0
5 0000000000951c92 0000000000000000 0000000000951c92 10 0 8
6 0000000000951c92 0000000000000000 000000003f800000 10 0 8
7 0000000000951c92 00000000c3e6af31 0000000040490fdb 10 0 8
9 0000000000951c92 0000000000000000 00000000c2ae5e26 10 0 8
0 00000000d6100211 000000001c1b6e38 00000000d6100211 10 0 0
1 00000000d6100211 000000001c1b6e38 00000000d6100211 10 0 0
2 00000000d6100211 000000001c1b6e38 00000000b2aede81 10 0 0
3 00000000d6100211 000000001c1b6e38 00000000f96d2fcf 10 0 0
4 00000000d6100211 000000001c1b6e38 000000007fc00000 1 0 0
d 00000000d6100211 000000001c1b6e38 0000000000000000 0 1 0
5 00000000d6100211 0000000000000000 000000003f629333 10 0 8
6 00000000d6100211 0000000000000000 000000003eee535a 10 0 8
7 00000000d6100211 000000001c1b6e38 00000000bfc90fdb 10 0 8
9 0000000056100211 0000000000000000 0000000041fa79c7 10 0 8
0 000000004a568c16 00000000e1543e7c 00000000e1543e7c 10 0 0
1 000000004a568c16 00000000e1543e7c 0000000061543e7c 10 0 0
2 000000004a568c16 00000000e1543e7c 00000000ec31e060 10 0 0
3 000000004a568c16 00000000e1543e7c 00000000a8816394 10 0 0
4 000000004a568c16 00000000e1543e7c 0000000044ea5be0 10 0 0
d 000000004a568c16 00000000e1543e7c 0000000000000000 0 0 0
5 000000004a568c16 0000000000000000 000000003f4aaa7d 10 0 8
6 000000004a568c16 0000000000000000 000000003f1c67a9 10 0 8
7 000000004a568c16 00000000e1543e7c 0000000040490fdb 10 0 8
9 000000004a568c16 0000000000000000 0000000041712954 10 0 8
0 00000000b5ea2b11 00000000e18619f5 00000000e18619f5 10 0 0
1 00000000b5ea2b11 00000000e18619f5 00000000618619f5 10 0 0
2 00000000b5ea2b11 00000000e18619f5 0000000057f55492 10 0 0
3 00000000b5ea2b11 00000000e18619f5 0000000013df8393 10 0 0
4 00000000b5ea2b11 00000000e18619f5 000000007fc00000 1 0 0
d 00000000b5ea2b11 00000000e18619f5 0000000000000000 0 0 0
5 00000000b5ea2b11 0000000000000000 00000000b5ea2b11 10 0 8
6 00000000b5ea2b11 0000000000000000 000000003f800000 10 0 8
7 00000000b5ea2b11 00000000e18619f5 00000000c0490fdb 10 0 8
9 0000000035ea2b11 0000000000000000 00000000c1542498 10 0 8
0 0000000075adbd89 0000000081836c67 0000000075adbd89 10 0 0
1 0000000075adbd89 0000000081836c67 0000000075adbd89 10 0 0
2 0000000075adbd89 0000000081836c67 00000000b7b2631e 10 0 0
3 0000000075adbd89 0000000081836c67 00000000ff800000 14 0 0
4 0000000075adbd89 0000000081836c67 000000005a95206e 10 0 0
d 0000000075adbd89 0000000081836c67 0000000000000000 0 0 0
5 0000000075adbd89 0000000000000000 00000000bf6eb660 10 0 8
6 0000000075adbd89 0000000000000000 00000000beb8f552 10 0 8
7 0000000075adbd89 0000000081836c67 000000003fc90fdb 10 0 8
9 0000000075adbd89 0000000000000000 00000000429654b3 10 0 8
0 000000006df0b660 000000001cadf43e 000000006df0b660 10 0 0
1 000000006df0b660 000000001cadf43e 000000006df0b660 10 0 0
2 000000006df0b660 000000001cadf43e 000000004b2390e7 10 0 0
3 000000006df0b660 000000001cadf43e 000000007f800000 14 0 0
4 000000006df0b660 000000001cadf43e 0000000056af87fa 10 0 0
d 000000006df0b660 000000001cadf43e 0000000000000000 0 0 0
5 000000006df0b660 0000000000000000 00000000bf342c53 10 0 8
6 000000006df0b660 0000000000000000 000000003f35dc91 10 0 8
7 000000006df0b660 000000001cadf43e 000000003fc90fdb 10 0 8
9 000000006df0b660 0000000000000000 000000004280cd5f 10 0 8
0 00000000e766c04b 00000000d298407c 00000000e766c04b 10 0 0
1 00000000e766c04b 00000000d298407c 00000000e766c04b 10 0 0
2 00000000e766c04b 00000000d298407c 000000007a893c4c 10 0 0
3 00000000e766c04b 00000000d298407c 000000005441feca 10 0 0
4 00000000e766c04b 00000000d298407c 000000007fc00000 1 0 0
d 00000000e766c04b 00000000d298407c 0000000000000000 0 1 0
5 00000000e766c04b 0000000000000000 000000003eba5ef2 10 0 8
6 00000000e766c04b 0000000000000000 000000003f6e7004 10 0 8
7 00000000e766c04b 00000000d298407c 00000000bfc90fdb 10 0 8
9 000000006766c04b 0000000000000000 00000000425d644a 10 0 8
0 0000000088620bd7 00000000ea09643b 00000000ea09643b 10 0 0
1 0000000088620bd7 00000000ea09643b 000000006a09643b 10 0 0
2 0000000088620bd7 00000000ea09643b 0000000032f2a1ae 10 0 0
3 0000000088620bd7 00000000ea09643b 0000000000000000 18 0 0
4 0000000088620bd7 00000000ea09643b 000000007fc00000 1 0 0
d 0000000088620bd7 00000000ea09643b 0000000000000000 0 0 0
5 0000000088620bd7 0000000000000000 0000000088620bd7 10 0 8
6 0000000088620bd7 0000000000000000 000000003f800000 10 0 8
7 0000000088620bd7 00000000ea09643b 00000000c0490fdb 10 0 8
9 0000000008620bd7 0000000000000000 00000000c298bdc3 10 0 8
0 00000000174288fc 000000008df85192 00000000174288dd 10 0 0
1 00000000174288fc 000000008df85192 000000001742891b 10 0 0
2 00000000174288fc 000000008df85192 0000000080000000 18 0 0
3 00000000174288fc 000000008df85192 00000000c8c88d81 10 0 0
4 00000000174288fc 000000008df85192 000000002b5f294e 10 0 0
d 00000000174288fc 000000008df85192 0000000000000000 0 0 0
5 00000000174288fc 0000000000000000 00000000174288fc 10 0 8
6 00000000174288fc 0000000000000000 000000003f800000 10 0 8
7 00000000174288fc 000000008df85192 000000003fc90fef 10 0 8
9 00000000174288fc 0000000000000000 00000000c25ee7c5 10 0 8
0 000000007e801c97 00000000df4a81de 000000007e801c97 10 0 0
1 000000007e801c97 00000000df4a81de 000000007e801c97 10 0 0
2 000000007e801c97 00000000df4a81de 00000000ff800000 14 0 0
3 000000007e801c97 00000000df4a81de 00000000dea1f3e0 10 0 0
4 000000007e801c97 00000000df4a81de 000000005f000e4b 10 0 0
d 000000007e801c97 00000000df4a81de 0000000000000000 0 0 0
5 000000007e801c97 0000000000000000 000000003f471685 10 0 8
6 000000007e801c97 0000000000000000 00000000bf20ef49 10 0 8
7 000000007e801c97 00000000df4a81de 000000003fc90fdb 10 0 8
9 000000007e801c97 0000000000000000 0000000042aeacc2 10 0 8
0 000000006151caa6 0000000058a1f224 000000006151caf7 10 0 0
1 000000006151caa6 0000000058a1f224 000000006151ca55 10 0 0
2 000000006151caa6 0000000058a1f224 000000007a84b6e1 10 0 0
3 000000006151caa6 0000000058a1f224 000000004825d112 10 0 0
4 000000006151caa6 0000000058a1f224 000000005067bf38 10 0 0
d 000000006151caa6 0000000058a1f224 0000000000000000 0 0 0
5 000000006151caa6 0000000000000000 000000003ce7797b 10 0 8
6 000000006151caa6 0000000000000000 00000000bf7fe5d5 10 0 8
7 000000006151caa6 0000000058a1f224 000000003fc90fa9 10 0 8
9 000000006151caa6 0000000000000000 00000000423bbd62 10 0 8
0 00000000ba4d6b96 00000000f0cba129 00000000f0cba129 10 0 0
1 00000000ba4d6b96 00000000f0cba129 0000000070cba129 10 0 0
2 00000000ba4d6b96 00000000f0cba129 000000006ba365a2 10 0 0
3 00000000ba4d6b96 00000000f0cba129 000000000901202a 10 0 0
4 00000000ba4d6b96 00000000f0cba129 000000007fc00000 1 0 0
d 00000000ba4d6b96 00000000f0cba129 0000000000000000 0 0 0
5 00000000ba4d6b96 0000000000000000 00000000ba4d6b95 10 0 8
6 00000000ba4d6b96 0000000000000000 000000003f7ffffb 10 0 8
7 00000000ba4d6b96 00000000f0cba129 00000000c0490fdb 10 0 8
9 000000003a4d6b96 0000000000000000 00000000c0e4d9d6 10 0 8
0 000000001936a89e 000000004884df0c 000000004884df0c 10 0 0
1 000000001936a89e 000000004884df0c 00000000c884df0c 10 0 0
2 000000001936a89e 000000004884df0c 00000000223d9c2e 10 0 0
3 000000001936a89e 000000004884df0c 00000000102ff64c 10 0 0
4 000000001936a89e 000000004884df0c 000000002c583df6 10 0 0
d 000000001936a89e 000000004884df0c 0000000000000000 0 1 0
5 000000001936a89e 0000000000000000 000000001936a89e 10 0 8
6 000000001936a89e 0000000000000000 000000003f800000 10 0 8
7 000000001936a89e 000000004884df0c 00000000102ff64c 10 0 8
9 000000001936a89e 0000000000000000 00000000c2541125 10 0 8
0 00000000bfc3e17e 00000000be645188 00000000bfe06baf 0 0 0
1 00000000bfc3e17e 00000000be645188 00000000bfa7574d 0 0 0
2 00000000bfc3e17e 00000000be645188 000000003eaeb337 10 0 0
3 00000000bfc3e17e 00000000be645188 0000000040dba12c 10 0 0
4 00000000bfc3e17e 00000000be645188 000000007fc00000 1 0 0
d 00000000bfc3e17e 00000000be645188 0000000000000000 0 1 0
5 00000000bfc3e17e 0000000000000000 00000000bf7fca52 10 0 8
6 00000000bfc3e17e 0000000000000000 000000003d25bffd 10 0 8
7 00000000bfc3e17e 00000000be645188 00000000bfdb94ca 10 0 8
9 000000003fc3e17e 0000000000000000 000000003ed9d804 10 0 8
0 00000000befc3fe2 00000000190c0f22 00000000befc3fe2 10 0 0
1 00000000befc3fe2 00000000190c0f22 00000000befc3fe2 10 0 0
2 00000000befc3fe2 00000000190c0f22 00000000988a01d9 10 0 0
3 00000000befc3fe2 00000000190c0f22 00000000e56687e4 10 0 0
4 00000000befc3fe2 00000000190c0f22 000000007fc00000 1 0 0
d 00000000befc3fe2 00000000190c0f22 0000000000000000 0 1 0
5 00000000befc3fe2 0000000000000000 00000000bef22b01 10 0 8
6 00000000befc3fe2 0000000000000000 000000003f618ddc 10 0 8
7 00000000befc3fe2 00000000190c0f22 00000000bfc90fdb 10 0 8
9 000000003efc3fe2 0000000000000000 00000000bf353950 10 0 8
0 0000000085e86996 000000009387529b 000000009387529b 10 0 0
1 0000000085e86996 000000009387529b 000000001387529b 10 0 0
2 0000000085e86996 000000009387529b 0000000000000000 18 0 0
3 0000000085e86996 000000009387529b 0000000031dbd603 10 0 0
4 0000000085e86996 000000009387529b 000000007fc00000 1 0 0
d 0000000085e86996 000000009387529b 0000000000000000 0 0 0
5 0000000085e86996 0000000000000000 0000000085e86996 10 0 8
6 0000000085e86996 0000000000000000 000000003f800000 10 0 8
7 0000000085e86996 000000009387529b 00000000c0490fdb 10 0 8
9 0000000005e86996 0000000000000000 00000000c29f9dff 10 0 8
0 000000004355c051 0000000090ac223e 000000004355c051 10 0 0
1 000000004355c051 0000000090ac223e 000000004355c051 10 0 0
2 000000004355c051 0000000090ac223e 00000000948fb9ce 10 0 0
3 000000004355c051 0000000090ac223e 00000000f21ef274 10 0 0
4 000000004355c051 0000000090ac223e 000000004169ec7a 10 0 0
d 000000004355c051 0000000090ac223e 0000000000000000 0 0 0
5 000000004355c051 0000000000000000 000000003dfb2364 10 0 8
6 000000004355c051 0000000000000000 000000003f7e1165 10 0 8
7 000000004355c051 0000000090ac223e 000000003fc90fdb 10 0 8
9 000000004355c051 0000000000000000 0000000040abac8c 10 0 8
0 000000008996e12b 00000000e3c6d5b2 00000000e3c6d5b2 10 0 0
1 000000008996e12b 00000000e3c6d5b2 0000000063c6d5b2 10 0 0
2 000000008996e12b 00000000e3c6d5b2 000000002dea6033 10 0 0
3 000000008996e12b 00000000e3c6d5b2 0000000000000000 18 0 0
4 000000008996e12b 00000000e3c6d5b2 000000007fc00000 1 0 0
d 000000008996e12b 00000000e3c6d5b2 0000000000000000 0 0 0
5 000000008996e12b 0000000000000000 000000008996e12b 10 0 8
6 000000008996e12b 0000000000000000 000000003f800000 10 0 8
7 000000008996e12b 00000000e3c6d5b2 00000000c0490fdb 10 0 8
9 000000000996e12b 0000000000000000 00000000c2956411 10 0 8
0 000000001761a84a 000000006f77d6be 000000006f77d6be 10 0 0
1 000000001761a84a 000000006f77d6be 00000000ef77d6be 10 0 0
2 000000001761a84a 000000006f77d6be 00000000475a76aa 10 0 0
3 000000001761a84a 000000006f77d6be 0000000000000000 18 0 0
4 000000001761a84a 000000006f77d6be 000000002b7059b0 10 0 0
d 000000001761a84a 000000006f77d6be 0000000000000000 0 1 0
5 000000001761a84a 0000000000000000 000000001761a84a 10 0 8
6 000000001761a84a 0000000000000000 000000003f800000 10 0 8
7 000000001761a84a 000000006f77d6be 0000000000000000 18 0 8
9 000000001761a84a 0000000000000000 00000000c25e4fce 10 0 8
0 0000000021abd1ae 000000002859b041 000000002859b5a0 10 0 0
1 0000000021abd1ae 000000002859b041 00000000a859aae2 10 0 0
2 0000000021abd1ae 000000002859b041 000000000a921b08 10 0 0
3 0000000021abd1ae 000000002859b041 0000000038ca0ed3 10 0 0
4 0000000021abd1ae 000000002859b041 0000000030944cc2 10 0 0
d 0000000021abd1ae 000000002859b041 0000000000000000 0 1 0
5 0000000021abd1ae 0000000000000000 0000000021abd1ae 10 0 8
6 0000000021abd1ae 0000000000000000 000000003f800000 10 0 8
7 0000000021abd1ae 000000002859b041 0000000038ca0ed3 10 0 8
9 0000000021abd1ae 0000000000000000 00000000c2252d7c 10 0 8
0 00000000d4627249 00000000df48f4dc 00000000df48f4e0 10 0 0
1 00000000d4627249 00000000df48f4dc 000000005f48f4d8 10 0 0
2 00000000d4627249 00000000df48f4dc 000000007431c1e1 10 0 0
3 00000000d4627249 00000000df48f4dc 0000000034903c65 10 0 0
4 00000000d4627249 00000000df48f4dc 000000007fc00000 1 0 0
d 00000000d4627249 00000000df48f4dc 0000000000000000 0 0 0
5 00000000d4627249 0000000000000000 000000003f6fc3a7 10 0 8
6 00000000d4627249 0000000000000000 00000000beb36ef9 10 0 8
7 00000000d4627249 00000000df48f4dc 00000000c0490fda 10 0 8
9 0000000054627249 0000000000000000 0000000041e7ea86 10 0 8
0 00000000fbb19295 00000000f5899ae4 00000000fbb19b2f 10 0 0
1 00000000fbb19295 00000000f5899ae4 00000000fbb189fb 10 0 0
2 00000000fbb19295 00000000f5899ae4 000000007f800000 14 0 0
3 00000000fbb19295 00000000f5899ae4 0000000045a52d81 10 0 0
4 00000000fbb19295 00000000f5899ae4 000000007fc00000 1 0 0
d 00000000fbb19295 00000000f5899ae4 0000000000000000 0 1 0
5 00000000fbb19295 0000000000000000 000000003f0fbd74 10 0 8
6 00000000fbb19295 0000000000000000 00000000bf53d634 10 0 8
7 00000000fbb19295 00000000f5899ae4 00000000bfc9160e 10 0 8
9 000000007bb19295 0000000000000000 0000000042a70291 10 0 8
0 000000001c7a484e 00000000fb07fc17 00000000fb07fc17 10 0 0
1 000000001c7a484e 00000000fb07fc17 000000007b07fc17 10 0 0
2 000000001c7a484e 00000000fb07fc17 00000000d804f297 10 0 0
3 000000001c7a484e 00000000fb07fc17 0000000080000000 18 0 0
4 000000001c7a484e 00000000fb07fc17 000000002dfd2005 10 0 0
d 000000001c7a484e 00000000fb07fc17 0000000000000000 0 0 0
5 000000001c7a484e 0000000000000000 000000001c7a484e 10 0 8
6 000000001c7a484e 0000000000000000 000000003f800000 10 0 8
7 000000001c7a484e 00000000fb07fc17 0000000040490fdb 10 0 8
9 000000001c7a484e 0000000000000000 00000000c2422beb 10 0 8
0 000000009426d4f5 0000000099b22689 0000000099b23b64 10 0 0
1 000000009426d4f5 0000000099b22689 0000000019b211ae 10 0 0
2 000000009426d4f5 0000000099b22689 0000000000000000 18 0 0
3 000000009426d4f5 0000000099b22689 0000000039efbc38 10 0 0
4 000000009426d4f5 0000000099b22689 000000007fc00000 1 0 0
d 000000009426d4f5 0000000099b22689 0000000000000000 0 0 0
5 000000009426d4f5 0000000000000000 000000009426d4f5 10 0 8
6 000000009426d4f5 0000000000000000 000000003f800000 10 0 8
7 000000009426d4f5 0000000099b22689 00000000c049085d 10 0 8
9 000000001426d4f5 0000000000000000 00000000c27027c8 10 0 8
0 00000000710e6f38 0000000021cf18cc 00000000710e6f38 10 0 0
1 00000000710e6f38 0000000021cf18cc 00000000710e6f38 10 0 0
2 00000000710e6f38 0000000021cf18cc 0000000053667374 10 0 0
3 00000000710e6f38 0000000021cf18cc 000000007f800000 14 0 0
4 00000000710e6f38 0000000021cf18cc 00000000583ef415 10 0 0
d 00000000710e6f38 0000000021cf18cc 0000000000000000 0 0 0
5 00000000710e6f38 0000000000000000 00000000befccda1 10 0 8
6 00000000710e6f38 0000000000000000 00000000bf5e9e20 10 0 8
7 00000000710e6f38 0000000021cf18cc 000000003fc90fdb 10 0 8
9 00000000710e6f38 0000000000000000 00000000428974f4 10 0 8
0 000000009809cd47 00000000958ecf77 00000000980e43c3 10 0 0
1 000000009809cd47 00000000958ecf77 00000000980556cb 10 0 0
2 000000009809cd47 00000000958ecf77 0000000000000000 18 0 0
3 000000009809cd47 00000000958ecf77 0000000041f70591 10 0 0
4 000000009809cd47 00000000958ecf77 000000007fc00000 1 0 0
d 000000009809cd47 00000000958ecf77 0000000000000000 0 1 0
5 000000009809cd47 0000000000000000 000000009809cd47 10 0 8
6 000000009809cd47 0000000000000000 000000003f800000 10 0 8
7 000000009809cd47 00000000958ecf77 00000000bfcd34b4 10 0 8
9 000000001809cd47 0000000000000000 00000000c25abd47 10 0 8
0 00000000c06121a7 000000006ee3c22d 000000006ee3c22d 10 0 0
1 00000000c06121a7 000000006ee3c22d 00000000eee3c22d 10 0 0
2 00000000c06121a7 000000006ee3c22d 00000000efc84b9a 10 0 0
3 00000000c06121a7 000000006ee3c22d 0000000090fd0c16 10 0 0
4 00000000c06121a7 000000006ee3c22d 000000007fc00000 1 0 0
d 00000000c06121a7 000000006ee3c22d 0000000000000000 0 1 0
5 00000000c06121a7 0000000000000000 000000003ebc0c89 10 0 8
6 00000000c06121a7 0000000000000000 00000000bf6e1ba3 10 0 8
7 00000000c06121a7 000000006ee3c22d 0000000090fd0c16 10 0 8
9 00000000406121a7 0000000000000000 000000003fa0ffa3 10 0 8
0 00000000c26b46be 00000000fd26afe0 00000000fd26afe0 10 0 0
1 00000000c26b46be 00000000fd26afe0 000000007d26afe0 10 0 0
2 00000000c26b46be 00000000fd26afe0 000000007f800000 14 0 0
3 00000000c26b46be 00000000fd26afe0 0000000004b4ab90 10 0 0
4 00000000c26b46be 00000000fd26afe0 000000007fc00000 1 0 0
d 00000000c26b46be 00000000fd26afe0 0000000000000000 0 0 0
5 00000000c26b46be 0000000000000000 00000000bf43dcbc 10 0 8
6 00000000c26b46be 0000000000000000 00000000bf24d867 10 0 8
7 00000000c26b46be 00000000fd26afe0 00000000c0490fdb 10 0 8
9 00000000426b46be 0000000000000000 0000000040826207 10 0 8
0 00000000338dca2d 00000000d3cdc669 00000000d3cdc669 10 0 0
1 00000000338dca2d 00000000d3cdc669 0000000053cdc669 10 0 0
2 00000000338dca2d 00000000d3cdc669 00000000c7e3f195 10 0 0
3 00000000338dca2d 00000000d3cdc669 000000009f3065ba 10 0 0
4 00000000338dca2d 00000000d3cdc669 000000003986b7f3 10 0 0
d 00000000338dca2d 00000000d3cdc669 0000000000000000 0 0 0
5 00000000338dca2d 0000000000000000 00000000338dca2d 10 0 8
6 00000000338dca2d 0000000000000000 000000003f800000 10 0 8
7 00000000338dca2d 00000000d3cdc669 0000000040490fdb 10 0 8
9 00000000338dca2d 0000000000000000 00000000c1844407 10 0 8
0 000000000b1aaec9 0000000086b794a8 000000000b1a52ff 10 0 0
1 000000000b1aaec9 0000000086b794a8 000000000b1b0a93 10 0 0
2 000000000b1aaec9 0000000086b794a8 0000000080000000 18 0 0
3 000000000b1aaec9 0000000086b794a8 00000000c3d7b3cd 10 0 0
4 000000000b1aaec9 0000000086b794a8 000000002546fe93 10 0 0
d 000000000b1aaec9 0000000086b794a8 0000000000000000 0 0 0
5 000000000b1aaec9 0000000000000000 000000000b1aaec9 10 0 8
6 000000000b1aaec9 0000000000000000 000000003f800000 10 0 8
7 000000000b1aaec9 0000000086b794a8 000000003fc95bcf 10 0 8
9 000000000b1aaec9 0000000000000000 00000000c2912ea6 10 0 8
0 00000000f0777999 00000000f7ce915b 00000000f7ce934a 10 0 0
1 00000000f0777999 00000000f7ce915b 0000000077ce8f6c 10 0 0
2 00000000f0777999 00000000f7ce915b 000000007f800000 14 0 0
3 00000000f0777999 00000000f7ce915b 0000000038195923 10 0 0
4 00000000f0777999 00000000f7ce915b 000000007fc00000 1 0 0
d 00000000f0777999 00000000f7ce915b 0000000000000000 0 0 0
5 00000000f0777999 0000000000000000 000000003f14fee4 10 0 8
6 00000000f0777999 0000000000000000 00000000bf502c78 10 0 8
7 00000000f0777999 00000000f7ce915b 00000000c0490f41 10 0 8
9 0000000070777999 0000000000000000 000000004287ca03 10 0 8
0 0000000099599689 00000000da948aed 00000000da948aed 10 0 0
1 0000000099599689 00000000da948aed 000000005a948aed 10 0 0
2 0000000099599689 00000000da948aed 00000000347c8238 10 0 0
3 0000000099599689 00000000da948aed 000000000005dbf9 18 0 0
4 0000000099599689 00000000da948aed 000000007fc00000 1 0 0
d 0000000099599689 00000000da948aed 0000000000000000 0 0 0
5 0000000099599689 0000000000000000 0000000099599689 10 0 8
6 0000000099599689 0000000000000000 000000003f800000 10 0 8
7 0000000099599689 00000000da948aed 00000000c0490fdb 10 0 8
9 0000000019599689 0000000000000000 00000000c2535df6 10 0 8
0 0000000032e8ee29 00000000ca96ee5f 00000000ca96ee5f 10 0 0
1 0000000032e8ee29 00000000ca96ee5f 000000004a96ee5f 10 0 0
2 0000000032e8ee29 00000000ca96ee5f 00000000be095470 10 0 0
3 0000000032e8ee29 00000000ca96ee5f 00000000a7c58a7c 10 0 0
4 0000000032e8ee29 00000000ca96ee5f 00000000392caba2 10 0 0
d 0000000032e8ee29 00000000ca96ee5f 0000000000000000 0 0 0
5 0000000032e8ee29 0000000000000000 0000000032e8ee29 10 0 8
6 0000000032e8ee29 0000000000000000 000000003f800000 10 0 8
7 0000000032e8ee29 00000000ca96ee5f 0000000040490fdb 10 0 8
9 0000000032e8ee29 0000000000000000 00000000c18b628b 10 0 8
0 00000000fcfdbbd1 000000003b707c52 00000000fcfdbbd1 10 0 0
1 00000000fcfdbbd1 000000003b707c52 00000000fcfdbbd1 10 0 0
2 00000000fcfdbbd1 000000003b707c52 00000000f8ee5b4c 10 0 0
3 00000000fcfdbbd1 000000003b707c52 00000000ff800000 14 0 0
4 00000000fcfdbbd1 000000003b707c52 000000007fc00000 1 0 0
d 00000000fcfdbbd1 000000003b707c52 0000000000000000 0 1 0
5 00000000fcfdbbd1 0000000000000000 000000003ef712bf 10 0 8
6 00000000fcfdbbd1 0000000000000000 000000003f603860 10 0 8
7 00000000fcfdbbd1 000000003b707c52 00000000bfc90fdb 10 0 8
9 000000007cfdbbd1 0000000000000000 0000000042aa7f15 10 0 8
0 00000000abbee3cf 000000008f203dac 00000000abbee3cf 10 0 0
1 00000000abbee3cf 000000008f203dac 00000000abbee3cf 10 0 0
2 00000000abbee3cf 000000008f203dac 0000000000001ddf 18 0 0
3 00000000abbee3cf 000000008f203dac 000000005c187b79 10 0 0
4 00000000abbee3cf 000000008f203dac 000000007fc00000 1 0 0
d 00000000abbee3cf 000000008f203dac 0000000000000000 0 1 0
5 00000000abbee3cf 0000000000000000 00000000abbee3cf 10 0 8
6 00000000abbee3cf 0000000000000000 000000003f800000 10 0 8
7 00000000abbee3cf 000000008f203dac 00000000bfc90fdb 10 0 8
9 000000002bbee3cf 0000000000000000 00000000c1da9c1a 10 0 8
0 000000009a2ac526 000000009342e841 000000009a2ac832 10 0 0
1 000000009a2ac526 000000009342e841 000000009a2ac21a 10 0 0
2 000000009a2ac526 000000009342e841 0000000000000000 18 0 0
3 000000009a2ac526 000000009342e841 0000000046604c15 10 0 0
4 000000009a2ac526 000000009342e841 000000007fc00000 1 0 0
d 000000009a2ac526 000000009342e841 0000000000000000 0 1 0
5 000000009a2ac526 0000000000000000 000000009a2ac526 10 0 8
6 000000009a2ac526 0000000000000000 000000003f800000 10 0 8
7 000000009a2ac526 000000009342e841 00000000bfc91223 10 0 8
9 000000001a2ac526 0000000000000000 00000000c24eca7f 10 0 8
0 00000000071f43e4 0000000003153ef5 00000000071fd923 10 0 0
1 00000000071f43e4 0000000003153ef5 00000000071eaea5 10 0 0
2 00000000071f43e4 0000000003153ef5 0000000000000000 18 0 0
3 00000000071f43e4 0000000003153ef5 00000000438897cd 10 0 0
4 00000000071f43e4 0000000003153ef5 000000002349eba6 10 0 0
d 00000000071f43e4 0000000003153ef5 0000000000000000 0 0 0
5 00000000071f43e4 0000000000000000 00000000071f43e4 10 0 8
6 00000000071f43e4 0000000000000000 000000003f800000 10 0 8
7 00000000071f43e4 0000000003153ef5 000000003fc897e8 10 0 8
9 00000000071f43e4 0000000000000000 00000000c29c36d5 10 0 8
0 000000003db25e90 00000000ba6cd1a0 000000003db084ed 10 0 0
1 000000003db25e90 00000000ba6cd1a0 000000003db43833 10 0 0
2 000000003db25e90 00000000ba6cd1a0 00000000b8a5013b 10 0 0
3 000000003db25e90 00000000ba6cd1a0 00000000c2c0d101 10 0 0
4 000000003db25e90 00000000ba6cd1a0 000000003e9719a9 10 0 0
d 000000003db25e90 00000000ba6cd1a0 0000000000000000 0 0 0
5 000000003db25e90 0000000000000000 000000003db224db 10 0 8
6 000000003db25e90 0000000000000000 000000003f7f0799 10 0 8
7 000000003db25e90 00000000ba6cd1a0 000000003fca63bb 10 0 8
9 000000003db25e90 0000000000000000 00000000c01c3573 10 0 8
0 000000002b40f00c 000000009d6c3f2c 000000002b40f00c 10 0 0
1 000000002b40f00c 000000009d6c3f2c 000000002b40f00c 10 0 0
2 000000002b40f00c 000000009d6c3f2c 0000000089320ce7 10 0 0
3 000000002b40f00c 000000009d6c3f2c 00000000cd5111da 10 0 0
4 000000002b40f00c 000000009d6c3f2c 00000000355e3e43 10 0 0
d 000000002b40f00c 000000009d6c3f2c 0000000000000000 0 0 0
5 000000002b40f00c 0000000000000000 000000002b40f00c 10 0 8
6 000000002b40f00c 0000000000000000 000000003f800000 10 0 8
7 000000002b40f00c 000000009d6c3f2c 000000003fc90fdb 10 0 8
9 000000002b40f00c 0000000000000000 00000000c1e011d0 10 0 8
0 000000004bbfff68 000000003e060d61 000000004bbfff68 10 0 0
1 000000004bbfff68 000000003e060d61 000000004bbfff68 10 0 0
2 000000004bbfff68 000000003e060d61 000000004a491372 10 0 0
3 000000004bbfff68 000000003e060d61 000000004d37544b 10 0 0
4 000000004bbfff68 000000003e060d61 00000000459cc433 10 0 0
d 000000004bbfff68 000000003e060d61 0000000000000000 0 0 0
5 000000004bbfff68 0000000000000000 00000000bf11e95e 10 0 8
6 000000004bbfff68 0000000000000000 000000003f5258cd 10 0 8
7 000000004bbfff68 000000003e060d61 000000003fc90fdb 10 0 8
9 000000004bbfff68 0000000000000000 00000000418853f0 10 0 8
0 000000000ae00434 0000000046b6a1e7 0000000046b6a1e7 10 0 0
1 000000000ae00434 0000000046b6a1e7 00000000c6b6a1e7 10 0 0
2 000000000ae00434 0000000046b6a1e7 00000000121fd0aa 10 0 0
3 000000000ae00434 0000000046b6a1e7 00000000039d0123 10 0 0
4 000000000ae00434 0000000046b6a1e7 0000000025295594 10 0 0
d 000000000ae00434 0000000046b6a1e7 0000000000000000 0 1 0
5 000000000ae00434 0000000000000000 000000000ae00434 10 0 8
6 000000000ae00434 0000000000000000 000000003f800000 10 0 8
7 000000000ae00434 0000000046b6a1e7 00000000039d0123 10 0 8
9 000000000ae00434 0000000000000000 00000000c291d3ec 10 0 8
0 00000000c3cb1ce2 00000000aab695e9 00000000c3cb1ce2 10 0 0
1 00000000c3cb1ce2 00000000aab695e9 00000000c3cb1ce2 10 0 0
2 00000000c3cb1ce2 00000000aab695e9 000000002f10dd79 10 0 0
3 00000000c3cb1ce2 00000000aab695e9 00000000588e63f4 10 0 0
4 00000000c3cb1ce2 00000000aab695e9 000000007fc00000 1 0 0
d 00000000c3cb1ce2 00000000aab695e9 0000000000000000 0 1 0
5 00000000c3cb1ce2 0000000000000000 000000003f51bddb 10 0 8
6 00000000c3cb1ce2 0000000000000000 00000000bf12c7c1 10 0 8
7 00000000c3cb1ce2 00000000aab695e9 00000000bfc90fdb 10 0 8
9 0000000043cb1ce2 0000000000000000 0000000040c03899 10 0 8
0 00000000797ab46c 00000000d1135177 00000000797ab46c 10 0 0
1 00000000797ab46c 00000000d1135177 00000000797ab46c 10 0 0
2 00000000797ab46c 00000000d1135177 00000000ff800000 14 0 0
3 00000000797ab46c 00000000d1135177 00000000e7d9d447 10 0 0
4 00000000797ab46c 00000000d1135177 000000005c7d56ab 10 0 0
d 00000000797ab46c 00000000d1135177 0000000000000000 0 0 0
5 00000000797ab46c 0000000000000000 000000003e8c3b5a 10 0 8
6 00000000797ab46c 0000000000000000 00000000bf7635f7 10 0 8
7 00000000797ab46c 00000000d1135177 000000003fc90fdb 10 0 8
9 00000000797ab46c 0000000000000000 0000000042a0c4b2 10 0 8
0 00000000dc8071c9 00000000859e2a35 00000000dc8071c9 10 0 0
1 00000000dc8071c9 00000000859e2a35 00000000dc8071c9 10 0 0
2 00000000dc8071c9 00000000859e2a35 00000000229eb6cf 10 0 0
3 00000000dc8071c9 00000000859e2a35 000000007f800000 14 0 0
4 00000000dc8071c9 00000000859e2a35 000000007fc00000 1 0 0
d 00000000dc8071c9 00000000859e2a35 0000000000000000 0 1 0
5 00000000dc8071c9 0000000000000000 00000000bf6083fc 10 0 8
6 00000000dc8071c9 0000000000000000 000000003ef5ff82 10 0 8
7 00000000dc8071c9 00000000859e2a35 00000000bfc90fdb 10 0 8
9 000000005c8071c9 0000000000000000 000000004220d2f2 10 0 8
0 000000005bcde179 000000001bb4e388 000000005bcde179 10 0 0
1 000000005bcde179 000000001bb4e388 000000005bcde179 10 0 0
2 000000005bcde179 000000001bb4e388 0000000038117985 10 0 0
3 000000005bcde179 000000001bb4e388 000000007f800000 14 0 0
4 000000005bcde179 000000001bb4e388 000000004da255d4 10 0 0
d 000000005bcde179 000000001bb4e388 0000000000000000 0 0 0
5 000000005bcde179 0000000000000000 00000000bf23da76 10 0 8
6 000000005bcde179 0000000000000000 000000003f44b15f 10 0 8
7 000000005bcde179 000000001bb4e388 000000003fc90fdb 10 0 8
9 000000005bcde179 0000000000000000 00000000421d2a81 10 0 8
0 000000007f71ad2a 00000000104dc040 000000007f71ad2a 10 0 0
1 000000007f71ad2a 00000000104dc040 000000007f71ad2a 10 0 0
2 000000007f71ad2a 00000000104dc040 0000000050423d29 10 0 0
3 000000007f71ad2a 00000000104dc040 000000007f800000 14 0 0
4 000000007f71ad2a 00000000104dc040 000000005f78bc31 10 0 0
d 000000007f71ad2a 00000000104dc040 0000000000000000 0 0 0
5 000000007f71ad2a 0000000000000000 00000000bf7d9eae 10 0 8
6 000000007f71ad2a 0000000000000000 000000003e0b4faa 10 0 8
7 000000007f71ad2a 00000000104dc040 000000003fc90fdb 10 0 8
9 000000007f71ad2a 0000000000000000 0000000042b1549d 10 0 8
0 00000000a0f71822 000000003d9c42bb 000000003d9c42bb 10 0 0
1 00000000a0f71822 000000003d9c42bb 00000000bd9c42bb 10 0 0
2 00000000a0f71822 000000003d9c42bb 000000009f16d31d 10 0 0
3 00000000a0f71822 000000003d9c42bb 00000000a2ca67e3 10 0 0
4 00000000a0f71822 000000003d9c42bb 000000007fc00000 1 0 0
d 00000000a0f71822 000000003d9c42bb 0000000000000000 0 1 0
5 00000000a0f71822 0000000000000000 00000000a0f71822 10 0 8
6 00000000a0f71822 0000000000000000 000000003f800000 10 0 8
7 00000000a0f71822 000000003d9c42bb 00000000a2ca67e3 10 0 8
9 0000000020f71822 0000000000000000 00000000c2294501 10 0 8
0 000000000ca4739e 00000000d829ac55 00000000d829ac55 10 0 0
1 000000000ca4739e 00000000d829ac55 000000005829ac55 10 0 0
2 000000000ca4739e 00000000d829ac55 00000000a559fe0f 10 0 0
3 000000000ca4739e 00000000d829ac55 0000000080000000 18 0 0
4 000000000ca4739e 00000000d829ac55 00000000261115e5 10 0 0
d 000000000ca4739e 00000000d829ac55 0000000000000000 0 0 0
5 000000000ca4739e 0000000000000000 000000000ca4739e 10 0 8
6 000000000ca4739e 0000000000000000 000000003f800000 10 0 8
7 000000000ca4739e 00000000d829ac55 0000000040490fdb 10 0 8
9 000000000ca4739e 0000000000000000 00000000c28ce69e 10 0 8
0 0000000059cc2a04 000000004d144c02 0000000059cc2a04 10 0 0
1 0000000059cc2a04 000000004d144c02 0000000059cc2a04 10 0 0
2 0000000059cc2a04 000000004d144c02 00000000676c89d1 10 0 0
3 0000000059cc2a04 000000004d144c02 000000004c30388a 10 0 0
4 0000000059cc2a04 000000004d144c02 000000004ca1a836 10 0 0
d 0000000059cc2a04 000000004d144c02 0000000000000000 0 0 0
5 0000000059cc2a04 0000000000000000 00000000be7a5463 10 0 8
6 0000000059cc2a04 0000000000000000 00000000bf783b8e 10 0 8
7 0000000059cc2a04 000000004d144c02 000000003fc90fda 10 0 8
9 0000000059cc2a04 0000000000000000 0000000042120acd 10 0 8
0 000000005619a748 000000003ce25030 000000005619a748 10 0 0
1 000000005619a748 000000003ce25030 000000005619a748 10 0 0
2 000000005619a748 000000003ce25030 000000005387d5cf 10 0 0
3 000000005619a748 000000003ce25030 0000000058adcf1c 10 0 0
4 000000005619a748 000000003ce25030 000000004ac654cc 10 0 0
d 000000005619a748 000000003ce25030 0000000000000000 0 0 0
5 000000005619a748 0000000000000000 000000003f62b450 10 0 8
6 000000005619a748 0000000000000000 000000003eedd541 10 0 8
7 000000005619a748 000000003ce25030 000000003fc90fdb 10 0 8
9 000000005619a748 0000000000000000 0000000041fafe8d 10 0 8
0 00000000aa690302 00000000cb29c6c6 00000000cb29c6c6 10 0 0
1 00000000aa690302 00000000cb29c6c6 000000004b29c6c6 10 0 0
2 00000000aa690302 00000000cb29c6c6 00000000361a87e9 10 0 0
3 00000000aa690302 00000000cb29c6c6 000000001eafacd6 10 0 0
4 00000000aa690302 00000000cb29c6c6 000000007fc00000 1 0 0
d 00000000aa690302 00000000cb29c6c6 0000000000000000 0 0 0
5 00000000aa690302 0000000000000000 00000000aa690302 10 0 8
6 00000000aa690302 0000000000000000 000000003f800000 10 0 8
7 00000000aa690302 00000000cb29c6c6 00000000c0490fdb 10 0 8
9 000000002a690302 0000000000000000 00000000c1e9a671 10 0 8
0 000000008dde98fe 0000000086ef845e 000000008dde9cbc 10 0 0
1 000000008dde98fe 0000000086ef845e 000000008dde9540 10 0 0
2 000000008dde98fe 0000000086ef845e 0000000000000000 18 0 0
3 000000008dde98fe 0000000086ef845e 00000000466dea8d 10 0 0
4 000000008dde98fe 0000000086ef845e 000000007fc00000 1 0 0
d 000000008dde98fe 0000000086ef845e 0000000000000000 0 1 0
5 000000008dde98fe 0000000000000000 000000008dde98fe 10 0 8
6 000000008dde98fe 0000000000000000 000000003f800000 10 0 8
7 000000008dde98fe 0000000086ef845e 00000000bfc91202 10 0 8
9 000000000dde98fe 0000000000000000 00000000c28985d4 10 0 8
0 00000000baeb92ec 00000000de78a057 00000000de78a057 10 0 0
1 00000000baeb92ec 00000000de78a057 000000005e78a057 10 0 0
2 00000000baeb92ec 00000000de78a057 0000000059e4c9e1 10 0 0
3 00000000baeb92ec 00000000de78a057 000000001bf28f7c 10 0 0
4 00000000baeb92ec 00000000de78a057 000000007fc00000 1 0 0
d 00000000baeb92ec 00000000de78a057 0000000000000000 0 0 0
5 00000000baeb92ec 0000000000000000 00000000baeb92e4 10 0 8
6 00000000baeb92ec 0000000000000000 000000003f7fffe5 10 0 8
7 00000000baeb92ec 00000000de78a057 00000000c0490fdb 10 0 8
9 000000003aeb92ec 0000000000000000 00000000c0ca498b 10 0 8
0 00000000843688ae 00000000f14f25df 00000000f14f25df 10 0 0
1 00000000843688ae 00000000f14f25df 00000000714f25df 10 0 0
2 00000000843688ae 00000000f14f25df 000000003613b385 10 0 0
3 00000000843688ae 00000000f14f25df 0000000000000000 18 0 0
4 00000000843688ae 00000000f14f25df 000000007fc00000 1 0 0
d 00000000843688ae 00000000f14f25df 0000000000000000 0 0 0
5 00000000843688ae 0000000000000000 00000000843688ae 10 0 8
6 00000000843688ae 0000000000000000 000000003f800000 10 0 8
7 00000000843688ae 00000000f14f25df 00000000c0490fdb 10 0 8
9 00000000043688ae 0000000000000000 00000000c2a4425c 10 0 8
0 00000000ab6d2b85 00000000cdac1deb 00000000cdac1deb 10 0 0
1 00000000ab6d2b85 00000000cdac1deb 000000004dac1deb 10 0 0
2 00000000ab6d2b85 00000000cdac1deb 00000000399f74f5 10 0 0
3 00000000ab6d2b85 00000000cdac1deb 000000001d3060f6 10 0 0
4 00000000ab6d2b85 00000000cdac1deb 000000007fc00000 1 0 0
d 00000000ab6d2b85 00000000cdac1deb 0000000000000000 0 0 0
5 00000000ab6d2b85 0000000000000000 00000000ab6d2b85 10 0 8
6 00000000ab6d2b85 0000000000000000 000000003f800000 10 0 8
7 00000000ab6d2b85 00000000cdac1deb 00000000c0490fdb 10 0 8
9 000000002b6d2b85 0000000000000000 00000000c1de6b16 10 0 8
0 000000008c3a0683 0000000051aa1e36 0000000051aa1e36 10 0 0
1 000000008c3a0683 0000000051aa1e36 00000000d1aa1e36 10 0 0
2 000000008c3a0683 0000000051aa1e36 000000009e773c8e 10 0 0
3 000000008c3a0683 0000000051aa1e36 0000000080000460 18 0 0
4 000000008c3a0683 0000000051aa1e36 000000007fc00000 1 0 0
d 000000008c3a0683 0000000051aa1e36 0000000000000000 0 1 0
5 000000008c3a0683 0000000000000000 000000008c3a0683 10 0 8
6 000000008c3a0683 0000000000000000 000000003f800000 10 0 8
7 000000008c3a0683 0000000051aa1e36 0000000080000460 18 0 8
9 000000000c3a0683 0000000000000000 00000000c28e0a66 10 0 8
0 000000005ff63700 00000000bbd90aeb 000000005ff63700 10 0 0
1 000000005ff63700 00000000bbd90aeb 000000005ff63700 10 0 0
2 000000005ff63700 00000000bbd90aeb 00000000dc50bf1f 10 0 0
3 000000005ff63700 00000000bbd90aeb 00000000e3913445 10 0 0
4 000000005ff63700 00000000bbd90aeb 000000004fb186ac 10 0 0
d 000000005ff63700 00000000bbd90aeb 0000000000000000 0 0 0
5 000000005ff63700 0000000000000000 000000003eaa9194 10 0 8
6 000000005ff63700 0000000000000000 00000000bf71605e 10 0 8
7 000000005ff63700 00000000bbd90aeb 000000003fc90fdb 10 0 8
9 000000005ff63700 0000000000000000 0000000042340ff8 10 0 8
0 00000000ca00d289 00000000da62ce81 00000000da62ce81 10 0 0
1 00000000ca00d289 00000000da62ce81 000000005a62ce81 10 0 0
2 00000000ca00d289 00000000da62ce81 0000000064e4438f 10 0 0
3 00000000ca00d289 00000000da62ce81 000000002f11675b 10 0 0
4 00000000ca00d289 00000000da62ce81 000000007fc00000 1 0 0
d 00000000ca00d289 00000000da62ce81 0000000000000000 0 0 0
5 00000000ca00d289 0000000000000000 000000003f17643e 10 0 8
6 00000000ca00d289 0000000000000000 00000000bf4e7018 10 0 8
7 00000000ca00d289 00000000da62ce81 00000000c0490fdb 10 0 8
9 000000004a00d289 0000000000000000 000000004168fffb 10 0 8
0 00000000f5e74458 00000000b0e5172e 00000000f5e74458 10 0 0
1 00000000f5e74458 00000000b0e5172e 00000000f5e74458 10 0 0
2 00000000f5e74458 00000000b0e5172e 00000000674ef513 10 0 0
3 00000000f5e74458 00000000b0e5172e 000000007f800000 14 0 0
4 00000000f5e74458 00000000b0e5172e 000000007fc00000 1 0 0
d 00000000f5e74458 00000000b0e5172e 0000000000000000 0 1 0
5 00000000f5e74458 0000000000000000 000000003f7fffe3 10 0 8
6 00000000f5e74458 0000000000000000 000000003af44c34 10 0 8
7 00000000f5e74458 00000000b0e5172e 00000000bfc90fdb 10 0 8
9 0000000075e74458 0000000000000000 000000004296e723 10 0 8
0 00000000521b1bee 000000001dbea8fd 00000000521b1bee 10 0 0
1 00000000521b1bee 000000001dbea8fd 00000000521b1bee 10 0 0
2 00000000521b1bee 000000001dbea8fd 0000000030670a3d 10 0 0
3 00000000521b1bee 000000001dbea8fd 0000000073d043fa 10 0 0
4 00000000521b1bee 000000001dbea8fd 0000000048c744bc 10 0 0
d 00000000521b1bee 000000001dbea8fd 0000000000000000 0 0 0
5 00000000521b1bee 0000000000000000 00000000bf2569c4 10 0 8
6 00000000521b1bee 0000000000000000 000000003f436208 10 0 8
7 00000000521b1bee 000000001dbea8fd 000000003fc90fdb 10 0 8
9 00000000521b1bee 0000000000000000 0000000041ceb557 10 0 8
0 00000000dc8cf90d 00000000360263bb 00000000dc8cf90d 10 0 0
1 00000000dc8cf90d 00000000360263bb 00000000dc8cf90d 10 0 0
2 00000000dc8cf90d 00000000360263bb 00000000d30f9ac8 10 0 0
3 00000000dc8cf90d 00000000360263bb 00000000e60a63ab 10 0 0
4 00000000dc8cf90d 00000000360263bb 000000007fc00000 1 0 0
d 00000000dc8cf90d 00000000360263bb 0000000000000000 0 1 0
5 00000000dc8cf90d 0000000000000000 000000003e78f734 10 0 8
6 00000000dc8cf90d 0000000000000000 00000000bf785180 10 0 8
7 00000000dc8cf90d 00000000360263bb 00000000bfc90fdb 10 0 8
9 000000005c8cf90d 0000000000000000 0000000042213240 10 0 8
0 0000000034d2eea1 0000000049d9be62 0000000049d9be62 10 0 0
1 0000000034d2eea1 0000000049d9be62 00000000c9d9be62 10 0 0
2 0000000034d2eea1 0000000049d9be62 000000003f336924 10 0 0
3 0000000034d2eea1 0000000049d9be62 000000002a77fde1 10 0 0
4 0000000034d2eea1 0000000049d9be62 000000003a24508f 10 0 0
d 0000000034d2eea1 0000000049d9be62 0000000000000000 0 1 0
5 0000000034d2eea1 0000000000000000 0000000034d2eea1 10 0 8
6 0000000034d2eea1 0000000000000000 000000003f800000 10 0 8
7 0000000034d2eea1 0000000049d9be62 000000002a77fde1 10 0 8
9 0000000034d2eea1 0000000000000000 00000000c16bfee7 10 0 8
0 00000000bcadec68 00000000253d73f8 00000000bcadec68 10 0 0
1 00000000bcadec68 00000000253d73f8 00000000bcadec68 10 0 0
2 00000000bcadec68 00000000253d73f8 00000000a280b652 10 0 0
3 00000000bcadec68 00000000253d73f8 00000000d6eb03fd 10 0 0
4 00000000bcadec68 00000000253d73f8 000000007fc00000 1 0 0
d 00000000bcadec68 00000000253d73f8 0000000000000000 0 1 0
5 00000000bcadec68 0000000000000000 00000000bcade910 10 0 8
6 00000000bcadec68 0000000000000000 000000003f7ff13b 10 0 8
7 00000000bcadec68 00000000253d73f8 00000000bfc90fdb 10 0 8
9 000000003cadec68 0000000000000000 00000000c0768c0d 10 0 8
0 00000000e304fd79 00000000e9d786ac 00000000e9d78ad4 10 0 0
1 00000000e304fd79 00000000e9d786ac 0000000069d78284 10 0 0
2 00000000e304fd79 00000000e9d786ac 000000007f800000 14 0 0
3 00000000e304fd79 00000000e9d786ac 00000000389df6eb 10 0 0
4 00000000e304fd79 00000000e9d786ac 000000007fc00000 1 0 0
d 00000000e304fd79 00000000e9d786ac 0000000000000000 0 0 0
5 00000000e304fd79 0000000000000000 000000003f38adef 10 0 8
6 00000000e304fd79 0000000000000000 00000000bf3148a1 10 0 8
7 00000000e304fd79 00000000e9d786ac 00000000c0490e9f 10 0 8
9 000000006304fd79 0000000000000000 00000000424501bc 10 0 8
0 0000000039434f8d 0000000046ea3d54 0000000046ea3d54 10 0 0
1 0000000039434f8d 0000000046ea3d54 00000000c6ea3d54 10 0 0
2 0000000039434f8d 0000000046ea3d54 0000000040b2b581 10 0 0
3 0000000039434f8d 0000000046ea3d54 0000000031d5746b 10 0 0
4 0000000039434f8d 0000000046ea3d54 000000003c5f9b15 10 0 0
d 0000000039434f8d 0000000046ea3d54 0000000000000000 0 1 0
5 0000000039434f8d 0000000000000000 0000000039434f8d 10 0 8
6 0000000039434f8d 0000000000000000 000000003f800000 10 0 8
7 0000000039434f8d 0000000046ea3d54 0000000031d5746b 10 0 8
9 0000000039434f8d 0000000000000000 00000000c10969e4 10 0 8
0 0000000029570374 00000000ee051ae8 00000000ee051ae8 10 0 0
1 0000000029570374 00000000ee051ae8 000000006e051ae8 10 0 0
2 0000000029570374 00000000ee051ae8 00000000d7df96c9 10 0 0
3 0000000029570374 00000000ee051ae8 0000000080000cec 18 0 0
4 0000000029570374 00000000ee051ae8 00000000346a9d09 10 0 0
d 0000000029570374 00000000ee051ae8 0000000000000000 0 0 0
5 0000000029570374 0000000000000000 0000000029570374 10 0 8
6 0000000029570374 0000000000000000 000000003f800000 10 0 8
7 0000000029570374 00000000ee051ae8 0000000040490fdb 10 0 8
9 0000000029570374 0000000000000000 00000000c1f56235 10 0 8
0 00000000e65fb4c4 000000000820a847 00000000e65fb4c4 10 0 0
1 00000000e65fb4c4 000000000820a847 00000000e65fb4c4 10 0 0
2 00000000e65fb4c4 000000000820a847 00000000af0c6407 10 0 0
3 00000000e65fb4c4 000000000820a847 00000000ff800000 14 0 0
4 00000000e65fb4c4 000000000820a847 000000007fc00000 1 0 0
d 00000000e65fb4c4 000000000820a847 0000000000000000 0 1 0
5 00000000e65fb4c4 0000000000000000 000000003de74c8a 10 0 8
6 00000000e65fb4c4 0000000000000000 000000003f7e5cb2 10 0 8
7 00000000e65fb4c4 000000000820a847 00000000bfc90fdb 10 0 8
9 00000000665fb4c4 0000000000000000 000000004257b8f9 10 0 8
0 00000000b8209cb3 00000000dd638468 00000000dd638468 10 0 0
1 00000000b8209cb3 00000000dd638468 000000005d638468 10 0 0
2 00000000b8209cb3 00000000dd638468 00000000560ebe05 10 0 0
3 00000000b8209cb3 00000000dd638468 000000001a34b815 10 0 0
4 00000000b8209cb3 00000000dd638468 000000007fc00000 1 0 0
d 00000000b8209cb3 00000000dd638468 0000000000000000 0 0 0
5 00000000b8209cb3 0000000000000000 00000000b8209cb3 10 0 8
6 00000000b8209cb3 0000000000000000 000000003f800000 10 0 8
7 00000000b8209cb3 00000000dd638468 00000000c0490fdb 10 0 8
9 0000000038209cb3 0000000000000000 00000000c122b954 10 0 8
0 000000001034817f 00000000837f0f32 000000001034817f 10 0 0
1 000000001034817f 00000000837f0f32 000000001034817f 10 0 0
2 000000001034817f 00000000837f0f32 0000000080000000 18 0 0
3 000000001034817f 00000000837f0f32 00000000cc352bea 10 0 0
4 000000001034817f 00000000837f0f32 0000000027d6f6c5 10 0 0
d 000000001034817f 00000000837f0f32 0000000000000000 0 0 0
0 0000000031b6b1be 0000000017a14dbe 0000000031b6b1be 10 0 0
1 0000000031b6b1be 0000000017a14dbe 0000000031b6b1be 10 0 0
2 0000000031b6b1be 0000000017a14dbe 0000000009e63a87 10 0 0
3 0000000031b6b1be 0000000017a14dbe 000000005990f965 10 0 0
4 0000000031b6b1be 0000000017a14dbe 000000003898ebcf 10 0 0
d 0000000031b6b1be 0000000017a14dbe 0000000000000000 0 0 0
0 00000000fcc4c415 00000000ec8c90f6 00000000fcc4c415 10 0 0
1 00000000fcc4c415 00000000ec8c90f6 00000000fcc4c415 10 0 0
2 00000000fcc4c415 00000000ec8c90f6 000000007f800000 14 0 0
3 00000000fcc4c415 00000000ec8c90f6 000000004fb32cf3 10 0 0
4 00000000fcc4c415 00000000ec8c90f6 000000007fc00000 1 0 0
d 00000000fcc4c415 00000000ec8c90f6 0000000000000000 0 1 0
0 00000000acdf985f 00000000a55ea115 00000000acdf9a1c 10 0 0
1 00000000acdf985f 00000000a55ea115 00000000acdf96a2 10 0 0
2 00000000acdf985f 00000000a55ea115 0000000012c272d4 10 0 0
3 00000000acdf985f 00000000a55ea115 0000000047008e2e 10 0 0
4 00000000acdf985f 00000000a55ea115 000000007fc00000 1 0 0
d 00000000acdf985f 00000000a55ea115 0000000000000000 0 1 0
0 000000005efb0ccb 00000000d32c1c3a 000000005efb0cca 10 0 0
1 000000005efb0ccb 00000000d32c1c3a 000000005efb0ccc 10 0 0
2 000000005efb0ccb 00000000d32c1c3a 00000000f2a8c847 10 0 0
3 000000005efb0ccb 00000000d32c1c3a 00000000cb3ab54c 10 0 0
4 000000005efb0ccb 00000000d32c1c3a 000000004f3342bd 10 0 0
d 000000005efb0ccb 00000000d32c1c3a 0000000000000000 0 0 0
0 0000000045c5f98f 00000000a478fa55 0000000045c5f98f 10 0 0
1 0000000045c5f98f 00000000a478fa55 0000000045c5f98f 10 0 0
2 0000000045c5f98f 00000000a478fa55 00000000aac08b5a 10 0 0
3 0000000045c5f98f 00000000a478fa55 00000000e0cb8efa 10 0 0
4 0000000045c5f98f 00000000a478fa55 00000000429f3019 10 0 0
d 0000000045c5f98f 00000000a478fa55 0000000000000000 0 0 0
0 00000000dd72fe4c 00000000d5dcdd31 00000000dd730006 10 0 0
1 00000000dd72fe4c 00000000d5dcdd31 00000000dd72fc92 10 0 0
2 00000000dd72fe4c 00000000d5dcdd31 0000000073d1a47d 10 0 0
3 00000000dd72fe4c 00000000d5dcdd31 00000000470cd32b 10 0 0
4 00000000dd72fe4c 00000000d5dcdd31 000000007fc00000 1 0 0
d 00000000dd72fe4c 00000000d5dcdd31 0000000000000000 0 1 0
0 0000000081219b8c 00000000f8581624 00000000f8581624 10 0 0
1 0000000081219b8c 00000000f8581624 0000000078581624 10 0 0
2 0000000081219b8c 00000000f8581624 000000003a086938 10 0 0
3 0000000081219b8c 00000000f8581624 0000000000000000 18 0 0
4 0000000081219b8c 00000000f8581624 000000007fc00000 1 0 0
d 0000000081219b8c 00000000f8581624 0000000000000000 0 0 0
0 00000000a901862a 00000000a155d3c8 00000000a9018700 10 0 0
1 00000000a901862a 00000000a155d3c8 00000000a9018554 10 0 0
2 00000000a901862a 00000000a155d3c8 000000000ad85f8f 10 0 0
3 00000000a901862a 00000000a155d3c8 00000000471b11e2 10 0 0
4 00000000a901862a 00000000a155d3c8 000000007fc00000 1 0 0
d 00000000a901862a 00000000a155d3c8 0000000000000000 0 1 0
0 000000007eb7159e 000000001c97e81c 000000007eb7159e 10 0 0
1 000000007eb7159e 000000001c97e81c 000000007eb7159e 10 0 0
2 000000007eb7159e 000000001c97e81c 000000005bd94780 10 0 0
3 000000007eb7159e 000000001c97e81c 000000007f800000 14 0 0
4 000000007eb7159e 000000001c97e81c 000000005f191596 10 0 0
d 000000007eb7159e 000000001c97e81c 0000000000000000 0 0 0
0 00000000d3170216 0000000059eeac3c 0000000059eea784 10 0 0
1 00000000d3170216 0000000059eeac3c 00000000d9eeb0f4 10 0 0
2 00000000d3170216 0000000059eeac3c 00000000ed8cc989 10 0 0
3 00000000d3170216 0000000059eeac3c 00000000b8a1f898 10 0 0
4 00000000d3170216 0000000059eeac3c 000000007fc00000 1 0 0
d 00000000d3170216 0000000059eeac3c 0000000000000000 0 1 0
0 0000000001442b08 0000000000884a5a 000000000184281a 10 0 0
1 0000000001442b08 0000000000884a5a 00000000010005db 0 0 0
2 0000000001442b08 0000000000884a5a 0000000000000000 18 0 0
3 0000000001442b08 0000000000884a5a 0000000040383c40 10 0 0
4 0000000001442b08 0000000000884a5a 0000000020601896 10 0 0
d 0000000001442b08 0000000000884a5a 0000000000000000 0 0 0
0 0000000031a2d9db 0000000039a81e77 0000000039a81f1a 10 0 0
1 0000000031a2d9db 0000000039a81e77 00000000b9a81dd4 10 0 0
2 0000000031a2d9db 0000000039a81e77 000000002bd5e4b2 10 0 0
3 0000000031a2d9db 0000000039a81e77 000000003777fa6e 10 0 0
4 0000000031a2d9db 0000000039a81e77 00000000389060b3 10 0 0
d 0000000031a2d9db 0000000039a81e77 0000000000000000 0 1 0
0 0000000076ba8bc4 00000000df811c85 0000000076ba8bc4 10 0 0
1 0000000076ba8bc4 00000000df811c85 0000000076ba8bc4 10 0 0
2 0000000076ba8bc4 00000000df811c85 00000000ff800000 14 0 0
3 0000000076ba8bc4 00000000df811c85 00000000d6b8f0ae 10 0 0
4 0000000076ba8bc4 00000000df811c85 000000005b1a8653 10 0 0
d 0000000076ba8bc4 00000000df811c85 0000000000000000 0 0 0
0 000000007e29932d 00000000c5ceb46b 000000007e29932d 10 0 0
1 000000007e29932d 00000000c5ceb46b 000000007e29932d 10 0 0
2 000000007e29932d 00000000c5ceb46b 00000000ff800000 14 0 0
3 000000007e29932d 00000000c5ceb46b 00000000f7d203ef 10 0 0
4 000000007e29932d 00000000c5ceb46b 000000005ed05a7e 10 0 0
d 000000007e29932d 00000000c5ceb46b 0000000000000000 0 0 0
0 000000007b38648a 00000000828af49e 000000007b38648a 10 0 0
1 000000007b38648a 00000000828af49e 000000007b38648a 10 0 0
2 000000007b38648a 00000000828af49e 00000000be482cc8 10 0 0
3 000000007b38648a 00000000828af49e 00000000ff800000 14 0 0
4 000000007b38648a 00000000828af49e 000000005d59441c 10 0 0
d 000000007b38648a 00000000828af49e 0000000000000000 0 0 0
0 000000005f3208d2 00000000db20bf06 000000005f316813 10 0 0
1 000000005f3208d2 00000000db20bf06 000000005f32a991 10 0 0
2 000000005f3208d2 00000000db20bf06 00000000fadf94b8 10 0 0
3 000000005f3208d2 00000000db20bf06 00000000c38dc434 10 0 0
4 000000005f3208d2 00000000db20bf06 000000004f557cbf 10 0 0
d 000000005f3208d2 00000000db20bf06 0000000000000000 0 0 0
0 0000000054c335a6 000000007c8a7f3d 000000007c8a7f3d 10 0 0
1 0000000054c335a6 000000007c8a7f3d 00000000fc8a7f3d 10 0 0
2 0000000054c335a6 000000007c8a7f3d 000000007f800000 14 0 0
3 0000000054c335a6 000000007c8a7f3d 0000000017b46a06 10 0 0
4 0000000054c335a6 000000007c8a7f3d 000000004a1e127c 10 0 0
d 0000000054c335a6 000000007c8a7f3d 0000000000000000 0 1 0
0 000000005ed517eb 000000007929361f 000000007929361f 10 0 0
1 000000005ed517eb 000000007929361f 00000000f929361f 10 0 0
2 000000005ed517eb 000000007929361f 000000007f800000 14 0 0
3 000000005ed517eb 000000007929361f 00000000252131cf 10 0 0
4 000000005ed517eb 000000007929361f 000000004f252783 10 0 0
d 000000005ed517eb 000000007929361f 0000000000000000 0 1 0
0 00000000a2b5c4aa 000000005e31befa 000000005e31befa 10 0 0
1 00000000a2b5c4aa 000000005e31befa 00000000de31befa 10 0 0
2 00000000a2b5c4aa 000000005e31befa 00000000c17c6926 10 0 0
3 00000000a2b5c4aa 000000005e31befa 000000008402e582 10 0 0
4 00000000a2b5c4aa 000000005e31befa 000000007fc00000 1 0 0
d 00000000a2b5c4aa 000000005e31befa 0000000000000000 0 1 0
0 0000000054378bad 000000000d0d588c 0000000054378bad 10 0 0
1 0000000054378bad 000000000d0d588c 0000000054378bad 10 0 0
2 0000000054378bad 000000000d0d588c 0000000021caaed5 10 0 0
3 0000000054378bad 000000000d0d588c 000000007f800000 14 0 0
4 0000000054378bad 000000000d0d588c 0000000049d8c433 10 0 0
d 0000000054378bad 000000000d0d588c 0000000000000000 0 0 0
0 00000000658dfbc2 00000000844f01b8 00000000658dfbc2 10 0 0
1 00000000658dfbc2 00000000844f01b8 00000000658dfbc2 10 0 0
2 00000000658dfbc2 00000000844f01b8 00000000aa659f0c 10 0 0
3 00000000658dfbc2 00000000844f01b8 00000000ff800000 14 0 0
4 00000000658dfbc2 00000000844f01b8 000000005286cf7f 10 0 0
d 00000000658dfbc2 00000000844f01b8 0000000000000000 0 0 0
0 00000000eb7e4304 0000000040c483eb 00000000eb7e4304 10 0 0
1 00000000eb7e4304 0000000040c483eb 00000000eb7e4304 10 0 0
2 00000000eb7e4304 0000000040c483eb 00000000ecc32e55 10 0 0
3 00000000eb7e4304 0000000040c483eb 00000000ea259cf4 10 0 0
4 00000000eb7e4304 0000000040c483eb 000000007fc00000 1 0 0
d 00000000eb7e4304 0000000040c483eb 0000000000000000 0 1 0
0 00000000c788fd57 00000000dc6c5986 00000000dc6c5986 10 0 0
1 00000000c788fd57 00000000dc6c5986 000000005c6c5986 10 0 0
2 00000000c788fd57 00000000dc6c5986 00000000647cf2e8 10 0 0
3 00000000c788fd57 00000000dc6c5986 000000002a946108 10 0 0
4 00000000c788fd57 00000000dc6c5986 000000007fc00000 1 0 0
d 00000000c788fd57 00000000dc6c5986 0000000000000000 0 0 0
0 00000000bccaf728 00000000a7df41df 00000000bccaf728 10 0 0
1 00000000bccaf728 00000000a7df41df 00000000bccaf728 10 0 0
2 00000000bccaf728 00000000a7df41df 0000000025310185 10 0 0
3 00000000bccaf728 00000000a7df41df 000000005468bb6f 10 0 0
4 00000000bccaf728 00000000a7df41df 000000007fc00000 1 0 0
d 00000000bccaf728 00000000a7df41df 0000000000000000 0 1 0
0 00000000b374438d 000000005bba3fef 000000005bba3fef 10 0 0
1 00000000b374438d 000000005bba3fef 00000000dbba3fef 10 0 0
2 00000000b374438d 000000005bba3fef 00000000cfb1b615 10 0 0
3 00000000b374438d 000000005bba3fef 000000009727dec3 10 0 0
4 00000000b374438d 000000005bba3fef 000000007fc00000 1 0 0
d 00000000b374438d 000000005bba3fef 0000000000000000 0 1 0
0 0000000094bde84c 000000001f3bee56 000000001f3bee50 10 0 0
1 0000000094bde84c 000000001f3bee56 000000009f3bee5c 10 0 0
2 0000000094bde84c 000000001f3bee56 0000000080000001 18 0 0
3 0000000094bde84c 000000001f3bee56 00000000b501589c 10 0 0
4 0000000094bde84c 000000001f3bee56 000000007fc00000 1 0 0
d 0000000094bde84c 000000001f3bee56 0000000000000000 0 1 0
0 000000003cd2faee 00000000126e6e09 000000003cd2faee 10 0 0
1 000000003cd2faee 00000000126e6e09 000000003cd2faee 10 0 0
2 000000003cd2faee 00000000126e6e09 000000000fc47ff9 10 0 0
3 000000003cd2faee 00000000126e6e09 0000000069e2870f 10 0 0
4 000000003cd2faee 00000000126e6e09 000000003e245559 10 0 0
d 000000003cd2faee 00000000126e6e09 0000000000000000 0 0 0
0 000000002a4b1a1e 0000000068172dda 0000000068172dda 10 0 0
1 000000002a4b1a1e 0000000068172dda 00000000e8172dda 10 0 0
2 000000002a4b1a1e 0000000068172dda 0000000052efe190 10 0 0
3 000000002a4b1a1e 0000000068172dda 0000000001abf644 10 0 0
4 000000002a4b1a1e 0000000068172dda 0000000034e405ae 10 0 0
d 000000002a4b1a1e 0000000068172dda 0000000000000000 0 1 0
0 0000000038294a8c 000000003e608430 000000003e608ec5 10 0 0
1 0000000038294a8c 000000003e608430 00000000be60799b 10 0 0
2 0000000038294a8c 000000003e608430 00000000371478a5 10 0 0
3 0000000038294a8c 000000003e608430 00000000394107db 10 0 0
4 0000000038294a8c 000000003e608430 000000003bd02ddb 10 0 0
d 0000000038294a8c 000000003e608430 0000000000000000 0 1 0
0 00000000f234fb23 00000000c7451ceb 00000000f234fb23 10 0 0
1 00000000f234fb23 00000000c7451ceb 00000000f234fb23 10 0 0
2 00000000f234fb23 00000000c7451ceb 000000007a0b59b4 10 0 0
3 00000000f234fb23 00000000c7451ceb 000000006a6b0c75 10 0 0
4 00000000f234fb23 00000000c7451ceb 000000007fc00000 1 0 0
d 00000000f234fb23 00000000c7451ceb 0000000000000000 0 1 0
0 00000000ffd19e67 000000004fbe1549 000000007fc00000 0 0 0
1 00000000ffd19e67 000000004fbe1549 000000007fc00000 0 0 0
2 00000000ffd19e67 000000004fbe1549 000000007fc00000 0 0 0
3 00000000ffd19e67 000000004fbe1549 000000007fc00000 0 0 0
4 00000000ffd19e67 000000004fbe1549 000000007fc00000 0 0 0
d 00000000ffd19e67 000000004fbe1549 0000000000000000 0 4 0
0 000000002ff90b82 00000000dfa0d406 00000000dfa0d406 10 0 0
1 000000002ff90b82 00000000dfa0d406 000000005fa0d406 10 0 0
2 000000002ff90b82 00000000dfa0d406 00000000d01c7575 10 0 0
3 000000002ff90b82 00000000dfa0d406 000000008fc635c0 10 0 0
4 000000002ff90b82 00000000dfa0d406 0000000037b28b1e 10 0 0
d 000000002ff90b82 00000000dfa0d406 0000000000000000 0 0 0
0 00000000612ea456 000000000123ee04 00000000612ea456 10 0 0
1 00000000612ea456 000000000123ee04 00000000612ea456 10 0 0
2 00000000612ea456 000000000123ee04 0000000022dfaa05 10 0 0
3 00000000612ea456 000000000123ee04 000000007f800000 14 0 0
4 00000000612ea456 000000000123ee04 0000000050537186 10 0 0
d 00000000612ea456 000000000123ee04 0000000000000000 0 0 0
0 00000000e0895ed5 00000000a120f4fc 00000000e0895ed5 10 0 0
1 00000000e0895ed5 00000000a120f4fc 00000000e0895ed5 10 0 0
2 00000000e0895ed5 00000000a120f4fc 00000000422cbd75 10 0 0
3 00000000e0895ed5 00000000a120f4fc 000000007eda7c65 10 0 0
4 00000000e0895ed5 00000000a120f4fc 000000007fc00000 1 0 0
d 00000000e0895ed5 00000000a120f4fc 0000000000000000 0 1 0
0 00000000485a4f43 0000000037f7dcda 00000000485a4f43 10 0 0
1 00000000485a4f43 0000000037f7dcda 00000000485a4f43 10 0 0
2 00000000485a4f43 0000000037f7dcda 0000000040d35ed0 10 0 0
3 00000000485a4f43 0000000037f7dcda 000000004fe17a08 10 0 0
4 00000000485a4f43 0000000037f7dcda 0000000043ec67a5 10 0 0
d 00000000485a4f43 0000000037f7dcda 0000000000000000 0 0 0
0 0000000041f3a76c 0000000096d98183 0000000041f3a76c 10 0 0
1 0000000041f3a76c 0000000096d98183 0000000041f3a76c 10 0 0
2 0000000041f3a76c 0000000096d98183 00000000994f042f 10 0 0
3 0000000041f3a76c 0000000096d98183 00000000ea8f634c 10 0 0
4 0000000041f3a76c 0000000096d98183 0000000040b099b6 10 0 0
d 0000000041f3a76c 0000000096d98183 0000000000000000 0 0 0
0 000000007bdfec17 000000004df4a819 000000007bdfec17 10 0 0
1 000000007bdfec17 000000004df4a819 000000007bdfec17 10 0 0
2 000000007bdfec17 000000004df4a819 000000007f800000 14 0 0
3 000000007bdfec17 000000004df4a819 000000006d6a4de4 10 0 0
4 000000007bdfec17 000000004df4a819 000000005da94c77 10 0 0
d 000000007bdfec17 000000004df4a819 0000000000000000 0 0 0
0 00000000c60b6822 00000000cae0c905 00000000cae10eb9 10 0 0
1 00000000c60b6822 00000000cae0c905 000000004ae08351 10 0 0
2 00000000c60b6822 00000000cae0c905 000000005174d12a 10 0 0
3 00000000c60b6822 00000000cae0c905 000000003a9ec3f6 10 0 0
4 00000000c60b6822 00000000cae0c905 000000007fc00000 1 0 0
d 00000000c60b6822 00000000cae0c905 0000000000000000 0 0 0
0 00000000abc01c45 00000000a155e441 00000000abc01c4c 10 0 0
1 00000000abc01c45 00000000a155e441 00000000abc01c3e 10 0 0
2 00000000abc01c45 00000000a155e441 000000000da082cf 10 0 0
3 00000000abc01c45 00000000a155e441 0000000049e5ee49 10 0 0
4 00000000abc01c45 00000000a155e441 000000007fc00000 1 0 0
d 00000000abc01c45 00000000a155e441 0000000000000000 0 1 0
0 00000000a6649f4f 000000008421d4a9 00000000a6649f4f 10 0 0
1 00000000a6649f4f 000000008421d4a9 00000000a6649f4f 10 0 0
2 00000000a6649f4f 000000008421d4a9 0000000000000000 18 0 0
3 00000000a6649f4f 000000008421d4a9 0000000061b4d42d 10 0 0
4 00000000a6649f4f 000000008421d4a9 000000007fc00000 1 0 0
d 00000000a6649f4f 000000008421d4a9 0000000000000000 0 1 0
0 000000006821d593 0000000000e0079a 000000006821d593 10 0 0
1 000000006821d593 0000000000e0079a 000000006821d593 10 0 0
2 000000006821d593 0000000000e0079a 00000000298d9faf 10 0 0
3 000000006821d593 0000000000e0079a 000000007f800000 14 0 0
4 000000006821d593 0000000000e0079a 0000000053cb8ae5 10 0 0
d 000000006821d593 0000000000e0079a 0000000000000000 0 0 0
0 00000000027bb5f3 00000000ec781db1 00000000ec781db1 10 0 0
1 00000000027bb5f3 00000000ec781db1 000000006c781db1 10 0 0
2 00000000027bb5f3 00000000ec781db1 00000000af73f575 10 0 0
3 00000000027bb5f3 00000000ec781db1 0000000080000000 18 0 0
4 00000000027bb5f3 00000000ec781db1 0000000020fdd8a8 10 0 0
d 00000000027bb5f3 00000000ec781db1 0000000000000000 0 0 0
0 0000000016070096 0000000034a2c81c 0000000034a2c81c 10 0 0
1 0000000016070096 0000000034a2c81c 00000000b4a2c81c 10 0 0
2 0000000016070096 0000000034a2c81c 000000000b2bafcc 10 0 0
3 0000000016070096 0000000034a2c81c 0000000020d45000 10 0 0
4 0000000016070096 0000000034a2c81c 000000002ab9e79f 10 0 0
d 0000000016070096 0000000034a2c81c 0000000000000000 0 1 0
0 00000000d98ea74c 00000000a1831e1f 00000000d98ea74c 10 0 0
1 00000000d98ea74c 00000000a1831e1f 00000000d98ea74c 10 0 0
2 00000000d98ea74c 00000000a1831e1f 000000003b9220ca 10 0 0
3 00000000d98ea74c 00000000a1831e1f 00000000778b42f5 10 0 0
4 00000000d98ea74c 00000000a1831e1f 000000007fc00000 1 0 0
d 00000000d98ea74c 00000000a1831e1f 0000000000000000 0 1 0
0 000000008a5378df 000000004c55a51b 000000004c55a51b 10 0 0
1 000000008a5378df 000000004c55a51b 00000000cc55a51b 10 0 0
2 000000008a5378df 000000004c55a51b 0000000097307bf5 10 0 0
3 000000008a5378df 000000004c55a51b 000000008001facb 18 0 0
4 000000008a5378df 000000004c55a51b 000000007fc00000 1 0 0
d 000000008a5378df 000000004c55a51b 0000000000000000 0 1 0
0 00000000e6219560 0000000045321be6 00000000e6219560 10 0 0
1 00000000e6219560 0000000045321be6 00000000e6219560 10 0 0
2 00000000e6219560 0000000045321be6 00000000ebe0d6f1 10 0 0
3 00000000e6219560 0000000045321be6 00000000e0683f60 10 0 0
4 00000000e6219560 0000000045321be6 000000007fc00000 1 0 0
d 00000000e6219560 0000000045321be6 0000000000000000 0 1 0
0 00000000cf95c0e1 0000000086b2bf85 00000000cf95c0e1 10 0 0
1 00000000cf95c0e1 0000000086b2bf85 00000000cf95c0e1 10 0 0
2 00000000cf95c0e1 0000000086b2bf85 0000000016d1204a 10 0 0
3 00000000cf95c0e1 0000000086b2bf85 000000007f800000 14 0 0
4 00000000cf95c0e1 0000000086b2bf85 000000007fc00000 1 0 0
d 00000000cf95c0e1 0000000086b2bf85 0000000000000000 0 1 0
0 00000000f90c93a4 00000000047ce518 00000000f90c93a4 10 0 0
1 00000000f90c93a4 00000000047ce518 00000000f90c93a4 10 0 0
2 00000000f90c93a4 00000000047ce518 00000000be0adf23 10 0 0
3 00000000f90c93a4 00000000047ce518 00000000ff800000 14 0 0
4 00000000f90c93a4 00000000047ce518 000000007fc00000 1 0 0
d 00000000f90c93a4 00000000047ce518 0000000000000000 0 1 0
0 00000000832a8797 00000000a8d9c11b 00000000a8d9c11b 10 0 0
1 00000000832a8797 00000000a8d9c11b 0000000028d9c11b 10 0 0
2 00000000832a8797 00000000a8d9c11b 0000000000000000 18 0 0
3 00000000832a8797 00000000a8d9c11b 0000000019c87b1f 10 0 0
4 00000000832a8797 00000000a8d9c11b 000000007fc00000 1 0 0
d 00000000832a8797 00000000a8d9c11b 0000000000000000 0 0 0
0 000000008fa7c5a6 000000009574fbcf 00000000957510c8 10 0 0
1 000000008fa7c5a6 000000009574fbcf 000000001574e6d6 10 0 0
2 000000008fa7c5a6 000000009574fbcf 0000000000000000 18 0 0
3 000000008fa7c5a6 000000009574fbcf 0000000039af5100 10 0 0
4 000000008fa7c5a6 000000009574fbcf 000000007fc00000 1 0 0
d 000000008fa7c5a6 000000009574fbcf 0000000000000000 0 0 0
0 000000004baec7e9 00000000f9266640 00000000f9266640 10 0 0
1 000000004baec7e9 00000000f9266640 0000000079266640 10 0 0
2 000000004baec7e9 00000000f9266640 00000000ff800000 14 0 0
3 000000004baec7e9 00000000f9266640 0000000092067283 10 0 0
4 000000004baec7e9 00000000f9266640 0000000045959294 10 0 0
d 000000004baec7e9 00000000f9266640 0000000000000000 0 0 0
0 000000008821ea57 0000000018014ca2 0000000018014ca2 10 0 0
1 000000008821ea57 0000000018014ca2 0000000098014ca2 10 0 0
2 000000008821ea57 0000000018014ca2 0000000080000000 18 0 0
3 000000008821ea57 0000000018014ca2 00000000afa049cd 10 0 0
4 000000008821ea57 0000000018014ca2 000000007fc00000 1 0 0
d 000000008821ea57 0000000018014ca2 0000000000000000 0 1 0
0 0000000003379968 00000000f346cdc5 00000000f346cdc5 10 0 0
1 0000000003379968 00000000f346cdc5 000000007346cdc5 10 0 0
2 0000000003379968 00000000f346cdc5 00000000b70e943a 10 0 0
3 0000000003379968 00000000f346cdc5 0000000080000000 18 0 0
4 0000000003379968 00000000f346cdc5 000000002158cc4f 10 0 0
d 0000000003379968 00000000f346cdc5 0000000000000000 0 0 0
0 0000000075316ffa 00000000410e703d 0000000075316ffa 10 0 0
1 0000000075316ffa 00000000410e703d 0000000075316ffa 10 0 0
2 0000000075316ffa 00000000410e703d 0000000076c573d0 10 0 0
3 0000000075316ffa 00000000410e703d 00000000739f7386 10 0 0
4 0000000075316ffa 00000000410e703d 000000005a552107 10 0 0
d 0000000075316ffa 00000000410e703d 0000000000000000 0 0 0
0 000000006e3b6099 000000004720702d 000000006e3b6099 10 0 0
1 000000006e3b6099 000000004720702d 000000006e3b6099 10 0 0
2 000000006e3b6099 000000004720702d 0000000075eadcf6 10 0 0
3 000000006e3b6099 000000004720702d 0000000066957e12 10 0 0
4 000000006e3b6099 000000004720702d 0000000056db0471 10 0 0
d 000000006e3b6099 000000004720702d 0000000000000000 0 0 0
0 000000006d9b635f 000000003fe0f747 000000006d9b635f 10 0 0
1 000000006d9b635f 000000003fe0f747 000000006d9b635f 10 0 0
2 000000006d9b635f 000000003fe0f747 000000006e088d0b 10 0 0
3 000000006d9b635f 000000003fe0f747 000000006d30d2f0 10 0 0
4 000000006d9b635f 000000003fe0f747 00000000568d07e2 10 0 0
d 000000006d9b635f 000000003fe0f747 0000000000000000 0 0 0
0 000000000008ffa3 00000000e06e9bfd 00000000e06e9bfd 10 0 0
1 000000000008ffa3 00000000e06e9bfd 00000000606e9bfd 10 0 0
2 000000000008ffa3 00000000e06e9bfd 000000009f863253 10 0 0
3 000000000008ffa3 00000000e06e9bfd 0000000080000000 18 0 0
4 000000000008ffa3 00000000e06e9bfd 000000001f07c0f9 10 0 0
d 000000000008ffa3 00000000e06e9bfd 0000000000000000 0 0 0
0 0000000051356cd5 000000006959e2c2 000000006959e2c2 10 0 0
1 0000000051356cd5 000000006959e2c2 00000000e959e2c2 10 0 0
2 0000000051356cd5 000000006959e2c2 000000007b1a69f4 10 0 0
3 0000000051356cd5 000000006959e2c2 0000000027552950 10 0 0
4 0000000051356cd5 000000006959e2c2 00000000485782b9 10 0 0
d 0000000051356cd5 000000006959e2c2 0000000000000000 0 1 0
0 00000000f5308002 000000004326e1da 00000000f5308002 10 0 0
1 00000000f5308002 000000004326e1da 00000000f5308002 10 0 0
2 00000000f5308002 000000004326e1da 00000000f8e61d70 10 0 0
3 00000000f5308002 000000004326e1da 00000000f187607e 10 0 0
4 00000000f5308002 000000004326e1da 000000007fc00000 1 0 0
d 00000000f5308002 000000004326e1da 0000000000000000 0 1 0
0 000000007ca024d4 000000007f6981e9 000000007f6e8310 10 0 0
1 000000007ca024d4 000000007f6981e9 00000000ff6480c2 10 0 0
2 000000007ca024d4 000000007f6981e9 000000007f800000 14 0 0
3 000000007ca024d4 000000007f6981e9 000000003caf91d6 10 0 0
4 000000007ca024d4 000000007f6981e9 000000005e0f2c34 10 0 0
d 000000007ca024d4 000000007f6981e9 0000000000000000 0 1 0
0 00000000a5c44e23 00000000ac073c43 00000000ac074265 10 0 0
1 00000000a5c44e23 00000000ac073c43 000000002c073621 10 0 0
2 00000000a5c44e23 00000000ac073c43 00000000124f66d4 10 0 0
3 00000000a5c44e23 00000000ac073c43 000000003939cd6d 10 0 0
4 00000000a5c44e23 00000000ac073c43 000000007fc00000 1 0 0
d 00000000a5c44e23 00000000ac073c43 0000000000000000 0 0 0
0 000000003a604904 000000005b5ac424 000000005b5ac424 10 0 0
1 000000003a604904 000000005b5ac424 00000000db5ac424 10 0 0
2 000000003a604904 000000005b5ac424 00000000563faa05 10 0 0
3 000000003a604904 000000005b5ac424 000000001e833aac 10 0 0
4 000000003a604904 000000005b5ac424 000000003cef9e55 10 0 0
d 000000003a604904 000000005b5ac424 0000000000000000 0 1 0
0 000000007816fcab 0000000057fa222a 000000007816fcab 10 0 0
1 000000007816fcab 0000000057fa222a 000000007816fcab 10 0 0
2 000000007816fcab 0000000057fa222a 000000007f800000 14 0 0
3 000000007816fcab 0000000057fa222a 000000005f9a8737 10 0 0
4 000000007816fcab 0000000057fa222a 000000005bc49a52 10 0 0
d 000000007816fcab 0000000057fa222a 0000000000000000 0 0 0
0 0000000064521555 00000000f9ec6309 00000000f9ec6309 10 0 0
1 0000000064521555 00000000f9ec6309 0000000079ec6309 10 0 0
2 0000000064521555 00000000f9ec6309 00000000ff800000 14 0 0
3 0000000064521555 00000000f9ec6309 00000000a9e38399 10 0 0
4 0000000064521555 00000000f9ec6309 0000000051e7e874 10 0 0
d 0000000064521555 00000000f9ec6309 0000000000000000 0 0 0
0 00000000c422402f 0000000008db21bc 00000000c422402f 10 0 0
1 00000000c422402f 0000000008db21bc 00000000c422402f 10 0 0
2 00000000c422402f 0000000008db21bc 000000008d8ae24a 10 0 0
3 00000000c422402f 0000000008db21bc 00000000fabd8c84 10 0 0
4 00000000c422402f 0000000008db21bc 000000007fc00000 1 0 0
d 00000000c422402f 0000000008db21bc 0000000000000000 0 1 0
0 00000000f17e6e8a 00000000a9492b7d 00000000f17e6e8a 10 0 0
1 00000000f17e6e8a 00000000a9492b7d 00000000f17e6e8a 10 0 0
2 00000000f17e6e8a 00000000a9492b7d 000000005b47f003 10 0 0
3 00000000f17e6e8a 00000000a9492b7d 000000007f800000 14 0 0
4 00000000f17e6e8a 00000000a9492b7d 000000007fc00000 1 0 0
d 00000000f17e6e8a 00000000a9492b7d 0000000000000000 0 1 0
0 0000000008ff60ae 0000000079b089bb 0000000079b089bb 10 0 0
1 0000000008ff60ae 0000000079b089bb 00000000f9b089bb 10 0 0
2 0000000008ff60ae 0000000079b089bb 0000000043301bdd 10 0 0
3 0000000008ff60ae 0000000079b089bb 0000000000000000 18 0 0
4 0000000008ff60ae 0000000079b089bb 000000002434cc96 10 0 0
d 0000000008ff60ae 0000000079b089bb 0000000000000000 0 1 0
0 00000000787c62f8 00000000704005c9 00000000787c63b8 10 0 0
1 00000000787c62f8 00000000704005c9 00000000787c6238 10 0 0
2 00000000787c62f8 00000000704005c9 000000007f800000 14 0 0
3 00000000787c62f8 00000000704005c9 0000000047a83ce9 10 0 0
4 00000000787c62f8 00000000704005c9 000000005bfe2fd7 10 0 0
d 00000000787c62f8 00000000704005c9 0000000000000000 0 0 0
0 000000006fdaab15 000000006dbadf69 000000006fe6590c 10 0 0
1 000000006fdaab15 000000006dbadf69 000000006fcefd1e 10 0 0
2 000000006fdaab15 000000006dbadf69 000000007f800000 14 0 0
3 000000006fdaab15 000000006dbadf69 000000004195c756 10 0 0
4 000000006fdaab15 000000006dbadf69 0000000057a74cfe 10 0 0
d 000000006fdaab15 000000006dbadf69 0000000000000000 0 0 0
0 00000000fcab6c02 00000000b447f677 00000000fcab6c02 10 0 0
1 00000000fcab6c02 00000000b447f677 00000000fcab6c02 10 0 0
2 00000000fcab6c02 00000000b447f677 000000007185e5ff 10 0 0
3 00000000fcab6c02 00000000b447f677 000000007f800000 14 0 0
4 00000000fcab6c02 00000000b447f677 000000007fc00000 1 0 0
d 00000000fcab6c02 00000000b447f677 0000000000000000 0 1 0
0 000000001baf5553 00000000d1acf7f1 00000000d1acf7f1 10 0 0
1 000000001baf5553 00000000d1acf7f1 0000000051acf7f1 10 0 0
2 000000001baf5553 00000000d1acf7f1 00000000adecee48 10 0 0
3 000000001baf5553 00000000d1acf7f1 000000008981bfff 10 0 0
4 000000001baf5553 00000000d1acf7f1 000000002d95cf0a 10 0 0
d 000000001baf5553 00000000d1acf7f1 0000000000000000 0 0 0
0 00000000a50cfb58 00000000769b2b0b 00000000769b2b0b 10 0 0
1 00000000a50cfb58 00000000769b2b0b 00000000f69b2b0b 10 0 0
2 00000000a50cfb58 00000000769b2b0b 00000000dc2ae7c5 10 0 0
3 00000000a50cfb58 00000000769b2b0b 0000000080000000 18 0 0
4 00000000a50cfb58 00000000769b2b0b 000000007fc00000 1 0 0
d 00000000a50cfb58 00000000769b2b0b 0000000000000000 0 1 0
0 000000006cb21c36 00000000c9adbe2c 000000006cb21c36 10 0 0
1 000000006cb21c36 00000000c9adbe2c 000000006cb21c36 10 0 0
2 000000006cb21c36 00000000c9adbe2c 00000000f6f1c2c0 10 0 0
3 000000006cb21c36 00000000c9adbe2c 00000000e28337af 10 0 0
4 000000006cb21c36 00000000c9adbe2c 000000005616fd8c 10 0 0
d 000000006cb21c36 00000000c9adbe2c 0000000000000000 0 0 0
0 00000000b3682218 000000005244482d 000000005244482d 10 0 0
1 00000000b3682218 000000005244482d 00000000d244482d 10 0 0
2 00000000b3682218 000000005244482d 00000000c631fb8d 10 0 0
3 00000000b3682218 000000005244482d 00000000a0976122 10 0 0
4 00000000b3682218 000000005244482d 000000007fc00000 1 0 0
d 00000000b3682218 000000005244482d 0000000000000000 0 1 0
0 00000000b371342d 000000002b6f0437 00000000b371333e 10 0 0
1 00000000b371342d 000000002b6f0437 00000000b371351c 10 0 0
2 00000000b371342d 000000002b6f0437 000000009f6133af 10 0 0
3 00000000b371342d 000000002b6f0437 00000000c7812be0 10 0 0
4 00000000b371342d 000000002b6f0437 000000007fc00000 1 0 0
d 00000000b371342d 000000002b6f0437 0000000000000000 0 1 0
0 00000000b6d9b9a3 00000000bc5eb3f5 00000000bc5ecf2c 10 0 0
1 00000000b6d9b9a3 00000000bc5eb3f5 000000003c5e98be 10 0 0
2 00000000b6d9b9a3 00000000bc5eb3f5 0000000033bd6809 10 0 0
3 00000000b6d9b9a3 00000000bc5eb3f5 0000000039fa4727 10 0 0
4 00000000b6d9b9a3 00000000bc5eb3f5 000000007fc00000 1 0 0
d 00000000b6d9b9a3 00000000bc5eb3f5 0000000000000000 0 0 0
0 000000002e24fa45 000000009cec5c93 000000002e24fa45 10 0 0
1 000000002e24fa45 000000009cec5c93 000000002e24fa45 10 0 0
2 000000002e24fa45 000000009cec5c93 000000008b985260 10 0 0
3 000000002e24fa45 000000009cec5c93 00000000d0b2af5a 10 0 0
4 000000002e24fa45 000000009cec5c93 0000000036cd8281 10 0 0
d 000000002e24fa45 000000009cec5c93 0000000000000000 0 0 0
0 00000000f8b8d2ac 00000000bf49589a 00000000f8b8d2ac 10 0 0
1 00000000f8b8d2ac 00000000bf49589a 00000000f8b8d2ac 10 0 0
2 00000000f8b8d2ac 00000000bf49589a 0000000078915d61 10 0 0
3 00000000f8b8d2ac 00000000bf49589a 0000000078eafde3 10 0 0
4 00000000f8b8d2ac 00000000bf49589a 000000007fc00000 1 0 0
d 00000000f8b8d2ac 00000000bf49589a 0000000000000000 0 1 0
0 000000001f100457 00000000ecc798da 00000000ecc798da 10 0 0
1 000000001f100457 00000000ecc798da 000000006cc798da 10 0 0
2 000000001f100457 00000000ecc798da 00000000cc6092ba 10 0 0
3 000000001f100457 00000000ecc798da 0000000080000000 18 0 0
4 000000001f100457 00000000ecc798da 000000002f4002e5 10 0 0
d 000000001f100457 00000000ecc798da 0000000000000000 0 0 0
0 00000000e44631b4 000000006c64b10c 000000006c64b046 10 0 0
1 00000000e44631b4 000000006c64b10c 00000000ec64b1d2 10 0 0
2 00000000e44631b4 000000006c64b10c 00000000ff800000 14 0 0
3 00000000e44631b4 000000006c64b10c 00000000b75ddc5f 10 0 0
4 00000000e44631b4 000000006c64b10c 000000007fc00000 1 0 0
d 00000000e44631b4 000000006c64b10c 0000000000000000 0 1 0
0 00000000b2ecc9ee 0000000051f29cc6 0000000051f29cc6 10 0 0
1 00000000b2ecc9ee 0000000051f29cc6 00000000d1f29cc6 10 0 0
2 00000000b2ecc9ee 0000000051f29cc6 00000000c56067e5 10 0 0
3 00000000b2ecc9ee 0000000051f29cc6 00000000a079dae4 10 0 0
4 00000000b2ecc9ee 0000000051f29cc6 000000007fc00000 1 0 0
d 00000000b2ecc9ee 0000000051f29cc6 0000000000000000 0 1 0
0 000000004f21e393 000000001924fd7a 000000004f21e393 10 0 0
1 000000004f21e393 000000001924fd7a 000000004f21e393 10 0 0
2 000000004f21e393 000000001924fd7a 0000000028d0ac2a 10 0 0
3 000000004f21e393 000000001924fd7a 00000000757b302d 10 0 0
4 000000004f21e393 000000001924fd7a 00000000474b93b3 10 0 0
d 000000004f21e393 000000001924fd7a 0000000000000000 0 0 0
0 0000000057f439df 00000000c93986b8 0000000057f439df 10 0 0
1 0000000057f439df 00000000c93986b8 0000000057f439df 10 0 0
2 0000000057f439df 00000000c93986b8 00000000e1b0fe58 10 0 0
3 0000000057f439df 00000000c93986b8 00000000ce287fac 10 0 0
4 0000000057f439df 00000000c93986b8 000000004bb0cec0 10 0 0
d 0000000057f439df 00000000c93986b8 0000000000000000 0 0 0
0 00000000c431b3af 00000000bac17b2d 00000000c431b3c7 10 0 0
1 00000000c431b3af 00000000bac17b2d 00000000c431b397 10 0 0
2 00000000c431b3af 00000000bac17b2d 000000003f864df8 10 0 0
3 00000000c431b3af 00000000bac17b2d 0000000048eb1f3e 10 0 0
4 00000000c431b3af 00000000bac17b2d 000000007fc00000 1 0 0
d 00000000c431b3af 00000000bac17b2d 0000000000000000 0 1 0
0 000000002136ae1f 000000006a53b8c5 000000006a53b8c5 10 0 0
1 000000002136ae1f 000000006a53b8c5 00000000ea53b8c5 10 0 0
2 000000002136ae1f 000000006a53b8c5 000000004c17155d 10 0 0
3 000000002136ae1f 000000006a53b8c5 0000000000000007 18 0 0
4 000000002136ae1f 000000006a53b8c5 0000000030584138 10 0 0
d 000000002136ae1f 000000006a53b8c5 0000000000000000 0 1 0
0 00000000b429da60 0000000063d62792 0000000063d62792 10 0 0
1 00000000b429da60 0000000063d62792 00000000e3d62792 10 0 0
2 00000000b429da60 0000000063d62792 00000000d88e16cd 10 0 0
3 00000000b429da60 0000000063d62792 000000008fcb0ac1 10 0 0
4 00000000b429da60 0000000063d62792 000000007fc00000 1 0 0
d 00000000b429da60 0000000063d62792 0000000000000000 0 1 0
0 0000000043a2b400 00000000b1756cb1 0000000043a2b400 10 0 0
1 0000000043a2b400 00000000b1756cb1 0000000043a2b400 10 0 0
2 0000000043a2b400 00000000b1756cb1 00000000b59bfb58 10 0 0
3 0000000043a2b400 00000000b1756cb1 00000000d1a9b6cc 10 0 0
4 0000000043a2b400 00000000b1756cb1 0000000041904fea 10 0 0
d 0000000043a2b400 00000000b1756cb1 0000000000000000 0 0 0
0 00000000808b1ac0 0000000099be0e09 0000000099be0e09 10 0 0
1 00000000808b1ac0 0000000099be0e09 0000000019be0e09 10 0 0
2 00000000808b1ac0 0000000099be0e09 0000000000000000 18 0 0
3 00000000808b1ac0 0000000099be0e09 00000000263b5ef6 10 0 0
4 00000000808b1ac0 0000000099be0e09 000000007fc00000 1 0 0
d 00000000808b1ac0 0000000099be0e09 0000000000000000 0 0 0
0 00000000579f44f6 000000005f3ab5b6 000000005f3ab6f5 10 0 0
1 00000000579f44f6 000000005f3ab5b6 00000000df3ab477 10 0 0
2 00000000579f44f6 000000005f3ab5b6 000000007768524f 10 0 0
3 00000000579f44f6 000000005f3ab5b6 0000000037da6048 10 0 0
4 00000000579f44f6 000000005f3ab5b6 000000004b8ec7ff 10 0 0
d 00000000579f44f6 000000005f3ab5b6 0000000000000000 0 1 0
0 0000000038025f70 000000000e60b646 0000000038025f70 10 0 0
1 0000000038025f70 000000000e60b646 0000000038025f70 10 0 0
2 0000000038025f70 000000000e60b646 0000000006e4e0ab 10 0 0
3 0000000038025f70 000000000e60b646 0000000069148680 10 0 0
4 0000000038025f70 000000000e60b646 000000003bb6b080 10 0 0
d 0000000038025f70 000000000e60b646 0000000000000000 0 0 0
0 000000000da73852 00000000bf0cad84 00000000bf0cad84 10 0 0
1 000000000da73852 00000000bf0cad84 000000003f0cad84 10 0 0
2 000000000da73852 00000000bf0cad84 000000008d37c848 10 0 0
3 000000000da73852 00000000bf0cad84 000000008e182676 10 0 0
4 000000000da73852 00000000bf0cad84 0000000026924d36 10 0 0
d 000000000da73852 00000000bf0cad84 0000000000000000 0 0 0
0 000000007d3b239a 00000000304588fe 000000007d3b239a 10 0 0
1 000000007d3b239a 00000000304588fe 000000007d3b239a 10 0 0
2 000000007d3b239a 00000000304588fe 000000006e10668a 10 0 0
3 000000007d3b239a 00000000304588fe 000000007f800000 14 0 0
4 000000007d3b239a 00000000304588fe 000000005e5ae0c8 10 0 0
d 000000007d3b239a 00000000304588fe 0000000000000000 0 0 0
0 00000000aa1b0233 0000000081fde4bd 00000000aa1b0233 10 0 0
1 00000000aa1b0233 0000000081fde4bd 00000000aa1b0233 10 0 0
2 00000000aa1b0233 0000000081fde4bd 0000000000000000 18 0 0
3 00000000aa1b0233 0000000081fde4bd 00000000679c4b6f 10 0 0
4 00000000aa1b0233 0000000081fde4bd 000000007fc00000 1 0 0
d 00000000aa1b0233 0000000081fde4bd 0000000000000000 0 1 0
0 0000000090211b08 00000000db4817a8 00000000db4817a8 10 0 0
1 0000000090211b08 00000000db4817a8 000000005b4817a8 10 0 0
2 0000000090211b08 00000000db4817a8 000000002bfbd803 10 0 0
3 0000000090211b08 00000000db4817a8 0000000000000000 18 0 0
4 0000000090211b08 00000000db4817a8 000000007fc00000 1 0 0
d 0000000090211b08 00000000db4817a8 0000000000000000 0 0 0
0 00000000ee1215b6 000000003834ff64 00000000ee1215b6 10 0 0
1 00000000ee1215b6 000000003834ff64 00000000ee1215b6 10 0 0
2 00000000ee1215b6 000000003834ff64 00000000e6ce9201 10 0 0
3 00000000ee1215b6 000000003834ff64 00000000f54e9eb2 10 0 0
4 00000000ee1215b6 000000003834ff64 000000007fc00000 1 0 0
d 00000000ee1215b6 000000003834ff64 0000000000000000 0 1 0
0 000000005cddbd88 0000000086f5cffe 000000005cddbd88 10 0 0
1 000000005cddbd88 0000000086f5cffe 000000005cddbd88 10 0 0
2 000000005cddbd88 0000000086f5cffe 00000000a454ea8b 10 0 0
3 000000005cddbd88 0000000086f5cffe 00000000ff800000 14 0 0
4 000000005cddbd88 0000000086f5cffe 000000004e2878cb 10 0 0
d 000000005cddbd88 0000000086f5cffe 0000000000000000 0 0 0
0 00000000de481f1b 0000000068c9280e 0000000068c92808 10 0 0
1 00000000de481f1b 0000000068c9280e 00000000e8c92814 10 0 0
2 00000000de481f1b 0000000068c9280e 00000000ff800000 14 0 0
3 00000000de481f1b 0000000068c9280e 00000000b4feaed1 10 0 0
4 00000000de481f1b 0000000068c9280e 000000007fc00000 1 0 0
d 00000000de481f1b 0000000068c9280e 0000000000000000 0 1 0
0 00000000f4d113aa 00000000022327f8 00000000f4d113aa 10 0 0
1 00000000f4d113aa 00000000022327f8 00000000f4d113aa 10 0 0
2 00000000f4d113aa 00000000022327f8 00000000b785402a 10 0 0
3 00000000f4d113aa 00000000022327f8 00000000ff800000 14 0 0
4 00000000f4d113aa 00000000022327f8 000000007fc00000 1 0 0
d 00000000f4d113aa 00000000022327f8 0000000000000000 0 1 0
0 00000000bd5e8656 00000000df1a631c 00000000df1a631c 10 0 0
1 00000000bd5e8656 00000000df1a631c 000000005f1a631c 10 0 0
2 00000000bd5e8656 00000000df1a631c 000000005d0632f6 10 0 0
3 00000000bd5e8656 00000000df1a631c 000000001db87de9 10 0 0
4 00000000bd5e8656 00000000df1a631c 000000007fc00000 1 0 0
d 00000000bd5e8656 00000000df1a631c 0000000000000000 0 0 0
0 00000000fc4cfea0 00000000108122ec 00000000fc4cfea0 10 0 0
1 00000000fc4cfea0 00000000108122ec 00000000fc4cfea0 10 0 0
2 00000000fc4cfea0 00000000108122ec 00000000cd4ed08b 10 0 0
3 00000000fc4cfea0 00000000108122ec 00000000ff800000 14 0 0
4 00000000fc4cfea0 00000000108122ec 000000007fc00000 1 0 0
d 00000000fc4cfea0 00000000108122ec 0000000000000000 0 1 0
0 00000000af4ba8c2 000000009023388b 00000000af4ba8c2 10 0 0
1 00000000af4ba8c2 000000009023388b 00000000af4ba8c2 10 0 0
2 00000000af4ba8c2 000000009023388b 000000000040ecb8 18 0 0
3 00000000af4ba8c2 000000009023388b 000000005e9fb659 10 0 0
4 00000000af4ba8c2 000000009023388b 000000007fc00000 1 0 0
d 00000000af4ba8c2 000000009023388b 0000000000000000 0 1 0
0 0000000011764152 00000000f2d1d27c 00000000f2d1d27c 10 0 0
1 0000000011764152 00000000f2d1d27c 0000000072d1d27c 10 0 0
2 0000000011764152 00000000f2d1d27c 00000000c4c9d5cd 10 0 0
3 0000000011764152 00000000f2d1d27c 0000000080000000 18 0 0
4 0000000011764152 00000000f2d1d27c 00000000287b148f 10 0 0
d 0000000011764152 00000000f2d1d27c 0000000000000000 0 0 0
0 00000000db58f053 000000006f0cadba 000000006f0cadba 10 0 0
1 00000000db58f053 000000006f0cadba 00000000ef0cadba 10 0 0
2 00000000db58f053 000000006f0cadba 00000000ff800000 14 0 0
3 00000000db58f053 000000006f0cadba 00000000abc56321 10 0 0
4 00000000db58f053 000000006f0cadba 000000007fc00000 1 0 0
d 00000000db58f053 000000006f0cadba 0000000000000000 0 1 0
0 00000000adc98c07 00000000156d6643 00000000adc98c07 10 0 0
1 00000000adc98c07 00000000156d6643 00000000adc98c07 10 0 0
2 00000000adc98c07 00000000156d6643 0000000083bae725 10 0 0
3 00000000adc98c07 00000000156d6643 00000000d7d956a4 10 0 0
4 00000000adc98c07 00000000156d6643 000000007fc00000 1 0 0
d 00000000adc98c07 00000000156d6643 0000000000000000 0 1 0
0 000000008d0e08b1 00000000cf19d91d 00000000cf19d91d 10 0 0
1 000000008d0e08b1 00000000cf19d91d 000000004f19d91d 10 0 0
2 000000008d0e08b1 00000000cf19d91d 000000001caab74e 10 0 0
3 000000008d0e08b1 00000000cf19d91d 000000000001d8af 18 0 0
4 000000008d0e08b1 00000000cf19d91d 000000007fc00000 1 0 0
d 000000008d0e08b1 00000000cf19d91d 0000000000000000 0 0 0
0 00000000737a6300 00000000dc55ed2d 00000000737a6300 10 0 0
1 00000000737a6300 00000000dc55ed2d 00000000737a6300 10 0 0
2 00000000737a6300 00000000dc55ed2d 00000000ff800000 14 0 0
3 00000000737a6300 00000000dc55ed2d 00000000d695d0c4 10 0 0
4 00000000737a6300 00000000dc55ed2d 00000000597d2d85 10 0 0
d 00000000737a6300 00000000dc55ed2d 0000000000000000 0 0 0
0 000000005fffc775 000000004537ab5d 000000005fffc775 10 0 0
1 000000005fffc775 000000004537ab5d 000000005fffc775 10 0 0
2 000000005fffc775 000000004537ab5d 0000000065b782cc 10 0 0
3 000000005fffc775 000000004537ab5d 000000005a3240ec 10 0 0
4 000000005fffc775 000000004537ab5d 000000004fb4f0f4 10 0 0
d 000000005fffc775 000000004537ab5d 0000000000000000 0 0 0
0 00000000bbd63d13 00000000f2f80609 00000000f2f80609 10 0 0
1 00000000bbd63d13 00000000f2f80609 0000000072f80609 10 0 0
2 00000000bbd63d13 00000000f2f80609 000000006f4f9037 10 0 0
3 00000000bbd63d13 00000000f2f80609 00000000085d20e4 10 0 0
4 00000000bbd63d13 00000000f2f80609 000000007fc00000 1 0 0
d 00000000bbd63d13 00000000f2f80609 0000000000000000 0 0 0
0 00000000b512bdb5 00000000b629f007 00000000b64e9f74 10 0 0
1 00000000b512bdb5 00000000b629f007 000000003605409a 10 0 0
2 00000000b512bdb5 00000000b629f007 000000002bc2d1a5 10 0 0
3 00000000b512bdb5 00000000b629f007 000000003e5d0e4e 10 0 0
4 00000000b512bdb5 00000000b629f007 000000007fc00000 1 0 0
d 00000000b512bdb5 00000000b629f007 0000000000000000 0 0 0
0 000000008d03d673 000000000e747f35 000000000e538998 10 0 0
1 000000008d03d673 000000000e747f35 000000008e8aba69 10 0 0
2 000000008d03d673 000000000e747f35 0000000080000000 18 0 0
3 000000008d03d673 000000000e747f35 00000000be0a0a57 10 0 0
4 000000008d03d673 000000000e747f35 000000007fc00000 1 0 0
d 000000008d03d673 000000000e747f35 0000000000000000 0 1 0
0 00000000b3c1607c 00000000661b5cfb 00000000661b5cfb 10 0 0
1 00000000b3c1607c 00000000661b5cfb 00000000e61b5cfb 10 0 0
2 00000000b3c1607c 00000000661b5cfb 00000000da6ab74f 10 0 0
3 00000000b3c1607c 00000000661b5cfb 000000008d1f518d 10 0 0
4 00000000b3c1607c 00000000661b5cfb 000000007fc00000 1 0 0
d 00000000b3c1607c 00000000661b5cfb 0000000000000000 0 1 0
0 00000000bd037d19 0000000086a6bd69 00000000bd037d19 10 0 0
1 00000000bd037d19 0000000086a6bd69 00000000bd037d19 10 0 0
2 00000000bd037d19 0000000086a6bd69 00000000042b48cf 10 0 0
3 00000000bd037d19 0000000086a6bd69 0000000075c9e0be 10 0 0
4 00000000bd037d19 0000000086a6bd69 000000007fc00000 1 0 0
d 00000000bd037d19 0000000086a6bd69 0000000000000000 0 1 0
0 00000000707d086c 00000000ff6cfa54 00000000ff6cfa54 10 0 0
1 00000000707d086c 00000000ff6cfa54 000000007f6cfa54 10 0 0
2 00000000707d086c 00000000ff6cfa54 00000000ff800000 14 0 0
3 00000000707d086c 00000000ff6cfa54 00000000b088ac01 10 0 0
4 00000000707d086c 00000000ff6cfa54 0000000057fe831b 10 0 0
d 00000000707d086c 00000000ff6cfa54 0000000000000000 0 0 0
0 0000000064ef02a7 0000000013cfbfba 0000000064ef02a7 10 0 0
1 0000000064ef02a7 0000000013cfbfba 0000000064ef02a7 10 0 0
2 0000000064ef02a7 0000000013cfbfba 000000003941f626 10 0 0
3 0000000064ef02a7 0000000013cfbfba 000000007f800000 14 0 0
4 0000000064ef02a7 0000000013cfbfba 00000000522ee8d4 10 0 0
d 0000000064ef02a7 0000000013cfbfba 0000000000000000 0 0 0
0 0000000063293966 00000000c4beb7e4 0000000063293966 10 0 0
1 0000000063293966 00000000c4beb7e4 0000000063293966 10 0 0
2 0000000063293966 00000000c4beb7e4 00000000e87c2451 10 0 0
3 0000000063293966 00000000c4beb7e4 00000000dde3260a 10 0 0
4 0000000063293966 00000000c4beb7e4 000000005150234f 10 0 0
d 0000000063293966 00000000c4beb7e4 0000000000000000 0 0 0
0 000000005a05e665 000000003fef9521 000000005a05e665 10 0 0
1 000000005a05e665 000000003fef9521 000000005a05e665 10 0 0
2 000000005a05e665 000000003fef9521 000000005a7aa031 10 0 0
3 000000005a05e665 000000003fef9521 00000000598f1355 10 0 0
4 000000005a05e665 000000003fef9521 000000004cb924ee 10 0 0
d 000000005a05e665 000000003fef9521 0000000000000000 0 0 0
0 000000006431a304 000000005a706eac 000000006431a313 10 0 0
1 000000006431a304 000000005a706eac 000000006431a2f5 10 0 0
2 000000006431a304 000000005a706eac 000000007f26d59f 10 0 0
3 000000006431a304 000000005a706eac 00000000493d2377 10 0 0
4 000000006431a304 000000005a706eac 0000000051d53fac 10 0 0
d 000000006431a304 000000005a706eac 0000000000000000 0 0 0
0 00000000a31d6abe 00000000c71f1efb 00000000c71f1efb 10 0 0
1 00000000a31d6abe 00000000c71f1efb 00000000471f1efb 10 0 0
2 00000000a31d6abe 00000000c71f1efb 000000002ac3b0b2 10 0 0
3 00000000a31d6abe 00000000c71f1efb 000000001b7d422a 10 0 0
4 00000000a31d6abe 00000000c71f1efb 000000007fc00000 1 0 0
d 00000000a31d6abe 00000000c71f1efb 0000000000000000 0 0 0
0 00000000bccdfffb 0000000065615222 0000000065615222 10 0 0
1 00000000bccdfffb 0000000065615222 00000000e5615222 10 0 0
2 00000000bccdfffb 0000000065615222 00000000e2b55013 10 0 0
3 00000000bccdfffb 0000000065615222 0000000096ea0c64 10 0 0
4 00000000bccdfffb 0000000065615222 000000007fc00000 1 0 0
d 00000000bccdfffb 0000000065615222 0000000000000000 0 1 0
0 00000000ab8383b0 00000000a548270a 00000000ab8389f1 10 0 0
1 00000000ab8383b0 00000000a548270a 00000000ab837d6f 10 0 0
2 00000000ab8383b0 00000000a548270a 00000000114da5df 10 0 0
3 00000000ab8383b0 00000000a548270a 0000000045a835ce 10 0 0
4 00000000ab8383b0 00000000a548270a 000000007fc00000 1 0 0
d 00000000ab8383b0 00000000a548270a 0000000000000000 0 1 0
0 00000000948fcc1e 00000000cc8b6998 00000000cc8b6998 10 0 0
1 00000000948fcc1e 00000000cc8b6998 000000004c8b6998 10 0 0
2 00000000948fcc1e 00000000cc8b6998 00000000219c9e49 10 0 0
3 00000000948fcc1e 00000000cc8b6998 00000000078406a2 10 0 0
4 00000000948fcc1e 00000000cc8b6998 000000007fc00000 1 0 0
d 00000000948fcc1e 00000000cc8b6998 0000000000000000 0 0 0
0 0000000096bf11c4 00000000e472db67 00000000e472db67 10 0 0
1 0000000096bf11c4 00000000e472db67 000000006472db67 10 0 0
2 0000000096bf11c4 00000000e472db67 000000003bb5428c 10 0 0
3 0000000096bf11c4 00000000e472db67 0000000000000000 18 0 0
4 0000000096bf11c4 00000000e472db67 000000007fc00000 1 0 0
d 0000000096bf11c4 00000000e472db67 0000000000000000 0 0 0
0 000000005cd2f9e8 000000007e10fbff 000000007e10fbff 10 0 0
1 000000005cd2f9e8 000000007e10fbff 00000000fe10fbff 10 0 0
2 000000005cd2f9e8 000000007e10fbff 000000007f800000 14 0 0
3 000000005cd2f9e8 000000007e10fbff 000000001e3a42db 10 0 0
4 000000005cd2f9e8 000000007e10fbff 000000004e2454f3 10 0 0
d 000000005cd2f9e8 000000007e10fbff 0000000000000000 0 1 0
0 000000004c8a4248 000000009cab4509 000000004c8a4248 10 0 0
1 000000004c8a4248 000000009cab4509 000000004c8a4248 10 0 0
2 000000004c8a4248 000000009cab4509 00000000a9b8ff1e 10 0 0
3 000000004c8a4248 000000009cab4509 00000000ef4ea880 10 0 0
4 000000004c8a4248 000000009cab4509 00000000460507d5 10 0 0
d 000000004c8a4248 000000009cab4509 0000000000000000 0 0 0
0 000000007549fe8c 00000000199323c0 000000007549fe8c 10 0 0
1 000000007549fe8c 00000000199323c0 000000007549fe8c 10 0 0
2 000000007549fe8c 00000000199323c0 000000004f6832bf 10 0 0
3 000000007549fe8c 00000000199323c0 000000007f800000 14 0 0
4 000000007549fe8c 00000000199323c0 000000005a636648 10 0 0
d 000000007549fe8c 00000000199323c0 0000000000000000 0 0 0
0 00000000c088bb95 0000000028b47d68 00000000c088bb95 10 0 0
1 00000000c088bb95 0000000028b47d68 00000000c088bb95 10 0 0
2 00000000c088bb95 0000000028b47d68 00000000a9c0cdc0 10 0 0
3 00000000c088bb95 0000000028b47d68 00000000d741efc2 10 0 0
4 00000000c088bb95 0000000028b47d68 000000007fc00000 1 0 0
d 00000000c088bb95 0000000028b47d68 0000000000000000 0 1 0
0 00000000443cf264 000000009473f4dc 00000000443cf264 10 0 0
1 00000000443cf264 000000009473f4dc 00000000443cf264 10 0 0
2 00000000443cf264 000000009473f4dc 0000000099340ece 10 0 0
3 00000000443cf264 000000009473f4dc 00000000ef464651 10 0 0
4 00000000443cf264 000000009473f4dc 0000000041dbeec5 10 0 0
d 00000000443cf264 000000009473f4dc 0000000000000000 0 0 0
0 00000000b7e834a8 000000009ed0eed6 00000000b7e834a8 10 0 0
1 00000000b7e834a8 000000009ed0eed6 00000000b7e834a8 10 0 0
2 00000000b7e834a8 000000009ed0eed6 00000000173d836c 10 0 0
3 00000000b7e834a8 000000009ed0eed6 00000000588e41fb 10 0 0
4 00000000b7e834a8 000000009ed0eed6 000000007fc00000 1 0 0
d 00000000b7e834a8 000000009ed0eed6 0000000000000000 0 1 0
0 00000000e2478533 000000004edc6423 00000000e2478533 10 0 0
1 00000000e2478533 000000004edc6423 00000000e2478533 10 0 0
2 00000000e2478533 000000004edc6423 00000000f1abc483 10 0 0
3 00000000e2478533 000000004edc6423 00000000d2e7c1cc 10 0 0
4 00000000e2478533 000000004edc6423 000000007fc00000 1 0 0
d 00000000e2478533 000000004edc6423 0000000000000000 0 1 0
0 000000008954c4ef 0000000028ecad6b 0000000028ecad6b 10 0 0
1 000000008954c4ef 0000000028ecad6b 00000000a8ecad6b 10 0 0
2 000000008954c4ef 0000000028ecad6b 0000000080000000 18 0 0
3 000000008954c4ef 0000000028ecad6b 000000009fe623d5 10 0 0
4 000000008954c4ef 0000000028ecad6b 000000007fc00000 1 0 0
d 000000008954c4ef 0000000028ecad6b 0000000000000000 0 1 0
0 000000001573eaab 000000006cf169b8 000000006cf169b8 10 0 0
1 000000001573eaab 000000006cf169b8 00000000ecf169b8 10 0 0
2 000000001573eaab 000000006cf169b8 0000000042e604a6 10 0 0
3 000000001573eaab 000000006cf169b8 0000000000000000 18 0 0
4 000000001573eaab 000000006cf169b8 000000002a79e2a4 10 0 0
d 000000001573eaab 000000006cf169b8 0000000000000000 0 1 0
0 00000000790f623b 000000003c415b7f 00000000790f623b 10 0 0
1 00000000790f623b 000000003c415b7f 00000000790f623b 10 0 0
2 00000000790f623b 000000003c415b7f 0000000075d8989b 10 0 0
3 00000000790f623b 000000003c415b7f 000000007c3dd610 10 0 0
4 00000000790f623b 000000003c415b7f 000000005c3f96b5 10 0 0
d 00000000790f623b 000000003c415b7f 0000000000000000 0 0 0
0 00000000f2f8ade8 000000000ffe170a 00000000f2f8ade8 10 0 0
1 00000000f2f8ade8 000000000ffe170a 00000000f2f8ade8 10 0 0
2 00000000f2f8ade8 000000000ffe170a 00000000c376d2ee 10 0 0
3 00000000f2f8ade8 000000000ffe170a 00000000ff800000 14 0 0
4 00000000f2f8ade8 000000000ffe170a 000000007fc00000 1 0 0
d 00000000f2f8ade8 000000000ffe170a 0000000000000000 0 1 0
0 000000006ef90125 00000000956d4f2b 000000006ef90125 10 0 0
1 000000006ef90125 00000000956d4f2b 000000006ef90125 10 0 0
2 000000006ef90125 00000000956d4f2b 00000000c4e6d310 10 0 0
3 000000006ef90125 00000000956d4f2b 00000000ff800000 14 0 0
4 000000006ef90125 00000000956d4f2b 0000000057328767 10 0 0
d 000000006ef90125 00000000956d4f2b 0000000000000000 0 0 0
0 00000000ad8e1c8f 00000000ade6bb80 00000000ae3a6c08 10 0 0
1 00000000ad8e1c8f 00000000ade6bb80 000000002d313de2 0 0 0
2 00000000ad8e1c8f 00000000ade6bb80 000000001c0015be 10 0 0
3 00000000ad8e1c8f 00000000ade6bb80 000000003f1dac9b 10 0 0
4 00000000ad8e1c8f 00000000ade6bb80 000000007fc00000 1 0 0
d 00000000ad8e1c8f 00000000ade6bb80 0000000000000000 0 0 0
0 0000000028465fab 0000000095da8032 0000000028465fab 10 0 0
1 0000000028465fab 0000000095da8032 0000000028465fab 10 0 0
2 0000000028465fab 0000000095da8032 00000000800a950d 18 0 0
3 0000000028465fab 0000000095da8032 00000000d1e86b31 10 0 0
4 0000000028465fab 0000000095da8032 0000000033e15a32 10 0 0
d 0000000028465fab 0000000095da8032 0000000000000000 0 0 0
0 000000007e48f95c 000000004d0a744d 000000007e48f95c 10 0 0
1 000000007e48f95c 000000004d0a744d 000000007e48f95c 10 0 0
2 000000007e48f95c 000000004d0a744d 000000007f800000 14 0 0
3 000000007e48f95c 000000004d0a744d 0000000070b9cc90 10 0 0
4 000000007e48f95c 000000004d0a744d 000000005ee2d313 10 0 0
d 000000007e48f95c 000000004d0a744d 0000000000000000 0 0 0
0 0000000073f9640c 00000000b061bdb0 0000000073f9640c 10 0 0
1 0000000073f9640c 00000000b061bdb0 0000000073f9640c 10 0 0
2 0000000073f9640c 00000000b061bdb0 00000000e4dbe9b9 10 0 0
3 0000000073f9640c 00000000b061bdb0 00000000ff800000 14 0 0
4 0000000073f9640c 00000000b061bdb0 0000000059b2aad8 10 0 0
d 0000000073f9640c 00000000b061bdb0 0000000000000000 0 0 0
0 000000007d28353b 000000000a62777c 000000007d28353b 10 0 0
1 000000007d28353b 000000000a62777c 000000007d28353b 10 0 0
2 000000007d28353b 000000000a62777c 000000004814cd80 10 0 0
3 000000007d28353b 000000000a62777c 000000007f800000 14 0 0
4 000000007d28353b 000000000a62777c 000000005e4f8312 10 0 0
d 000000007d28353b 000000000a62777c 0000000000000000 0 0 0
0 00000000d537727a 00000000547dd706 00000000d4eff971 0 0 0
1 00000000d537727a 00000000547dd706 00000000d576e83c 10 0 0
2 00000000d537727a 00000000547dd706 00000000ea35e638 10 0 0
3 00000000d537727a 00000000547dd706 00000000c039021b 10 0 0
4 00000000d537727a 00000000547dd706 000000007fc00000 1 0 0
d 00000000d537727a 00000000547dd706 0000000000000000 0 1 0
0 000000003d316948 00000000131449c4 000000003d316948 10 0 0
1 000000003d316948 00000000131449c4 000000003d316948 10 0 0
2 000000003d316948 00000000131449c4 0000000010cd87f9 10 0 0
3 000000003d316948 00000000131449c4 000000006999237c 10 0 0
4 000000003d316948 00000000131449c4 000000003e551d02 10 0 0
d 000000003d316948 00000000131449c4 0000000000000000 0 0 0
0 00000000dfbc1e92 00000000d1a06405 00000000dfbc1e92 10 0 0
1 00000000dfbc1e92 00000000d1a06405 00000000dfbc1e92 10 0 0
2 00000000dfbc1e92 00000000d1a06405 0000000071ebb936 10 0 0
3 00000000dfbc1e92 00000000d1a06405 000000004d962102 10 0 0
4 00000000dfbc1e92 00000000d1a06405 000000007fc00000 1 0 0
d 00000000dfbc1e92 00000000d1a06405 0000000000000000 0 1 0
0 000000007935f835 0000000000545eac 000000007935f835 10 0 0
1 000000007935f835 0000000000545eac 000000007935f835 10 0 0
2 000000007935f835 0000000000545eac 0000000039efe2f3 10 0 0
3 000000007935f835 0000000000545eac 000000007f800000 14 0 0
4 000000007935f835 0000000000545eac 000000005c57d571 10 0 0
d 000000007935f835 0000000000545eac 0000000000000000 0 0 0
0 00000000fbb2f6ec 00000000088baf3b 00000000fbb2f6ec 10 0 0
1 00000000fbb2f6ec 00000000088baf3b 00000000fbb2f6ec 10 0 0
2 00000000fbb2f6ec 00000000088baf3b 00000000c4c34d24 10 0 0
3 00000000fbb2f6ec 00000000088baf3b 00000000ff800000 14 0 0
4 00000000fbb2f6ec 00000000088baf3b 000000007fc00000 1 0 0
d 00000000fbb2f6ec 00000000088baf3b 0000000000000000 0 1 0
0 00000000d0f2c02d 000000009613ae96 00000000d0f2c02d 10 0 0
1 00000000d0f2c02d 000000009613ae96 00000000d0f2c02d 10 0 0
2 00000000d0f2c02d 000000009613ae96 00000000278c09e7 10 0 0
3 00000000d0f2c02d 000000009613ae96 000000007a52660e 10 0 0
4 00000000d0f2c02d 000000009613ae96 000000007fc00000 1 0 0
d 00000000d0f2c02d 000000009613ae96 0000000000000000 0 1 0
0 000000009be2f1b6 000000007f5e38dc 000000007f5e38dc 10 0 0
1 000000009be2f1b6 000000007f5e38dc 00000000ff5e38dc 10 0 0
2 000000009be2f1b6 000000007f5e38dc 00000000dbc50004 10 0 0
3 000000009be2f1b6 000000007f5e38dc 0000000080000000 18 0 0
4 000000009be2f1b6 000000007f5e38dc 000000007fc00000 1 0 0
d 000000009be2f1b6 000000007f5e38dc 0000000000000000 0 1 0
0 00000000b0f97b3e 000000006c406ad1 000000006c406ad1 10 0 0
1 00000000b0f97b3e 000000006c406ad1 00000000ec406ad1 10 0 0
2 00000000b0f97b3e 000000006c406ad1 00000000ddbb8487 10 0 0
3 00000000b0f97b3e 000000006c406ad1 000000008425f5d5 10 0 0
4 00000000b0f97b3e 000000006c406ad1 000000007fc00000 1 0 0
d 00000000b0f97b3e 000000006c406ad1 0000000000000000 0 1 0
0 00000000425531dc 0000000069b6be8b 0000000069b6be8b 10 0 0
1 00000000425531dc 0000000069b6be8b 00000000e9b6be8b 10 0 0
2 00000000425531dc 0000000069b6be8b 000000006c983021 10 0 0
3 00000000425531dc 0000000069b6be8b 0000000018155417 10 0 0
4 00000000425531dc 0000000069b6be8b 0000000040e99e7a 10 0 0
d 00000000425531dc 0000000069b6be8b 0000000000000000 0 1 0
0 000000007297b6b8 000000000c5e6798 000000007297b6b8 10 0 0
1 000000007297b6b8 000000000c5e6798 000000007297b6b8 10 0 0
2 000000007297b6b8 000000000c5e6798 000000003f83cdd8 10 0 0
3 000000007297b6b8 000000000c5e6798 000000007f800000 14 0 0
4 000000007297b6b8 000000000c5e6798 00000000590b5a76 10 0 0
d 000000007297b6b8 000000000c5e6798 0000000000000000 0 0 0
0 00000000d50dfe0e 00000000334d6668 00000000d50dfe0e 10 0 0
1 00000000d50dfe0e 00000000334d6668 00000000d50dfe0e 10 0 0
2 00000000d50dfe0e 00000000334d6668 00000000c8e3da7c 10 0 0
3 00000000d50dfe0e 00000000334d6668 00000000e130f8d5 10 0 0
4 00000000d50dfe0e 00000000334d6668 000000007fc00000 1 0 0
d 00000000d50dfe0e 00000000334d6668 0000000000000000 0 1 0
0 000000006f851ca8 000000004e1f2ea0 000000006f851ca8 10 0 0
1 000000006f851ca8 000000004e1f2ea0 000000006f851ca8 10 0 0
2 000000006f851ca8 000000004e1f2ea0 000000007e258a15 10 0 0
3 000000006f851ca8 000000004e1f2ea0 0000000060d612c9 10 0 0
4 000000006f851ca8 000000004e1f2ea0 00000000578287ec 10 0 0
d 000000006f851ca8 000000004e1f2ea0 0000000000000000 0 0 0
0 00000000d2a413e5 000000004bcbeaa9 00000000d2a410b5 10 0 0
1 00000000d2a413e5 000000004bcbeaa9 00000000d2a41715 10 0 0
2 00000000d2a413e5 000000004bcbeaa9 00000000df02b22d 10 0 0
3 00000000d2a413e5 000000004bcbeaa9 00000000c64dfc51 10 0 0
4 00000000d2a413e5 000000004bcbeaa9 000000007fc00000 1 0 0
d 00000000d2a413e5 000000004bcbeaa9 0000000000000000 0 1 0
0 00000000e544ed26 0000000064e23b96 00000000e4a79eb6 0 0 0
1 00000000e544ed26 0000000064e23b96 00000000e59b0578 10 0 0
2 00000000e544ed26 0000000064e23b96 00000000ff800000 14 0 0
3 00000000e544ed26 0000000064e23b96 00000000bfded668 10 0 0
4 00000000e544ed26 0000000064e23b96 000000007fc00000 1 0 0
d 00000000e544ed26 0000000064e23b96 0000000000000000 0 1 0
0 00000000518da19e 00000000527c7b61 0000000052a1a618 0 0 0
1 00000000518da19e 00000000527c7b61 00000000d235aa92 0 0 0
2 00000000518da19e 00000000527c7b61 00000000648baf5a 10 0 0
3 00000000518da19e 00000000527c7b61 000000003e8f9ad4 10 0 0
4 00000000518da19e 00000000527c7b61 000000004886a4ad 10 0 0
d 00000000518da19e 00000000527c7b61 0000000000000000 0 1 0
0 000000007f1688c9 000000006ff0060e 000000007f1688c9 10 0 0
1 000000007f1688c9 000000006ff0060e 000000007f1688c9 10 0 0
2 000000007f1688c9 000000006ff0060e 000000007f800000 14 0 0
3 000000007f1688c9 000000006ff0060e 000000004ea08ddb 10 0 0
4 000000007f1688c9 000000006ff0060e 000000005f444ed1 10 0 0
d 000000007f1688c9 000000006ff0060e 0000000000000000 0 0 0
0 00000000890fc356 000000005dc24764 000000005dc24764 10 0 0
1 00000000890fc356 000000005dc24764 00000000ddc24764 10 0 0
2 00000000890fc356 000000005dc24764 00000000a75a343d 10 0 0
3 00000000890fc356 000000005dc24764 0000000080000000 18 0 0
4 00000000890fc356 000000005dc24764 000000007fc00000 1 0 0
d 00000000890fc356 000000005dc24764 0000000000000000 0 1 0
0 00000000b0f77393 000000008e22a6f1 00000000b0f77393 10 0 0
1 00000000b0f77393 000000008e22a6f1 00000000b0f77393 10 0 0
2 00000000b0f77393 000000008e22a6f1 0000000000274e20 18 0 0
3 00000000b0f77393 000000008e22a6f1 000000006242bbbb 10 0 0
4 00000000b0f77393 000000008e22a6f1 000000007fc00000 1 0 0
d 00000000b0f77393 000000008e22a6f1 0000000000000000 0 1 0
0 0000000085619a6f 0000000073a80e59 0000000073a80e59 10 0 0
1 0000000085619a6f 0000000073a80e59 00000000f3a80e59 10 0 0
2 0000000085619a6f 0000000073a80e59 00000000b99419fe 10 0 0
3 0000000085619a6f 0000000073a80e59 0000000080000000 18 0 0
4 0000000085619a6f 0000000073a80e59 000000007fc00000 1 0 0
d 0000000085619a6f 0000000073a80e59 0000000000000000 0 1 0
0 000000003e01fa68 0000000028d3a30e 000000003e01fa68 10 0 0
1 000000003e01fa68 0000000028d3a30e 000000003e01fa68 10 0 0
2 000000003e01fa68 0000000028d3a30e 000000002756e85b 10 0 0
3 000000003e01fa68 0000000028d3a30e 00000000549d3958 10 0 0
4 000000003e01fa68 0000000028d3a30e 000000003eb669a9 10 0 0
d 000000003e01fa68 0000000028d3a30e 0000000000000000 0 0 0
0 00000000cafbe7b7 0000000077a6ca91 0000000077a6ca91 10 0 0
1 00000000cafbe7b7 0000000077a6ca91 00000000f7a6ca91 10 0 0
2 00000000cafbe7b7 0000000077a6ca91 00000000ff800000 14 0 0
3 00000000cafbe7b7 0000000077a6ca91 0000000092c15190 10 0 0
4 00000000cafbe7b7 0000000077a6ca91 000000007fc00000 1 0 0
d 00000000cafbe7b7 0000000077a6ca91 0000000000000000 0 1 0
0 000000007063008b 000000001e3f7ef2 000000007063008b 10 0 0
1 000000007063008b 000000001e3f7ef2 000000007063008b 10 0 0
2 000000007063008b 000000001e3f7ef2 000000004f29cdf9 10 0 0
3 000000007063008b 000000001e3f7ef2 000000007f800000 14 0 0
4 000000007063008b 000000001e3f7ef2 0000000057f110c0 10 0 0
d 000000007063008b 000000001e3f7ef2 0000000000000000 0 0 0
0 00000000cdc98642 000000005d36a082 000000005d36a082 10 0 0
1 00000000cdc98642 000000005d36a082 00000000dd36a082 10 0 0
2 00000000cdc98642 000000005d36a082 00000000eb8fc3cd 10 0 0
3 00000000cdc98642 000000005d36a082 00000000b00d3eb1 10 0 0
4 00000000cdc98642 000000005d36a082 000000007fc00000 1 0 0
d 00000000cdc98642 000000005d36a082 0000000000000000 0 1 0
0 00000000adf22631 00000000cfba27cb 00000000cfba27cb 10 0 0
1 00000000adf22631 00000000cfba27cb 000000004fba27cb 10 0 0
2 00000000adf22631 00000000cfba27cb 000000003e301563 10 0 0
3 00000000adf22631 00000000cfba27cb 000000001da6804c 10 0 0
4 00000000adf22631 00000000cfba27cb 000000007fc00000 1 0 0
d 00000000adf22631 00000000cfba27cb 0000000000000000 0 0 0
0 00000000e3234f2a 00000000d20f0369 00000000e3234f2a 10 0 0
1 00000000e3234f2a 00000000d20f0369 00000000e3234f2a 10 0 0
2 00000000e3234f2a 00000000d20f0369 0000000075b676cb 10 0 0
3 00000000e3234f2a 00000000d20f0369 0000000050922a50 10 0 0
4 00000000e3234f2a 00000000d20f0369 000000007fc00000 1 0 0
d 00000000e3234f2a 00000000d20f0369 0000000000000000 0 1 0
0 000000007e257158 00000000d1cd32bf 000000007e257158 10 0 0
1 000000007e257158 00000000d1cd32bf 000000007e257158 10 0 0
2 000000007e257158 00000000d1cd32bf 00000000ff800000 14 0 0
3 000000007e257158 00000000d1cd32bf 00000000ebce66f0 10 0 0
4 000000007e257158 00000000d1cd32bf 000000005ecdcc9e 10 0 0
d 000000007e257158 00000000d1cd32bf 0000000000000000 0 0 0
0 0000000084c7c732 00000000f8169d62 00000000f8169d62 10 0 0
1 0000000084c7c732 00000000f8169d62 0000000078169d62 10 0 0
2 0000000084c7c732 00000000f8169d62 000000003d6b1312 10 0 0
3 0000000084c7c732 00000000f8169d62 0000000000000000 18 0 0
4 0000000084c7c732 00000000f8169d62 000000007fc00000 1 0 0
d 0000000084c7c732 00000000f8169d62 0000000000000000 0 0 0
0 000000005ce3df5f 00000000c60db7bb 000000005ce3df5f 10 0 0
1 000000005ce3df5f 00000000c60db7bb 000000005ce3df5f 10 0 0
2 000000005ce3df5f 00000000c60db7bb 00000000e37c4b25 10 0 0
3 000000005ce3df5f 00000000c60db7bb 00000000d64dd0bf 10 0 0
4 000000005ce3df5f 00000000c60db7bb 000000004e2ac916 10 0 0
d 000000005ce3df5f 00000000c60db7bb 0000000000000000 0 0 0
0 000000006fa71706 0000000025b5a505 000000006fa71706 10 0 0
1 000000006fa71706 0000000025b5a505 000000006fa71706 10 0 0
2 000000006fa71706 0000000025b5a505 0000000055ed1df9 10 0 0
3 000000006fa71706 0000000025b5a505 000000007f800000 14 0 0
4 000000006fa71706 0000000025b5a505 0000000057923ea5 10 0 0
d 000000006fa71706 0000000025b5a505 0000000000000000 0 0 0
0 00000000b3bcfc6f 00000000aa104497 00000000b3bcfc81 10 0 0
1 00000000b3bcfc6f 00000000aa104497 00000000b3bcfc5d 10 0 0
2 00000000b3bcfc6f 00000000aa104497 000000001e550142 10 0 0
3 00000000b3bcfc6f 00000000aa104497 000000004927acf6 10 0 0
4 00000000b3bcfc6f 00000000aa104497 000000007fc00000 1 0 0
d 00000000b3bcfc6f 00000000aa104497 0000000000000000 0 1 0
0 00000000f2dc4f16 000000001ce8e3a9 00000000f2dc4f16 10 0 0
1 00000000f2dc4f16 000000001ce8e3a9 00000000f2dc4f16 10 0 0
2 00000000f2dc4f16 000000001ce8e3a9 00000000d0486b98 10 0 0
3 00000000f2dc4f16 000000001ce8e3a9 00000000ff800000 14 0 0
4 00000000f2dc4f16 000000001ce8e3a9 000000007fc00000 1 0 0
d 00000000f2dc4f16 000000001ce8e3a9 0000000000000000 0 1 0
0 000000001325bf07 000000003c64a1c5 000000003c64a1c5 10 0 0
1 000000001325bf07 000000003c64a1c5 00000000bc64a1c5 10 0 0
2 000000001325bf07 000000003c64a1c5 00000000101406df 10 0 0
3 000000001325bf07 000000003c64a1c5 000000001639962e 10 0 0
4 000000001325bf07 000000003c64a1c5 00000000294dfce9 10 0 0
d 000000001325bf07 000000003c64a1c5 0000000000000000 0 1 0
0 00000000a3d6e88b 00000000a6314ae8 00000000a638022c 10 0 0
1 00000000a3d6e88b 00000000a6314ae8 00000000262a93a4 10 0 0
2 00000000a3d6e88b 00000000a6314ae8 000000000a94d5aa 10 0 0
3 00000000a3d6e88b 00000000a6314ae8 000000003d1b2850 10 0 0
4 00000000a3d6e88b 00000000a6314ae8 000000007fc00000 1 0 0
d 00000000a3d6e88b 00000000a6314ae8 0000000000000000 0 0 0
0 0000000062eda69e 0000000011ffbda1 0000000062eda69e 10 0 0
1 0000000062eda69e 0000000011ffbda1 0000000062eda69e 10 0 0
2 0000000062eda69e 0000000011ffbda1 00000000356d6901 10 0 0
3 0000000062eda69e 0000000011ffbda1 000000007f800000 14 0 0
4 0000000062eda69e 0000000011ffbda1 00000000512e694c 10 0 0
d 0000000062eda69e 0000000011ffbda1 0000000000000000 0 0 0
0 000000002f363e04 00000000f62f859f 00000000f62f859f 10 0 0
1 000000002f363e04 00000000f62f859f 00000000762f859f 10 0 0
2 000000002f363e04 00000000f62f859f 00000000e5f9e708 10 0 0
3 000000002f363e04 00000000f62f859f 0000000080000085 18 0 0
4 000000002f363e04 00000000f62f859f 000000003757fed3 10 0 0
d 000000002f363e04 00000000f62f859f 0000000000000000 0 0 0
0 00000000d510bcf1 0000000093514b76 00000000d510bcf1 10 0 0
1 00000000d510bcf1 0000000093514b76 00000000d510bcf1 10 0 0
2 00000000d510bcf1 0000000093514b76 0000000028eca9d6 10 0 0
3 00000000d510bcf1 0000000093514b76 000000007f800000 14 0 0
4 00000000d510bcf1 0000000093514b76 000000007fc00000 1 0 0
d 00000000d510bcf1 0000000093514b76 0000000000000000 0 1 0
0 00000000fdc51b49 000000008b2e97ff 00000000fdc51b49 10 0 0
1 00000000fdc51b49 000000008b2e97ff 00000000fdc51b49 10 0 0
2 00000000fdc51b49 000000008b2e97ff 0000000049866d93 10 0 0
3 00000000fdc51b49 000000008b2e97ff 000000007f800000 14 0 0
4 00000000fdc51b49 000000008b2e97ff 000000007fc00000 1 0 0
d 00000000fdc51b49 000000008b2e97ff 0000000000000000 0 1 0
0 0000000063fa39f7 00000000bc5db935 0000000063fa39f7 10 0 0
1 0000000063fa39f7 00000000bc5db935 0000000063fa39f7 10 0 0
2 0000000063fa39f7 00000000bc5db935 00000000e0d8b912 10 0 0
3 0000000063fa39f7 00000000bc5db935 00000000e7107463 10 0 0
4 0000000063fa39f7 00000000bc5db935 0000000051b2f768 10 0 0
d 0000000063fa39f7 00000000bc5db935 0000000000000000 0 0 0
0 0000000064188d88 00000000c09f5cdc 0000000064188d88 10 0 0
1 0000000064188d88 00000000c09f5cdc 0000000064188d88 10 0 0
2 0000000064188d88 00000000c09f5cdc 00000000e53dee7b 10 0 0
3 0000000064188d88 00000000c09f5cdc 00000000e2f50f85 10 0 0
4 0000000064188d88 00000000c09f5cdc 0000000051c59ea2 10 0 0
d 0000000064188d88 00000000c09f5cdc 0000000000000000 0 0 0
0 000000004b9de29e 000000000e057659 000000004b9de29e 10 0 0
1 000000004b9de29e 000000000e057659 000000004b9de29e 10 0 0
2 000000004b9de29e 000000000e057659 000000001a249f73 10 0 0
3 000000004b9de29e 000000000e057659 000000007d176c61 10 0 0
4 000000004b9de29e 000000000e057659 00000000458e28d2 10 0 0
d 000000004b9de29e 000000000e057659 0000000000000000 0 0 0
0 00000000b90ec1fe 0000000047171da6 0000000047171da6 10 0 0
1 00000000b90ec1fe 0000000047171da6 00000000c7171da6 10 0 0
2 00000000b90ec1fe 0000000047171da6 00000000c0a889eb 10 0 0
3 00000000b90ec1fe 0000000047171da6 00000000b171d749 10 0 0
4 00000000b90ec1fe 0000000047171da6 000000007fc00000 1 0 0
d 00000000b90ec1fe 0000000047171da6 0000000000000000 0 1 0
0 0000000030d27117 00000000a0e5638f 0000000030d27117 10 0 0
1 0000000030d27117 00000000a0e5638f 0000000030d27117 10 0 0
2 0000000030d27117 00000000a0e5638f 00000000923c9101 10 0 0
3 0000000030d27117 00000000a0e5638f 00000000cf6adad6 10 0 0
4 0000000030d27117 00000000a0e5638f 0000000038241fa2 10 0 0
d 0000000030d27117 00000000a0e5638f 0000000000000000 0 0 0
0 000000009e043d65 000000002cbaa791 000000002cbaa791 10 0 0
1 000000009e043d65 000000002cbaa791 00000000acbaa791 10 0 0
2 000000009e043d65 000000002cbaa791 000000008b40d655 10 0 0
3 000000009e043d65 000000002cbaa791 00000000b0b55e86 10 0 0
4 000000009e043d65 000000002cbaa791 000000007fc00000 1 0 0
d 000000009e043d65 000000002cbaa791 0000000000000000 0 1 0
0 00000000715fcd15 000000009758040b 00000000715fcd15 10 0 0
1 00000000715fcd15 000000009758040b 00000000715fcd15 10 0 0
2 00000000715fcd15 000000009758040b 00000000c93cd893 10 0 0
3 00000000715fcd15 000000009758040b 00000000ff800000 14 0 0
4 00000000715fcd15 000000009758040b 00000000586f5c17 10 0 0
d 00000000715fcd15 000000009758040b 0000000000000000 0 0 0
0 000000006cfcd307 0000000025154169 000000006cfcd307 10 0 0
1 000000006cfcd307 0000000025154169 000000006cfcd307 10 0 0
2 000000006cfcd307 0000000025154169 000000005293676c 10 0 0
3 000000006cfcd307 0000000025154169 000000007f800000 14 0 0
4 000000006cfcd307 0000000025154169 000000005633e4a0 10 0 0
d 000000006cfcd307 0000000025154169 0000000000000000 0 0 0
0 000000002a3cd955 0000000093d21a1e 000000002a3cd955 10 0 0
1 000000002a3cd955 0000000093d21a1e 000000002a3cd955 10 0 0
2 000000002a3cd955 0000000093d21a1e 000000008009afd9 18 0 0
3 000000002a3cd955 0000000093d21a1e 00000000d5e61aa5 10 0 0
4 000000002a3cd955 0000000093d21a1e 0000000034dbe02f 10 0 0
d 000000002a3cd955 0000000093d21a1e 0000000000000000 0 0 0
0 00000000c2a7f896 000000008b11efcc 00000000c2a7f896 10 0 0
1 00000000c2a7f896 000000008b11efcc 00000000c2a7f896 10 0 0
2 00000000c2a7f896 000000008b11efcc 000000000e3f8248 10 0 0
3 00000000c2a7f896 000000008b11efcc 000000007713537e 10 0 0
4 00000000c2a7f896 000000008b11efcc 000000007fc00000 1 0 0
d 00000000c2a7f896 000000008b11efcc 0000000000000000 0 1 0
0 000000006beea3b8 000000004ca672f4 000000006beea3b8 10 0 0
1 000000006beea3b8 000000004ca672f4 000000006beea3b8 10 0 0
2 000000006beea3b8 000000004ca672f4 00000000791b2952 10 0 0
3 000000006beea3b8 000000004ca672f4 000000005eb783c9 10 0 0
4 000000006beea3b8 000000004ca672f4 0000000055aec614 10 0 0
d 000000006beea3b8 000000004ca672f4 0000000000000000 0 0 0
0 00000000ddeec288 00000000b247cab7 00000000ddeec288 10 0 0
1 00000000ddeec288 00000000b247cab7 00000000ddeec288 10 0 0
2 00000000ddeec288 00000000b247cab7 0000000050ba5648 10 0 0
3 00000000ddeec288 00000000b247cab7 000000006b18f72d 10 0 0
4 00000000ddeec288 00000000b247cab7 000000007fc00000 1 0 0
d 00000000ddeec288 00000000b247cab7 0000000000000000 0 1 0
0 000000002930e8df 00000000b1494b8a 00000000b1494ad9 10 0 0
1 000000002930e8df 00000000b1494b8a 0000000031494c3b 10 0 0
2 000000002930e8df 00000000b1494b8a 000000009b0b1b0b 10 0 0
3 000000002930e8df 00000000b1494b8a 00000000b760fccb 10 0 0
4 000000002930e8df 00000000b1494b8a 000000003454cfd3 10 0 0
d 000000002930e8df 00000000b1494b8a 0000000000000000 0 0 0
0 000000009f30b556 00000000badc02fb 00000000badc02fb 10 0 0
1 000000009f30b556 00000000badc02fb 000000003adc02fb 10 0 0
2 000000009f30b556 00000000badc02fb 000000001a97dde5 10 0 0
3 000000009f30b556 00000000badc02fb 0000000023cd9d06 10 0 0
4 000000009f30b556 00000000badc02fb 000000007fc00000 1 0 0
d 000000009f30b556 00000000badc02fb 0000000000000000 0 0 0
0 000000006aec88fa 0000000085851563 000000006aec88fa 10 0 0
1 000000006aec88fa 0000000085851563 000000006aec88fa 10 0 0
2 000000006aec88fa 0000000085851563 00000000b0f5edd9 10 0 0
3 000000006aec88fa 0000000085851563 00000000ff800000 14 0 0
4 000000006aec88fa 0000000085851563 00000000552e005c 10 0 0
d 000000006aec88fa 0000000085851563 0000000000000000 0 0 0
0 00000000c205b817 00000000d5eb3014 00000000d5eb3014 10 0 0
1 00000000c205b817 00000000d5eb3014 0000000055eb3014 10 0 0
2 00000000c205b817 00000000d5eb3014 000000005875b234 10 0 0
3 00000000c205b817 00000000d5eb3014 000000002b918d59 10 0 0
4 00000000c205b817 00000000d5eb3014 000000007fc00000 1 0 0
d 00000000c205b817 00000000d5eb3014 0000000000000000 0 0 0
0 00000000ced4d5e0 00000000d9770554 00000000d977055b 10 0 0
1 00000000ced4d5e0 00000000d9770554 000000005977054d 10 0 0
2 00000000ced4d5e0 00000000d9770554 0000000068cd5ec9 10 0 0
3 00000000ced4d5e0 00000000d9770554 0000000034dc926f 10 0 0
4 00000000ced4d5e0 00000000d9770554 000000007fc00000 1 0 0
d 00000000ced4d5e0 00000000d9770554 0000000000000000 0 0 0
0 00000000026eaefa 0000000021812162 0000000021812162 10 0 0
1 00000000026eaefa 0000000021812162 00000000a1812162 10 0 0
2 00000000026eaefa 0000000021812162 0000000000000000 18 0 0
3 00000000026eaefa 0000000021812162 00000000206c9815 10 0 0
4 00000000026eaefa 0000000021812162 0000000020f730af 10 0 0
d 00000000026eaefa 0000000021812162 0000000000000000 0 1 0
0 00000000b0011534 00000000c65c5087 00000000c65c5087 10 0 0
1 00000000b0011534 00000000c65c5087 00000000465c5087 10 0 0
2 00000000b0011534 00000000c65c5087 0000000036de2da7 10 0 0
3 00000000b0011534 00000000c65c5087 000000002915fdb3 10 0 0
4 00000000b0011534 00000000c65c5087 000000007fc00000 1 0 0
d 00000000b0011534 00000000c65c5087 0000000000000000 0 0 0
0 00000000c5de4281 00000000bc42ec86 00000000c5de4299 10 0 0
1 00000000c5de4281 00000000bc42ec86 00000000c5de4269 10 0 0
2 00000000c5de4281 00000000bc42ec86 0000000042a93bbf 10 0 0
3 00000000c5de4281 00000000bc42ec86 000000004911f357 10 0 0
4 00000000c5de4281 00000000bc42ec86 000000007fc00000 1 0 0
d 00000000c5de4281 00000000bc42ec86 0000000000000000 0 1 0
0 00000000db99d18f 00000000d4a06a3b 00000000db99d411 10 0 0
1 00000000db99d18f 00000000d4a06a3b 00000000db99cf0d 10 0 0
2 00000000db99d18f 00000000d4a06a3b 0000000070c0c59b 10 0 0
3 00000000db99d18f 00000000d4a06a3b 000000004675791d 10 0 0
4 00000000db99d18f 00000000d4a06a3b 000000007fc00000 1 0 0
d 00000000db99d18f 00000000d4a06a3b 0000000000000000 0 1 0
0 00000000e50bbfc8 00000000ccac2091 00000000e50bbfc8 10 0 0
1 00000000e50bbfc8 00000000ccac2091 00000000e50bbfc8 10 0 0
2 00000000e50bbfc8 00000000ccac2091 00000000723bed43 10 0 0
3 00000000e50bbfc8 00000000ccac2091 0000000057cfd852 10 0 0
4 00000000e50bbfc8 00000000ccac2091 000000007fc00000 1 0 0
d 00000000e50bbfc8 00000000ccac2091 0000000000000000 0 1 0
0 000000005f7abd0e 0000000013b45503 000000005f7abd0e 10 0 0
1 000000005f7abd0e 0000000013b45503 000000005f7abd0e 10 0 0
2 000000005f7abd0e 0000000013b45503 0000000033b0a032 10 0 0
3 000000005f7abd0e 0000000013b45503 000000007f800000 14 0 0
4 000000005f7abd0e 0000000013b45503 000000004f7d5b08 10 0 0
d 000000005f7abd0e 0000000013b45503 0000000000000000 0 0 0
0 00000000bb9b48a9 00000000834e3c2e 00000000bb9b48a9 10 0 0
1 00000000bb9b48a9 00000000834e3c2e 00000000bb9b48a9 10 0 0
2 00000000bb9b48a9 00000000834e3c2e 00000000001f463e 18 0 0
3 00000000bb9b48a9 00000000834e3c2e 0000000077c0c10e 10 0 0
4 00000000bb9b48a9 00000000834e3c2e 000000007fc00000 1 0 0
d 00000000bb9b48a9 00000000834e3c2e 0000000000000000 0 1 0
0 00000000ddb0172b 0000000035f608a1 00000000ddb0172b 10 0 0
1 00000000ddb0172b 0000000035f608a1 00000000ddb0172b 10 0 0
2 00000000ddb0172b 0000000035f608a1 00000000d4293c33 10 0 0
3 00000000ddb0172b 0000000035f608a1 00000000e737393a 10 0 0
4 00000000ddb0172b 0000000035f608a1 000000007fc00000 1 0 0
d 00000000ddb0172b 0000000035f608a1 0000000000000000 0 1 0
0 0000000068a808d0 000000005ff5bd29 0000000068a8090d 10 0 0
1 0000000068a808d0 000000005ff5bd29 0000000068a80893 10 0 0
2 0000000068a808d0 000000005ff5bd29 000000007f800000 14 0 0
3 0000000068a808d0 000000005ff5bd29 00000000482f0d07 10 0 0
4 0000000068a808d0 000000005ff5bd29 000000005412a84e 10 0 0
d 0000000068a808d0 000000005ff5bd29 0000000000000000 0 0 0
0 00000000e24dc921 0000000036515635 00000000e24dc921 10 0 0
1 00000000e24dc921 0000000036515635 00000000e24dc921 10 0 0
2 00000000e24dc921 0000000036515635 00000000d9284680 10 0 0
3 00000000e24dc921 0000000036515635 00000000eb7ba847 10 0 0
4 00000000e24dc921 0000000036515635 000000007fc00000 1 0 0
d 00000000e24dc921 0000000036515635 0000000000000000 0 1 0
0 000000008e68f7be 00000000837081d1 000000008e68f7c2 10 0 0
1 000000008e68f7be 00000000837081d1 000000008e68f7ba 10 0 0
2 000000008e68f7be 00000000837081d1 0000000000000000 18 0 0
3 000000008e68f7be 00000000837081d1 000000004a77f998 10 0 0
4 000000008e68f7be 00000000837081d1 000000007fc00000 1 0 0
d 000000008e68f7be 00000000837081d1 0000000000000000 0 1 0
0 00000000fa17e6f4 00000000dfe5d790 00000000fa17e6f4 10 0 0
1 00000000fa17e6f4 00000000dfe5d790 00000000fa17e6f4 10 0 0
2 00000000fa17e6f4 00000000dfe5d790 000000007f800000 14 0 0
3 00000000fa17e6f4 00000000dfe5d790 0000000059a9309e 10 0 0
4 00000000fa17e6f4 00000000dfe5d790 000000007fc00000 1 0 0
d 00000000fa17e6f4 00000000dfe5d790 0000000000000000 0 1 0
0 00000000c7eb467b 000000004baa4cc9 000000004ba96183 10 0 0
1 00000000c7eb467b 000000004baa4cc9 00000000cbab380f 10 0 0
2 00000000c7eb467b 000000004baa4cc9 00000000d41c835f 10 0 0
3 00000000c7eb467b 000000004baa4cc9 00000000bbb0d623 10 0 0
4 00000000c7eb467b 000000004baa4cc9 000000007fc00000 1 0 0
d 00000000c7eb467b 000000004baa4cc9 0000000000000000 0 1 0
0 00000000445ed7d0 000000004a3788c2 000000004a3796af 10 0 0
1 00000000445ed7d0 000000004a3788c2 00000000ca377ad5 10 0 0
2 00000000445ed7d0 000000004a3788c2 000000004f1fc351 10 0 0
3 00000000445ed7d0 000000004a3788c2 00000000399b6a27 10 0 0
4 00000000445ed7d0 000000004a3788c2 0000000041eed8ca 10 0 0
d 00000000445ed7d0 000000004a3788c2 0000000000000000 0 1 0
0 00000000dedd3ff5 000000005d57cfe4 00000000dec245f8 10 0 0
1 00000000dedd3ff5 000000005d57cfe4 00000000def839f2 10 0 0
2 00000000dedd3ff5 000000005d57cfe4 00000000fcba8463 10 0 0
3 00000000dedd3ff5 000000005d57cfe4 00000000c10339a6 10 0 0
4 00000000dedd3ff5 000000005d57cfe4 000000007fc00000 1 0 0
d 00000000dedd3ff5 000000005d57cfe4 0000000000000000 0 1 0
0 0000000031c8ab91 00000000b3e9a04c 00000000b3dd1593 10 0 0
1 0000000031c8ab91 00000000b3e9a04c 0000000033f62b05 10 0 0
2 0000000031c8ab91 00000000b3e9a04c 00000000a63721ce 10 0 0
3 0000000031c8ab91 00000000b3e9a04c 00000000bd5be34e 10 0 0
4 0000000031c8ab91 00000000b3e9a04c 0000000038a04492 10 0 0
d 0000000031c8ab91 00000000b3e9a04c 0000000000000000 0 0 0
0 000000007bec143c 00000000d416f9a9 000000007bec143c 10 0 0
1 000000007bec143c 00000000d416f9a9 000000007bec143c 10 0 0
2 000000007bec143c 00000000d416f9a9 00000000ff800000 14 0 0
3 000000007bec143c 00000000d416f9a9 00000000e748271e 10 0 0
4 000000007bec143c 00000000d416f9a9 000000005dadd566 10 0 0
d 000000007bec143c 00000000d416f9a9 0000000000000000 0 0 0
0 000000006f585b38 00000000e3d24dc7 000000006f585b36 10 0 0
1 000000006f585b38 00000000e3d24dc7 000000006f585b3a 10 0 0
2 000000006f585b38 00000000e3d24dc7 00000000ff800000 14 0 0
3 000000006f585b38 00000000e3d24dc7 00000000cb03af0f 10 0 0
4 000000006f585b38 00000000e3d24dc7 00000000576b584b 10 0 0
d 000000006f585b38 00000000e3d24dc7 0000000000000000 0 0 0
0 00000000e735e6b2 000000002792e323 00000000e735e6b2 10 0 0
1 00000000e735e6b2 000000002792e323 00000000e735e6b2 10 0 0
2 00000000e735e6b2 000000002792e323 00000000cf50bdec 10 0 0
3 00000000e735e6b2 000000002792e323 00000000ff1e82ff 10 0 0
4 00000000e735e6b2 000000002792e323 000000007fc00000 1 0 0
d 00000000e735e6b2 000000002792e323 0000000000000000 0 1 0
0 00000000052165d8 000000001ad453b5 000000001ad453b5 10 0 0
1 00000000052165d8 000000001ad453b5 000000009ad453b5 10 0 0
2 00000000052165d8 000000001ad453b5 0000000000000000 18 0 0
3 00000000052165d8 000000001ad453b5 0000000029c29869 10 0 0
4 00000000052165d8 000000001ad453b5 00000000224b4496 10 0 0
d 00000000052165d8 000000001ad453b5 0000000000000000 0 1 0
0 0000000084f5c764 00000000bf327468 00000000bf327468 10 0 0
1 0000000084f5c764 00000000bf327468 000000003f327468 10 0 0
2 0000000084f5c764 00000000bf327468 0000000004ab5466 10 0 0
3 0000000084f5c764 00000000bf327468 0000000005304a1e 10 0 0
4 0000000084f5c764 00000000bf327468 000000007fc00000 1 0 0
d 0000000084f5c764 00000000bf327468 0000000000000000 0 0 0
0 00000000c65e9a57 00000000b79a6b7d 00000000c65e9a57 10 0 0
1 00000000c65e9a57 00000000b79a6b7d 00000000c65e9a57 10 0 0
2 00000000c65e9a57 00000000b79a6b7d 000000003e864650 10 0 0
3 00000000c65e9a57 00000000b79a6b7d 000000004e38847b 10 0 0
4 00000000c65e9a57 00000000b79a6b7d 000000007fc00000 1 0 0
d 00000000c65e9a57 00000000b79a6b7d 0000000000000000 0 1 0
0 00000000a44376e7 00000000996186a8 00000000a44376eb 10 0 0
1 00000000a44376e7 00000000996186a8 00000000a44376e3 10 0 0
2 00000000a44376e7 00000000996186a8 0000000000056193 18 0 0
3 00000000a44376e7 00000000996186a8 000000004a5de05d 10 0 0
4 00000000a44376e7 00000000996186a8 000000007fc00000 1 0 0
d 00000000a44376e7 00000000996186a8 0000000000000000 0 1 0
0 000000009f2e9c32 00000000d9b7b6a6 00000000d9b7b6a6 10 0 0
1 000000009f2e9c32 00000000d9b7b6a6 0000000059b7b6a6 10 0 0
2 000000009f2e9c32 00000000d9b7b6a6 00000000397a9c78 10 0 0
3 000000009f2e9c32 00000000d9b7b6a6 0000000004f35093 10 0 0
4 000000009f2e9c32 00000000d9b7b6a6 000000007fc00000 1 0 0
d 000000009f2e9c32 00000000d9b7b6a6 0000000000000000 0 0 0
0 00000000c30f43f7 0000000045477faf 00000000453e8b70 10 0 0
1 00000000c30f43f7 0000000045477faf 00000000c55073ee 10 0 0
2 00000000c30f43f7 0000000045477faf 00000000c8df4a93 10 0 0
3 00000000c30f43f7 0000000045477faf 00000000bd37d72f 10 0 0
4 00000000c30f43f7 0000000045477faf 000000007fc00000 1 0 0
d 00000000c30f43f7 0000000045477faf 0000000000000000 0 1 0
0 00000000fceb9436 0000000043cf7300 00000000fceb9436 10 0 0
1 00000000fceb9436 0000000043cf7300 00000000fceb9436 10 0 0
2 00000000fceb9436 0000000043cf7300 00000000ff800000 14 0 0
3 00000000fceb9436 0000000043cf7300 00000000f8915b48 10 0 0
4 00000000fceb9436 0000000043cf7300 000000007fc00000 1 0 0
d 00000000fceb9436 0000000043cf7300 0000000000000000 0 1 0
0 00000000184b9f37 000000001e0416c1 000000001e04237b 10 0 0
1 00000000184b9f37 000000001e0416c1 000000009e040a07 10 0 0
2 00000000184b9f37 000000001e0416c1 000000000000000d 18 0 0
3 00000000184b9f37 000000001e0416c1 0000000039c55197 10 0 0
4 00000000184b9f37 000000001e0416c1 000000002be45059 10 0 0
d 00000000184b9f37 000000001e0416c1 0000000000000000 0 1 0
0 0000000007536d4f 0000000035adbe72 0000000035adbe72 10 0 0
1 0000000007536d4f 0000000035adbe72 00000000b5adbe72 10 0 0
2 0000000007536d4f 0000000035adbe72 0000000000023df9 18 0 0
3 0000000007536d4f 0000000035adbe72 00000000111bc301 10 0 0
4 0000000007536d4f 0000000035adbe72 000000002368a602 10 0 0
d 0000000007536d4f 0000000035adbe72 0000000000000000 0 1 0
0 00000000ce145723 00000000daf2be3b 00000000daf2be3b 10 0 0
1 00000000ce145723 00000000daf2be3b 000000005af2be3b 10 0 0
2 00000000ce145723 00000000daf2be3b 00000000698ca89a 10 0 0
3 00000000ce145723 00000000daf2be3b 00000000329c7112 10 0 0
4 00000000ce145723 00000000daf2be3b 000000007fc00000 1 0 0
d 00000000ce145723 00000000daf2be3b 0000000000000000 0 0 0
0 000000002b868c81 00000000b8cce0ca 00000000b8cce0ca 10 0 0
1 000000002b868c81 00000000b8cce0ca 0000000038cce0ca 10 0 0
2 000000002b868c81 00000000b8cce0ca 00000000a4d75c38 10 0 0
3 000000002b868c81 00000000b8cce0ca 00000000b2281f38 10 0 0
4 000000002b868c81 00000000b8cce0ca 0000000035833bcc 10 0 0
d 000000002b868c81 00000000b8cce0ca 0000000000000000 0 0 0
0 00000000be63e6a0 000000009447789b 00000000be63e6a0 10 0 0
1 00000000be63e6a0 000000009447789b 00000000be63e6a0 10 0 0
2 00000000be63e6a0 000000009447789b 00000000133193a4 10 0 0
3 00000000be63e6a0 000000009447789b 0000000069923e48 10 0 0
4 00000000be63e6a0 000000009447789b 000000007fc00000 1 0 0
d 00000000be63e6a0 000000009447789b 0000000000000000 0 1 0
0 0000000011d08311 0000000037e6dac8 0000000037e6dac8 10 0 0
1 0000000011d08311 0000000037e6dac8 00000000b7e6dac8 10 0 0
2 0000000011d08311 0000000037e6dac8 000000000a3c07f4 10 0 0
3 0000000011d08311 0000000037e6dac8 0000000019673947 10 0 0
4 0000000011d08311 0000000037e6dac8 0000000028a35e8b 10 0 0
d 0000000011d08311 0000000037e6dac8 0000000000000000 0 1 0
0 000000007b4a3e77 00000000ac1cc695 000000007b4a3e77 10 0 0
1 000000007b4a3e77 00000000ac1cc695 000000007b4a3e77 10 0 0
2 000000007b4a3e77 00000000ac1cc695 00000000e7f7b5e5 10 0 0
3 000000007b4a3e77 00000000ac1cc695 00000000ff800000 14 0 0
4 000000007b4a3e77 00000000ac1cc695 000000005d638a3f 10 0 0
d 000000007b4a3e77 00000000ac1cc695 0000000000000000 0 0 0
0 00000000ad01e2b2 00000000bbaaa939 00000000bbaaa939 10 0 0
1 00000000ad01e2b2 00000000bbaaa939 000000003baaa939 10 0 0
2 00000000ad01e2b2 00000000bbaaa939 00000000292d2ccc 10 0 0
3 00000000ad01e2b2 00000000bbaaa939 0000000030c2d5b1 10 0 0
4 00000000ad01e2b2 00000000bbaaa939 000000007fc00000 1 0 0
d 00000000ad01e2b2 00000000bbaaa939 0000000000000000 0 0 0
0 000000003f32319f 00000000593c4eff 00000000593c4eff 10 0 0
1 000000003f32319f 00000000593c4eff 00000000d93c4eff 10 0 0
2 000000003f32319f 00000000593c4eff 000000005903136d 10 0 0
3 000000003f32319f 00000000593c4eff 0000000025723fd2 10 0 0
4 000000003f32319f 00000000593c4eff 000000003f559534 10 0 0
d 000000003f32319f 00000000593c4eff 0000000000000000 0 1 0
0 00000000cc9b174e 0000000060228e97 0000000060228e97 10 0 0
1 00000000cc9b174e 0000000060228e97 00000000e0228e97 10 0 0
2 00000000cc9b174e 0000000060228e97 00000000ed44f644 10 0 0
3 00000000cc9b174e 0000000060228e97 00000000abf43e0c 10 0 0
4 00000000cc9b174e 0000000060228e97 000000007fc00000 1 0 0
d 00000000cc9b174e 0000000060228e97 0000000000000000 0 1 0
0 000000000ffebb8f 00000000c969cec8 00000000c969cec8 10 0 0
1 000000000ffebb8f 00000000c969cec8 000000004969cec8 10 0 0
2 000000000ffebb8f 00000000c969cec8 0000000099e8a677 10 0 0
3 000000000ffebb8f 00000000c969cec8 00000000860b749d 10 0 0
4 000000000ffebb8f 00000000c969cec8 0000000027b4921a 10 0 0
d 000000000ffebb8f 00000000c969cec8 0000000000000000 0 0 0
0 00000000e6a66490 000000006cba40ca 000000006cba3664 10 0 0
1 00000000e6a66490 000000006cba40ca 00000000ecba4b30 10 0 0
2 00000000e6a66490 000000006cba40ca 00000000ff800000 14 0 0
3 00000000e6a66490 000000006cba40ca 00000000b964b3dd 10 0 0
4 00000000e6a66490 000000006cba40ca 000000007fc00000 1 0 0
d 00000000e6a66490 000000006cba40ca 0000000000000000 0 1 0
0 00000000b0c141fb 000000008733dd04 00000000b0c141fb 10 0 0
1 00000000b0c141fb 000000008733dd04 00000000b0c141fb 10 0 0
2 00000000b0c141fb 000000008733dd04 0000000000000088 18 0 0
3 00000000b0c141fb 000000008733dd04 000000006909883a 10 0 0
4 00000000b0c141fb 000000008733dd04 000000007fc00000 1 0 0
d 00000000b0c141fb 000000008733dd04 0000000000000000 0 1 0
0 000000006ef74aed 0000000072ff8e38 00000000730042c1 10 0 0
1 000000006ef74aed 0000000072ff8e38 00000000f2fe96ed 10 0 0
2 000000006ef74aed 0000000072ff8e38 000000007f800000 14 0 0
3 000000006ef74aed 0000000072ff8e38 000000003b77b907 10 0 0
4 000000006ef74aed 0000000072ff8e38 000000005731ea09 10 0 0
d 000000006ef74aed 0000000072ff8e38 0000000000000000 0 1 0
0 00000000e4213b24 00000000abfe8a46 00000000e4213b24 10 0 0
1 00000000e4213b24 00000000abfe8a46 00000000e4213b24 10 0 0
2 00000000e4213b24 00000000abfe8a46 0000000050a04fc4 10 0 0
3 00000000e4213b24 00000000abfe8a46 0000000077a227de 10 0 0
4 00000000e4213b24 00000000abfe8a46 000000007fc00000 1 0 0
d 00000000e4213b24 00000000abfe8a46 0000000000000000 0 1 0
0 000000002c7894bd 00000000e30a528a 00000000e30a528a 10 0 0
1 000000002c7894bd 00000000e30a528a 00000000630a528a 10 0 0
2 000000002c7894bd 00000000e30a528a 00000000d0065054 10 0 0
3 000000002c7894bd 00000000e30a528a 0000000088e607cc 10 0 0
4 000000002c7894bd 00000000e30a528a 0000000035fc4363 10 0 0
d 000000002c7894bd 00000000e30a528a 0000000000000000 0 0 0
0 00000000823382c7 00000000bf0865b2 00000000bf0865b2 10 0 0
1 00000000823382c7 00000000bf0865b2 000000003f0865b2 10 0 0
2 00000000823382c7 00000000bf0865b2 0000000001bf4992 10 0 0
3 00000000823382c7 00000000bf0865b2 0000000002a87597 10 0 0
4 00000000823382c7 00000000bf0865b2 000000007fc00000 1 0 0
d 00000000823382c7 00000000bf0865b2 0000000000000000 0 0 0
0 00000000c471f1cd 00000000b34db1c9 00000000c471f1cd 10 0 0
1 00000000c471f1cd 00000000b34db1c9 00000000c471f1cd 10 0 0
2 00000000c471f1cd 00000000b34db1c9 00000000384266a7 10 0 0
3 00000000c471f1cd 00000000b34db1c9 0000000050968eca 10 0 0
4 00000000c471f1cd 00000000b34db1c9 000000007fc00000 1 0 0
d 00000000c471f1cd 00000000b34db1c9 0000000000000000 0 1 0
0 00000000abe6fd13 00000000fcd04111 00000000fcd04111 10 0 0
1 00000000abe6fd13 00000000fcd04111 000000007cd04111 10 0 0
2 00000000abe6fd13 00000000fcd04111 00000000693be855 10 0 0
3 00000000abe6fd13 00000000fcd04111 0000000000000000 18 0 0
4 00000000abe6fd13 00000000fcd04111 000000007fc00000 1 0 0
d 00000000abe6fd13 00000000fcd04111 0000000000000000 0 0 0
0 000000006ab17668 00000000cbf6de96 000000006ab17668 10 0 0
1 000000006ab17668 00000000cbf6de96 000000006ab17668 10 0 0
2 000000006ab17668 00000000cbf6de96 00000000f72b2215 10 0 0
3 000000006ab17668 00000000cbf6de96 00000000de3806a9 10 0 0
4 000000006ab17668 00000000cbf6de96 000000005516b734 10 0 0
d 000000006ab17668 00000000cbf6de96 0000000000000000 0 0 0
0 0000000014a6c604 0000000040a226d7 0000000040a226d7 10 0 0
1 0000000014a6c604 0000000040a226d7 00000000c0a226d7 10 0 0
2 0000000014a6c604 0000000040a226d7 0000000015d34538 10 0 0
3 0000000014a6c604 0000000040a226d7 000000001383a5fb 10 0 0
4 0000000014a6c604 0000000040a226d7 000000002a121b2d 10 0 0
d 0000000014a6c604 0000000040a226d7 0000000000000000 0 1 0
0 000000008b60598b 000000008a7e4dc3 000000008b8ff67e 10 0 0
1 000000008b60598b 000000008a7e4dc3 000000008b20c61a 10 0 0
2 000000008b60598b 000000008a7e4dc3 0000000000000000 18 0 0
3 000000008b60598b 000000008a7e4dc3 000000004061d8a2 10 0 0
4 000000008b60598b 000000008a7e4dc3 000000007fc00000 1 0 0
d 000000008b60598b 000000008a7e4dc3 0000000000000000 0 1 0
0 000000003b078820 000000008a7e4901 000000003b078820 10 0 0
1 000000003b078820 000000008a7e4901 000000003b078820 10 0 0
2 000000003b078820 000000008a7e4901 0000000086069fb6 10 0 0
3 000000003b078820 000000008a7e4901 00000000f008721b 10 0 0
4 000000003b078820 000000008a7e4901 000000003d3a44da 10 0 0
d 000000003b078820 000000008a7e4901 0000000000000000 0 0 0
0 0000000028975d6e 00000000a4656293 000000002896eabd 10 0 0
1 0000000028975d6e 00000000a4656293 000000002897d01f 10 0 0
2 0000000028975d6e 00000000a4656293 000000008d87a0dc 10 0 0
3 0000000028975d6e 00000000a4656293 00000000c3a8ed6d 10 0 0
4 0000000028975d6e 00000000a4656293 00000000340b316e 10 0 0
d 0000000028975d6e 00000000a4656293 0000000000000000 0 0 0
0 000000000ed7d788 0000000070f31efb 0000000070f31efb 10 0 0
1 000000000ed7d788 0000000070f31efb 00000000f0f31efb 10 0 0
2 000000000ed7d788 0000000070f31efb 00000000404cfbb5 10 0 0
3 000000000ed7d788 0000000070f31efb 0000000000000000 18 0 0
4 000000000ed7d788 0000000070f31efb 000000002726374d 10 0 0
d 000000000ed7d788 0000000070f31efb 0000000000000000 0 1 0
0 0000000076a29acd 000000009a9e2e30 0000000076a29acd 10 0 0
1 0000000076a29acd 000000009a9e2e30 0000000076a29acd 10 0 0
2 0000000076a29acd 000000009a9e2e30 00000000d1c8f1c2 10 0 0
3 0000000076a29acd 000000009a9e2e30 00000000ff800000 14 0 0
4 0000000076a29acd 000000009a9e2e30 000000005b1044bc 10 0 0
d 0000000076a29acd 000000009a9e2e30 0000000000000000 0 0 0
0 00000000b458321c 00000000f1668931 00000000f1668931 10 0 0
1 00000000b458321c 00000000f1668931 0000000071668931 10 0 0
2 00000000b458321c 00000000f1668931 000000006642b0e1 10 0 0
3 00000000b458321c 00000000f1668931 000000000270136d 10 0 0
4 00000000b458321c 00000000f1668931 000000007fc00000 1 0 0
d 00000000b458321c 00000000f1668931 0000000000000000 0 0 0
0 0000000028579b31 00000000bd0b0389 00000000bd0b0389 10 0 0
1 0000000028579b31 00000000bd0b0389 000000003d0b0389 10 0 0
2 0000000028579b31 00000000bd0b0389 00000000a5ea287c 10 0 0
3 0000000028579b31 00000000bd0b0389 00000000aac6862d 10 0 0
4 0000000028579b31 00000000bd0b0389 0000000033eaefc3 10 0 0
d 0000000028579b31 00000000bd0b0389 0000000000000000 0 0 0
0 000000007233ebb4 00000000e7e8eed6 000000007233ebad 10 0 0
1 000000007233ebb4 00000000e7e8eed6 000000007233ebbb 10 0 0
2 000000007233ebb4 00000000e7e8eed6 00000000ff800000 14 0 0
3 000000007233ebb4 00000000e7e8eed6 00000000c9c5bcf0 10 0 0
4 000000007233ebb4 00000000e7e8eed6 0000000058d69d81 10 0 0
d 000000007233ebb4 00000000e7e8eed6 0000000000000000 0 0 0
0 00000000bc782a2f 000000009e8f4091 00000000bc782a2f 10 0 0
1 00000000bc782a2f 000000009e8f4091 00000000bc782a2f 10 0 0
2 00000000bc782a2f 000000009e8f4091 000000001b8ade27 10 0 0
3 00000000bc782a2f 000000009e8f4091 000000005d5dbe0f 10 0 0
4 00000000bc782a2f 000000009e8f4091 000000007fc00000 1 0 0
d 00000000bc782a2f 000000009e8f4091 0000000000000000 0 1 0
0 00000000a536203f 00000000470fe447 00000000470fe447 10 0 0
1 00000000a536203f 00000000470fe447 00000000c70fe447 10 0 0
2 00000000a536203f 00000000470fe447 00000000acccbcd5 10 0 0
3 00000000a536203f 00000000470fe447 000000009da202f7 10 0 0
4 00000000a536203f 00000000470fe447 000000007fc00000 1 0 0
d 00000000a536203f 00000000470fe447 0000000000000000 0 1 0
0 00000000cb6c6904 000000008fd58e62 00000000cb6c6904 10 0 0
1 00000000cb6c6904 000000008fd58e62 00000000cb6c6904 10 0 0
2 00000000cb6c6904 000000008fd58e62 000000001bc536dd 10 0 0
3 00000000cb6c6904 000000008fd58e62 000000007b0db2b7 10 0 0
4 00000000cb6c6904 000000008fd58e62 000000007fc00000 1 0 0
d 00000000cb6c6904 000000008fd58e62 0000000000000000 0 1 0
0 00000000fd23fcae 00000000d479c355 00000000fd23fcae 10 0 0
1 00000000fd23fcae 00000000d479c355 00000000fd23fcae 10 0 0
2 00000000fd23fcae 00000000d479c355 000000007f800000 14 0 0
3 00000000fd23fcae 00000000d479c355 0000000068281501 10 0 0
4 00000000fd23fcae 00000000d479c355 000000007fc00000 1 0 0
d 00000000fd23fcae 00000000d479c355 0000000000000000 0 1 0
0 000000006e71bedc 000000006ce85329 000000006e8764a1 10 0 0
1 000000006e71bedc 000000006ce85329 000000006e54b477 10 0 0
2 000000006e71bedc 000000006ce85329 000000007f800000 14 0 0
3 000000006e71bedc 000000006ce85329 00000000410530bb 10 0 0
4 000000006e71bedc 000000006ce85329 0000000056f8c54c 10 0 0
d 000000006e71bedc 000000006ce85329 0000000000000000 0 0 0
0 00000000b7254d8f 00000000cc00fa65 00000000cc00fa65 10 0 0
1 00000000b7254d8f 00000000cc00fa65 000000004c00fa65 10 0 0
2 00000000b7254d8f 00000000cc00fa65 0000000043a690ed 10 0 0
3 00000000b7254d8f 00000000cc00fa65 000000002aa40ca5 10 0 0
4 00000000b7254d8f 00000000cc00fa65 000000007fc00000 1 0 0
d 00000000b7254d8f 00000000cc00fa65 0000000000000000 0 0 0
0 00000000baca4ba3 0000000084741dfc 00000000baca4ba3 10 0 0
1 00000000baca4ba3 0000000084741dfc 00000000baca4ba3 10 0 0
2 00000000baca4ba3 0000000084741dfc 00000000003039f2 18 0 0
3 00000000baca4ba3 0000000084741dfc 0000000075d42480 10 0 0
4 00000000baca4ba3 0000000084741dfc 000000007fc00000 1 0 0
d 00000000baca4ba3 0000000084741dfc 0000000000000000 0 1 0
0 00000000feb85d39 0000000056fff176 00000000feb85d39 10 0 0
1 00000000feb85d39 0000000056fff176 00000000feb85d39 10 0 0
2 00000000feb85d39 0000000056fff176 00000000ff800000 14 0 0
3 00000000feb85d39 0000000056fff176 00000000e73867b2 10 0 0
4 00000000feb85d39 0000000056fff176 000000007fc00000 1 0 0
d 00000000feb85d39 0000000056fff176 0000000000000000 0 1 0
0 00000000b2fdc6de 000000004ee67a6d 000000004ee67a6d 10 0 0
1 00000000b2fdc6de 000000004ee67a6d 00000000cee67a6d 10 0 0
2 00000000b2fdc6de 000000004ee67a6d 00000000c2647a08 10 0 0
3 00000000b2fdc6de 000000004ee67a6d 00000000a38cf074 10 0 0
4 00000000b2fdc6de 000000004ee67a6d 000000007fc00000 1 0 0
d 00000000b2fdc6de 000000004ee67a6d 0000000000000000 0 1 0
0 00000000b4d8cdb8 00000000009cfaef 00000000b4d8cdb8 10 0 0
1 00000000b4d8cdb8 00000000009cfaef 00000000b4d8cdb8 10 0 0
2 00000000b4d8cdb8 00000000009cfaef 0000000080000004 18 0 0
3 00000000b4d8cdb8 00000000009cfaef 00000000f3b0c783 10 0 0
4 00000000b4d8cdb8 00000000009cfaef 000000007fc00000 1 0 0
d 00000000b4d8cdb8 00000000009cfaef 0000000000000000 0 1 0
0 0000000067ebf4ef 0000000037b512d4 0000000067ebf4ef 10 0 0
1 0000000067ebf4ef 0000000037b512d4 0000000067ebf4ef 10 0 0
2 0000000067ebf4ef 0000000037b512d4 000000006026e588 10 0 0
3 0000000067ebf4ef 0000000037b512d4 000000006fa6cbf3 10 0 0
4 0000000067ebf4ef 0000000037b512d4 0000000053adc9e0 10 0 0
d 0000000067ebf4ef 0000000037b512d4 0000000000000000 0 0 0
0 000000002814dc43 00000000c000542d 00000000c000542d 10 0 0
1 000000002814dc43 00000000c000542d 000000004000542d 10 0 0
2 000000002814dc43 00000000c000542d 00000000a8953e28 10 0 0
3 000000002814dc43 00000000c000542d 00000000a7947a9e 10 0 0
4 000000002814dc43 00000000c000542d 0000000033c336a0 10 0 0
d 000000002814dc43 00000000c000542d 0000000000000000 0 0 0
0 000000009a37bc8f 00000000d96b21dc 00000000d96b21dc 10 0 0
1 000000009a37bc8f 00000000d96b21dc 00000000596b21dc 10 0 0
2 000000009a37bc8f 00000000d96b21dc 000000003428c264 10 0 0
3 000000009a37bc8f 00000000d96b21dc 0000000000640580 18 0 0
4 000000009a37bc8f 00000000d96b21dc 000000007fc00000 1 0 0
d 000000009a37bc8f 00000000d96b21dc 0000000000000000 0 0 0
0 00000000174f11f4 000000005b4c82cc 000000005b4c82cc 10 0 0
1 00000000174f11f4 000000005b4c82cc 00000000db4c82cc 10 0 0
2 00000000174f11f4 000000005b4c82cc 0000000033256c1b 10 0 0
3 00000000174f11f4 000000005b4c82cc 0000000000002067 18 0 0
4 00000000174f11f4 000000005b4c82cc 000000002b663d29 10 0 0
d 00000000174f11f4 000000005b4c82cc 0000000000000000 0 1 0
0 00000000a9b98f86 00000000916977e2 00000000a9b98f86 10 0 0
1 00000000a9b98f86 00000000916977e2 00000000a9b98f86 10 0 0
2 00000000a9b98f86 00000000916977e2 0000000000002a4f 18 0 0
3 00000000a9b98f86 00000000916977e2 0000000057cb7806 10 0 0
4 00000000a9b98f86 00000000916977e2 000000007fc00000 1 0 0
d 00000000a9b98f86 00000000916977e2 0000000000000000 0 1 0
0 000000004d386d28 000000005334e1a6 000000005334ed2d 10 0 0
1 000000004d386d28 000000005334e1a6 00000000d334d61f 10 0 0
2 000000004d386d28 000000005334e1a6 0000000061024f50 10 0 0
3 000000004d386d28 000000005334e1a6 0000000039828232 10 0 0
4 000000004d386d28 000000005334e1a6 0000000046594930 10 0 0
d 000000004d386d28 000000005334e1a6 0000000000000000 0 1 0
0 000000002f0882e6 00000000d5dff4cc 00000000d5dff4cc 10 0 0
1 000000002f0882e6 00000000d5dff4cc 0000000055dff4cc 10 0 0
2 000000002f0882e6 00000000d5dff4cc 00000000c56ed920 10 0 0
3 000000002f0882e6 00000000d5dff4cc 00000000989c0b1e 10 0 0
4 000000002f0882e6 00000000d5dff4cc 00000000373af0df 10 0 0
d 000000002f0882e6 00000000d5dff4cc 0000000000000000 0 0 0
0 00000000438a4c8f 00000000496e99c2 00000000496eab0c 10 0 0
1 00000000438a4c8f 00000000496e99c2 00000000c96e8878 10 0 0
2 00000000438a4c8f 00000000496e99c2 000000004d80e63e 10 0 0
3 00000000438a4c8f 00000000496e99c2 000000003994625a 10 0 0
4 00000000438a4c8f 00000000496e99c2 0000000041850cc7 10 0 0
d 00000000438a4c8f 00000000496e99c2 0000000000000000 0 1 0
0 00000000d08409c9 00000000661d23f7 00000000661d23f7 10 0 0
1 00000000d08409c9 00000000661d23f7 00000000e61d23f7 10 0 0
2 00000000d08409c9 00000000661d23f7 00000000f722191a 10 0 0
3 00000000d08409c9 00000000661d23f7 00000000a9d71b03 10 0 0
4 00000000d08409c9 00000000661d23f7 000000007fc00000 1 0 0
d 00000000d08409c9 00000000661d23f7 0000000000000000 0 1 0
0 000000008e17fa06 000000005bb7570d 000000005bb7570d 10 0 0
1 000000008e17fa06 000000005bb7570d 00000000dbb7570d 10 0 0
2 000000008e17fa06 000000005bb7570d 00000000aa59aed0 10 0 0
3 000000008e17fa06 000000005bb7570d 0000000080000000 18 0 0
4 000000008e17fa06 000000005bb7570d 000000007fc00000 1 0 0
d 000000008e17fa06 000000005bb7570d 0000000000000000 0 1 0
0 000000009b835b66 00000000ed138131 00000000ed138131 10 0 0
1 000000009b835b66 00000000ed138131 000000006d138131 10 0 0
2 000000009b835b66 00000000ed138131 0000000049175f8c 10 0 0
3 000000009b835b66 00000000ed138131 0000000000000000 18 0 0
4 000000009b835b66 00000000ed138131 000000007fc00000 1 0 0
d 000000009b835b66 00000000ed138131 0000000000000000 0 0 0
0 000000003b881acb 0000000022fdb2c3 000000003b881acb 10 0 0
1 000000003b881acb 0000000022fdb2c3 000000003b881acb 10 0 0
2 000000003b881acb 0000000022fdb2c3 000000001f06e185 10 0 0
3 000000003b881acb 0000000022fdb2c3 00000000580956e9 10 0 0
4 000000003b881acb 0000000022fdb2c3 000000003d83fd7a 10 0 0
d 000000003b881acb 0000000022fdb2c3 0000000000000000 0 0 0
0 0000000000168ab1 00000000f9588031 00000000f9588031 10 0 0
1 0000000000168ab1 00000000f9588031 0000000079588031 10 0 0
2 0000000000168ab1 00000000f9588031 00000000b9188278 10 0 0
3 0000000000168ab1 00000000f9588031 0000000080000000 18 0 0
4 0000000000168ab1 00000000f9588031 000000001f56dc95 10 0 0
d 0000000000168ab1 00000000f9588031 0000000000000000 0 0 0
0 00000000c284475e 00000000079bef49 00000000c284475e 10 0 0
1 00000000c284475e 00000000079bef49 00000000c284475e 10 0 0
2 00000000c284475e 00000000079bef49 000000008aa125b5 10 0 0
3 00000000c284475e 00000000079bef49 00000000fa5929ec 10 0 0
4 00000000c284475e 00000000079bef49 000000007fc00000 1 0 0
d 00000000c284475e 00000000079bef49 0000000000000000 0 1 0
0 00000000342cbc70 00000000d7ff5981 00000000d7ff5981 10 0 0
1 00000000342cbc70 00000000d7ff5981 0000000057ff5981 10 0 0
2 00000000342cbc70 00000000d7ff5981 00000000ccac4c18 10 0 0
3 00000000342cbc70 00000000d7ff5981 000000009bad2d11 10 0 0
4 00000000342cbc70 00000000d7ff5981 0000000039d2495c 10 0 0
d 00000000342cbc70 00000000d7ff5981 0000000000000000 0 0 0
0 00000000a5239b26 000000001ea130a5 00000000a523961c 10 0 0
1 00000000a5239b26 000000001ea130a5 00000000a523a030 10 0 0
2 00000000a5239b26 000000001ea130a5 00000000844e0753 10 0 0
3 00000000a5239b26 000000001ea130a5 00000000c601eb26 10 0 0
4 00000000a5239b26 000000001ea130a5 000000007fc00000 1 0 0
d 00000000a5239b26 000000001ea130a5 0000000000000000 0 1 0
0 000000002e04131f 00000000209300ac 000000002e04131f 10 0 0
1 000000002e04131f 00000000209300ac 000000002e04131f 10 0 0
2 000000002e04131f 00000000209300ac 000000000f17aea7 10 0 0
3 000000002e04131f 00000000209300ac 000000004ce600e7 10 0 0
4 000000002e04131f 00000000209300ac 0000000036b7e0c5 10 0 0
d 000000002e04131f 00000000209300ac 0000000000000000 0 0 0
0 000000005052bd0f 00000000f9988036 00000000f9988036 10 0 0
1 000000005052bd0f 00000000f9988036 0000000079988036 10 0 0
2 000000005052bd0f 00000000f9988036 00000000ff800000 14 0 0
3 000000005052bd0f 00000000f9988036 000000009630e197 10 0 0
4 000000005052bd0f 00000000f9988036 0000000047e844f5 10 0 0
d 000000005052bd0f 00000000f9988036 0000000000000000 0 0 0
0 00000000da58abd9 000000002b5e6548 00000000da58abd9 10 0 0
1 00000000da58abd9 000000002b5e6548 00000000da58abd9 10 0 0
2 00000000da58abd9 000000002b5e6548 00000000c63c3abf 10 0 0
3 00000000da58abd9 000000002b5e6548 00000000ee796923 10 0 0
4 00000000da58abd9 000000002b5e6548 000000007fc00000 1 0 0
d 00000000da58abd9 000000002b5e6548 0000000000000000 0 1 0
0 000000001915c0d3 0000000080f1fad4 000000001915c0d3 10 0 0
1 000000001915c0d3 0000000080f1fad4 000000001915c0d3 10 0 0
2 000000001915c0d3 0000000080f1fad4 0000000080000000 18 0 0
3 000000001915c0d3 0000000080f1fad4 00000000d79e6e0b 10 0 0
4 000000001915c0d3 0000000080f1fad4 000000002c43cc44 10 0 0
d 000000001915c0d3 0000000080f1fad4 0000000000000000 0 0 0
0 000000004acf8521 00000000f714fa94 00000000f714fa94 10 0 0
1 000000004acf8521 00000000f714fa94 000000007714fa94 10 0 0
2 000000004acf8521 00000000f714fa94 00000000ff800000 14 0 0
3 000000004acf8521 00000000f714fa94 0000000093324c2f 10 0 0
4 000000004acf8521 00000000f714fa94 000000004522faf2 10 0 0
d 000000004acf8521 00000000f714fa94 0000000000000000 0 0 0
0 00000000608f9857 00000000e3230335 00000000e31e8672 10 0 0
1 00000000608f9857 00000000e3230335 0000000063277ff8 10 0 0
2 00000000608f9857 00000000e3230335 00000000ff800000 14 0 0
3 00000000608f9857 00000000e3230335 00000000bce18198 10 0 0
4 00000000608f9857 00000000e3230335 00000000500792d0 10 0 0
d 00000000608f9857 00000000e3230335 0000000000000000 0 0 0
0 00000000ebf9b077 000000006310ef0c 00000000ebf9b02f 10 0 0
1 00000000ebf9b077 000000006310ef0c 00000000ebf9b0bf 10 0 0
2 00000000ebf9b077 000000006310ef0c 00000000ff800000 14 0 0
3 00000000ebf9b077 000000006310ef0c 00000000c85c8420 10 0 0
4 00000000ebf9b077 000000006310ef0c 000000007fc00000 1 0 0
d 00000000ebf9b077 000000006310ef0c 0000000000000000 0 1 0
0 00000000a0db5ef4 00000000abb2d5b6 00000000abb2d5b9 10 0 0
1 00000000a0db5ef4 00000000abb2d5b6 000000002bb2d5b3 10 0 0
2 00000000a0db5ef4 00000000abb2d5b6 000000000d193f28 10 0 0
3 00000000a0db5ef4 00000000abb2d5b6 00000000349d0374 10 0 0
4 00000000a0db5ef4 00000000abb2d5b6 000000007fc00000 1 0 0
d 00000000a0db5ef4 00000000abb2d5b6 0000000000000000 0 0 0
0 00000000d189cbb4 00000000f718c6ab 00000000f718c6ab 10 0 0
1 00000000d189cbb4 00000000f718c6ab 000000007718c6ab 10 0 0
2 00000000d189cbb4 00000000f718c6ab 000000007f800000 14 0 0
3 00000000d189cbb4 00000000f718c6ab 0000000019e6e5ec 10 0 0
4 00000000d189cbb4 00000000f718c6ab 000000007fc00000 1 0 0
d 00000000d189cbb4 00000000f718c6ab 0000000000000000 0 0 0
0 000000001677f8ed 00000000c42fa758 00000000c42fa758 10 0 0
1 000000001677f8ed 00000000c42fa758 00000000442fa758 10 0 0
2 000000001677f8ed 00000000c42fa758 000000009b2a2543 10 0 0
3 000000001677f8ed 00000000c42fa758 0000000091b4b2f8 10 0 0
4 000000001677f8ed 00000000c42fa758 000000002afbf447 10 0 0
d 000000001677f8ed 00000000c42fa758 0000000000000000 0 0 0
0 000000002853587a 0000000028db0354 00000000292257c8 10 0 0
1 000000002853587a 0000000028db0354 00000000a862ae2e 0 0 0
2 000000002853587a 0000000028db0354 0000000011b4cf70 10 0 0
3 000000002853587a 0000000028db0354 000000003ef709a9 10 0 0
4 000000002853587a 0000000028db0354 0000000033e89a8b 10 0 0
d 000000002853587a 0000000028db0354 0000000000000000 0 1 0
0 000000005e85468c 000000003cc30966 000000005e85468c 10 0 0
1 000000005e85468c 000000003cc30966 000000005e85468c 10 0 0
2 000000005e85468c 000000003cc30966 000000005bcb1342 10 0 0
3 000000005e85468c 000000003cc30966 00000000612eef19 10 0 0
4 000000005e85468c 000000003cc30966 000000004f029c75 10 0 0
d 000000005e85468c 000000003cc30966 0000000000000000 0 0 0
0 00000000e01315b1 00000000d60be883 00000000e01315ba 10 0 0
1 00000000e01315b1 00000000d60be883 00000000e01315a8 10 0 0
2 00000000e01315b1 00000000d60be883 0000000076a0c4bc 10 0 0
3 00000000e01315b1 00000000d60be883 00000000498690cf 10 0 0
4 00000000e01315b1 00000000d60be883 000000007fc00000 1 0 0
d 00000000e01315b1 00000000d60be883 0000000000000000 0 1 0
0 00000000c8607cce 0000000038c23972 00000000c8607cce 10 0 0
1 00000000c8607cce 0000000038c23972 00000000c8607cce 10 0 0
2 00000000c8607cce 0000000038c23972 00000000c1aa50f4 10 0 0
3 00000000c8607cce 0000000038c23972 00000000cf13f1c1 10 0 0
4 00000000c8607cce 0000000038c23972 000000007fc00000 1 0 0
d 00000000c8607cce 0000000038c23972 0000000000000000 0 1 0
0 0000000082649604 000000000427d496 0000000004198b36 10 0 0
1 0000000082649604 000000000427d496 0000000084361df6 10 0 0
2 0000000082649604 000000000427d496 0000000080000000 18 0 0
3 0000000082649604 000000000427d496 00000000bdae5635 10 0 0
4 0000000082649604 000000000427d496 000000007fc00000 1 0 0
d 0000000082649604 000000000427d496 0000000000000000 0 1 0
0 000000002818124c 0000000060616be4 0000000060616be4 10 0 0
1 000000002818124c 0000000060616be4 00000000e0616be4 10 0 0
2 000000002818124c 0000000060616be4 000000004905e82c 10 0 0
3 000000002818124c 0000000060616be4 00000000072cb337 10 0 0
4 000000002818124c 0000000060616be4 0000000033c54ec0 10 0 0
d 000000002818124c 0000000060616be4 0000000000000000 0 1 0
0 00000000eea4602a 0000000036833e3a 00000000eea4602a 10 0 0
1 00000000eea4602a 0000000036833e3a 00000000eea4602a 10 0 0
2 00000000eea4602a 0000000036833e3a 00000000e5a88a54 10 0 0
3 00000000eea4602a 0000000036833e3a 00000000f7a05058 10 0 0
4 00000000eea4602a 0000000036833e3a 000000007fc00000 1 0 0
d 00000000eea4602a 0000000036833e3a 0000000000000000 0 1 0
0 0000000079ce8598 0000000086c7f5e6 0000000079ce8598 10 0 0
1 0000000079ce8598 0000000086c7f5e6 0000000079ce8598 10 0 0
2 0000000079ce8598 0000000086c7f5e6 00000000c1215039 10 0 0
3 0000000079ce8598 0000000086c7f5e6 00000000ff800000 14 0 0
4 0000000079ce8598 0000000086c7f5e6 000000005ca2967b 10 0 0
d 0000000079ce8598 0000000086c7f5e6 0000000000000000 0 0 0
0 00000000771a32bb 0000000018e409bd 00000000771a32bb 10 0 0
1 00000000771a32bb 0000000018e409bd 00000000771a32bb 10 0 0
2 00000000771a32bb 0000000018e409bd 0000000050895b0c 10 0 0
3 00000000771a32bb 0000000018e409bd 000000007f800000 14 0 0
4 00000000771a32bb 0000000018e409bd 000000005b46aeb7 10 0 0
d 00000000771a32bb 0000000018e409bd 0000000000000000 0 0 0
0 00000000a3af4fd4 0000000000e8b53e 00000000a3af4fd4 10 0 0
1 00000000a3af4fd4 0000000000e8b53e 00000000a3af4fd4 10 0 0
2 00000000a3af4fd4 0000000000e8b53e 0000000080000000 18 0 0
3 00000000a3af4fd4 0000000000e8b53e 00000000e240dbe8 10 0 0
4 00000000a3af4fd4 0000000000e8b53e 000000007fc00000 1 0 0
d 00000000a3af4fd4 0000000000e8b53e 0000000000000000 0 1 0
0 00000000dfa0bd39 00000000c8f8de7a 00000000dfa0bd39 10 0 0
1 00000000dfa0bd39 00000000c8f8de7a 00000000dfa0bd39 10 0 0
2 00000000dfa0bd39 00000000c8f8de7a 00000000691c4300 10 0 0
3 00000000dfa0bd39 00000000c8f8de7a 000000005625584a 10 0 0
4 00000000dfa0bd39 00000000c8f8de7a 000000007fc00000 1 0 0
d 00000000dfa0bd39 00000000c8f8de7a 0000000000000000 0 1 0
0 00000000b5c90bc1 00000000029d52b9 00000000b5c90bc1 10 0 0
1 00000000b5c90bc1 00000000029d52b9 00000000b5c90bc1 10 0 0
2 00000000b5c90bc1 00000000029d52b9 00000000800000f7 18 0 0
3 00000000b5c90bc1 00000000029d52b9 00000000f2a392c9 10 0 0
4 00000000b5c90bc1 00000000029d52b9 000000007fc00000 1 0 0
d 00000000b5c90bc1 00000000029d52b9 0000000000000000 0 1 0
0 00000000b18efd5c 00000000aa8c038e 00000000b18eff8c 10 0 0
1 00000000b18efd5c 00000000aa8c038e 00000000b18efb2c 10 0 0
2 00000000b18efd5c 00000000aa8c038e 000000001c9c6915 10 0 0
3 00000000b18efd5c 00000000aa8c038e 000000004682b870 10 0 0
4 00000000b18efd5c 00000000aa8c038e 000000007fc00000 1 0 0
d 00000000b18efd5c 00000000aa8c038e 0000000000000000 0 1 0
0 00000000754708f0 000000001f71195c 00000000754708f0 10 0 0
1 00000000754708f0 000000001f71195c 00000000754708f0 10 0 0
2 00000000754708f0 000000001f71195c 00000000553b7321 10 0 0
3 00000000754708f0 000000001f71195c 000000007f800000 14 0 0
4 00000000754708f0 000000001f71195c 000000005a61ba42 10 0 0
d 00000000754708f0 000000001f71195c 0000000000000000 0 0 0
0 00000000b70a6951 00000000be26bc61 00000000be26be8b 10 0 0
1 00000000b70a6951 00000000be26bc61 000000003e26ba37 10 0 0
2 00000000b70a6951 00000000be26bc61 0000000035b44c49 10 0 0
3 00000000b70a6951 00000000be26bc61 00000000385482fd 10 0 0
4 00000000b70a6951 00000000be26bc61 000000007fc00000 1 0 0
d 00000000b70a6951 00000000be26bc61 0000000000000000 0 0 0
0 000000005cffbe34 00000000cc141ea8 000000005cffbe34 10 0 0
1 000000005cffbe34 00000000cc141ea8 000000005cffbe34 10 0 0
2 000000005cffbe34 00000000cc141ea8 00000000e993f896 10 0 0
3 000000005cffbe34 00000000cc141ea8 00000000d05d011a 10 0 0
4 000000005cffbe34 00000000cc141ea8 000000004e34edae 10 0 0
d 000000005cffbe34 00000000cc141ea8 0000000000000000 0 0 0
0 00000000b7e61048 00000000c80a7d5f 00000000c80a7d5f 10 0 0
1 00000000b7e61048 00000000c80a7d5f 00000000480a7d5f 10 0 0
2 00000000b7e61048 00000000c80a7d5f 000000004078eae4 10 0 0
3 00000000b7e61048 00000000c80a7d5f 000000002f54a342 10 0 0
4 00000000b7e61048 00000000c80a7d5f 000000007fc00000 1 0 0
d 00000000b7e61048 00000000c80a7d5f 0000000000000000 0 0 0
0 00000000739a0f6f 000000007c893cd4 000000007c893cfb 10 0 0
1 00000000739a0f6f 000000007c893cd4 00000000fc893cad 10 0 0
2 00000000739a0f6f 000000007c893cd4 000000007f800000 14 0 0
3 00000000739a0f6f 000000007c893cd4 00000000368fb0b9 10 0 0
4 00000000739a0f6f 000000007c893cd4 00000000598c6d4a 10 0 0
d 00000000739a0f6f 000000007c893cd4 0000000000000000 0 1 0
0 000000003961bafd 00000000c9fda1a2 00000000c9fda1a2 10 0 0
1 000000003961bafd 00000000c9fda1a2 0000000049fda1a2 10 0 0
2 000000003961bafd 00000000c9fda1a2 00000000c3dfa451 10 0 0
3 000000003961bafd 00000000c9fda1a2 00000000aee3d6a7 10 0 0
4 000000003961bafd 00000000c9fda1a2 000000003c7063a5 10 0 0
d 000000003961bafd 00000000c9fda1a2 0000000000000000 0 0 0
0 00000000c4f23786 00000000c2546667 00000000c4f8dab9 10 0 0
1 00000000c4f23786 00000000c2546667 00000000c4eb9453 10 0 0
2 00000000c4f23786 00000000c2546667 0000000047c8f6df 10 0 0
3 00000000c4f23786 00000000c2546667 000000004211f7ff 10 0 0
4 00000000c4f23786 00000000c2546667 000000007fc00000 1 0 0
d 00000000c4f23786 00000000c2546667 0000000000000000 0 1 0
0 000000009d8c844b 00000000adb9bbe9 00000000adb9bbe9 10 0 0
1 000000009d8c844b 00000000adb9bbe9 000000002db9bbe9 10 0 0
2 000000009d8c844b 00000000adb9bbe9 000000000bcbe57d 10 0 0
3 000000009d8c844b 00000000adb9bbe9 000000002f41ad27 10 0 0
4 000000009d8c844b 00000000adb9bbe9 000000007fc00000 1 0 0
d 000000009d8c844b 00000000adb9bbe9 0000000000000000 0 0 0
0 00000000c25e07eb 0000000056cfb1fa 0000000056cfb1fa 10 0 0
1 00000000c25e07eb 0000000056cfb1fa 00000000d6cfb1fa 10 0 0
2 00000000c25e07eb 0000000056cfb1fa 00000000d9b422c3 10 0 0
3 00000000c25e07eb 0000000056cfb1fa 00000000ab08d5bd 10 0 0
4 00000000c25e07eb 0000000056cfb1fa 000000007fc00000 1 0 0
d 00000000c25e07eb 0000000056cfb1fa 0000000000000000 0 1 0
0 00000000bee491c2 00000000b744322c 00000000bee4934a 10 0 0
1 00000000bee491c2 00000000b744322c 00000000bee4903a 10 0 0
2 00000000bee491c2 00000000b744322c 0000000036af2c64 10 0 0
3 00000000bee491c2 00000000b744322c 0000000047151ee5 10 0 0
4 00000000bee491c2 00000000b744322c 000000007fc00000 1 0 0
d 00000000bee491c2 00000000b744322c 0000000000000000 0 1 0
0 000000001134ff2c 0000000054f630c4 0000000054f630c4 10 0 0
1 000000001134ff2c 0000000054f630c4 00000000d4f630c4 10 0 0
2 000000001134ff2c 0000000054f630c4 0000000026ae0faf 10 0 0
3 000000001134ff2c 0000000054f630c4 0000000000002f0d 18 0 0
4 000000001134ff2c 0000000054f630c4 000000002857418d 10 0 0
d 000000001134ff2c 0000000054f630c4 0000000000000000 0 1 0
0 00000000cf31cfd3 000000002fb14276 00000000cf31cfd3 10 0 0
1 00000000cf31cfd3 000000002fb14276 00000000cf31cfd3 10 0 0
2 00000000cf31cfd3 000000002fb14276 00000000bf763db5 10 0 0
3 00000000cf31cfd3 000000002fb14276 00000000df006614 10 0 0
4 00000000cf31cfd3 000000002fb14276 000000007fc00000 1 0 0
d 00000000cf31cfd3 000000002fb14276 0000000000000000 0 1 0
0 00000000f80fb0a9 00000000cd486324 00000000f80fb0a9 10 0 0
1 00000000f80fb0a9 00000000cd486324 00000000f80fb0a9 10 0 0
2 00000000f80fb0a9 00000000cd486324 000000007f800000 14 0 0
3 00000000f80fb0a9 00000000cd486324 000000006a37915f 10 0 0
4 00000000f80fb0a9 00000000cd486324 000000007fc00000 1 0 0
d 00000000f80fb0a9 00000000cd486324 0000000000000000 0 1 0
0 00000000e4bcf5f2 000000003a539693 00000000e4bcf5f2 10 0 0
1 00000000e4bcf5f2 000000003a539693 00000000e4bcf5f2 10 0 0
2 00000000e4bcf5f2 000000003a539693 00000000df9c2ddb 10 0 0
3 00000000e4bcf5f2 000000003a539693 00000000e9e49f83 10 0 0
4 00000000e4bcf5f2 000000003a539693 000000007fc00000 1 0 0
d 00000000e4bcf5f2 000000003a539693 0000000000000000 0 1 0
0 0000000058bb88b3 000000001c1270c5 0000000058bb88b3 10 0 0
1 0000000058bb88b3 000000001c1270c5 0000000058bb88b3 10 0 0
2 0000000058bb88b3 000000001c1270c5 0000000035568d24 10 0 0
3 0000000058bb88b3 000000001c1270c5 000000007c23eb35 10 0 0
4 0000000058bb88b3 000000001c1270c5 000000004c1aeef1 10 0 0
d 0000000058bb88b3 000000001c1270c5 0000000000000000 0 0 0
0 000000001355c1c0 00000000c6df1ab6 00000000c6df1ab6 10 0 0
1 000000001355c1c0 00000000c6df1ab6 0000000046df1ab6 10 0 0
2 000000001355c1c0 00000000c6df1ab6 000000009aba4a14 10 0 0
3 000000001355c1c0 00000000c6df1ab6 000000008bf54635 10 0 0
4 000000001355c1c0 00000000c6df1ab6 000000002969ed43 10 0 0
d 000000001355c1c0 00000000c6df1ab6 0000000000000000 0 0 0
0 0000000094b0c632 0000000002aec129 0000000094b0c632 10 0 0
1 0000000094b0c632 0000000002aec129 0000000094b0c632 10 0 0
2 0000000094b0c632 0000000002aec129 0000000080000000 18 0 0
3 0000000094b0c632 0000000002aec129 00000000d1817ab5 10 0 0
4 0000000094b0c632 0000000002aec129 000000007fc00000 1 0 0
d 0000000094b0c632 0000000002aec129 0000000000000000 0 1 0
0 000000008bfa01ec 00000000b33b65ef 00000000b33b65ef 10 0 0
1 000000008bfa01ec 00000000b33b65ef 00000000333b65ef 10 0 0
2 000000008bfa01ec 00000000b33b65ef 00000000002dc0bd 18 0 0
3 000000008bfa01ec 00000000b33b65ef 00000000182ac3b8 10 0 0
4 000000008bfa01ec 00000000b33b65ef 000000007fc00000 1 0 0
d 000000008bfa01ec 00000000b33b65ef 0000000000000000 0 0 0
0 000000002f5bafac 000000000f6e5d9b 000000002f5bafac 10 0 0
1 000000002f5bafac 000000000f6e5d9b 000000002f5bafac 10 0 0
2 000000002f5bafac 000000000f6e5d9b 00000000001991b5 18 0 0
3 000000002f5bafac 000000000f6e5d9b 000000005f6bf04c 10 0 0
4 000000002f5bafac 000000000f6e5d9b 00000000376d2628 10 0 0
d 000000002f5bafac 000000000f6e5d9b 0000000000000000 0 0 0
0 000000005f76a155 00000000e0d4db9b 00000000e0b60770 10 0 0
1 000000005f76a155 00000000e0d4db9b 0000000060f3afc6 10 0 0
2 000000005f76a155 00000000e0d4db9b 00000000ff800000 14 0 0
3 000000005f76a155 00000000e0d4db9b 00000000be144f06 10 0 0
4 000000005f76a155 00000000e0d4db9b 000000004f7b457d 10 0 0
d 000000005f76a155 00000000e0d4db9b 0000000000000000 0 0 0
0 000000000f574f48 000000003179bef7 000000003179bef7 10 0 0
1 000000000f574f48 000000003179bef7 00000000b179bef7 10 0 0
2 000000000f574f48 000000003179bef7 0000000001520cba 10 0 0
3 000000000f574f48 000000003179bef7 000000001d5cb38f 10 0 0
4 000000000f574f48 000000003179bef7 00000000276ac664 10 0 0
d 000000000f574f48 000000003179bef7 0000000000000000 0 1 0
0 00000000d24ce924 00000000a2619c90 00000000d24ce924 10 0 0
1 00000000d24ce924 00000000a2619c90 00000000d24ce924 10 0 0
2 00000000d24ce924 00000000a2619c90 000000003534963a 10 0 0
3 00000000d24ce924 00000000a2619c90 000000006f6882c8 10 0 0
4 00000000d24ce924 00000000a2619c90 000000007fc00000 1 0 0
d 00000000d24ce924 00000000a2619c90 0000000000000000 0 1 0
0 00000000af895949 0000000010a75839 00000000af895949 10 0 0
1 00000000af895949 0000000010a75839 00000000af895949 10 0 0
2 00000000af895949 0000000010a75839 0000000080b39128 10 0 0
3 00000000af895949 0000000010a75839 00000000de521cf0 10 0 0
4 00000000af895949 0000000010a75839 000000007fc00000 1 0 0
d 00000000af895949 0000000010a75839 0000000000000000 0 1 0
0 000000008fa0b8c9 000000008f834635 000000009011ff7f 0 0 0
1 000000008fa0b8c9 000000008f834635 000000008e6b94a0 0 0 0
2 000000008fa0b8c9 000000008f834635 0000000000000000 18 0 0
3 000000008fa0b8c9 000000008f834635 000000003f9cb68d 10 0 0
4 000000008fa0b8c9 000000008f834635 000000007fc00000 1 0 0
d 000000008fa0b8c9 000000008f834635 0000000000000000 0 1 0
0 000000000ff72777 00000000882fed9b 000000000ff72617 10 0 0
1 000000000ff72777 00000000882fed9b 000000000ff728d7 10 0 0
2 000000000ff72777 00000000882fed9b 0000000080000000 18 0 0
3 000000000ff72777 00000000882fed9b 00000000c733d268 10 0 0
4 000000000ff72777 00000000882fed9b 0000000027b1dd47 10 0 0
d 000000000ff72777 00000000882fed9b 0000000000000000 0 0 0
0 00000000c60a5df5 000000003b23decf 00000000c60a5df2 10 0 0
1 00000000c60a5df5 000000003b23decf 00000000c60a5df8 10 0 0
2 00000000c60a5df5 000000003b23decf 00000000c1b12481 10 0 0
3 00000000c60a5df5 000000003b23decf 00000000ca58288f 10 0 0
4 00000000c60a5df5 000000003b23decf 000000007fc00000 1 0 0
d 00000000c60a5df5 000000003b23decf 0000000000000000 0 1 0
0 000000005fb9c8f2 00000000b250cf81 000000005fb9c8f2 10 0 0
1 000000005fb9c8f2 00000000b250cf81 000000005fb9c8f2 10 0 0
2 000000005fb9c8f2 00000000b250cf81 00000000d29789dc 10 0 0
3 000000005fb9c8f2 00000000b250cf81 00000000ece3c552 10 0 0
4 000000005fb9c8f2 00000000b250cf81 000000004f9a358d 10 0 0
d 000000005fb9c8f2 00000000b250cf81 0000000000000000 0 0 0
0 00000000dfb7f071 000000001681d50d 00000000dfb7f071 10 0 0
1 00000000dfb7f071 000000001681d50d 00000000dfb7f071 10 0 0
2 00000000dfb7f071 000000001681d50d 00000000b6ba927b 10 0 0
3 00000000dfb7f071 000000001681d50d 00000000ff800000 14 0 0
4 00000000dfb7f071 000000001681d50d 000000007fc00000 1 0 0
d 00000000dfb7f071 000000001681d50d 0000000000000000 0 1 0
0 00000000a82c00bd 000000002f4d20a0 000000002f4d1df0 10 0 0
1 00000000a82c00bd 000000002f4d20a0 00000000af4d2350 10 0 0
2 00000000a82c00bd 000000002f4d20a0 000000009809d283 10 0 0
3 00000000a82c00bd 000000002f4d20a0 00000000b856a910 10 0 0
4 00000000a82c00bd 000000002f4d20a0 000000007fc00000 1 0 0
d 00000000a82c00bd 000000002f4d20a0 0000000000000000 0 1 0
0 00000000e075c48c 000000004469773e 00000000e075c48c 10 0 0
1 00000000e075c48c 000000004469773e 00000000e075c48c 10 0 0
2 00000000e075c48c 000000004469773e 00000000e560225d 10 0 0
3 00000000e075c48c 000000004469773e 00000000db86bea3 10 0 0
4 00000000e075c48c 000000004469773e 000000007fc00000 1 0 0
d 00000000e075c48c 000000004469773e 0000000000000000 0 1 0
0 000000003b5ecd59 00000000bc461843 00000000bc0e64ed 10 0 0
1 000000003b5ecd59 00000000bc461843 000000003c7dcb99 10 0 0
2 000000003b5ecd59 00000000bc461843 00000000b82c67f0 10 0 0
3 000000003b5ecd59 00000000bc461843 00000000be8ff6fd 10 0 0
4 000000003b5ecd59 00000000bc461843 000000003d6ed32f 10 0 0
d 000000003b5ecd59 00000000bc461843 0000000000000000 0 0 0
0 000000009686bb64 000000007ca969b1 000000007ca969b1 10 0 0
1 000000009686bb64 000000007ca969b1 00000000fca969b1 10 0 0
2 000000009686bb64 000000007ca969b1 00000000d3b252aa 10 0 0
3 000000009686bb64 000000007ca969b1 0000000080000000 18 0 0
4 000000009686bb64 000000007ca969b1 000000007fc00000 1 0 0
d 000000009686bb64 000000007ca969b1 0000000000000000 0 1 0
0 0000000062734ebe 000000007f35e6ec 000000007f35e6ec 10 0 0
1 0000000062734ebe 000000007f35e6ec 00000000ff35e6ec 10 0 0
2 0000000062734ebe 000000007f35e6ec 000000007f800000 14 0 0
3 0000000062734ebe 000000007f35e6ec 0000000022ab35a7 10 0 0
4 0000000062734ebe 000000007f35e6ec 0000000050f992b8 10 0 0
d 0000000062734ebe 000000007f35e6ec 0000000000000000 0 1 0
0 00000000bee8e418 00000000ef1d108d 00000000ef1d108d 10 0 0
1 00000000bee8e418 00000000ef1d108d 000000006f1d108d 10 0 0
2 00000000bee8e418 00000000ef1d108d 000000006e8ee2f1 10 0 0
3 00000000bee8e418 00000000ef1d108d 000000000f3dcb75 10 0 0
4 00000000bee8e418 00000000ef1d108d 000000007fc00000 1 0 0
d 00000000bee8e418 00000000ef1d108d 0000000000000000 0 0 0
0 00000000ec9e576b 00000000e817ae12 00000000ec9ea342 10 0 0
1 00000000ec9e576b 00000000e817ae12 00000000ec9e0b94 10 0 0
2 00000000ec9e576b 00000000e817ae12 000000007f800000 14 0 0
3 00000000ec9e576b 00000000e817ae12 0000000044059f1d 10 0 0
4 00000000ec9e576b 00000000e817ae12 000000007fc00000 1 0 0
d 00000000ec9e576b 00000000e817ae12 0000000000000000 0 1 0
0 00000000a769fff8 000000008a40c5d3 00000000a769fff8 10 0 0
1 00000000a769fff8 000000008a40c5d3 00000000a769fff8 10 0 0
2 00000000a769fff8 000000008a40c5d3 0000000000000000 18 0 0
3 00000000a769fff8 000000008a40c5d3 000000005c9b5fe4 10 0 0
4 00000000a769fff8 000000008a40c5d3 000000007fc00000 1 0 0
d 00000000a769fff8 000000008a40c5d3 0000000000000000 0 1 0
0 00000000cda7796e 0000000073dfad4b 0000000073dfad4b 10 0 0
1 00000000cda7796e 0000000073dfad4b 00000000f3dfad4b 10 0 0
2 00000000cda7796e 0000000073dfad4b 00000000ff800000 14 0 0
3 00000000cda7796e 0000000073dfad4b 00000000993facfa 10 0 0
4 00000000cda7796e 0000000073dfad4b 000000007fc00000 1 0 0
d 00000000cda7796e 0000000073dfad4b 0000000000000000 0 1 0
0 0000000048a74070 00000000b58b14a4 0000000048a74070 10 0 0
1 0000000048a74070 00000000b58b14a4 0000000048a74070 10 0 0
2 0000000048a74070 00000000b58b14a4 00000000beb5baf2 10 0 0
3 0000000048a74070 00000000b58b14a4 00000000d299ed3b 10 0 0
4 0000000048a74070 00000000b58b14a4 00000000441250c3 10 0 0
d 0000000048a74070 00000000b58b14a4 0000000000000000 0 0 0
0 0000000034e01a4b 00000000c285527f 00000000c285527f 10 0 0
1 0000000034e01a4b 00000000c285527f 000000004285527f 10 0 0
2 0000000034e01a4b 00000000c285527f 00000000b7e96bc1 10 0 0
3 0000000034e01a4b 00000000c285527f 00000000b1d7280f 10 0 0
4 0000000034e01a4b 00000000c285527f 000000003a295ded 10 0 0
d 0000000034e01a4b 00000000c285527f 0000000000000000 0 0 0
0 00000000719a455a 000000001f122182 00000000719a455a 10 0 0
1 00000000719a455a 000000001f122182 00000000719a455a 10 0 0
2 00000000719a455a 000000001f122182 0000000051301f7d 10 0 0
3 00000000719a455a 000000001f122182 000000007f800000 14 0 0
4 00000000719a455a 000000001f122182 00000000588c85db 10 0 0
d 00000000719a455a 000000001f122182 0000000000000000 0 0 0
0 000000003f6bce73 0000000092142901 000000003f6bce73 10 0 0
1 000000003f6bce73 0000000092142901 000000003f6bce73 10 0 0
2 000000003f6bce73 0000000092142901 000000009208791f 10 0 0
3 000000003f6bce73 0000000092142901 00000000eccbb861 10 0 0
4 000000003f6bce73 0000000092142901 000000003f75b223 10 0 0
d 000000003f6bce73 0000000092142901 0000000000000000 0 0 0
0 00000000f1b451fb 000000000aea8bfe 00000000f1b451fb 10 0 0
1 00000000f1b451fb 000000000aea8bfe 00000000f1b451fb 10 0 0
2 00000000f1b451fb 000000000aea8bfe 00000000bd25358b 10 0 0
3 00000000f1b451fb 000000000aea8bfe 00000000ff800000 14 0 0
4 00000000f1b451fb 000000000aea8bfe 000000007fc00000 1 0 0
d 00000000f1b451fb 000000000aea8bfe 0000000000000000 0 1 0
0 000000002939a0b4 00000000b8caea43 00000000b8caea43 10 0 0
1 000000002939a0b4 00000000b8caea43 0000000038caea43 10 0 0
2 000000002939a0b4 00000000b8caea43 00000000a29322ac 10 0 0
3 000000002939a0b4 00000000b8caea43 00000000afea30aa 10 0 0
4 000000002939a0b4 00000000b8caea43 000000003459fe10 10 0 0
d 000000002939a0b4 00000000b8caea43 0000000000000000 0 0 0
0 0000000055dde8c2 00000000f07e48a0 00000000f07e48a0 10 0 0
1 0000000055dde8c2 00000000f07e48a0 00000000707e48a0 10 0 0
2 0000000055dde8c2 00000000f07e48a0 00000000ff800000 14 0 0
3 0000000055dde8c2 00000000f07e48a0 00000000a4df6831 10 0 0
4 0000000055dde8c2 00000000f07e48a0 000000004aa88936 10 0 0
d 0000000055dde8c2 00000000f07e48a0 0000000000000000 0 0 0
0 000000001420d6b5 00000000d038480e 00000000d038480e 10 0 0
1 000000001420d6b5 00000000d038480e 000000005038480e 10 0 0
2 000000001420d6b5 00000000d038480e 00000000a4e78f2f 10 0 0
3 000000001420d6b5 00000000d038480e 00000000835f6f0d 10 0 0
4 000000001420d6b5 00000000d038480e 0000000029caea5f 10 0 0
d 000000001420d6b5 00000000d038480e 0000000000000000 0 0 0
0 00000000fe0576d2 000000004b3cc91d 00000000fe0576d2 10 0 0
1 00000000fe0576d2 000000004b3cc91d 00000000fe0576d2 10 0 0
2 00000000fe0576d2 000000004b3cc91d 00000000ff800000 14 0 0
3 00000000fe0576d2 000000004b3cc91d 00000000f234fb6d 10 0 0
4 00000000fe0576d2 000000004b3cc91d 000000007fc00000 1 0 0
d 00000000fe0576d2 000000004b3cc91d 0000000000000000 0 1 0
0 0000000091ff0252 00000000471a2b88 00000000471a2b88 10 0 0
1 0000000091ff0252 00000000471a2b88 00000000c71a2b88 10 0 0
2 0000000091ff0252 00000000471a2b88 00000000999992c2 10 0 0
3 0000000091ff0252 00000000471a2b88 000000008a53b8c8 10 0 0
4 0000000091ff0252 00000000471a2b88 000000007fc00000 1 0 0
d 0000000091ff0252 00000000471a2b88 0000000000000000 0 1 0
0 000000004f0e7d1d 00000000951e342b 000000004f0e7d1d 10 0 0
1 000000004f0e7d1d 00000000951e342b 000000004f0e7d1d 10 0 0
2 000000004f0e7d1d 00000000951e342b 00000000a4b01c82 10 0 0
3 000000004f0e7d1d 00000000951e342b 00000000f9669207 10 0 0
4 000000004f0e7d1d 00000000951e342b 00000000473efd65 10 0 0
d 000000004f0e7d1d 00000000951e342b 0000000000000000 0 0 0
0 0000000020f4c126 00000000a2dbf48e 00000000a2cca87c 10 0 0
1 0000000020f4c126 00000000a2dbf48e 0000000022eb40a0 10 0 0
2 0000000020f4c126 00000000a2dbf48e 0000000084524b0b 10 0 0
3 0000000020f4c126 00000000a2dbf48e 00000000bd8e6e7a 10 0 0
4 0000000020f4c126 00000000a2dbf48e 000000003030ffb1 10 0 0
d 0000000020f4c126 00000000a2dbf48e 0000000000000000 0 0 0
0 0000000055010fcb 00000000ebf2e357 00000000ebf2e357 10 0 0
1 0000000055010fcb 00000000ebf2e357 000000006bf2e357 10 0 0
2 0000000055010fcb 00000000ebf2e357 00000000ff800000 14 0 0
3 0000000055010fcb 00000000ebf2e357 00000000a8880766 10 0 0
4 0000000055010fcb 00000000ebf2e357 000000004a35c4bd 10 0 0
d 0000000055010fcb 00000000ebf2e357 0000000000000000 0 0 0
0 0000000044934bfb 00000000906b9cad 0000000044934bfb 10 0 0
1 0000000044934bfb 00000000906b9cad 0000000044934bfb 10 0 0
2 0000000044934bfb 00000000906b9cad 00000000958790e5 10 0 0
3 0000000044934bfb 00000000906b9cad 00000000f3a00aee 10 0 0
4 0000000044934bfb 00000000906b9cad 0000000042094f51 10 0 0
d 0000000044934bfb 00000000906b9cad 0000000000000000 0 0 0
0 000000009c37e712 000000007a677878 000000007a677878 10 0 0
1 000000009c37e712 000000007a677878 00000000fa677878 10 0 0
2 000000009c37e712 000000007a677878 00000000d726480c 10 0 0
3 000000009c37e712 000000007a677878 0000000080000000 18 0 0
4 000000009c37e712 000000007a677878 000000007fc00000 1 0 0
d 000000009c37e712 000000007a677878 0000000000000000 0 1 0
0 00000000386e6b4c 0000000055f5a82f 0000000055f5a82f 10 0 0
1 00000000386e6b4c 0000000055f5a82f 00000000d5f5a82f 10 0 0
2 00000000386e6b4c 0000000055f5a82f 000000004ee4c952 10 0 0
3 00000000386e6b4c 0000000055f5a82f 0000000021f8751a 10 0 0
4 00000000386e6b4c 0000000055f5a82f 000000003bf70da0 10 0 0
d 00000000386e6b4c 0000000055f5a82f 0000000000000000 0 1 0
0 00000000fef732b7 000000000c9a0207 00000000fef732b7 10 0 0
1 00000000fef732b7 000000000c9a0207 00000000fef732b7 10 0 0
2 00000000fef732b7 000000000c9a0207 00000000cc14b677 10 0 0
3 00000000fef732b7 000000000c9a0207 00000000ff800000 14 0 0
4 00000000fef732b7 000000000c9a0207 000000007fc00000 1 0 0
d 00000000fef732b7 000000000c9a0207 0000000000000000 0 1 0
0 00000000d782492a 000000004a4f8959 00000000d782492a 10 0 0
1 00000000d782492a 000000004a4f8959 00000000d782492a 10 0 0
2 00000000d782492a 000000004a4f8959 00000000e2533e1f 10 0 0
3 00000000d782492a 000000004a4f8959 00000000cca0b5b9 10 0 0
4 00000000d782492a 000000004a4f8959 000000007fc00000 1 0 0
d 00000000d782492a 000000004a4f8959 0000000000000000 0 1 0
0 00000000d7fa698b 00000000c3a3d92e 00000000d7fa698b 10 0 0
1 00000000d7fa698b 00000000c3a3d92e 00000000d7fa698b 10 0 0
2 00000000d7fa698b 00000000c3a3d92e 000000005c2045a4 10 0 0
3 00000000d7fa698b 00000000c3a3d92e 0000000053c39fe7 10 0 0
4 00000000d7fa698b 00000000c3a3d92e 000000007fc00000 1 0 0
d 00000000d7fa698b 00000000c3a3d92e 0000000000000000 0 1 0
0 00000000a84ee8cd 00000000dfb93ea6 00000000dfb93ea6 10 0 0
1 00000000a84ee8cd 00000000dfb93ea6 000000005fb93ea6 10 0 0
2 00000000a84ee8cd 00000000dfb93ea6 000000004895b8df 10 0 0
3 00000000a84ee8cd 00000000dfb93ea6 00000000080ef845 10 0 0
4 00000000a84ee8cd 00000000dfb93ea6 000000007fc00000 1 0 0
d 00000000a84ee8cd 00000000dfb93ea6 0000000000000000 0 0 0
0 00000000f5ddd090 00000000b6311997 00000000f5ddd090 10 0 0
1 00000000f5ddd090 00000000b6311997 00000000f5ddd090 10 0 0
2 00000000f5ddd090 00000000b6311997 000000006c997360 10 0 0
3 00000000f5ddd090 00000000b6311997 000000007f20515d 10 0 0
4 00000000f5ddd090 00000000b6311997 000000007fc00000 1 0 0
d 00000000f5ddd090 00000000b6311997 0000000000000000 0 1 0
0 000000003575d1d6 0000000066a59851 0000000066a59851 10 0 0
1 000000003575d1d6 0000000066a59851 00000000e6a59851 10 0 0
2 000000003575d1d6 0000000066a59851 000000005c9f0281 10 0 0
3 000000003575d1d6 0000000066a59851 000000000e3e02e4 10 0 0
4 000000003575d1d6 0000000066a59851 000000003a7adbb3 10 0 0
d 000000003575d1d6 0000000066a59851 0000000000000000 0 1 0
0 0000000060558246 00000000d3b86348 0000000060558246 10 0 0
1 0000000060558246 00000000d3b86348 0000000060558246 10 0 0
2 0000000060558246 00000000d3b86348 00000000f499c870 10 0 0
3 0000000060558246 00000000d3b86348 00000000cc14372c 10 0 0
4 0000000060558246 00000000d3b86348 000000004fe9ca85 10 0 0
d 0000000060558246 00000000d3b86348 0000000000000000 0 0 0
0 0000000025f098a0 00000000ea74f992 00000000ea74f992 10 0 0
1 0000000025f098a0 00000000ea74f992 000000006a74f992 10 0 0
2 0000000025f098a0 00000000ea74f992 00000000d0e63c06 10 0 0
3 0000000025f098a0 00000000ea74f992 0000000080000fb7 18 0 0
4 0000000025f098a0 00000000ea74f992 0000000032af7d21 10 0 0
d 0000000025f098a0 00000000ea74f992 0000000000000000 0 0 0
0 00000000dd96e511 0000000027ac74eb 00000000dd96e511 10 0 0
1 00000000dd96e511 0000000027ac74eb 00000000dd96e511 10 0 0
2 00000000dd96e511 0000000027ac74eb 00000000c5cb4da3 10 0 0
3 00000000dd96e511 0000000027ac74eb 00000000f55ffe2a 10 0 0
4 00000000dd96e511 0000000027ac74eb 000000007fc00000 1 0 0
d 00000000dd96e511 0000000027ac74eb 0000000000000000 0 1 0
0 000000008f194e13 000000007db4d2be 000000007db4d2be 10 0 0
1 000000008f194e13 000000007db4d2be 00000000fdb4d2be 10 0 0
2 000000008f194e13 000000007db4d2be 00000000cd589232 10 0 0
3 000000008f194e13 000000007db4d2be 0000000080000000 18 0 0
4 000000008f194e13 000000007db4d2be 000000007fc00000 1 0 0
d 000000008f194e13 000000007db4d2be 0000000000000000 0 1 0
0 000000001b8f48af 00000000a1c0eda2 00000000a1c0e4ad 10 0 0
1 000000001b8f48af 00000000a1c0eda2 0000000021c0f697 10 0 0
2 000000001b8f48af 00000000a1c0eda2 0000000080035fdc 18 0 0
3 000000001b8f48af 00000000a1c0eda2 00000000b93e2044 10 0 0
4 000000001b8f48af 00000000a1c0eda2 000000002d876d30 10 0 0
d 000000001b8f48af 00000000a1c0eda2 0000000000000000 0 0 0
0 0000000032ea8098 000000003dcf8d64 000000003dcf8d68 10 0 0
1 0000000032ea8098 000000003dcf8d64 00000000bdcf8d60 10 0 0
2 0000000032ea8098 000000003dcf8d64 00000000313e1f7f 10 0 0
3 0000000032ea8098 000000003dcf8d64 0000000034909ed2 10 0 0
4 0000000032ea8098 000000003dcf8d64 00000000392d408b 10 0 0
d 0000000032ea8098 000000003dcf8d64 0000000000000000 0 1 0
0 00000000400e01f5 00000000862cdc4d 00000000400e01f5 10 0 0
1 00000000400e01f5 00000000862cdc4d 00000000400e01f5 10 0 0
2 00000000400e01f5 00000000862cdc4d 0000000086bfc70a 10 0 0
3 00000000400e01f5 00000000862cdc4d 00000000f9524ed9 10 0 0
4 00000000400e01f5 00000000862cdc4d 000000003fbeaac9 10 0 0
d 00000000400e01f5 00000000862cdc4d 0000000000000000 0 0 0
0 00000000a90b217f 0000000069b05a4d 0000000069b05a4d 10 0 0
1 00000000a90b217f 0000000069b05a4d 00000000e9b05a4d 10 0 0
2 00000000a90b217f 0000000069b05a4d 00000000d33fb036 10 0 0
3 00000000a90b217f 0000000069b05a4d 00000000800c9f7a 18 0 0
4 00000000a90b217f 0000000069b05a4d 000000007fc00000 1 0 0
d 00000000a90b217f 0000000069b05a4d 0000000000000000 0 1 0
0 000000003dc0ad11 000000002431bd20 000000003dc0ad11 10 0 0
1 000000003dc0ad11 000000002431bd20 000000003dc0ad11 10 0 0
2 000000003dc0ad11 000000002431bd20 000000002285c601 10 0 0
3 000000003dc0ad11 000000002431bd20 00000000590ac1d8 10 0 0
4 000000003dc0ad11 000000002431bd20 000000003e9d0b08 10 0 0
d 000000003dc0ad11 000000002431bd20 0000000000000000 0 0 0
0 00000000612329aa 0000000086db1f81 00000000612329aa 10 0 0
1 00000000612329aa 0000000086db1f81 00000000612329aa 10 0 0
2 00000000612329aa 0000000086db1f81 00000000a88ba8b9 10 0 0
3 00000000612329aa 0000000086db1f81 00000000ff800000 14 0 0
4 00000000612329aa 0000000086db1f81 00000000504c6054 10 0 0
d 00000000612329aa 0000000086db1f81 0000000000000000 0 0 0
0 000000004042ef94 00000000abbc48cc 000000004042ef94 10 0 0
1 000000004042ef94 00000000abbc48cc 000000004042ef94 10 0 0
2 000000004042ef94 00000000abbc48cc 00000000ac8f5f5f 10 0 0
3 000000004042ef94 00000000abbc48cc 00000000d4048597 10 0 0
4 000000004042ef94 00000000abbc48cc 000000003fdf641e 10 0 0
d 000000004042ef94 00000000abbc48cc 0000000000000000 0 0 0
0 00000000761eea5e 00000000c1fa8174 00000000761eea5e 10 0 0
1 00000000761eea5e 00000000c1fa8174 00000000761eea5e 10 0 0
2 00000000761eea5e 00000000c1fa8174 00000000f89b813c 10 0 0
3 00000000761eea5e 00000000c1fa8174 00000000f3a266a7 10 0 0
4 00000000761eea5e 00000000c1fa8174 000000005ac9b2de 10 0 0
d 00000000761eea5e 00000000c1fa8174 0000000000000000 0 0 0
0 00000000ab5d7a5e 0000000086c1b2f5 00000000ab5d7a5e 10 0 0
1 00000000ab5d7a5e 0000000086c1b2f5 00000000ab5d7a5e 10 0 0
2 00000000ab5d7a5e 0000000086c1b2f5 0000000000000000 18 0 0
3 00000000ab5d7a5e 0000000086c1b2f5 0000000064125b5b 10 0 0
4 00000000ab5d7a5e 0000000086c1b2f5 000000007fc00000 1 0 0
d 00000000ab5d7a5e 0000000086c1b2f5 0000000000000000 0 1 0
0 00000000a3761dfa 0000000079e4de5e 0000000079e4de5e 10 0 0
1 00000000a3761dfa 0000000079e4de5e 00000000f9e4de5e 10 0 0
2 00000000a3761dfa 0000000079e4de5e 00000000dddc087b 10 0 0
3 00000000a3761dfa 0000000079e4de5e 0000000080000000 18 0 0
4 00000000a3761dfa 0000000079e4de5e 000000007fc00000 1 0 0
d 00000000a3761dfa 0000000079e4de5e 0000000000000000 0 1 0
0 00000000a7c28669 0000000016f4602e 00000000a7c28669 10 0 0
1 00000000a7c28669 0000000016f4602e 00000000a7c28669 10 0 0
2 00000000a7c28669 0000000016f4602e 0000000080173626 18 0 0
3 00000000a7c28669 0000000016f4602e 00000000d04bc730 10 0 0
4 00000000a7c28669 0000000016f4602e 000000007fc00000 1 0 0
d 00000000a7c28669 0000000016f4602e 0000000000000000 0 1 0
0 00000000c4cc4796 00000000cbea90a9 00000000cbea93da 10 0 0
1 00000000c4cc4796 00000000cbea90a9 000000004bea8d78 10 0 0
2 00000000c4cc4796 00000000cbea90a9 00000000513b2cde 10 0 0
3 00000000c4cc4796 00000000cbea90a9 00000000385ef270 10 0 0
4 00000000c4cc4796 00000000cbea90a9 000000007fc00000 1 0 0
d 00000000c4cc4796 00000000cbea90a9 0000000000000000 0 0 0
0 00000000a6007696 00000000b28ebd1f 00000000b28ebd1f 10 0 0
1 00000000a6007696 00000000b28ebd1f 00000000328ebd1f 10 0 0
2 00000000a6007696 00000000b28ebd1f 00000000190f415d 10 0 0
3 00000000a6007696 00000000b28ebd1f 0000000032e665a4 10 0 0
4 00000000a6007696 00000000b28ebd1f 000000007fc00000 1 0 0
d 00000000a6007696 00000000b28ebd1f 0000000000000000 0 0 0
0 00000000c0809ea9 00000000b9ef3763 00000000c080a266 10 0 0
1 00000000c0809ea9 00000000b9ef3763 00000000c0809aec 10 0 0
2 00000000c0809ea9 00000000b9ef3763 000000003af05fe7 10 0 0
3 00000000c0809ea9 00000000b9ef3763 000000004609a4d3 10 0 0
4 00000000c0809ea9 00000000b9ef3763 000000007fc00000 1 0 0
d 00000000c0809ea9 00000000b9ef3763 0000000000000000 0 1 0
0 00000000bf6c64a2 000000004cff969e 000000004cff969e 10 0 0
1 00000000bf6c64a2 000000004cff969e 00000000ccff969e 10 0 0
2 00000000bf6c64a2 000000004cff969e 00000000ccec0352 10 0 0
3 00000000bf6c64a2 000000004cff969e 00000000b1ecc61a 10 0 0
4 00000000bf6c64a2 000000004cff969e 000000007fc00000 1 0 0
d 00000000bf6c64a2 000000004cff969e 0000000000000000 0 1 0
0 000000007bad3888 000000004b368c16 000000007bad3888 10 0 0
1 000000007bad3888 000000004b368c16 000000007bad3888 10 0 0
2 000000007bad3888 000000004b368c16 000000007f800000 14 0 0
3 000000007bad3888 000000004b368c16 000000006ff2ebc0 10 0 0
4 000000007bad3888 000000004b368c16 000000005d94e74f 10 0 0
d 000000007bad3888 000000004b368c16 0000000000000000 0 0 0
0 00000000cc3428cc 000000006c9c071a 000000006c9c071a 10 0 0
1 00000000cc3428cc 000000006c9c071a 00000000ec9c071a 10 0 0
2 00000000cc3428cc 000000006c9c071a 00000000f95b9bb7 10 0 0
3 00000000cc3428cc 000000006c9c071a 000000009f13cbfa 10 0 0
4 00000000cc3428cc 000000006c9c071a 000000007fc00000 1 0 0
d 00000000cc3428cc 000000006c9c071a 0000000000000000 0 1 0
0 0000000063991585 00000000641b3731 000000006467c1f4 10 0 0
1 0000000063991585 00000000641b3731 00000000e39d58dd 0 0 0
2 0000000063991585 00000000641b3731 000000007f800000 14 0 0
3 0000000063991585 00000000641b3731 000000003efc7c03 10 0 0
4 0000000063991585 00000000641b3731 00000000518bfb35 10 0 0
d 0000000063991585 00000000641b3731 0000000000000000 0 1 0
0 000000005d5fdfaf 0000000073e7f3ba 0000000073e7f3ba 10 0 0
1 000000005d5fdfaf 0000000073e7f3ba 00000000f3e7f3ba 10 0 0
2 000000005d5fdfaf 0000000073e7f3ba 000000007f800000 14 0 0
3 000000005d5fdfaf 0000000073e7f3ba 0000000028f7158d 10 0 0
4 000000005d5fdfaf 0000000073e7f3ba 000000004e6f660a 10 0 0
d 000000005d5fdfaf 0000000073e7f3ba 0000000000000000 0 1 0
0 000000003f8e5b32 0000000069e44986 0000000069e44986 10 0 0
1 000000003f8e5b32 0000000069e44986 00000000e9e44986 10 0 0
2 000000003f8e5b32 0000000069e44986 0000000069fde436 10 0 0
3 000000003f8e5b32 0000000069e44986 00000000151fa332 10 0 0
4 000000003f8e5b32 0000000069e44986 000000003f86fcc6 10 0 0
d 000000003f8e5b32 0000000069e44986 0000000000000000 0 1 0
0 00000000fa4bc46c 00000000da06a4ef 00000000fa4bc46c 10 0 0
1 00000000fa4bc46c 00000000da06a4ef 00000000fa4bc46c 10 0 0
2 00000000fa4bc46c 00000000da06a4ef 000000007f800000 14 0 0
3 00000000fa4bc46c 00000000da06a4ef 000000005fc1b646 10 0 0
4 00000000fa4bc46c 00000000da06a4ef 000000007fc00000 1 0 0
d 00000000fa4bc46c 00000000da06a4ef 0000000000000000 0 1 0
0 00000000ddf337e2 00000000daea66c5 00000000ddf6e17d 10 0 0
1 00000000ddf337e2 00000000daea66c5 00000000ddef8e47 10 0 0
2 00000000ddf337e2 00000000daea66c5 00000000795eb2b8 10 0 0
3 00000000ddf337e2 00000000daea66c5 000000004284d08c 10 0 0
4 00000000ddf337e2 00000000daea66c5 000000007fc00000 1 0 0
d 00000000ddf337e2 00000000daea66c5 0000000000000000 0 1 0
0 000000005063365c 00000000e3bd0c08 00000000e3bd0c08 10 0 0
1 000000005063365c 00000000e3bd0c08 0000000063bd0c08 10 0 0
2 000000005063365c 00000000e3bd0c08 00000000f4a7c9d0 10 0 0
3 000000005063365c 00000000e3bd0c08 00000000ac19d74c 10 0 0
4 000000005063365c 00000000e3bd0c08 0000000047f12d52 10 0 0
d 000000005063365c 00000000e3bd0c08 0000000000000000 0 0 0
0 0000000005b98fd6 00000000bc29eb17 00000000bc29eb17 10 0 0
1 0000000005b98fd6 00000000bc29eb17 000000003c29eb17 10 0 0
2 0000000005b98fd6 00000000bc29eb17 00000000827654b8 10 0 0
3 0000000005b98fd6 00000000bc29eb17 00000000890bc8ca 10 0 0
4 0000000005b98fd6 00000000bc29eb17 00000000229a1dd8 10 0 0
d 0000000005b98fd6 00000000bc29eb17 0000000000000000 0 0 0
0 00000000a8223df2 000000001c1d4dbc 00000000a8223df1 10 0 0
1 00000000a8223df2 000000001c1d4dbc 00000000a8223df3 10 0 0
2 00000000a8223df2 000000001c1d4dbc 0000000084c76282 10 0 0
3 00000000a8223df2 000000001c1d4dbc 00000000cb8404b4 10 0 0
4 00000000a8223df2 000000001c1d4dbc 000000007fc00000 1 0 0
d 00000000a8223df2 000000001c1d4dbc 0000000000000000 0 1 0
0 0000000000f87a49 00000000f99aefb1 00000000f99aefb1 10 0 0
1 0000000000f87a49 00000000f99aefb1 00000000799aefb1 10 0 0
2 0000000000f87a49 00000000f99aefb1 00000000bb166236 10 0 0
3 0000000000f87a49 00000000f99aefb1 0000000080000000 18 0 0
4 0000000000f87a49 00000000f99aefb1 0000000020325708 10 0 0
d 0000000000f87a49 00000000f99aefb1 0000000000000000 0 0 0
0 0000000029ff2d67 000000004626c28e 000000004626c28e 10 0 0
1 0000000029ff2d67 000000004626c28e 00000000c626c28e 10 0 0
2 0000000029ff2d67 000000004626c28e 0000000030a6395f 10 0 0
3 0000000029ff2d67 000000004626c28e 000000002343ddd6 10 0 0
4 0000000029ff2d67 000000004626c28e 0000000034b4ba6f 10 0 0
d 0000000029ff2d67 000000004626c28e 0000000000000000 0 1 0
0 00000000509efb15 00000000707f818b 00000000707f818b 10 0 0
1 00000000509efb15 00000000707f818b 00000000f07f818b 10 0 0
2 00000000509efb15 00000000707f818b 000000007f800000 14 0 0
3 00000000509efb15 00000000707f818b 000000001f9f49c4 10 0 0
4 00000000509efb15 00000000707f818b 00000000480ea6de 10 0 0
d 00000000509efb15 00000000707f818b 0000000000000000 0 1 0
0 00000000899a942c 00000000b8f04dc3 00000000b8f04dc3 10 0 0
1 00000000899a942c 00000000b8f04dc3 0000000038f04dc3 10 0 0
2 00000000899a942c 00000000b8f04dc3 00000000031119de 10 0 0
3 00000000899a942c 00000000b8f04dc3 000000001024acf6 10 0 0
4 00000000899a942c 00000000b8f04dc3 000000007fc00000 1 0 0
d 00000000899a942c 00000000b8f04dc3 0000000000000000 0 0 0
0 000000009846d987 000000002db51fbc 000000002db51fbc 10 0 0
1 000000009846d987 000000002db51fbc 00000000adb51fbc 10 0 0
2 000000009846d987 000000002db51fbc 00000000868cb073 10 0 0
3 000000009846d987 000000002db51fbc 00000000aa0c86da 10 0 0
4 000000009846d987 000000002db51fbc 000000007fc00000 1 0 0
d 000000009846d987 000000002db51fbc 0000000000000000 0 1 0
0 000000004619cb3d 0000000090b4c4c2 000000004619cb3d 10 0 0
1 000000004619cb3d 0000000090b4c4c2 000000004619cb3d 10 0 0
2 000000004619cb3d 0000000090b4c4c2 0000000097593236 10 0 0
3 000000004619cb3d 0000000090b4c4c2 00000000f4d9cc93 10 0 0
4 000000004619cb3d 0000000090b4c4c2 0000000042c66c00 10 0 0
d 000000004619cb3d 0000000090b4c4c2 0000000000000000 0 0 0
0 000000000dbc9a54 00000000403cf0cf 00000000403cf0cf 10 0 0
1 000000000dbc9a54 00000000403cf0cf 00000000c03cf0cf 10 0 0
2 000000000dbc9a54 00000000403cf0cf 000000000e8b32bf 10 0 0
3 000000000dbc9a54 00000000403cf0cf 000000000cff8ad3 10 0 0
4 000000000dbc9a54 00000000403cf0cf 00000000269b5fd0 10 0 0
d 000000000dbc9a54 00000000403cf0cf 0000000000000000 0 1 0
0 000000001a8a847d 000000000aa52e9f 000000001a8a847d 10 0 0
1 000000001a8a847d 000000000aa52e9f 000000001a8a847d 10 0 0
2 000000001a8a847d 000000000aa52e9f 0000000000000000 18 0 0
3 000000001a8a847d 000000000aa52e9f 000000004f56acd4 10 0 0
4 000000001a8a847d 000000000aa52e9f 000000002d0527ac 10 0 0
d 000000001a8a847d 000000000aa52e9f 0000000000000000 0 0 0
0 0000000041a5bda4 000000003439932c 0000000041a5bda4 10 0 0
1 0000000041a5bda4 000000003439932c 0000000041a5bda4 10 0 0
2 0000000041a5bda4 000000003439932c 0000000036704aa8 10 0 0
3 0000000041a5bda4 000000003439932c 000000004ce4a390 10 0 0
4 0000000041a5bda4 000000003439932c 000000004091a730 10 0 0
d 0000000041a5bda4 000000003439932c 0000000000000000 0 0 0
0 00000000cdde1042 00000000f51ca289 00000000f51ca289 10 0 0
1 00000000cdde1042 00000000f51ca289 00000000751ca289 10 0 0
2 00000000cdde1042 00000000f51ca289 000000007f800000 14 0 0
3 00000000cdde1042 00000000f51ca289 00000000183577a8 10 0 0
4 00000000cdde1042 00000000f51ca289 000000007fc00000 1 0 0
d 00000000cdde1042 00000000f51ca289 0000000000000000 0 0 0
0 0000000048fbf7cf 00000000f643950e 00000000f643950e 10 0 0
1 0000000048fbf7cf 00000000f643950e 000000007643950e 10 0 0
2 0000000048fbf7cf 00000000f643950e 00000000ff800000 14 0 0
3 0000000048fbf7cf 00000000f643950e 000000009224e6ea 10 0 0
4 0000000048fbf7cf 00000000f643950e 0000000044339691 10 0 0
d 0000000048fbf7cf 00000000f643950e 0000000000000000 0 0 0
0 0000000018a0f89f 00000000f1d07386 00000000f1d07386 10 0 0
1 0000000018a0f89f 00000000f1d07386 0000000071d07386 10 0 0
2 0000000018a0f89f 00000000f1d07386 00000000cb0312a5 10 0 0
3 0000000018a0f89f 00000000f1d07386 0000000080000000 18 0 0
4 0000000018a0f89f 00000000f1d07386 000000002c0f8ac2 10 0 0
d 0000000018a0f89f 00000000f1d07386 0000000000000000 0 0 0
0 000000000bb94696 000000004e197343 000000004e197343 10 0 0
1 000000000bb94696 000000004e197343 00000000ce197343 10 0 0
2 000000000bb94696 000000004e197343 000000001a5e1d36 10 0 0
3 000000000bb94696 000000004e197343 0000000000013518 18 0 0
4 000000000bb94696 000000004e197343 000000002599ff6a 10 0 0
d 000000000bb94696 000000004e197343 0000000000000000 0 1 0
0 000000006e554c1b 000000003d1fb1f0 000000006e554c1b 10 0 0
1 000000006e554c1b 000000003d1fb1f0 000000006e554c1b 10 0 0
2 000000006e554c1b 000000003d1fb1f0 000000006c050e86 10 0 0
3 000000006e554c1b 000000003d1fb1f0 0000000070aaf6b2 10 0 0
4 000000006e554c1b 000000003d1fb1f0 0000000056e9acdb 10 0 0
d 000000006e554c1b 000000003d1fb1f0 0000000000000000 0 0 0
0 00000000af1b5860 0000000046f0770b 0000000046f0770b 10 0 0
1 00000000af1b5860 0000000046f0770b 00000000c6f0770b 10 0 0
2 00000000af1b5860 0000000046f0770b 00000000b691eb17 10 0 0
3 00000000af1b5860 0000000046f0770b 00000000a7a56192 10 0 0
4 00000000af1b5860 0000000046f0770b 000000007fc00000 1 0 0
d 00000000af1b5860 0000000046f0770b 0000000000000000 0 1 0
0 000000004a375363 00000000ab370a8e 000000004a375363 10 0 0
1 000000004a375363 00000000ab370a8e 000000004a375363 10 0 0
2 000000004a375363 00000000ab370a8e 00000000b603142b 10 0 0
3 000000004a375363 00000000ab370a8e 00000000de8032ee 10 0 0
4 000000004a375363 00000000ab370a8e 0000000044d8a2f4 10 0 0
d 000000004a375363 00000000ab370a8e 0000000000000000 0 0 0
0 0000000006bb181d 00000000d2a9d2e1 00000000d2a9d2e1 10 0 0
1 0000000006bb181d 00000000d2a9d2e1 0000000052a9d2e1 10 0 0
2 0000000006bb181d 00000000d2a9d2e1 0000000099f83a13 10 0 0
3 0000000006bb181d 00000000d2a9d2e1 0000000080000000 18 0 0
4 0000000006bb181d 00000000d2a9d2e1 00000000231ac069 10 0 0
d 0000000006bb181d 00000000d2a9d2e1 0000000000000000 0 0 0
0 00000000f64555fb 00000000c3b96b46 00000000f64555fb 10 0 0
1 00000000f64555fb 00000000c3b96b46 00000000f64555fb 10 0 0
2 00000000f64555fb 00000000c3b96b46 000000007a8eedd3 10 0 0
3 00000000f64555fb 00000000c3b96b46 00000000720839fd 10 0 0
4 00000000f64555fb 00000000c3b96b46 000000007fc00000 1 0 0
d 00000000f64555fb 00000000c3b96b46 0000000000000000 0 1 0
0 0000000034ea59ee 00000000852366a5 0000000034ea59ee 10 0 0
1 0000000034ea59ee 00000000852366a5 0000000034ea59ee 10 0 0
2 0000000034ea59ee 00000000852366a5 0000000080000959 18 0 0
3 0000000034ea59ee 00000000852366a5 00000000ef379432 10 0 0
4 0000000034ea59ee 00000000852366a5 000000003a2d3242 10 0 0
d 0000000034ea59ee 00000000852366a5 0000000000000000 0 0 0
0 00000000d701f99e 00000000ee7bfd67 00000000ee7bfd67 10 0 0
1 00000000d701f99e 00000000ee7bfd67 000000006e7bfd67 10 0 0
2 00000000d701f99e 00000000ee7bfd67 000000007f800000 14 0 0
3 00000000d701f99e 00000000ee7bfd67 0000000028040b22 10 0 0
4 00000000d701f99e 00000000ee7bfd67 000000007fc00000 1 0 0
d 00000000d701f99e 00000000ee7bfd67 0000000000000000 0 0 0
0 00000000ab3de40c 00000000e0319592 00000000e0319592 10 0 0
1 00000000ab3de40c 00000000e0319592 0000000060319592 10 0 0
2 00000000ab3de40c 00000000e0319592 000000004c03b99e 10 0 0
3 00000000ab3de40c 00000000e0319592 000000000a88ded1 10 0 0
4 00000000ab3de40c 00000000e0319592 000000007fc00000 1 0 0
d 00000000ab3de40c 00000000e0319592 0000000000000000 0 0 0
0 0000000082f426b3 00000000c26af1e2 00000000c26af1e2 10 0 0
1 0000000082f426b3 00000000c26af1e2 00000000426af1e2 10 0 0
2 0000000082f426b3 00000000c26af1e2 0000000005e01210 10 0 0
3 0000000082f426b3 00000000c26af1e2 0000000000428202 18 0 0
4 0000000082f426b3 00000000c26af1e2 000000007fc00000 1 0 0
d 0000000082f426b3 00000000c26af1e2 0000000000000000 0 0 0
0 00000000168906e9 00000000fcd385a3 00000000fcd385a3 10 0 0
1 00000000168906e9 00000000fcd385a3 000000007cd385a3 10 0 0
2 00000000168906e9 00000000fcd385a3 00000000d3e27074 10 0 0
3 00000000168906e9 00000000fcd385a3 0000000080000000 18 0 0
4 00000000168906e9 00000000fcd385a3 000000002b046fc6 10 0 0
d 00000000168906e9 00000000fcd385a3 0000000000000000 0 0 0
0 000000000093d190 000000002e9c74c0 000000002e9c74c0 10 0 0
1 000000000093d190 000000002e9c74c0 00000000ae9c74c0 10 0 0
2 000000000093d190 000000002e9c74c0 0000000000000000 18 0 0
3 000000000093d190 000000002e9c74c0 000000001171ddf6 10 0 0
4 000000000093d190 000000002e9c74c0 0000000020098d86 10 0 0
d 000000000093d190 000000002e9c74c0 0000000000000000 0 1 0
0 00000000a080bc82 000000005504464a 000000005504464a 10 0 0
1 00000000a080bc82 000000005504464a 00000000d504464a 10 0 0
2 00000000a080bc82 000000005504464a 00000000b6050918 10 0 0
3 00000000a080bc82 000000005504464a 000000008af926fb 10 0 0
4 00000000a080bc82 000000005504464a 000000007fc00000 1 0 0
d 00000000a080bc82 000000005504464a 0000000000000000 0 1 0
0 0000000064607d2c 00000000137cd10e 0000000064607d2c 10 0 0
1 0000000064607d2c 00000000137cd10e 0000000064607d2c 10 0 0
2 0000000064607d2c 00000000137cd10e 00000000385db28a 10 0 0
3 0000000064607d2c 00000000137cd10e 000000007f800000 14 0 0
4 0000000064607d2c 00000000137cd10e 0000000051efba2f 10 0 0
d 0000000064607d2c 00000000137cd10e 0000000000000000 0 0 0
0 00000000a2f7e1a0 0000000086ba16e1 00000000a2f7e1a0 10 0 0
1 00000000a2f7e1a0 0000000086ba16e1 00000000a2f7e1a0 10 0 0
2 00000000a2f7e1a0 0000000086ba16e1 0000000000000000 18 0 0
3 00000000a2f7e1a0 0000000086ba16e1 000000005baa80ca 10 0 0
4 00000000a2f7e1a0 0000000086ba16e1 000000007fc00000 1 0 0
d 00000000a2f7e1a0 0000000086ba16e1 0000000000000000 0 1 0
0 0000000048acce92 00000000fea2238d 00000000fea2238d 10 0 0
1 0000000048acce92 00000000fea2238d 000000007ea2238d 10 0 0
2 0000000048acce92 00000000fea2238d 00000000ff800000 14 0 0
3 0000000048acce92 00000000fea2238d 0000000089886bff 10 0 0
4 0000000048acce92 00000000fea2238d 000000004414b9bd 10 0 0
d 0000000048acce92 00000000fea2238d 0000000000000000 0 0 0
0 00000000e0a80264 00000000fc7ab0d6 00000000fc7ab0d6 10 0 0
1 00000000e0a80264 00000000fc7ab0d6 000000007c7ab0d6 10 0 0
2 00000000e0a80264 00000000fc7ab0d6 000000007f800000 14 0 0
3 00000000e0a80264 00000000fc7ab0d6 0000000023ab9148 10 0 0
4 00000000e0a80264 00000000fc7ab0d6 000000007fc00000 1 0 0
d 00000000e0a80264 00000000fc7ab0d6 0000000000000000 0 0 0
0 00000000e6649926 00000000dd4c1346 00000000e6649959 10 0 0
1 00000000e6649926 00000000dd4c1346 00000000e66498f3 10 0 0
2 00000000e6649926 00000000dd4c1346 000000007f800000 14 0 0
3 00000000e6649926 00000000dd4c1346 00000000488f619b 10 0 0
4 00000000e6649926 00000000dd4c1346 000000007fc00000 1 0 0
d 00000000e6649926 00000000dd4c1346 0000000000000000 0 1 0
0 00000000bbbb6654 000000003940306c 00000000bbb564d1 10 0 0
1 00000000bbbb6654 000000003940306c 00000000bbc167d7 10 0 0
2 00000000bbbb6654 000000003940306c 00000000b58cb031 10 0 0
3 00000000bbbb6654 000000003940306c 00000000c1f99ed1 10 0 0
4 00000000bbbb6654 000000003940306c 000000007fc00000 1 0 0
d 00000000bbbb6654 000000003940306c 0000000000000000 0 1 0
0 00000000d6f8568a 0000000059066b5e 0000000058fd5153 10 0 0
1 00000000d6f8568a 0000000059066b5e 00000000d90e2e12 10 0 0
2 00000000d6f8568a 0000000059066b5e 00000000f0826574 10 0 0
3 00000000d6f8568a 0000000059066b5e 00000000bd6c7a71 10 0 0
4 00000000d6f8568a 0000000059066b5e 000000007fc00000 1 0 0
d 00000000d6f8568a 0000000059066b5e 0000000000000000 0 1 0
0 0000000019d1cc68 000000002bc75486 000000002bc75486 10 0 0
1 0000000019d1cc68 000000002bc75486 00000000abc75486 10 0 0
2 0000000019d1cc68 000000002bc75486 0000000006235b2a 10 0 0
3 0000000019d1cc68 000000002bc75486 000000002d86b8e3 10 0 0
4 0000000019d1cc68 000000002bc75486 000000002ca3df5e 10 0 0
d 0000000019d1cc68 000000002bc75486 0000000000000000 0 1 0
0 00000000eba9718d 00000000768edb61 00000000768edb5e 10 0 0
1 00000000eba9718d 00000000768edb61 00000000f68edb64 10 0 0
2 00000000eba9718d 00000000768edb61 00000000ff800000 14 0 0
3 00000000eba9718d 00000000768edb61 00000000b497d257 10 0 0
4 00000000eba9718d 00000000768edb61 000000007fc00000 1 0 0
d 00000000eba9718d 00000000768edb61 0000000000000000 0 1 0
0 0000000011b71f90 00000000bae9b0f2 00000000bae9b0f2 10 0 0
1 0000000011b71f90 00000000bae9b0f2 000000003ae9b0f2 10 0 0
2 0000000011b71f90 00000000bae9b0f2 000000008d272a4d 10 0 0
3 0000000011b71f90 00000000bae9b0f2 0000000096489ad1 10 0 0
4 0000000011b71f90 00000000bae9b0f2 00000000289919be 10 0 0
d 0000000011b71f90 00000000bae9b0f2 0000000000000000 0 0 0
0 00000000120167a9 00000000e07f42b3 00000000e07f42b3 10 0 0
1 00000000120167a9 00000000e07f42b3 00000000607f42b3 10 0 0
2 00000000120167a9 00000000e07f42b3 00000000b30107f9 10 0 0
3 00000000120167a9 00000000e07f42b3 0000000080000000 18 0 0
4 00000000120167a9 00000000e07f42b3 0000000028b60293 10 0 0
d 00000000120167a9 00000000e07f42b3 0000000000000000 0 0 0
0 000000000d0df247 00000000dbec3745 00000000dbec3745 10 0 0
1 000000000d0df247 00000000dbec3745 000000005bec3745 10 0 0
2 000000000d0df247 00000000dbec3745 00000000a982f9ff 10 0 0
3 000000000d0df247 00000000dbec3745 0000000080000000 18 0 0
4 000000000d0df247 00000000dbec3745 00000000263ea042 10 0 0
d 000000000d0df247 00000000dbec3745 0000000000000000 0 0 0
0 00000000fd938127 000000003b53d87c 00000000fd938127 10 0 0
1 00000000fd938127 000000003b53d87c 00000000fd938127 10 0 0
2 00000000fd938127 000000003b53d87c 00000000f974205f 10 0 0
3 00000000fd938127 000000003b53d87c 00000000ff800000 14 0 0
4 00000000fd938127 000000003b53d87c 000000007fc00000 1 0 0
d 00000000fd938127 000000003b53d87c 0000000000000000 0 1 0
0 000000004bd37212 0000000097b53b9a 000000004bd37212 10 0 0
1 000000004bd37212 0000000097b53b9a 000000004bd37212 10 0 0
2 000000004bd37212 0000000097b53b9a 00000000a415b0e1 10 0 0
3 000000004bd37212 0000000097b53b9a 00000000f39556a7 10 0 0
4 000000004bd37212 0000000097b53b9a 0000000045a483b9 10 0 0
d 000000004bd37212 0000000097b53b9a 0000000000000000 0 0 0
0 00000000280a1cd9 0000000019b02b31 00000000280a1cd9 10 0 0
1 00000000280a1cd9 0000000019b02b31 00000000280a1cd9 10 0 0
2 00000000280a1cd9 0000000019b02b31 00000000023e1645 10 0 0
3 00000000280a1cd9 0000000019b02b31 000000004dc8b2e4 10 0 0
4 00000000280a1cd9 0000000019b02b31 0000000033bc08bf 10 0 0
d 00000000280a1cd9 0000000019b02b31 0000000000000000 0 0 0
0 000000008616ae1a 00000000296d39f0 00000000296d39f0 10 0 0
1 000000008616ae1a 00000000296d39f0 00000000a96d39f0 10 0 0
2 000000008616ae1a 00000000296d39f0 0000000080000000 18 0 0
3 000000008616ae1a 00000000296d39f0 000000009c229aca 10 0 0
4 000000008616ae1a 00000000296d39f0 000000007fc00000 1 0 0
d 000000008616ae1a 00000000296d39f0 0000000000000000 0 1 0
0 00000000443ca5f9 00000000c0fe5ab8 00000000443aa944 10 0 0
1 00000000443ca5f9 00000000c0fe5ab8 00000000443ea2ae 10 0 0
2 00000000443ca5f9 00000000c0fe5ab8 00000000c5bb6f87 10 0 0
3 00000000443ca5f9 00000000c0fe5ab8 00000000c2bdde6d 10 0 0
4 00000000443ca5f9 00000000c0fe5ab8 0000000041dbc247 10 0 0
d 00000000443ca5f9 00000000c0fe5ab8 0000000000000000 0 0 0
0 000000007e82b2ec 00000000333bf6e3 000000007e82b2ec 10 0 0
1 000000007e82b2ec 00000000333bf6e3 000000007e82b2ec 10 0 0
2 000000007e82b2ec 00000000333bf6e3 00000000723fed7c 10 0 0
3 000000007e82b2ec 00000000333bf6e3 000000007f800000 14 0 0
4 000000007e82b2ec 00000000333bf6e3 000000005f0157a9 10 0 0
d 000000007e82b2ec 00000000333bf6e3 0000000000000000 0 0 0
0 00000000f111b210 000000002d29e699 00000000f111b210 10 0 0
1 00000000f111b210 000000002d29e699 00000000f111b210 10 0 0
2 00000000f111b210 000000002d29e699 00000000dec16393 10 0 0
3 00000000f111b210 000000002d29e699 00000000ff800000 14 0 0
4 00000000f111b210 000000002d29e699 000000007fc00000 1 0 0
d 00000000f111b210 000000002d29e699 0000000000000000 0 1 0
0 000000002ea302e4 00000000910b16fb 000000002ea302e4 10 0 0
1 000000002ea302e4 00000000910b16fb 000000002ea302e4 10 0 0
2 000000002ea302e4 00000000910b16fb 0000000080589134 18 0 0
3 000000002ea302e4 00000000910b16fb 00000000dd1603a5 10 0 0
4 000000002ea302e4 00000000910b16fb 00000000371072e2 10 0 0
d 000000002ea302e4 00000000910b16fb 0000000000000000 0 0 0
0 000000008955ed31 00000000aa893e48 00000000aa893e48 10 0 0
1 000000008955ed31 00000000aa893e48 000000002a893e48 10 0 0
2 000000008955ed31 00000000aa893e48 0000000000000000 18 0 0
3 000000008955ed31 00000000aa893e48 000000001e4784c7 10 0 0
4 000000008955ed31 00000000aa893e48 000000007fc00000 1 0 0
d 000000008955ed31 00000000aa893e48 0000000000000000 0 0 0
0 00000000254f65e8 00000000f7b22331 00000000f7b22331 10 0 0
1 00000000254f65e8 00000000f7b22331 0000000077b22331 10 0 0
2 00000000254f65e8 00000000f7b22331 00000000dd90515e 10 0 0
3 00000000254f65e8 00000000f7b22331 0000000080000000 18 0 0
4 00000000254f65e8 00000000f7b22331 0000000032666bd0 10 0 0
d 00000000254f65e8 00000000f7b22331 0000000000000000 0 0 0
0 00000000c95f01bb 000000000466d4ef 00000000c95f01bb 10 0 0
1 00000000c95f01bb 000000000466d4ef 00000000c95f01bb 10 0 0
2 00000000c95f01bb 000000000466d4ef 000000008e49150c 10 0 0
3 00000000c95f01bb 000000000466d4ef 00000000ff800000 14 0 0
4 00000000c95f01bb 000000000466d4ef 000000007fc00000 1 0 0
d 00000000c95f01bb 000000000466d4ef 0000000000000000 0 1 0
0 00000000019029d2 0000000091e71b67 0000000091e71b67 10 0 0
1 00000000019029d2 0000000091e71b67 0000000011e71b67 10 0 0
2 00000000019029d2 0000000091e71b67 0000000080000000 18 0 0
3 00000000019029d2 0000000091e71b67 00000000af1fb103 10 0 0
4 00000000019029d2 0000000091e71b67 000000002087d76c 10 0 0
d 00000000019029d2 0000000091e71b67 0000000000000000 0 0 0
0 0000000023f38662 0000000034c2105d 0000000034c2105d 10 0 0
1 0000000023f38662 0000000034c2105d 00000000b4c2105d 10 0 0
2 0000000023f38662 0000000034c2105d 0000000019389b67 10 0 0
3 0000000023f38662 0000000034c2105d 000000002ea09f92 10 0 0
4 0000000023f38662 0000000034c2105d 0000000031b08dbc 10 0 0
d 0000000023f38662 0000000034c2105d 0000000000000000 0 1 0
0 00000000aff8ec19 00000000fd0931a4 00000000fd0931a4 10 0 0
1 00000000aff8ec19 00000000fd0931a4 000000007d0931a4 10 0 0
2 00000000aff8ec19 00000000fd0931a4 000000006d85669e 10 0 0
3 00000000aff8ec19 00000000fd0931a4 0000000000000000 18 0 0
4 00000000aff8ec19 00000000fd0931a4 000000007fc00000 1 0 0
d 00000000aff8ec19 00000000fd0931a4 0000000000000000 0 0 0
0 00000000bc865b7a 000000008acd314e 00000000bc865b7a 10 0 0
1 00000000bc865b7a 000000008acd314e 00000000bc865b7a 10 0 0
2 00000000bc865b7a 000000008acd314e 0000000007d76242 10 0 0
3 00000000bc865b7a 000000008acd314e 000000007127a016 10 0 0
4 00000000bc865b7a 000000008acd314e 000000007fc00000 1 0 0
d 00000000bc865b7a 000000008acd314e 0000000000000000 0 1 0
0 00000000b07800bc 00000000bd94c9eb 00000000bd94c9eb 10 0 0
1 00000000b07800bc 00000000bd94c9eb 000000003d94c9eb 10 0 0
2 00000000b07800bc 00000000bd94c9eb 000000002e902409 10 0 0
3 00000000b07800bc 00000000bd94c9eb 0000000032555a19 10 0 0
4 00000000b07800bc 00000000bd94c9eb 000000007fc00000 1 0 0
d 00000000b07800bc 00000000bd94c9eb 0000000000000000 0 0 0
0 00000000b19ecc5f 000000006ab612f5 000000006ab612f5 10 0 0
1 00000000b19ecc5f 000000006ab612f5 00000000eab612f5 10 0 0
2 00000000b19ecc5f 000000006ab612f5 00000000dce1e21c 10 0 0
3 00000000b19ecc5f 000000006ab612f5 00000000865f461a 10 0 0
4 00000000b19ecc5f 000000006ab612f5 000000007fc00000 1 0 0
d 00000000b19ecc5f 000000006ab612f5 0000000000000000 0 1 0
0 00000000b5f436a1 000000005721e911 000000005721e911 10 0 0
1 00000000b5f436a1 000000005721e911 00000000d721e911 10 0 0
2 00000000b5f436a1 000000005721e911 00000000cd9a74b1 10 0 0
3 00000000b5f436a1 000000005721e911 000000009e4110c4 10 0 0
4 00000000b5f436a1 000000005721e911 000000007fc00000 1 0 0
d 00000000b5f436a1 000000005721e911 0000000000000000 0 1 0
0 000000002a7c7e10 00000000127bb52f 000000002a7c7e10 10 0 0
1 000000002a7c7e10 00000000127bb52f 000000002a7c7e10 10 0 0
2 000000002a7c7e10 00000000127bb52f 000000000001f085 18 0 0
3 000000002a7c7e10 00000000127bb52f 0000000057806627 10 0 0
4 000000002a7c7e10 00000000127bb52f 0000000034fe3d7c 10 0 0
d 000000002a7c7e10 00000000127bb52f 0000000000000000 0 0 0
0 00000000ff128f40 0000000071a1df9d 00000000ff128f40 10 0 0
1 00000000ff128f40 0000000071a1df9d 00000000ff128f40 10 0 0
2 00000000ff128f40 0000000071a1df9d 00000000ff800000 14 0 0
3 00000000ff128f40 0000000071a1df9d 00000000cce7c804 10 0 0
4 00000000ff128f40 0000000071a1df9d 000000007fc00000 1 0 0
d 00000000ff128f40 0000000071a1df9d 0000000000000000 0 1 0
0 0000000000190c34 00000000126c039b 00000000126c039b 10 0 0
1 0000000000190c34 00000000126c039b 00000000926c039b 10 0 0
2 0000000000190c34 00000000126c039b 0000000000000000 18 0 0
3 0000000000190c34 00000000126c039b 000000002c595990 10 0 0
4 0000000000190c34 00000000126c039b 000000001f627d63 10 0 0
d 0000000000190c34 00000000126c039b 0000000000000000 0 1 0
0 00000000d1fa7814 0000000041ee5a68 00000000d1fa7814 10 0 0
1 00000000d1fa7814 0000000041ee5a68 00000000d1fa7814 10 0 0
2 00000000d1fa7814 0000000041ee5a68 00000000d4693417 10 0 0
3 00000000d1fa7814 0000000041ee5a68 00000000cf8681a8 10 0 0
4 00000000d1fa7814 0000000041ee5a68 000000007fc00000 1 0 0
d 00000000d1fa7814 0000000041ee5a68 0000000000000000 0 1 0
0 00000000dec0f819 00000000f9b4a7f8 00000000f9b4a7f8 10 0 0
1 00000000dec0f819 00000000f9b4a7f8 0000000079b4a7f8 10 0 0
2 00000000dec0f819 00000000f9b4a7f8 000000007f800000 14 0 0
3 00000000dec0f819 00000000f9b4a7f8 000000002488b95f 10 0 0
4 00000000dec0f819 00000000f9b4a7f8 000000007fc00000 1 0 0
d 00000000dec0f819 00000000f9b4a7f8 0000000000000000 0 0 0
0 00000000c439bafd 000000009faa0a8e 00000000c439bafd 10 0 0
1 00000000c439bafd 000000009faa0a8e 00000000c439bafd 10 0 0
2 00000000c439bafd 000000009faa0a8e 000000002476bba9 10 0 0
3 00000000c439bafd 000000009faa0a8e 00000000640bcf68 10 0 0
4 00000000c439bafd 000000009faa0a8e 000000007fc00000 1 0 0
d 00000000c439bafd 000000009faa0a8e 0000000000000000 0 1 0
0 00000000018f1b93 00000000bd5c574d 00000000bd5c574d 10 0 0
1 00000000018f1b93 00000000bd5c574d 000000003d5c574d 10 0 0
2 00000000018f1b93 00000000bd5c574d 00000000801ecb20 18 0 0
3 00000000018f1b93 00000000bd5c574d 0000000083a64482 10 0 0
4 00000000018f1b93 00000000bd5c574d 00000000208757dd 10 0 0
d 00000000018f1b93 00000000bd5c574d 0000000000000000 0 0 0
0 00000000c1087e77 000000001619db94 00000000c1087e77 10 0 0
1 00000000c1087e77 000000001619db94 00000000c1087e77 10 0 0
2 00000000c1087e77 000000001619db94 0000000097a41150 10 0 0
3 00000000c1087e77 000000001619db94 00000000ea631be3 10 0 0
4 00000000c1087e77 000000001619db94 000000007fc00000 1 0 0
d 00000000c1087e77 000000001619db94 0000000000000000 0 1 0
0 000000008002e901 0000000079765590 0000000079765590 10 0 0
1 000000008002e901 0000000079765590 00000000f9765590 10 0 0
2 000000008002e901 0000000079765590 00000000b7b337fe 10 0 0
3 000000008002e901 0000000079765590 0000000080000000 18 0 0
4 000000008002e901 0000000079765590 000000007fc00000 1 0 0
d 000000008002e901 0000000079765590 0000000000000000 0 1 0
8 0000000042815f78 0000000000000000 000000006e2019db 10 0 8
9 0000000062bda16f 0000000000000000 000000004243a745 10 0 8
a 000000003f168b04 0000000000000000 000000003f713012 10 0 8
7 00000000426b3937 00000000c29d0e31 00000000401fecbf 10 0 8
8 00000000428dd0b1 0000000000000000 00000000729d5f77 10 0 8
9 0000000066239175 0000000000000000 000000004256785a 10 0 8
a 000000003f250576 0000000000000000 000000003f5eca7e 10 0 8
7 000000004280ec44 00000000c24d6b8d 00000000400f95a4 10 0 8
8 00000000c1b12749 0000000000000000 000000002f84c311 10 0 8
9 0000000033658ea2 0000000000000000 00000000c185f4db 10 0 8
a 00000000be4e2468 0000000000000000 000000003fe301cb 10 0 8
7 00000000c1a10c71 00000000c2c2ef67 00000000c03c06ce 10 0 8
8 000000004196a639 0000000000000000 000000004d0fc54e 10 0 8
9 0000000049ba81d3 0000000000000000 000000004163d483 10 0 8
a 000000003e2f4d0f 0000000000000000 000000003fb30a74 10 0 8
7 000000004188f434 0000000041ac78ec 000000003f2bcde3 10 0 8
8 00000000c27503ab 0000000000000000 0000000013460e36 10 0 8
9 000000001e10cc9e 0000000000000000 00000000c239452a 10 0 8
a 00000000bf0e8dc5 0000000000000000 00000000400a5425 10 0 8
7 00000000c25ebd84 00000000c09cb247 00000000bfd449f9 10 0 8
8 00000000418b81e0 0000000000000000 000000004c0ed88c 10 0 8
9 0000000049021f54 0000000000000000 000000004152fad8 10 0 8
a 000000003e2255f6 0000000000000000 000000003fb4af1a 10 0 8
7 00000000417da651 00000000421bf5c5 000000003ec5b91d 10 0 8
8 00000000c0e93d4b 0000000000000000 000000003a33185b 10 0 8
9 000000003b8463fa 0000000000000000 00000000c0b05dd0 10 0 8
a 00000000bd87b3f4 0000000000000000 000000003fd18cb1 10 0 8
7 00000000c0d4092d 00000000c29c1c83 00000000c043a459 10 0 8
8 0000000041655317 0000000000000000 0000000049ccc454 10 0 8
9 000000004746e1af 0000000000000000 00000000412d67fc 10 0 8
a 000000003e056cda 0000000000000000 000000003fb85613 10 0 8
7 0000000041507a15 00000000c1e4658f 00000000402da8ef 10 0 8
8 00000000429352ce 0000000000000000 00000000749a7e89 10 0 8
9 0000000067a4142b 0000000000000000 00000000425ecce5 10 0 8
a 000000003f2b6e51 0000000000000000 000000003f564950 10 0 8
7 000000004285ee2f 00000000c28a3b91 000000004017cedd 10 0 8
8 0000000042d5e3c4 0000000000000000 000000007f800000 14 0 8
9 0000000079cb3ff4 0000000000000000 0000000042a1bc26 10 0 8
a 000000003f78e3cc 0000000000000000 000000003e71e7bd 10 0 8
7 0000000042c271f8 000000004287edf1 000000003f75f066 10 0 8
8 00000000c1aca395 0000000000000000 000000002fe96d1c 10 0 8
9 0000000033afdd41 0000000000000000 00000000c1828af5 10 0 8
a 00000000be48e396 0000000000000000 000000003fe25645 10 0 8
7 00000000c19cf1ce 0000000042c7e947 00000000be4674a5 10 0 8
8 0000000042d5fda5 0000000000000000 000000007f800000 14 0 8
9 0000000079d32b28 0000000000000000 0000000042a1cfb8 10 0 8
a 000000003f7901ea 0000000000000000 000000003e6fe2e5 10 0 8
7 0000000042c2897e 0000000041ceda9c 000000003fa7ce16 10 0 8
8 00000000c1adac05 0000000000000000 000000002fcd26a6 10 0 8
9 00000000339f815e 0000000000000000 00000000c18352ea 10 0 8
a 00000000be4a174c 0000000000000000 000000003fe27d80 10 0 8
7 00000000c19de233 00000000c2291af9 00000000c02d1c17 10 0 8
8 0000000041f893d3 0000000000000000 0000000055e32d95 10 0 8
9 00000000506e5902 0000000000000000 0000000041bbf6e7 10 0 8
a 000000003e90a07b 0000000000000000 000000003fa46800 10 0 8
7 0000000041e1fac0 00000000c1f970e5 000000004019f3c5 10 0 8
8 00000000c2beec92 0000000000000000 00000000000009b2 18 0 8
9 000000000b6841fd 0000000000000000 00000000c2905e89 10 0 8
a 00000000bf5e2a8e 0000000000000000 000000004027c8c2 10 0 8
7 00000000c2ad913f 0000000042429de3 00000000bf87a846 10 0 8
8 0000000041970e98 0000000000000000 000000004d17499c 10 0 8
9 0000000049c1d5a6 0000000000000000 000000004164725b 10 0 8
a 000000003e2fc682 0000000000000000 000000003fb2fb0b 10 0 8
7 0000000041895316 00000000c146f0ea 00000000400ca6b9 10 0 8
8 00000000c0c53170 0000000000000000 000000003b0a1cda 10 0 8
9 000000003c1b260e 0000000000000000 00000000c0951c13 10 0 8
a 00000000bd657609 0000000000000000 000000003fd03c81 10 0 8
7 00000000c0b34437 0000000042857fb5 00000000bdab7b06 10 0 8
8 00000000424cd848 0000000000000000 00000000646bebda 10 0 8
9 000000005b696b4a 0000000000000000 00000000421ae546 10 0 8
a 000000003eee5d6c 0000000000000000 000000003f8b1384 10 0 8
7 00000000423a38fc 00000000c2298e9b 000000004013ccfd 10 0 8
8 00000000c23a1183 0000000000000000 000000001ded353d 10 0 8
9 000000002618a60e 0000000000000000 00000000c20cb295 10 0 8
a 00000000bed88416 0000000000000000 0000000040007994 10 0 8
7 00000000c2292731 00000000c239cdbe 00000000c019cbe2 10 0 8
8 00000000c21c94d9 0000000000000000 0000000023383503 10 0 8
9 000000002a1d25ad 0000000000000000 00000000c1eccd29 10 0 8
a 00000000beb63430 0000000000000000 000000003ff7a237 10 0 8
7 00000000c20e58c5 00000000416a9057 00000000bf970b03 10 0 8
8 00000000427c9574 0000000000000000 000000006d093861 10 0 8
9 0000000061eca15d 0000000000000000 00000000423efe71 10 0 8
a 000000003f12f536 0000000000000000 000000003f7597d2 10 0 8
7 0000000042659f24 0000000042938fab 000000003f294578 10 0 8
8 000000004213f593 0000000000000000 000000005a24da1e 10 0 8
9 0000000053a36e1d 0000000000000000 0000000041dfc30f 10 0 8
a 000000003eac2bb9 0000000000000000 000000003f9d29eb 10 0 8
7 0000000042068229 00000000c27daf20 000000004029dc27 10 0 8
8 00000000bfc54362 0000000000000000 000000003e5b47e0 10 0 8
9 000000003e9fa6b4 0000000000000000 00000000bf9529a4 10 0 8
a 00000000bc658aeb 0000000000000000 000000003fcadaf4 10 0 8
7 00000000bfb35488 000000004126254b 00000000be095405 10 0 8
8 0000000042947561 0000000000000000 000000007508419c 10 0 8
9 0000000067fc042a 0000000000000000 0000000042608457 10 0 8
a 000000003f2cc071 0000000000000000 000000003f548098 10 0 8
7 000000004286f659 0000000042c7c00c 000000003f181d7a 10 0 8
8 0000000042224b72 0000000000000000 000000005cb98582 10 0 8
9 00000000559982b1 0000000000000000 0000000041f57114 10 0 8
a 000000003ebcda1e 0000000000000000 000000003f98b4fb 10 0 8
7 0000000042138a68 0000000040bb022b 000000003fb4f2f4 10 0 8
8 0000000042b82ae9 0000000000000000 000000007f800000 14 0 8
9 0000000071af77ce 0000000000000000 00000000428b42a2 10 0 8
a 000000003f564ddc 0000000000000000 000000003f142b89 10 0 8
7 0000000042a76cd4 00000000429eae78 000000003f4fec97 10 0 8
8 00000000c2a92477 0000000000000000 00000000027e25a6 10 0 8
9 000000001155dab6 0000000000000000 00000000c27fcc36 10 0 8
a 00000000bf44d1ff 0000000000000000 00000000401ca8d5 10 0 8
7 00000000c299c40f 00000000c219be12 00000000c0023355 10 0 8
8 00000000416cdee8 0000000000000000 000000004a2414ba 10 0 8
9 00000000478e0d58 0000000000000000 0000000041331cc0 10 0 8
a 000000003e09d0d1 0000000000000000 000000003fb7c854 10 0 8
7 0000000041575647 0000000041b8e477 000000003f06fed5 10 0 8
8 00000000c22ac4ac 0000000000000000 0000000020a9e150 10 0 8
9 00000000282c118e 0000000000000000 00000000c20120d3 10 0 8
a 00000000bec6b64f 0000000000000000 000000003ffc1482 10 0 8
7 00000000c21b3e6e 00000000c0abe11f 00000000bfdaaa25 10 0 8
8 00000000c1053257 0000000000000000 00000000397e354c 10 0 8
9 000000003af1ec97 0000000000000000 00000000c0c96fa3 10 0 8
a 00000000bd9afe11 0000000000000000 000000003fd2c21b 10 0 8
7 00000000c0f22cfb 0000000042553ea4 00000000be1066a7 10 0 8
8 0000000042b05ff6 0000000000000000 000000007f15de7b 10 0 8
9 000000006f937d29 0000000000000000 0000000042855e22 10 0 8
a 000000003f4d3c77 0000000000000000 000000003f240207 10 0 8
7 0000000042a0573d 00000000c2967794 000000004014c395 10 0 8
8 00000000c1bbfa97 0000000000000000 000000002e893b81 10 0 8
9 0000000032a505c1 0000000000000000 00000000c18e2467 10 0 8
a 00000000be5abd32 0000000000000000 000000003fe49ddc 10 0 8
7 00000000c1aae3cf 0000000041b9db40 00000000bf3e5409 10 0 8
8 00000000c2ce65ef 0000000000000000 0000000000000001 18 0 8
9 00000000072b282d 0000000000000000 00000000c29c11f6 10 0 8
a 00000000bf702c24 0000000000000000 000000004032706e 10 0 8
7 00000000c2bba27c 00000000c140f5ed 00000000bfd96d25 10 0 8
8 0000000042861eda 0000000000000000 000000006fd6e594 10 0 8
9 00000000640eae1e 0000000000000000 00000000424ad552 10 0 8
a 000000003f1c1148 0000000000000000 000000003f6a4a00 10 0 8
7 000000004273db00 00000000417a1d07 000000003fa8eed5 10 0 8
8 00000000c2b97378 0000000000000000 00000000000095a4 18 0 8
9 000000000ce5e74c 0000000000000000 00000000c28c3b13 10 0 8
a 00000000bf57cc2e 0000000000000000 000000004024b528 10 0 8
7 00000000c2a89784 00000000c2b90a03 00000000c019c55b 10 0 8
8 0000000041a867d8 0000000000000000 000000004ea56469 10 0 8
9 000000004af9c2e4 0000000000000000 00000000417eaef4 10 0 8
a 000000003e43f683 0000000000000000 000000003fb06a1f 10 0 8
7 0000000041991896 00000000c2b3bf41 00000000403ba281 10 0 8
8 00000000420491e0 0000000000000000 0000000057611afd 10 0 8
9 00000000518e8eed 0000000000000000 0000000041c87cf8 10 0 8
a 000000003e9a4359 0000000000000000 000000003fa1e331 10 0 8
7 0000000041f1093b 00000000c2651dc8 00000000402a1210 10 0 8
8 00000000c2bb6058 0000000000000000 0000000000003925 18 0 8
9 000000000c5e0c28 0000000000000000 00000000c28dafc5 10 0 8
a 00000000bf5a09b5 0000000000000000 000000004025c32d 10 0 8
7 00000000c2aa5796 00000000423d7576 00000000bf88194e 10 0 8
8 0000000042cefa04 0000000000000000 000000007f800000 14 0 8
9 0000000077ee4075 0000000000000000 00000000429c81f0 10 0 8
a 000000003f70d875 0000000000000000 000000003eb10d5d 10 0 8
7 0000000042bc291b 0000000041aa2102 000000003fac9b53 10 0 8
8 00000000c2a5da97 0000000000000000 0000000003a4799a 10 0 8
9 0000000012395e80 0000000000000000 00000000c27ad305 10 0 8
a 00000000bf40fe5c 0000000000000000 00000000401b2f0a 10 0 8
7 00000000c296c6b8 00000000423f5500 00000000bf80b102 10 0 8
8 0000000040fa094c 0000000000000000 00000000451aa1b7 10 0 8
9 0000000043b80d2d 0000000000000000 0000000040bd114e 10 0 8
a 000000003d9179c6 0000000000000000 000000003fbff648 10 0 8
7 0000000040e34e45 00000000c287d025 000000004042643b 10 0 8
8 00000000c2c8c548 0000000000000000 0000000000000012 18 0 8
9 0000000008b39ce3 0000000000000000 00000000c297d099 10 0 8
a 00000000bf699fbf 0000000000000000 00000000402e1ab5 10 0 8
7 00000000c2b684cd 0000000042a73902 00000000bf544045 10 0 8
8 00000000c29f3b03 0000000000000000 00000000060cfdcb 10 0 8
9 00000000140dbaa9 0000000000000000 00000000c270cec3 10 0 8
a 00000000bf394953 0000000000000000 00000000401852ce 10 0 8
7 00000000c290c148 00000000c0c698d5 00000000bfd402c2 10 0 8
8 00000000426d33ef 0000000000000000 000000006a3bc602 10 0 8
9 000000005fcebe09 0000000000000000 0000000042335d0b 10 0 8
a 000000003f0a024a 0000000000000000 000000003f802ee6 10 0 8
7 000000004257a393 000000004280637d 000000003f32d34d 10 0 8
8 00000000c280748f 0000000000000000 000000001121e9f4 10 0 8
9 000000001c74766d 0000000000000000 00000000c2424403 10 0 8
a 00000000bf1579ab 0000000000000000 00000000400c6f81 10 0 8
7 00000000c2698e1b 00000000c20eef2f 00000000c007ade3 10 0 8
8 00000000c2cce70d 0000000000000000 0000000000000002 18 0 8
9 000000000796a460 0000000000000000 00000000c29af070 10 0 8
a 00000000bf6e6e9a 0000000000000000 00000000403136c7 10 0 8
7 00000000c2ba4668 00000000426dd6d2 00000000bf80559f 10 0 8
8 00000000c2b4b566 0000000000000000 00000000000642b9 18 0 8
9 000000000e2ca579 0000000000000000 00000000c288a50c 10 0 8
a 00000000bf524772 0000000000000000 00000000402237e8 10 0 8
7 00000000c2a447d1 00000000c1d125c0 00000000bff080fd 10 0 8
8 0000000042a8a089 0000000000000000 000000007c474a86 10 0 8
9 000000006d7c3289 0000000000000000 00000000427f04af 10 0 8
a 000000003f44387a 0000000000000000 000000003f328ba5 10 0 8
7 0000000042994c1f 00000000428576ae 000000003f5abd6e 10 0 8
8 0000000041b26f4d 0000000000000000 000000004f90d868 10 0 8
9 000000004ba11f53 0000000000000000 000000004186ece2 10 0 8
a 000000003e4fa218 0000000000000000 000000003faeed33 10 0 8
7 0000000041a236a3 00000000c28e7701 000000004037503d 10 0 8
8 00000000428f17fc 0000000000000000 0000000073151d57 10 0 8
9 0000000066849d82 0000000000000000 0000000042586753 10 0 8
a 000000003f26824f 0000000000000000 000000003f5cd6b8 10 0 8
7 00000000428215ce 00000000c2c51d33 000000004023ba75 10 0 8
8 00000000c10c5a53 0000000000000000 00000000392288e5 10 0 8
9 000000003aac811e 0000000000000000 00000000c0d44230 10 0 8
a 00000000bda351d5 0000000000000000 000000003fd347bf 10 0 8
7 00000000c0ff2fdd 00000000c29f4994 00000000c042accd 10 0 8
8 0000000042cd7147 0000000000000000 000000007f800000 14 0 8
9 00000000778564a4 0000000000000000 00000000429b58f6 10 0 8
a 000000003f6f0f73 0000000000000000 000000003ebb4d39 10 0 8
7 0000000042bac412 00000000c2a44de0 000000004012b50f 10 0 8
8 00000000c202e8df 0000000000000000 0000000027dc73d0 10 0 8
9 000000002d9d4c95 0000000000000000 00000000c1c5fa39 10 0 8
a 00000000be9854cc 0000000000000000 000000003fefbaf0 10 0 8
7 00000000c1ee047e 00000000c2b96aba 00000000c0352ffb 10 0 8
8 0000000041fd1b76 0000000000000000 0000000056481987 10 0 8
9 0000000050b6dd2a 0000000000000000 0000000041bf63c5 10 0 8
a 000000003e93432d 0000000000000000 000000003fa3b806 10 0 8
7 0000000041e618f6 00000000c2b74877 000000004035992a 10 0 8
8 0000000041bbfe4b 0000000000000000 00000000506f35a3 10 0 8
9 000000004c46d6b6 0000000000000000 00000000418e2735 10 0 8
a 000000003e5ac181 0000000000000000 000000003fad814c 10 0 8
7 0000000041aae72d 00000000c2646367 00000000403225f7 10 0 8
8 00000000c2ab1f2c 0000000000000000 0000000001bcef1f 10 0 8
9 0000000010ca5ec9 0000000000000000 00000000c2816542 10 0 8
a 00000000bf471f9f 0000000000000000 00000000401d9157 10 0 8
7 00000000c29b90b4 00000000c20170f6 00000000bffb86bc 10 0 8
8 0000000042275384 0000000000000000 000000005da32a0f 10 0 8
9 000000005646b280 0000000000000000 0000000041fd0d0e 10 0 8
a 000000003ec2b4f7 0000000000000000 000000003f9720d8 10 0 8
7 0000000042181d61 0000000042b7e93e 000000003ec8c62d 10 0 8
8 00000000425c2f3e 0000000000000000 00000000672aa30c 10 0 8
9 000000005d848b4d 0000000000000000 0000000042267eaf 10 0 8
a 000000003f001b7d 0000000000000000 000000003f85fab2 10 0 8
7 0000000042482af3 0000000041416c7b 000000003faab8ac 10 0 8
8 00000000c2c6a42d 0000000000000000 0000000000000034 18 0 8
9 000000000948e162 0000000000000000 00000000c2963469 10 0 8
a 00000000bf672571 0000000000000000 00000000402ca092 10 0 8
7 00000000c2b49540 00000000c2639978 00000000c00884e7 10 0 8
8 000000003fa103b0 0000000000000000 00000000406128c7 10 0 8
9 000000004025aeda 0000000000000000 000000003f738168 10 0 8
a 000000003c3b5cba 0000000000000000 000000003fc7991f 10 0 8
7 000000003f926071 0000000041b774ae 000000003d4c16f3 10 0 8
8 00000000c2b2299f 0000000000000000 0000000000165c38 18 0 8
9 000000000ee20952 0000000000000000 00000000c286b832 10 0 8
a 00000000bf4f5103 0000000000000000 000000004020f02a 10 0 8
7 00000000c2a1f74b 00000000c2c036bd 00000000c01c3fbd 10 0 8
8 00000000c28d5fab 0000000000000000 000000000c81d353 10 0 8
9 0000000018ecb9a5 0000000000000000 00000000c255cd6d 10 0 8
a 00000000bf2481f1 0000000000000000 0000000040113245 10 0 8
7 00000000c2808584 00000000c1993088 00000000bfee21ae 10 0 8
8 00000000c23d7857 0000000000000000 000000001d4ab00d 10 0 8
9 0000000025a07d94 0000000000000000 00000000c20f4511 10 0 8
a 00000000bedc7969 0000000000000000 00000000400105a3 10 0 8
7 00000000c22c3eda 0000000042b99e0a 00000000bede6c24 10 0 8
8 00000000c158680e 0000000000000000 0000000035b36431 10 0 8
9 000000003817b181 0000000000000000 00000000c123a356 10 0 8
a 00000000bdfbd184 0000000000000000 000000003fd8d72c 10 0 8
7 00000000c144bbaf 0000000042357b8a 00000000be878063 10 0 8
8 00000000421829a4 0000000000000000 000000005aebbe82 10 0 8
9 000000005434e1da 0000000000000000 0000000041e61e6a 10 0 8
a 000000003eb10fdf 0000000000000000 000000003f9bdcea 10 0 8
7 00000000420a5467 00000000408d5388 000000003fb8cda7 10 0 8
8 00000000c182151a 0000000000000000 0000000033ba4812 10 0 8
9 0000000036996f73 0000000000000000 00000000c144b9f6 10 0 8
a 00000000be175e5f 0000000000000000 000000003fdc0d77 10 0 8
7 00000000c16c8375 00000000419e5af1 00000000bf243549 10 0 8
8 0000000041d666d7 0000000000000000 0000000052cae33a 10 0 8
9 000000004e16cfa2 0000000000000000 0000000041a21f44 10 0 8
a 000000003e797c53 0000000000000000 000000003fa98f25 10 0 8
7 0000000041c2e921 0000000041da280f 000000003f3aaba1 10 0 8
8 00000000427f246d 0000000000000000 000000006d82118d 10 0 8
9 00000000623fe821 0000000000000000 000000004240edb5 10 0 8
a 000000003f147249 0000000000000000 000000003f73c541 10 0 8
7 000000004267f292 00000000c2600d25 000000004015b036 10 0 8
8 00000000c1f6e7dc 0000000000000000 000000002931c2db 10 0 8
9 000000002ea10388 0000000000000000 00000000c1bab34a 10 0 8
a 00000000be8fa77b 0000000000000000 000000003fed76d6 10 0 8
7 00000000c1e075b1 0000000041be1f5b 00000000bf5e376e 10 0 8
8 00000000418e32e5 0000000000000000 000000004c47fa13 10 0 8
9 000000004927d12d 0000000000000000 0000000041570cdd 10 0 8
a 000000003e2577bb 0000000000000000 000000003fb44992 10 0 8
7 000000004181458a 00000000c2c4c5ab 00000000403ea4c1 10 0 8
8 00000000c28309de 0000000000000000 000000001031fe0b 10 0 8
9 000000001bb81c6b 0000000000000000 00000000c2462c1f 10 0 8
a 00000000bf187b31 0000000000000000 00000000400d5dbb 10 0 8
7 00000000c26e407c 0000000041a18916 00000000bf9f39db 10 0 8
8 00000000c2145691 0000000000000000 0000000024b4cf12 10 0 8
9 000000002b3aa4a9 0000000000000000 00000000c1e055be 10 0 8
a 00000000beac9c97 0000000000000000 000000003ff513c2 10 0 8
7 00000000c206da56 000000004241765d 00000000bf1bd697 10 0 8
8 0000000042308ee3 0000000000000000 000000005f4d0eff 10 0 8
9 00000000578e3e65 0000000000000000 000000004205819d 10 0 8
a 000000003ecd7311 0000000000000000 000000003f9435e7 10 0 8
7 00000000422081e5 00000000c213c973 0000000040142841 10 0 8
8 00000000425c8fc1 0000000000000000 00000000673b806c 10 0 8
9 000000005d8e55cd 0000000000000000 000000004226c7aa 10 0 8
a 000000003f0053a4 0000000000000000 000000003f85da42 10 0 8
7 00000000424882b0 0000000042307fe0 000000003f595814 10 0 8
8 00000000422ae07f 0000000000000000 000000005e4633b6 10 0 8
9 0000000056c2639a 0000000000000000 00000000420135dd 10 0 8
a 000000003ec6d6b0 0000000000000000 000000003f96026a 10 0 8
7 00000000421b57ba 00000000400b7d36 000000003fc1e2ca 10 0 8
8 00000000c2a040e0 0000000000000000 0000000005a91571 10 0 8
9 0000000013c08b59 0000000000000000 00000000c2725ac9 10 0 8
a 00000000bf3a7a09 0000000000000000 000000004018c198 10 0 8
7 00000000c291af57 0000000042612ac8 00000000bf69b1d4 10 0 8
8 000000004251d097 0000000000000000 00000000654c5233 10 0 8
9 000000005c1550c7 0000000000000000 00000000421ea758 10 0 8
a 000000003ef425ed 0000000000000000 000000003f896fe0 10 0 8
7 00000000423ebda1 000000004295c7a8 000000003f112691 10 0 8
8 0000000041c00409 0000000000000000 0000000050c5bfa3 10 0 8
9 000000004c916890 0000000000000000 00000000419131db 10 0 8
a 000000003e5f6fc0 0000000000000000 000000003face7e6 10 0 8
7 0000000041ae8f4e 0000000040b5d715 000000003fa873a0 10 0 8
8 0000000040133a7f 0000000000000000 00000000411fa873 10 0 8
9 0000000040b63997 0000000000000000 000000003fdea823 10 0 8
a 000000003cab5208 0000000000000000 000000003fc66286 10 0 8
7 000000004005d816 00000000c1d135bb 000000004043f469 10 0 8
8 00000000c1fb9407 0000000000000000 0000000028c63fa2 10 0 8
9 000000002e4f0e5f 0000000000000000 00000000c1be3bc9 10 0 8
a 00000000be925f6f 0000000000000000 000000003fee2c41 10 0 8
7 00000000c1e4b51d 0000000041e089fa 00000000bf4b6a92 10 0 8
8 00000000c2c99271 0000000000000000 000000000000000c 18 0 8
9 000000000884a99c 0000000000000000 00000000c2986bbb 10 0 8
a 00000000bf6a8e7a 0000000000000000 00000000402eae29 10 0 8
7 00000000c2b73f4f 00000000c21bdff8 00000000bffc8909 10 0 8
8 00000000422919b7 0000000000000000 000000005dfe3f94 10 0 8
9 00000000568af043 0000000000000000 0000000041ffbbf3 10 0 8
a 000000003ec4c57c 0000000000000000 000000003f9691da 10 0 8
7 000000004219ba49 00000000424aa99e 000000003f262138 10 0 8
8 0000000042a67d6a 0000000000000000 000000007b88e8c1 10 0 8
9 000000006ce0d3d3 0000000000000000 00000000427bc944 10 0 8
a 000000003f41bbd4 0000000000000000 000000003f366227 10 0 8
7 0000000042975abe 0000000042abfa8b 000000003f38c136 10 0 8
8 00000000425fc3e6 0000000000000000 0000000067d0d6bf 10 0 8
9 000000005e02684c 0000000000000000 00000000422933d3 10 0 8
a 000000003f0230d1 0000000000000000 000000003f84c5d9 10 0 8
7 00000000424b6c46 00000000c21bfb8d 00000000400e65b0 10 0 8
8 00000000421de73d 0000000000000000 000000005bf78c6f 10 0 8
9 000000005505dae7 0000000000000000 0000000041eeccea 10 0 8
a 000000003eb7bdf3 0000000000000000 000000003f9a1418 10 0 8
7 00000000420f8c66 00000000c2b34228 000000004030b00e 10 0 8
8 00000000c1e4f27c 0000000000000000 000000002ad1ba5c 10 0 8
9 000000002fdbc81e 0000000000000000 00000000c1ad1eef 10 0 8
a 00000000be8534a5 0000000000000000 000000003feac03e 10 0 8
7 00000000c1d02242 0000000040e5b742 00000000bfa699e9 10 0 8
8 000000004150d2ae 0000000000000000 0000000048e36c91 10 0 8
9 000000004696f344 0000000000000000 00000000411de758 10 0 8
a 000000003df2fe76 0000000000000000 000000003fb9d6c5 10 0 8
7 00000000413dd6cd 00000000c2b5e0d8 000000004040c238 10 0 8
8 00000000c1a58d8b 0000000000000000 00000000308d8134 10 0 8
9 00000000342bcd5e 0000000000000000 00000000c17a5e80 10 0 8
a 00000000be40a4b4 0000000000000000 000000003fe14966 10 0 8
7 00000000c19680ad 00000000c20eb62f 00000000c02a0198 10 0 8
8 0000000040db2700 0000000000000000 00000000446b9e7b 10 0 8
9 0000000043316df7 0000000000000000 0000000040a5b6e0 10 0 8
a 000000003d7f037e 0000000000000000 000000003fc1166d 10 0 8
7 0000000040c73aba 00000000c2a85daf 0000000040445658 10 0 8
8 0000000042dbbf52 0000000000000000 000000007f800000 14 0 8
9 000000007b68ad80 0000000000000000 0000000042a62a0e 10 0 8
a 000000003f7fb4bd 0000000000000000 000000003d4451d0 10 0 8
7 0000000042c7c533 00000000c2671923 0000000040061795 10 0 8
8 00000000426b7d81 0000000000000000 0000000069f4bf83 10 0 8
9 000000005f959048 0000000000000000 0000000042321186 10 0 8
a 000000003f090334 0000000000000000 000000003f80c61c 10 0 8
7 0000000042561501 00000000c2af103a 000000004025f07b 10 0 8
8 00000000c281dc25 0000000000000000 0000000010a06fa1 10 0 8
9 000000001c0fbd1f 0000000000000000 00000000c24463d2 10 0 8
a 00000000bf171c18 0000000000000000 00000000400cf0b9 10 0 8
7 00000000c26c1be6 00000000c224d9c8 00000000c00b8a3a 10 0 8
8 00000000c0c07727 0000000000000000 000000003b201a10 10 0 8
9 000000003c2d7c7f 0000000000000000 00000000c09188e7 10 0 8
a 00000000bd5ff5b5 0000000000000000 000000003fd0106d 10 0 8
7 00000000c0aef7f5 00000000c29f2a8e 00000000c044abf5 10 0 8
8 00000000427b5a20 0000000000000000 000000006cc9b3fd 10 0 8
9 0000000061bb79c3 0000000000000000 00000000423e1000 10 0 8
a 000000003f123dbf 0000000000000000 000000003f76779d 10 0 8
7 000000004264807a 00000000c220ebd8 00000000400bcca5 10 0 8
8 00000000420948b4 0000000000000000 000000005836e0b0 10 0 8
9 00000000522dc6d6 0000000000000000 0000000041cf9e14 10 0 8
a 000000003e9fbfa8 0000000000000000 000000003fa07257 10 0 8
7 0000000041f99b76 00000000c2c679a0 00000000403590f3 10 0 8
8 00000000c0b7949f 0000000000000000 000000003b5356bd 10 0 8
9 000000003c5603ff 0000000000000000 00000000c08ad0fe 10 0 8
a 00000000bd559efa 0000000000000000 000000003fcfbd99 10 0 8
7 00000000c0a6e433 00000000c2aa666a 00000000c0452630 10 0 8
8 0000000042aee97c 0000000000000000 000000007e903e97 10 0 8
9 000000006f29ab20 0000000000000000 00000000428442f8 10 0 8
a 000000003f4b88b6 0000000000000000 000000003f26d5b5 10 0 8
7 00000000429f02ce 0000000042410efb 000000003f8339ce 10 0 8
8 0000000040628923 0000000000000000 000000004209d0b9 10 0 8
9 0000000041688d15 0000000000000000 00000000402b4c20 10 0 8
a 000000003d03cd76 0000000000000000 000000003fc4f140 10 0 8
7 00000000404df109 00000000c1ac51ad 00000000403f9239 10 0 8
8 00000000c15fcad6 0000000000000000 00000000356220bb 10 0 8
9 0000000037d5feaf 0000000000000000 00000000c1293912 10 0 8
a 00000000be0234da 0000000000000000 000000003fd961c5 10 0 8
7 00000000c14b7294 00000000c28abea9 00000000c03d75c0 10 0 8
8 00000000c0951990 0000000000000000 000000003c1b323a 10 0 8
9 000000003cf1b231 0000000000000000 00000000c0617ca4 10 0 8
a 00000000bd2d7f7e 0000000000000000 000000003fce7c41 10 0 8
7 00000000c0878b9b 000000004230fc20 00000000bdc376cd 10 0 8
8 0000000041b1e34d 0000000000000000 000000004f874650 10 0 8
9 000000004b990167 0000000000000000 0000000041868306 10 0 8
a 000000003e4eff2f 0000000000000000 000000003faf01fe 10 0 8
7 0000000041a1b75d 000000004264ab6a 000000003eae04d2 10 0 8
8 00000000c2c6d4c6 0000000000000000 0000000000000030 18 0 8
9 00000000093af7eb 0000000000000000 00000000c2965928 10 0 8
a 00000000bf675dfd 0000000000000000 00000000402cc187 10 0 8
7 00000000c2b4c16e 0000000041df8372 00000000bfa2af64 10 0 8
8 00000000427d9ef6 0000000000000000 000000006d31d67d 10 0 8
9 00000000620ff136 0000000000000000 00000000423fc735 10 0 8
a 000000003f138faf 0000000000000000 000000003f74daf9 10 0 8
7 0000000042669082 00000000c205b782 0000000040062a88 10 0 8
8 0000000042aee684 0000000000000000 000000007e8f6918 10 0 8
9 000000006f28ed1f 0000000000000000 00000000428440b9 10 0 8
a 000000003f4b8542 0000000000000000 000000003f26db66 10 0 8
7 00000000429f001b 000000004106906b 000000003fbb9233 10 0 8
8 000000004295dc0e 0000000000000000 0000000075894464 10 0 8
9 00000000685604dc 0000000000000000 000000004262a2c5 10 0 8
a 000000003f2e61cf 0000000000000000 000000003f5248cb 10 0 8
7 0000000042883c6a 000000004220294d 000000003f850ab7 10 0 8
8 00000000c03d695d 0000000000000000 000000003d545836 10 0 8
9 000000003dda7c48 0000000000000000 00000000c00f39bf 10 0 8
a 00000000bcdc67fd 0000000000000000 000000003fcc8196 10 0 8
7 00000000c02c313d 0000000041d14a8a 00000000bdd1e23b 10 0 8
8 00000000c2066d4b 0000000000000000 0000000027370126 10 0 8
9 000000002d21ce04 0000000000000000 00000000c1cb4bf4 10 0 8
a 00000000be9c6c8f 0000000000000000 000000003ff0cdaa 10 0 8
7 00000000c1f469a0 000000004214239f 00000000bf309480 10 0 8
8 000000004142480a 0000000000000000 0000000048374c69 10 0 8
9 000000004617d868 0000000000000000 000000004112e86e 10 0 8
a 000000003de212a9 0000000000000000 000000003fbae74d 10 0 8
7 0000000041309e94 000000004257ad9c 000000003e4ec823 10 0 8
8 0000000040a314a0 0000000000000000 000000004323692f 10 0 8
9 00000000423ca649 0000000000000000 000000004076a154 10 0 8
a 000000003d3dc438 0000000000000000 000000003fc3212e 10 0 8
7 000000004094414c 00000000c0767b23 000000004010ea95 10 0 8
8 00000000c23eefc9 0000000000000000 000000001d0c7947 10 0 8
9 00000000257342f2 0000000000000000 00000000c21060f7 10 0 8
a 00000000bede2e4c 0000000000000000 0000000040014233 10 0 8
7 00000000c22d942b 00000000bf14f7e4 00000000bfcac73c 10 0 8
8 0000000042c93994 0000000000000000 000000007f800000 14 0 8
9 0000000076589f9f 0000000000000000 0000000042982889 10 0 8
a 000000003f6a2713 0000000000000000 000000003ed50f73 10 0 8
7 0000000042b6ee87 00000000c2c1c764 000000004018a387 10 0 8
8 00000000c2d897df 0000000000000000 0000000000000000 18 0 8
9 0000000004680a33 0000000000000000 00000000c2a3c77e 10 0 8
a 00000000bf7c0929 0000000000000000 00000000403dc8cb 10 0 8
7 00000000c2c4e728 0000000042c42a34 00000000bf498aeb 10 0 8
8 0000000041de0dab 0000000000000000 0000000053840081 10 0 8
9 000000004e9b6af5 0000000000000000 0000000041a7e874 10 0 8
a 000000003e8131d8 0000000000000000 000000003fa86909 10 0 8
7 0000000041c9dde1 0000000042afeca4 000000003e8f08c9 10 0 8
8 00000000427653d4 0000000000000000 000000006be5bd0f 10 0 8
9 00000000611107d2 0000000000000000 00000000423a435b 10 0 8
a 000000003f0f515b 0000000000000000 000000003f7a0315 10 0 8
7 00000000425fef1d 00000000416106dd 000000003fa98ec8 10 0 8
8 0000000042c33253 0000000000000000 000000007f800000 14 0 8
9 0000000074b16653 0000000000000000 0000000042939996 10 0 8
a 000000003f632349 0000000000000000 000000003ef57816 10 0 8
7 0000000042b17391 00000000c1a8bb1f 000000003fe6ef56 10 0 8
8 000000004265db8c 0000000000000000 0000000068ef744f 10 0 8
9 000000005ece46e0 0000000000000000 00000000422dcf2b 10 0 8
a 000000003f05bc3f 0000000000000000 000000003f82b45a 10 0 8
7 000000004250f622 00000000c28ab2d2 00000000401fbe40 10 0 8
8 00000000c26068ac 0000000000000000 0000000017059599 10 0 8
9 0000000020de7cc6 0000000000000000 00000000c229b06b 10 0 8
a 00000000bf0290af 0000000000000000 000000004006c8c8 10 0 8
7 00000000c24c0211 000000004246fefb 00000000bf4c3ede 10 0 8
8 0000000042c29843 0000000000000000 000000007f800000 14 0 8
9 00000000748d4c83 0000000000000000 0000000042932518 10 0 8
a 000000003f627004 0000000000000000 000000003ef87cfc 10 0 8
7 0000000042b0e783 00000000427fbbdf 000000003f71e6ed 10 0 8
8 000000003ffc748c 0000000000000000 0000000040e5fdd7 10 0 8
9 00000000408e2ee7 0000000000000000 000000003fbee58f 10 0 8
a 000000003c92e210 0000000000000000 000000003fc6c44a 10 0 8
7 000000003fe58139 0000000041aa2a0f 000000003dac3ac6 10 0 8
8 00000000c106cac2 0000000000000000 000000003966155f 10 0 8
9 000000003ae05aad 0000000000000000 00000000c0cbd94d 10 0 8
a 00000000bd9cd952 0000000000000000 000000003fd2dfe5 10 0 8
7 00000000c0f51390 00000000c201304a 00000000c03a292b 10 0 8
8 0000000042c04433 0000000000000000 000000007f800000 14 0 8
9 0000000073ea5c15 0000000000000000 000000004291625f 10 0 8
a 000000003f5fba69 0000000000000000 000000003f01eec4 10 0 8
7 0000000042aec9a2 00000000c1c796d6 000000003feca7e5 10 0 8
8 00000000c27fe6ed 0000000000000000 00000000115058d0 10 0 8
9 000000001c93e7cf 0000000000000000 00000000c24180c7 10 0 8
a 00000000bf14e372 0000000000000000 00000000400c414a 10 0 8
7 00000000c268a363 00000000c1fd1551 00000000c0046a1c 10 0 8
8 00000000c2431f11 0000000000000000 000000001c4561d6 10 0 8
9 0000000024dc91b3 0000000000000000 00000000c2138b06 10 0 8
a 00000000bee30ce0 0000000000000000 000000004001ef99 10 0 8
7 00000000c231620f 00000000c28a365b 00000000c0248c6d 10 0 8
8 00000000418fa036 0000000000000000 000000004c6f070c 10 0 8
9 0000000049400cdc 0000000000000000 0000000041593558 10 0 8
a 000000003e2720d4 0000000000000000 000000003fb413b8 10 0 8
7 00000000418291a6 00000000429a67f5 000000003e555672 10 0 8
8 00000000c2b3e4e6 0000000000000000 0000000000096852 18 0 8
9 000000000e6ae75c 0000000000000000 00000000c2880763 10 0 8
a 00000000bf5154d4 0000000000000000 000000004021ce0e 10 0 8
7 00000000c2a38a46 00000000c2a3f5da 00000000c016e0ea 10 0 8
8 00000000c2bb21b1 0000000000000000 0000000000004095 18 0 8
9 000000000c739307 0000000000000000 00000000c28d8065 10 0 8
a 00000000bf59c0cd 0000000000000000 000000004025a073 10 0 8
7 00000000c2aa1ea0 0000000042a0c9ef 00000000bf504753 10 0 8
8 00000000c250ec60 0000000000000000 0000000019c869c5 10 0 8
9 000000002301de5d 0000000000000000 00000000c21dfac6 10 0 8
a 00000000bef31c5d 0000000000000000 000000004004322d 10 0 8
7 00000000c23dee28 0000000041a4eabb 00000000bf94a235 10 0 8
8 00000000c11349dd 0000000000000000 0000000038d2b9ce 10 0 8
9 000000003a7895fb 0000000000000000 00000000c0debf5f 10 0 8
a 00000000bdab63ea 0000000000000000 000000003fd3c94f 10 0 8
7 00000000c105e60f 000000004298cb05 00000000bddf73be 10 0 8
8 0000000041d57e1c 0000000000000000 0000000052b517f9 10 0 8
9 000000004e0a64a6 0000000000000000 0000000041a16f48 10 0 8
a 000000003e786d82 0000000000000000 000000003fa9b20b 10 0 8
7 0000000041c2158e 00000000c2b8c81f 000000004038a0a1 10 0 8
8 0000000042af57de 0000000000000000 000000007eb2f2f5 10 0 8
9 000000006f47b5c4 0000000000000000 000000004284966f 10 0 8
a 000000003f4c0928 0000000000000000 000000003f26017d 10 0 8
7 00000000429f6727 0000000042c1428a 000000003f308f5f 10 0 8
8 00000000420ad842 0000000000000000 0000000058871440 10 0 8
9 0000000052696a33 0000000000000000 0000000041d1fa55 10 0 8
a 000000003ea19097 0000000000000000 000000003f9ff7ec 10 0 8
7 0000000041fc71ed 00000000422c8614 000000003f21b2ec 10 0 8
8 00000000c1cef15f 0000000000000000 000000002ccd27b3 10 0 8
9 00000000315bdf3a 0000000000000000 00000000c19c7b66 10 0 8
a 00000000be70ce65 0000000000000000 000000003fe77281 10 0 8
7 00000000c1bc213f 00000000c20297ca 00000000c0211cb8 10 0 8
8 00000000c1b920dd 0000000000000000 000000002ec3f9a4 10 0 8
9 0000000032d80cd3 0000000000000000 00000000c18bfc9d 10 0 8
a 00000000be576c0f 0000000000000000 000000003fe43140 10 0 8
7 00000000c1a84c6c 00000000c13cd459 00000000c005402e 10 0 8
8 0000000042a8a092 0000000000000000 000000007c474e07 10 0 8
9 000000006d7c3625 0000000000000000 00000000427f04be 10 0 8
a 000000003f443885 0000000000000000 000000003f328b94 10 0 8
7 0000000042994c28 00000000c295cbac 0000000040160e9a 10 0 8
8 0000000042d86180 0000000000000000 000000007f800000 14 0 8
9 000000007a825206 0000000000000000 0000000042a39e61 10 0 8
a 000000003f7bc9e3 0000000000000000 000000003e39ff0f 10 0 8
7 0000000042c4b5ba 00000000c29fd1cd 00000000401032a3 10 0 8
8 00000000c1d9a9a6 0000000000000000 000000002bd6e15e 10 0 8
9 00000000309fa51f 0000000000000000 00000000c1a49684 10 0 8
a 00000000be7d47bd 0000000000000000 000000003fe90dd3 10 0 8
7 00000000c1c5e00c 000000004203acd0 00000000bf24f634 10 0 8
8 0000000042c74247 0000000000000000 000000007f800000 14 0 8
9 0000000075ce0652 0000000000000000 000000004296abf6 10 0 8
a 000000003f67dd6a 0000000000000000 000000003ee01c47 10 0 8
7 0000000042b524fb 000000004116526b 000000003fbbd4eb 10 0 8
8 000000003fb38562 0000000000000000 000000004082179f 10 0 8
9 000000004038d2f6 0000000000000000 000000003f87bf29 10 0 8
a 000000003c50e5af 0000000000000000 000000003fc76e0c 10 0 8
7 000000003fa33371 0000000041d1644e 000000003d475eb7 10 0 8
8 00000000c244014a 0000000000000000 000000001c1e41d4 10 0 8
9 0000000024baa2b6 0000000000000000 00000000c2143616 10 0 8
a 00000000bee4141f 0000000000000000 0000000040021455 10 0 8
7 00000000c2322fb8 00000000c289bf15 00000000c0245188 10 0 8
8 00000000420c0024 0000000000000000 0000000058b45568 10 0 8
9 00000000529134fa 0000000000000000 0000000041d3b9cd 10 0 8
a 000000003ea2e8e4 0000000000000000 000000003f9f9d2c 10 0 8
7 0000000041fe8be4 00000000c29d67a7 0000000040307931 10 0 8
8 00000000c2c92464 0000000000000000 000000000000000f 18 0 8
9 00000000089c1342 0000000000000000 00000000c2981884 10 0 8
a 00000000bf6a0e6b 0000000000000000 00000000402e5eb1 10 0 8
7 00000000c2b6db44 00000000c1a3f74c 00000000bfe54a17 10 0 8
8 00000000c1877317 0000000000000000 00000000333e793d 10 0 8
9 000000003638c5b0 0000000000000000 00000000c14cd7df 10 0 8
a 00000000be1d9d32 0000000000000000 000000003fdcd7a2 10 0 8
7 00000000c176459e 00000000c2bb68b2 00000000c03ea46c 10 0 8
8 00000000c055682f 0000000000000000 000000003d11f3e1 10 0 8
9 000000003da48cc5 0000000000000000 00000000c0215eb4 10 0 8
a 00000000bcf853ff 0000000000000000 000000003fccf152 10 0 8
7 00000000c042019f 0000000042a55953 00000000bd161df6 10 0 8
8 0000000041b70eb1 0000000000000000 00000000500111a7 10 0 8
9 000000004bf968cc 0000000000000000 00000000418a6bb8 10 0 8
a 000000003e550322 0000000000000000 000000003fae3d52 10 0 8
7 0000000041a66a73 00000000c20be087 000000004026b7a1 10 0 8
8 000000004101c65d 0000000000000000 0000000045502ab5 10 0 8
9 0000000043e67232 0000000000000000 0000000040c442e1 10 0 8
a 000000003d9702c0 0000000000000000 000000003fbf9d7d 10 0 8
7 0000000040ebf44c 00000000c2b23b09 000000004043c74b 10 0 8
8 0000000042236ca9 0000000000000000 000000005cf6115d 10 0 8
9 0000000055be0f2b 0000000000000000 0000000041f72677 10 0 8
a 000000003ebe2aa9 0000000000000000 000000003f985a6a 10 0 8
7 0000000042149154 0000000041dbabe5 000000003f6f266c 10 0 8
8 0000000040f6e53b 0000000000000000 00000000450c2cde 10 0 8
9 0000000043aae2cb 0000000000000000 0000000040bab14d 10 0 8
a 000000003d8fa5f4 0000000000000000 000000003fc01398 10 0 8
7 0000000040e0734d 0000000041cc74d3 000000003e892400 10 0 8
8 00000000c2433640 0000000000000000 000000001c40f6ae 10 0 8
9 0000000024d8d31f 0000000000000000 00000000c2139c8f 10 0 8
a 00000000bee327db 0000000000000000 000000004001f35d 10 0 8
7 00000000c2317723 00000000c23a3e55 00000000c018573e 10 0 8
8 0000000042216e20 0000000000000000 000000005c95761a 10 0 8
9 0000000055825d74 0000000000000000 0000000041f42260 10 0 8
a 000000003ebbd895 0000000000000000 000000003f98fa39 10 0 8
7 000000004212c135 00000000c292f38a 00000000402b6c39 10 0 8
8 00000000411878ea 0000000000000000 000000004656fff1 10 0 8
9 0000000044a86923 0000000000000000 0000000040e6964d 10 0 8
a 000000003db16c1e 0000000000000000 000000003fbdf589 10 0 8
7 00000000410a9c77 00000000c265d632 00000000403f7c15 10 0 8
8 0000000041b9a92e 0000000000000000 000000005032b680 10 0 8
9 000000004c1f7f61 0000000000000000 00000000418c63b1 10 0 8
a 000000003e580aaf 0000000000000000 000000003fadda2d 10 0 8
7 0000000041a8c859 0000000040980aec 000000003facb56f 10 0 8
8 00000000c130329f 0000000000000000 00000000378a6218 10 0 8
9 00000000397d9e6b 0000000000000000 00000000c1053bd9 10 0 8
a 00000000bdcd07b4 0000000000000000 000000003fd5e5d7 10 0 8
7 00000000c1202e05 0000000042b65a7a 00000000bddff952 10 0 8
8 0000000042a19c58 0000000000000000 0000000079bf0217 10 0 8
9 000000006b8e2720 0000000000000000 0000000042746845 10 0 8
a 000000003f3c0e5d 0000000000000000 000000003f3ee807 10 0 8
7 000000004292eb39 00000000c23ffc03 0000000040099200 10 0 8
8 00000000415b318f 0000000000000000 0000000049596ba4 10 0 8
9 0000000046f66d58 0000000000000000 000000004125bedc 10 0 8
a 000000003dff0fc7 0000000000000000 000000003fb9143e 10 0 8
7 0000000041474453 0000000041c6ecf5 000000003eedbd23 10 0 8
8 0000000042aa6d38 0000000000000000 000000007cf50866 10 0 8
9 000000006df8ff32 0000000000000000 000000004280deb2 10 0 8
a 000000003f46508c 0000000000000000 000000003f2f4284 10 0 8
7 00000000429aeeed 0000000041a1db9d 000000003fa85cb7 10 0 8
8 00000000429a63ca 0000000000000000 00000000772545ae 10 0 8
9 000000006994534b 0000000000000000 0000000042697caa 10 0 8
a 000000003f33a752 0000000000000000 000000003f4afc75 10 0 8
7 00000000428c5ab8 00000000c26a5aba 0000000040110d56 10 0 8
8 00000000c2a609ff 0000000000000000 000000000395ee12 10 0 8
9 00000000122cd5ab 0000000000000000 00000000c27b1ab7 10 0 8
a 00000000bf413586 0000000000000000 00000000401b440b 10 0 8
7 00000000c296f1d0 0000000041cc9682 00000000bf9f3e6d 10 0 8
8 00000000c1b390bb 0000000000000000 000000002f4469a7 10 0 8
9 000000003336c2e1 0000000000000000 00000000c187c7bd 10 0 8
a 00000000be50f2e2 0000000000000000 000000003fe35d82 10 0 8
7 00000000c1a33dc1 00000000c1b25c0b 00000000c019a087 10 0 8
8 00000000c21966e0 0000000000000000 0000000023cbefbc 10 0 8
9 000000002a8f52c7 0000000000000000 00000000c1e7fe2d 10 0 8
a 00000000beb28105 0000000000000000 000000003ff6a534 10 0 8
7 00000000c20b74cc 00000000c26c866c 00000000c026f76e 10 0 8
8 00000000c284113a 0000000000000000 000000000fd4d595 10 0 8
9 000000001b799187 0000000000000000 00000000c247ba69 10 0 8
a 00000000bf19ada6 0000000000000000 00000000400dbd51 10 0 8
7 00000000c2701f53 0000000042608a32 00000000bf51a4cb 10 0 8
8 00000000c25aec0e 0000000000000000 000000001803a603 10 0 8
9 00000000219cee07 0000000000000000 00000000c2258a4e 10 0 8
a 00000000befebee6 0000000000000000 000000004005dc43 10 0 8
7 00000000c2470524 00000000c1e6db06 00000000c0062adb 10 0 8
8 0000000041ec06f4 0000000000000000 0000000054bd4879 10 0 8
9 000000004f9190b6 0000000000000000 0000000041b27974 10 0 8
a 000000003e89532c 0000000000000000 000000003fa64e1f 10 0 8
7 0000000041d691f5 00000000c1d5be95 000000004016ac4e 10 0 8
8 00000000c1e187af 0000000000000000 000000002b20be75 10 0 8
9 000000003017c987 0000000000000000 00000000c1aa8973 10 0 8
a 00000000be8337ac 0000000000000000 000000003fea3c88 10 0 8
7 00000000c1cd06fc 000000004215f38b 00000000bf1983b0 10 0 8
8 0000000042a19bcb 0000000000000000 0000000079becd85 10 0 8
9 000000006b8e09ab 0000000000000000 0000000042746770 10 0 8
a 000000003f3c0dba 0000000000000000 000000003f3ee8f7 10 0 8
7 000000004292eab9 000000004229cb92 000000003f85fe03 10 0 8
8 00000000422e1f13 0000000000000000 000000005edf0486 10 0 8
9 00000000573379f3 0000000000000000 000000004203a9ea 10 0 8
a 000000003eca9d2d 0000000000000000 000000003f94fbc4 10 0 8
7 00000000421e4acb 00000000c2921c32 0000000040294a32 10 0 8
8 00000000409848bb 0000000000000000 0000000042e93ae6 10 0 8
9 0000000042122b86 0000000000000000 0000000040664d6f 10 0 8
a 000000003d31340d 0000000000000000 000000003fc385c9 10 0 8
7 00000000408a70aa 000000003f62b27c 000000003faf37fe 10 0 8
8 00000000c2234b6e 0000000000000000 0000000022098f13 10 0 8
9 000000002930b142 0000000000000000 00000000c1f6f436 10 0 8
a 00000000bebe03fe 0000000000000000 000000003ff9bae2 10 0 8
7 00000000c214731e 0000000042414b5b 00000000bf27a8e1 10 0 8
8 0000000042a6ddae 0000000000000000 000000007ba53acf 10 0 8
9 000000006d019664 0000000000000000 00000000427c5ad9 10 0 8
a 000000003f422bd8 0000000000000000 000000003f35b688 10 0 8
7 000000004297b241 0000000042760252 000000003f63b42f 10 0 8
8 00000000c2ce7df9 0000000000000000 0000000000000001 18 0 8
9 0000000007252fe7 0000000000000000 00000000c29c2423 10 0 8
a 00000000bf70481d 0000000000000000 00000000403284aa 10 0 8
7 00000000c2bbb857 00000000c23967a5 00000000c001e34d 10 0 8
8 00000000c28d0554 0000000000000000 000000000c9ae0b5 10 0 8
9 00000000190741d2 0000000000000000 00000000c25544cc 10 0 8
a 00000000bf2418d1 0000000000000000 0000000040111000 10 0 8
7 00000000c2803363 000000004245c539 00000000bf69eda7 10 0 8
8 00000000c2ae98a6 0000000000000000 00000000008502e0 10 0 8
9 000000000fd99e7e 0000000000000000 00000000c28405d8 10 0 8
a 00000000bf4b2aa6 0000000000000000 00000000401f33b8 10 0 8
7 00000000c29eb951 00000000422997d5 00000000bf8a41d4 10 0 8
8 0000000041da2e5b 0000000000000000 000000005322b3e5 10 0 8
9 000000004e57901d 0000000000000000 0000000041a4fadd 10 0 8
a 000000003e7de229 0000000000000000 000000003fa8fdf6 10 0 8
7 0000000041c658b0 0000000042b6ae63 000000003e87b4d8 10 0 8
8 0000000042913528 0000000000000000 0000000073d68ce2 10 0 8
9 0000000067137576 0000000000000000 00000000425b99c0 10 0 8
a 000000003f28f809 0000000000000000 000000003f59951a 10 0 8
7 00000000428401c7 000000004266d0f0 000000003f5a3607 10 0 8
8 000000004215b6c5 0000000000000000 000000005a7fa044 10 0 8
9 0000000053e3b6a1 0000000000000000 0000000041e26a62 10 0 8
a 000000003eae366c 0000000000000000 000000003f9c9f0f 10 0 8
7 0000000042081a85 00000000c2bf7db9 0000000040333567 10 0 8
8 00000000411c21e5 0000000000000000 000000004687218a 10 0 8
9 0000000044c83682 0000000000000000 0000000040ec1f51 10 0 8
a 000000003db5ae6d 0000000000000000 000000003fbdb120 10 0 8
7 00000000410df045 00000000c2898f8d 000000004040da48 10 0 8
8 00000000c29639b8 0000000000000000 000000000946ceec 10 0 8
9 00000000168553eb 0000000000000000 00000000c263306c 10 0 8
a 00000000bf2ececd 0000000000000000 000000004014a2ea 10 0 8
7 00000000c2889190 00000000c21c76d0 00000000c005d30c 10 0 8
8 0000000042b5b7a3 0000000000000000 000000007f800000 14 0 8
9 00000000710af626 0000000000000000 0000000042896850 10 0 8
a 000000003f5373f1 0000000000000000 000000003f194dd5 10 0 8
7 0000000042a53294 00000000c2c72bcb 00000000401cbf1f 10 0 8
8 00000000421252e6 0000000000000000 0000000059db0e9d 10 0 8
9 00000000536fef40 0000000000000000 0000000041dd49e2 10 0 8
a 000000003eaa4489 0000000000000000 000000003f9dab28 10 0 8
7 000000004205058b 00000000c20494f8 000000004016b0c4 10 0 8
8 00000000c2803449 0000000000000000 000000001137920a 10 0 8
9 000000001c8666f4 0000000000000000 00000000c241e2d0 10 0 8
a 00000000bf152ee1 0000000000000000 00000000400c587c 10 0 8
7 00000000c269193f 00000000422dae2a 00000000bf6e317d 10 0 8
8 0000000042150863 0000000000000000 000000005a579953 10 0 8
9 0000000053c83345 0000000000000000 0000000041e162aa 10 0 8
a 000000003ead6b82 0000000000000000 000000003f9cd4fd 10 0 8
7 0000000042077bfd 00000000c299a8b2 00000000402e7cc4 10 0 8
8 00000000423fa46f 0000000000000000 00000000620b22e9 10 0 8
9 000000005999ecd5 0000000000000000 000000004210e990 10 0 8
a 000000003edf0081 0000000000000000 000000003f8f60f5 10 0 8
7 00000000422e3864 00000000426bac0a 000000003f22f739 10 0 8
8 0000000042b9c15a 0000000000000000 000000007f800000 14 0 8
9 00000000721fe785 0000000000000000 00000000428c75f8 10 0 8
a 000000003f5826d0 0000000000000000 000000003f10c1fc 10 0 8
7 0000000042a8de52 0000000041ba5b84 000000003fa69ae0 10 0 8
8 000000004286fb20 0000000000000000 0000000070253664 10 0 8
9 0000000064458977 0000000000000000 00000000424c2272 10 0 8
a 000000003f1d119a 0000000000000000 000000003f690606 10 0 8
7 0000000042756b81 00000000c267a830 000000004014f35e 10 0 8
8 0000000042cfd2b1 0000000000000000 000000007f800000 14 0 8
9 0000000078240d46 0000000000000000 00000000429d25c7 10 0 8
a 000000003f71d496 0000000000000000 000000003eab2571 10 0 8
7 0000000042bcee15 000000003f12cde9 000000003fc848f0 10 0 8
8 00000000c23aaaf5 0000000000000000 000000001dcc3298 10 0 8
9 0000000026084bcd 0000000000000000 00000000c20d269d 10 0 8
a 00000000bed936a4 0000000000000000 0000000040009237 10 0 8
7 00000000c229b2b0 00000000c18e5890 00000000bffbe4e1 10 0 8
8 00000000c120421a 0000000000000000 00000000383b5f6c 10 0 8
9 000000003a06abfb 0000000000000000 00000000c0f25ca4 10 0 8
a 00000000bdba7b77 0000000000000000 000000003fd4bbb6 10 0 8
7 00000000c111b075 0000000042835919 00000000be0d1388 10 0 8
8 00000000c2b82ad7 0000000000000000 0000000000011c51 18 0 8
9 000000000d3ac3f1 0000000000000000 00000000c28b4295 10 0 8
a 00000000bf564dc7 0000000000000000 00000000402404ef 10 0 8
7 00000000c2a76cc4 0000000042917fd0 00000000bf5af843 10 0 8
8 0000000042813fba 0000000000000000 000000006e167a0b 10 0 8
9 0000000062b4f235 0000000000000000 0000000042437744 10 0 8
a 000000003f166615 0000000000000000 000000003f715db9 10 0 8
7 00000000426aff80 00000000429eab76 000000003f232d4b 10 0 8
8 00000000c2c85895 0000000000000000 0000000000000016 18 0 8
9 0000000008d2e40f 0000000000000000 00000000c2977e67 10 0 8
a 00000000bf692142 0000000000000000 00000000402dcdc5 10 0 8
7 00000000c2b621fc 0000000042b97c58 00000000bf46ba22 10 0 8
8 00000000c10b8969 0000000000000000 00000000392b0a30 10 0 8
9 000000003ab34994 0000000000000000 00000000c0d3063e 10 0 8
a 00000000bda25ebb 0000000000000000 000000003fd33881 10 0 8
7 00000000c0fdb404 000000004291d009 00000000bdddd6bc 10 0 8
8 00000000411205ac 0000000000000000 00000000460faae2 10 0 8
9 00000000447851e2 0000000000000000 0000000040dcd517 10 0 8
a 000000003da9eaac 0000000000000000 000000003fbe6e0f 10 0 8
7 000000004104bf56 0000000041f31c49 000000003e8875bc 10 0 8
8 0000000042d433d0 0000000000000000 000000007f800000 14 0 8
9 000000007956c954 0000000000000000 0000000042a07586 10 0 8
a 000000003f76ed2a 0000000000000000 000000003e88b966 10 0 8
7 0000000042c0e949 00000000c2a7d91e 0000000040125b77 10 0 8
8 0000000042c2f62b 0000000000000000 000000007f800000 14 0 8
9 0000000074a251a6 0000000000000000 0000000042936c1a 10 0 8
a 000000003f62dd49 0000000000000000 000000003ef6a6eb 10 0 8
7 0000000042b13ce1 0000000041a5da84 000000003faba577 10 0 8
8 000000004185490e 0000000000000000 000000004b834231 10 0 8
9 0000000048908906 0000000000000000 00000000414991fe 10 0 8
a 000000003e1b1880 0000000000000000 000000003fb5999e 10 0 8
7 0000000041725648 0000000041ce6585 000000003f07e623 10 0 8
8 00000000c2531b24 0000000000000000 00000000196842a2 10 0 8
9 0000000022abecb4 0000000000000000 00000000c21fa14a 10 0 8
a 00000000bef5a690 0000000000000000 0000000040048eaa 10 0 8
7 00000000c23fea21 00000000422536e6 00000000bf5c2a70 10 0 8
8 0000000041c399c5 0000000000000000 00000000511ac5fa 10 0 8
9 000000004ccc0e3a 0000000000000000 000000004193e7d0 10 0 8
a 000000003e639ba9 0000000000000000 000000003fac5f0c 10 0 8
7 0000000041b1d19c 0000000041faeda4 000000003f1dd32f 10 0 8
8 00000000c08bdf06 0000000000000000 000000003c4f1376 10 0 8
9 000000003d164bce 0000000000000000 00000000c05387b9 10 0 8
a 00000000bd22c25b 0000000000000000 000000003fce2645 10 0 8
7 00000000c07e4faf 000000004212a437 00000000bddd1e8a 10 0 8
8 000000004180296e 0000000000000000 000000004b0a5cb5 10 0 8
9 0000000048321bd2 0000000000000000 000000004141d265 10 0 8
a 000000003e15223f 0000000000000000 000000003fb65a8a 10 0 8
7 0000000041690582 00000000c210bda7 00000000403092a2 10 0 8
8 0000000042bc6f76 0000000000000000 000000007f800000 14 0 8
9 0000000072dc3dab 0000000000000000 00000000428e7cc7 10 0 8
a 000000003f5b4530 0000000000000000 000000003f0ad41a 10 0 8
7 0000000042ab4e0e 00000000c187777b 000000003fe20b8f 10 0 8
8 00000000c19f4489 0000000000000000 00000000311b37f2 10 0 8
9 00000000349b98fa 0000000000000000 00000000c170dd2a 10 0 8
a 00000000be395467 0000000000000000 000000003fe05b45 10 0 8
7 00000000c190c9f1 00000000c2ae865b 00000000c03bf93f 10 0 8
8 00000000426ec46e 0000000000000000 000000006a8ad2a6 10 0 8
9 00000000600af18d 0000000000000000 0000000042348be2 10 0 8
a 000000003f0aeb4e 0000000000000000 000000003f7f48c2 10 0 8
7 0000000042590faa 00000000c238ff72 000000004011b410 10 0 8
8 00000000421272d1 0000000000000000 0000000059e1fe1b 10 0 8
9 000000005375a82c 0000000000000000 0000000041dd7a28 10 0 8
a 000000003eaa69ae 0000000000000000 000000003f9da14f 10 0 8
7 0000000042052290 00000000c2a0b556 00000000402fede1 10 0 8
8 0000000041e33f12 0000000000000000 0000000053fca221 10 0 8
9 000000004efde786 0000000000000000 0000000041abd5b2 10 0 8
a 000000003e843750 0000000000000000 000000003fa7a10a 10 0 8
7 0000000041ce966e 00000000c18736c8 0000000040099f1d 10 0 8
8 00000000c2ab3b67 0000000000000000 0000000001b2cc76 10 0 8
9 0000000010c21b3a 0000000000000000 00000000c2817a9a 10 0 8
a 00000000bf474078 0000000000000000 00000000401d9e6a 10 0 8
7 00000000c29baa5e 00000000c1c7d3ec 00000000bff0cfb0 10 0 8
8 0000000042359389 0000000000000000 000000006033becc 10 0 8
9 000000005837a641 0000000000000000 0000000042094d04 10 0 8
a 000000003ed349ee 0000000000000000 000000003f929cc5 10 0 8
7 00000000422511c2 0000000041438da4 000000003fa434b5 10 0 8
8 00000000c1dfdcc4 0000000000000000 000000002b460019 10 0 8
9 000000003031b3a3 0000000000000000 00000000c1a946a1 10 0 8
a 00000000be823f48 0000000000000000 000000003fe9fc4e 10 0 8
7 00000000c1cb82e1 00000000c2c32649 00000000c038bd5d 10 0 8
8 0000000042d775d8 0000000000000000 000000007f800000 14 0 8
9 000000007a38084c 0000000000000000 0000000042a2ec30 10 0 8
a 000000003f7ab7ac 0000000000000000 000000003e506277 10 0 8
7 0000000042c3df7f 00000000c114134d 000000003fd51f2a 10 0 8
8 0000000042346bf7 0000000000000000 000000006006adf4 10 0 8
9 000000005813a392 0000000000000000 0000000042086d85 10 0 8
a 000000003ed1f1ff 0000000000000000 000000003f92fb1b 10 0 8
7 000000004224050f 00000000c2251f72 00000000401702cd 10 0 8
8 0000000040c888aa 0000000000000000 000000004403ae89 10 0 8
9 0000000042e48d68 0000000000000000 000000004097a2c3 10 0 8
a 000000003d695935 0000000000000000 000000003fc1c40e 10 0 8
7 0000000040b64db2 00000000c2aca2fe 000000004044d815 10 0 8
8 0000000041a2dc66 0000000000000000 000000004e2566e5 10 0 8
9 000000004a93e1f7 0000000000000000 0000000041764c4c 10 0 8
a 000000003e3d82cb 0000000000000000 000000003fb13c58 10 0 8
7 0000000041940e2e 00000000c2af5da0 00000000403bbfc3 10 0 8
8 00000000c29cf623 0000000000000000 0000000006db382b 10 0 8
9 0000000014a71c15 0000000000000000 00000000c26d604b 10 0 8
a 00000000bf36a565 0000000000000000 0000000040175fcc 10 0 8
7 00000000c28eb137 00000000c280650b 00000000c0136c93 10 0 8
8 00000000421d93fe 0000000000000000 000000005be4386b 10 0 8
9 0000000054fbbfce 0000000000000000 0000000041ee4f06 10 0 8
a 000000003eb75d15 0000000000000000 000000003f9a2e09 10 0 8
7 00000000420f40b8 0000000042a79c57 000000003ecec552 10 0 8
8 00000000c15a94f0 0000000000000000 00000000359c964a 10 0 8
9 000000003808df88 0000000000000000 00000000c125486e 10 0 8
a 00000000bdfe5988 0000000000000000 000000003fd8fffc 10 0 8
7 00000000c146b5f2 0000000041d17ab8 00000000bee2c06c 10 0 8
8 00000000c2dace9d 0000000000000000 0000000000000000 18 0 8
9 0000000003c8f2b1 0000000000000000 00000000c2a5740b 10 0 8
a 00000000bf7e9ca5 0000000000000000 00000000404264e5 10 0 8
7 00000000c2c6ea61 0000000041888665 00000000bfb34f87 10 0 8
8 00000000c184aa5b 0000000000000000 000000003386e122 10 0 8
9 00000000367064e4 0000000000000000 00000000c148a1fc 10 0 8
a 00000000be1a5fd4 0000000000000000 000000003fdc6ebd 10 0 8
7 00000000c17135bc 00000000c151265e 00000000c0123f84 10 0 8
8 00000000c1b82247 0000000000000000 000000002eddea69 10 0 8
9 0000000032ed57f0 0000000000000000 00000000c18b3c1b 10 0 8
a 00000000be5643d0 0000000000000000 000000003fe40b60 10 0 8
7 00000000c1a764fb 00000000c28ee885 00000000c036d487 10 0 8
8 00000000c294fab7 0000000000000000 0000000009b959b7 10 0 8
9 0000000016d590a1 0000000000000000 00000000c2614dfc 10 0 8
a 00000000bf2d5b99 0000000000000000 0000000040142458 10 0 8
7 00000000c2876f8f 000000004109c691 00000000bfb8df55 10 0 8
8 0000000042821cfc 0000000000000000 000000006e67d168 10 0 8
9 0000000062fae105 0000000000000000 000000004244c5e2 10 0 8
a 000000003f17678c 0000000000000000 000000003f701eff 10 0 8
7 00000000426c91ca 00000000428050c7 000000003f3ea78f 10 0 8
8 00000000420cbd3f 0000000000000000 0000000058d8e8ed 10 0 8
9 0000000052a6f7d9 0000000000000000 0000000041d4d7ca 10 0 8
a 000000003ea3c4f1 0000000000000000 000000003f9f6320 10 0 8
7 0000000041ffe3b8 00000000c1bbe61d 00000000400d1125 10 0 8
8 00000000c2c5dca0 0000000000000000 000000000000004d 18 0 8
9 000000000986dd88 0000000000000000 00000000c2959d84 10 0 8
a 00000000bf663d3c 0000000000000000 00000000402c1aa8 10 0 8
7 00000000c2b3dfd7 00000000c2571164 00000000c00703f9 10 0 8
8 00000000c1d7a47c 0000000000000000 000000002c0a4de1 10 0 8
9 0000000030c13bd2 0000000000000000 00000000c1a30f74 10 0 8
a 00000000be7aedf2 0000000000000000 000000003fe8c036 10 0 8
7 00000000c1c409e5 00000000c2552271 00000000c02d7982 10 0 8
8 00000000428cdf2c 0000000000000000 0000000072446115 10 0 8
9 0000000065e4fd82 0000000000000000 0000000042550b18 10 0 8
a 000000003f23ec6b 0000000000000000 000000003f60393e 10 0 8
7 00000000428010b3 0000000042c1eeba 000000003f15685a 10 0 8
8 00000000c1e2f7e9 0000000000000000 000000002b064ab1 10 0 8
9 0000000030047e05 0000000000000000 00000000c1ab9fe2 10 0 8
a 00000000be840de9 0000000000000000 000000003fea73f4 10 0 8
7 00000000c1ce55bc 00000000c2bd0cc6 00000000c0380397 10 0 8
8 0000000042b12e92 0000000000000000 000000007f605eb1 10 0 8
9 000000006fc81d65 0000000000000000 000000004285fa5d 10 0 8
a 000000003f4e2ce2 0000000000000000 000000003f226e21 10 0 8
7 0000000042a11311 00000000c2af9fa2 0000000040198f6c 10 0 8
8 00000000416aa16e 0000000000000000 000000004a0ea4d4 10 0 8
9 00000000477f9054 0000000000000000 0000000041316b1c 10 0 8
a 000000003e088329 0000000000000000 000000003fb7f26a 10 0 8
7 0000000041554cef 00000000c2834173 00000000403c3c60 10 0 8
8 0000000042d6b036 0000000000000000 000000007f800000 14 0 8
9 000000007a097240 0000000000000000 0000000042a256bf 10 0 8
a 000000003f79d1b3 0000000000000000 000000003e617971 10 0 8
7 0000000042c32bd4 00000000c29bf1ad 00000000400fad01 10 0 8
8 00000000c1dde3c9 0000000000000000 000000002b7d5e1c 10 0 8
9 0000000030561fb1 0000000000000000 00000000c1a7c8c8 10 0 8
a 00000000be81197a 0000000000000000 000000003fe9b061 10 0 8
7 00000000c1c9b7ce 00000000c29e8d14 00000000c0355a76 10 0 8
8 00000000c1d2a742 0000000000000000 000000002c8104af 10 0 8
9 00000000311ad484 0000000000000000 00000000c19f49ab 10 0 8
a 00000000be751fb8 0000000000000000 000000003fe800bb 10 0 8
7 00000000c1bf80c8 0000000042a2b878 00000000be9281c4 10 0 8
8 0000000042afba2f 0000000000000000 000000007ed8d521 10 0 8
9 000000006f66eb6e 0000000000000000 000000004284e0c7 10 0 8
a 000000003f4c7b90 0000000000000000 000000003f2543b3 10 0 8
7 00000000429fc088 00000000409af49c 000000003fc14fc6 10 0 8
8 0000000042bd0cf4 0000000000000000 000000007f800000 14 0 8
9 00000000730af559 0000000000000000 00000000428ef3de 10 0 8
a 000000003f5bfc75 0000000000000000 000000003f096f63 10 0 8
7 0000000042abdd3b 00000000c03093d6 000000003fcd2b93 10 0 8
8 0000000042566f0d 0000000000000000 00000000662216c7 10 0 8
9 000000005cb2c490 0000000000000000 0000000042222579 10 0 8
a 000000003ef985e1 0000000000000000 000000003f87e73e 10 0 8
7 000000004242f097 000000004241355b 000000003f4a342f 10 0 8
8 0000000042d2ef68 0000000000000000 000000007f800000 14 0 8
9 000000007905064d 0000000000000000 00000000429f8038 10 0 8
a 000000003f7573ac 0000000000000000 000000003e937cdb 10 0 8
7 0000000042bfc25e 0000000042492076 000000003f8b3d07 10 0 8
8 00000000c0c2d582 0000000000000000 000000003b14ade9 10 0 8
9 000000003c240b0a 0000000000000000 00000000c0935368 10 0 8
a 00000000bd62b748 0000000000000000 000000003fd02682 10 0 8
7 00000000c0b11f30 00000000c254b7ab 00000000c0426cae 10 0 8
8 00000000c2644b78 0000000000000000 00000000164a4229 10 0 8
9 000000002055742d 0000000000000000 00000000c22ca0a6 10 0 8
a 00000000bf04d379 0000000000000000 0000000040077185 10 0 8
7 00000000c24f8a6d 00000000c227ef3d 00000000c0101207 10 0 8
8 00000000c181619f 0000000000000000 0000000033cb57e7 10 0 8
9 0000000036a3f292 0000000000000000 00000000c143aa87 10 0 8
a 00000000be168d86 0000000000000000 000000003fdbf312 10 0 8
7 00000000c16b3d22 00000000c24e8ea1 00000000c0374f59 10 0 8
8 00000000c2da1b84 0000000000000000 0000000000000000 18 0 8
9 000000000402e580 0000000000000000 00000000c2a4ec9d 10 0 8
a 00000000bf7dcc3c 0000000000000000 000000004040a946 10 0 8
7 00000000c2c6478f 00000000419c5280 00000000bfb02712 10 0 8
8 00000000c287630d 0000000000000000 000000000ea1e716 10 0 8
9 000000001a8e47ad 0000000000000000 00000000c24cbf9e 10 0 8
a 00000000bf1d8a88 0000000000000000 00000000400ef4ab 10 0 8
7 00000000c2762875 0000000042103767 00000000bf8539fb 10 0 8
8 00000000c0a577e1 0000000000000000 000000003bba1b80 10 0 8
9 000000003ca42b35 0000000000000000 00000000c07a3dbd 10 0 8
a 00000000bd408b7f 0000000000000000 000000003fcf14c8 10 0 8
7 00000000c0966cfb 0000000041d58bae 00000000be32804a 10 0 8
8 0000000042bb9eb6 0000000000000000 000000007f800000 14 0 8
9 0000000072a1cf8b 0000000000000000 00000000428ddeee 10 0 8
a 000000003f5a5248 0000000000000000 000000003f0ca7fc 10 0 8
7 0000000042aa9048 0000000042c1d480 000000003f38bd10 10 0 8
8 0000000042087ff3 0000000000000000 0000000058165204 10 0 8
9 000000005215d570 0000000000000000 0000000041ce6e79 10 0 8
a 000000003e9ed60d 0000000000000000 000000003fa0afca 10 0 8
7 0000000041f82e74 0000000042ab6cb0 000000003eb1cd9a 10 0 8
8 00000000c223958c 0000000000000000 0000000021ffe887 10 0 8
9 0000000029274828 0000000000000000 00000000c1f7644c 10 0 8
a 00000000bebe5a3c 0000000000000000 000000003ff9d21b 10 0 8
7 00000000c214b67f 000000004217d7c4 00000000bf466565 10 0 8
8 000000004206cff8 0000000000000000 0000000057c52b35 10 0 8
9 0000000051d9d299 0000000000000000 0000000041cbe12d 10 0 8
a 000000003e9cdf61 0000000000000000 000000003fa133e5 10 0 8
7 0000000041f51d08 00000000428fa826 000000003ece6f27 10 0 8
8 00000000c252f331 0000000000000000 0000000019718021 10 0 8
9 0000000022b11261 0000000000000000 00000000c21f8315 10 0 8
a 00000000bef57814 0000000000000000 000000004004880b 10 0 8
7 00000000c23fc5d0 00000000425a447a 00000000bf388b1e 10 0 8
8 00000000417d03c8 0000000000000000 000000004ae106a1 10 0 8
9 0000000048185325 0000000000000000 00000000413f51de 10 0 8
a 000000003e133566 0000000000000000 000000003fb698cd 10 0 8
7 0000000041660370 00000000422f1342 000000003ea27b84 10 0 8
8 00000000429d7f05 0000000000000000 0000000078434a27 10 0 8
9 000000006a7004e3 0000000000000000 00000000426e2f4f 10 0 8
a 000000003f3744ae 0000000000000000 000000003f45dc82 10 0 8
7 00000000428f2da8 00000000424350a3 000000003f78e283 10 0 8
8 000000004244e564 0000000000000000 0000000063015c03 10 0 8
9 000000005a4fc823 0000000000000000 000000004214e292 10 0 8
a 000000003ee51d8c 0000000000000000 000000003f8dace2 10 0 8
7 000000004232ff15 0000000042b899a9 000000003ee72205 10 0 8
8 00000000c284028f 0000000000000000 000000000fdb0515 10 0 8
9 000000001b7f08c0 0000000000000000 00000000c247a43a 10 0 8
a 00000000bf199c94 0000000000000000 00000000400db7fb 10 0 8
7 00000000c27004a7 00000000422349c2 00000000bf7930ff 10 0 8
8 00000000c17416a6 0000000000000000 00000000347e64fb 10 0 8
9 0000000037240186 0000000000000000 00000000c13891f0 10 0 8
a 00000000be0e03de 0000000000000000 000000003fdadf08 10 0 8
7 00000000c15de60b 00000000c229e6d3 00000000c034dd1b 10 0 8
8 00000000429584e3 0000000000000000 0000000075678e9b 10 0 8
9 00000000683c2a86 0000000000000000 0000000042621ef1 10 0 8
a 000000003f2dfc60 0000000000000000 000000003f52d334 10 0 8
7 000000004287ed2b 00000000c2b07646 00000000401f0e11 10 0 8
8 00000000c27590c8 0000000000000000 00000000132c8f33 10 0 8
9 000000001e027858 0000000000000000 00000000c239afdf 10 0 8
a 00000000bf0edfe0 0000000000000000 00000000400a6cdf 10 0 8
7 00000000c25f3dcd 00000000c193dc4b 00000000bff1ff0e 10 0 8
8 00000000c2a78b50 0000000000000000 00000000030d47b4 10 0 8
9 0000000011c3aafe 0000000000000000 00000000c27d616f 10 0 8
a 00000000bf42f5e4 0000000000000000 00000000401beff2 10 0 8
7 00000000c298501a 00000000c1ff251a 00000000bffbd373 10 0 8
8 00000000c2b8627d 0000000000000000 000000000000ff08 18 0 8
9 000000000d2c07a8 0000000000000000 00000000c28b6ca9 10 0 8
a 00000000bf568e88 0000000000000000 0000000040242291 10 0 8
7 00000000c2a79f5a 00000000c0592a24 00000000bfce3dc8 10 0 8
8 00000000c08ba982 0000000000000000 000000003c506ee7 10 0 8
9 000000003d170a56 0000000000000000 00000000c05336ca 10 0 8
a 00000000bd228415 0000000000000000 000000003fce2453 10 0 8
7 00000000c07dee61 00000000c294274f 00000000c045a323 10 0 8
8 00000000426150f8 0000000000000000 000000006819e18a 10 0 8
9 000000005e2ed72f 0000000000000000 00000000422a6013 10 0 8
a 000000003f0317d6 0000000000000000 000000003f843f88 10 0 8
7 00000000424cd53f 00000000c29331af 0000000040222814 10 0 8
8 0000000041118dde 0000000000000000 00000000460b86b6 10 0 8
9 000000004472e354 0000000000000000 0000000040dc1fe8 10 0 8
a 000000003da95f43 0000000000000000 000000003fbe76cd 10 0 8
7 000000004104526c 00000000422a1840 000000003e44b1e9 10 0 8
8 00000000c2adbbd4 0000000000000000 0000000000ccbc83 10 0 8
9 000000001016c3df 0000000000000000 00000000c2835ede 10 0 8
a 00000000bf4a29b1 0000000000000000 00000000401eca92 10 0 8
7 00000000c29df092 00000000424223da 00000000bf8285d7 10 0 8
8 00000000c22dd4fa 0000000000000000 00000000201df4c9 10 0 8
9 0000000027c0d806 0000000000000000 00000000c20371e2 10 0 8
a 00000000beca46f4 0000000000000000 000000003ffd0c79 10 0 8
7 00000000c21e076f 00000000c290bae4 00000000c0291460 10 0 8
8 00000000c2a8f8cf 0000000000000000 00000000028a624a 10 0 8
9 00000000116418b9 0000000000000000 00000000c27f8a30 10 0 8
a 00000000bf449f33 0000000000000000 00000000401c94fd 10 0 8
7 00000000c2999c5f 00000000c24f9663 00000000c00a8fb7 10 0 8
8 00000000c03b2010 0000000000000000 000000003d5c1146 10 0 8
9 000000003de077c7 0000000000000000 00000000c00d7f2a 10 0 8
a 00000000bcd9bee8 0000000000000000 000000003fcc76f1 10 0 8
7 00000000c02a1d26 0000000042935c6b 00000000bd13b30d 10 0 8
8 00000000c1d2032c 0000000000000000 000000002c8bc7d8 10 0 8
9 0000000031248016 0000000000000000 00000000c19ecd97 10 0 8
a 00000000be7460c8 0000000000000000 000000003fe7e827 10 0 8
7 00000000c1beeb9c 0000000041fb80b5 00000000bf263944 10 0 8
8 00000000c2973232 0000000000000000 0000000008f4bc90 10 0 8
9 000000001638bf73 0000000000000000 00000000c264a832 10 0 8
a 00000000bf2feff0 0000000000000000 0000000040150623 10 0 8
7 00000000c2897373 00000000c2ba8174 00000000c0206a1c 10 0 8
8 0000000042af32f5 0000000000000000 000000007ea680ab 10 0 8
9 000000006f3d1d73 0000000000000000 0000000042847a86 10 0 8
a 000000003f4bde35 0000000000000000 000000003f26488d 10 0 8
7 00000000429f4599 000000004280d7f4 000000003f63ffa5 10 0 8
8 00000000425d636c 0000000000000000 0000000067668e63 10 0 8
9 000000005da66a52 0000000000000000 00000000422767b8 10 0 8
a 000000003f00ceca 0000000000000000 000000003f85930e 10 0 8
7 000000004249431c 0000000042241d9a 000000003f62ffd3 10 0 8
8 000000004277254b 0000000000000000 000000006c0cf136 10 0 8
9 0000000061294a94 0000000000000000 00000000423ae1be 10 0 8
a 000000003f0fcb39 0000000000000000 000000003f796fe5 10 0 8
7 000000004260ad8a 0000000042bf42a1 000000003f07f484 10 0 8
8 0000000042afaeb4 0000000000000000 000000007ed40650 10 0 8
9 000000006f630960 0000000000000000 000000004284d819 10 0 8
a 000000003f4c6e33 0000000000000000 000000003f2559e8 10 0 8
7 00000000429fb618 0000000041ec123d 000000003f9bc123 10 0 8
8 00000000c1fa9da4 0000000000000000 0000000028df97d1 10 0 8
9 000000002e62c688 0000000000000000 00000000c1bd817a 10 0 8
a 00000000be91d015 0000000000000000 000000003fee06dc 10 0 8
7 00000000c1e3d520 0000000042438bb9 00000000bf0709d6 10 0 8
8 00000000bf6ef5ef 0000000000000000 000000003ec95158 10 0 8
9 000000003efcc607 0000000000000000 00000000bf34b151 10 0 8
a 00000000bc0b081c 0000000000000000 000000003fca25ec 10 0 8
7 00000000bf593cab 00000000c2945b74 00000000c048546f 10 0 8
8 00000000c2632c35 0000000000000000 000000001685e0be 10 0 8
9 000000002083f265 0000000000000000 00000000c22bc76e 10 0 8
a 00000000bf042c57 0000000000000000 00000000400740af 10 0 8
7 00000000c24e8548 0000000042a3b0d1 00000000bf101233 10 0 8
8 0000000042622841 0000000000000000 00000000683de295 10 0 8
9 000000005e4cf78f 0000000000000000 00000000422b02dd 10 0 8
a 000000003f039518 0000000000000000 000000003f83f692 10 0 8
7 00000000424d98f5 000000004099f6ba 000000003fbd1d6f 10 0 8
8 00000000c2c97b66 0000000000000000 000000000000000d 18 0 8
9 000000000889412b 0000000000000000 00000000c2985a4f 10 0 8
a 00000000bf6a73aa 0000000000000000 00000000402e9d72 10 0 8
7 00000000c2b72a5d 00000000c2543022 00000000c0062196 10 0 8
8 000000004232e649 0000000000000000 000000005fb81a84 10 0 8
9 0000000057dd712a 0000000000000000 00000000420746db 10 0 8
a 000000003ed02c8c 0000000000000000 000000003f93774a 10 0 8
7 000000004222a2ce 000000004291f4bd 000000003f022085 10 0 8
8 0000000042af9f10 0000000000000000 000000007ecda548 10 0 8
9 000000006f5dda5b 0000000000000000 000000004284cc45 10 0 8
a 000000003f4c5c00 0000000000000000 000000003f257821 10 0 8
7 00000000429fa7e0 00000000429b0c22 000000003f4ccf77 10 0 8
8 00000000c2d19c20 0000000000000000 0000000000000000 18 0 8
9 00000000064b4873 0000000000000000 00000000c29e7fac 10 0 8
a 00000000bf73e8e0 0000000000000000 000000004035506c 10 0 8
7 00000000c2be8def 0000000042b80708 00000000bf4d85ae 10 0 8
8 0000000041614c35 0000000000000000 00000000499f3473 10 0 8
9 0000000047246a75 0000000000000000 00000000412a5c79 10 0 8
a 000000003e031511 0000000000000000 000000003fb8a1ae 10 0 8
7 00000000414cd0ea 00000000c247a2a0 000000004038fe3c 10 0 8
8 00000000c08469e0 0000000000000000 000000003c82b607 10 0 8
9 000000003d334245 0000000000000000 00000000c048407a 10 0 8
a 00000000bd1a14cd 0000000000000000 000000003fcde0cc 10 0 8
7 00000000c070c081 000000004175dfe5 00000000be75d50b 10 0 8
8 0000000041ca23c8 0000000000000000 0000000051af3f88 10 0 8
9 000000004d3d4c37 0000000000000000 000000004198d9a1 10 0 8
a 000000003e6b3799 0000000000000000 000000003fab6517 10 0 8
7 0000000041b7c370 00000000c290bf3c 000000004035648b 10 0 8
8 00000000c24557d7 0000000000000000 000000001be285df 10 0 8
9 000000002490ec79 0000000000000000 00000000c215391c 10 0 8
a 00000000bee5a2b8 0000000000000000 0000000040024c08 10 0 8
7 00000000c2336720 00000000c25b323d 00000000c01d2a28 10 0 8
8 000000004213095c 0000000000000000 000000005a02e442 10 0 8
9 0000000053894554 0000000000000000 0000000041de5dd3 10 0 8
a 000000003eab18db 0000000000000000 000000003f9d72db 10 0 8
7 000000004205ab6b 0000000042aeacc2 000000003ebb1ab0 10 0 8
8 000000004207fbed 0000000000000000 0000000058042316 10 0 8
9 000000005207ea71 0000000000000000 0000000041cda6d0 10 0 8
a 000000003e9e3c6c 0000000000000000 000000003fa0d82f 10 0 8
7 0000000041f73e69 00000000428b97df 000000003ed56caa 10 0 8
8 0000000042ce7de3 0000000000000000 000000007f800000 14 0 8
9 0000000077c657ef 0000000000000000 00000000429c2413 10 0 8
a 000000003f704803 0000000000000000 000000003eb45a1d 10 0 8
7 0000000042bbb842 00000000c0a3a3fb 000000003fd00764 10 0 8
8 00000000419657d9 0000000000000000 000000004d0a5f69 10 0 8
9 0000000049b52ffe 0000000000000000 0000000041635dfc 10 0 8
a 000000003e2ef1dc 0000000000000000 000000003fb31606 10 0 8
7 000000004188acf4 00000000c2bc66cf 00000000403d945e 10 0 8
8 00000000c250f2bc 0000000000000000 0000000019c72c21 10 0 8
9 000000002301429c 0000000000000000 00000000c21dff95 10 0 8
a 00000000bef323c3 0000000000000000 000000004004333a 10 0 8
7 00000000c23df3f0 0000000042bd6f17 00000000beedf2c4 10 0 8
8 00000000c2908fe9 0000000000000000 000000000b52e7c8 10 0 8
9 00000000180dd1e2 0000000000000000 00000000c25a9fd9 10 0 8
a 00000000bf2837c0 0000000000000000 0000000040126ab3 10 0 8
7 00000000c2836b8e 000000004208a005 00000000bf8bb40e 10 0 8
8 0000000041bb5da7 0000000000000000 00000000505d29d7 10 0 8
9 000000004c3b6358 0000000000000000 00000000418dadbc 10 0 8
a 000000003e5a0693 0000000000000000 000000003fad9937 10 0 8
7 0000000041aa5523 0000000041cbfbeb 000000003f321be4 10 0 8
8 00000000c1763956 0000000000000000 00000000345e9bef 10 0 8
9 00000000371442ff 0000000000000000 00000000c13a2f53 10 0 8
a 00000000be0f41f1 0000000000000000 000000003fdb072f 10 0 8
7 00000000c15fd708 00000000c20bb7b7 00000000c030ae44 10 0 8
8 00000000c29e57de 0000000000000000 00000000065bb78e 10 0 8
9 00000000144638aa 0000000000000000 00000000c26f773f 10 0 8
a 00000000bf384102 0000000000000000 000000004017f355 10 0 8
7 00000000c28ff2c9 00000000c223574f 00000000c0058f47 10 0 8
8 00000000c275db6e 0000000000000000 0000000013206d75 10 0 8
9 000000001df6f235 0000000000000000 00000000c239e850 10 0 8
a 00000000bf0f0b4e 0000000000000000 00000000400a79f5 10 0 8
7 00000000c25f81a9 00000000c2a1b366 00000000c0225bde 10 0 8
8 00000000416db802 0000000000000000 000000004a2d032c 10 0 8
9 000000004793dc6f 0000000000000000 000000004133c0ea 10 0 8
a 000000003e0a4f22 0000000000000000 000000003fb7b865 10 0 8
7 0000000041581ba5 00000000c2a87f4c 00000000403ee355 10 0 8
8 00000000c2a6f32e 0000000000000000 00000000033e2997 10 0 8
9 0000000011f4f618 0000000000000000 00000000c27c7b5d 10 0 8
a 00000000bf4244dd 0000000000000000 00000000401babd3 10 0 8
7 00000000c297c5cc 00000000c27421b2 00000000c00fe16d 10 0 8
8 0000000042b4909f 0000000000000000 000000007f800000 14 0 8
9 0000000070b3c399 0000000000000000 000000004288893c 10 0 8
a 000000003f521ca7 0000000000000000 000000003f1baac1 10 0 8
7 0000000042a42662 00000000c216d874 000000004000189a 10 0 8
8 00000000c2a58547 0000000000000000 0000000003c24bde 10 0 8
9 0000000012524297 0000000000000000 00000000c27a5200 10 0 8
a 00000000bf409b16 0000000000000000 00000000401b0950 10 0 8
7 00000000c2967929 00000000c1162696 00000000bfd8f213 10 0 8
8 00000000c27d269e 0000000000000000 0000000011cf3c72 10 0 8
9 000000001cf8cd90 0000000000000000 00000000c23f6c35 10 0 8
a 00000000bf1349ab 0000000000000000 00000000400bc3b3 10 0 8
7 00000000c266231b 00000000c272644d 00000000c01874b4 10 0 8
8 0000000041b22c2f 0000000000000000 000000004f8c2ce7 10 0 8
9 000000004b9d2dca 0000000000000000 000000004186ba23 10 0 8
a 000000003e4f53ff 0000000000000000 000000003faef72b 10 0 8
7 0000000041a1f99f 00000000c2a73984 000000004039db5d 10 0 8
8 00000000c2b74c77 0000000000000000 000000000001b6f6 18 0 8
9 000000000d81b007 0000000000000000 00000000c28a9a6e 10 0 8
a 00000000bf554b03 0000000000000000 0000000040238f51 10 0 8
7 00000000c2a6a29b 00000000c2ba9b30 00000000c01a6933 10 0 8
8 00000000419568af 0000000000000000 000000004cf63e31 10 0 8
9 0000000049a5dfb6 0000000000000000 000000004161f44a 10 0 8
a 000000003e2ddb8f 0000000000000000 000000003fb33954 10 0 8
7 000000004187d387 0000000041127fd9 000000003f89c15b 10 0 8
8 00000000428675c0 0000000000000000 000000006ffea5d6 10 0 8
9 00000000642237ef 0000000000000000 00000000424b58bd 10 0 8
a 000000003f1c7666 0000000000000000 000000003f69ca57 10 0 8
7 00000000427478ff 0000000041dbcf27 000000003f92fbd4 10 0 8
8 00000000c29eab3a 0000000000000000 00000000063ab473 10 0 8
9 00000000142f429b 0000000000000000 00000000c26ff550 10 0 8
a 00000000bf38a202 0000000000000000 000000004018164d 10 0 8
7 00000000c2903e92 00000000c12b9879 00000000bfdbf514 10 0 8
8 00000000c171fbd6 0000000000000000 0000000034911476 10 0 8
9 0000000037352896 0000000000000000 00000000c136fa83 10 0 8
a 00000000be0cca61 0000000000000000 000000003fdab778 10 0 8
7 00000000c15bfc37 000000004239c672 00000000be935cbe 10 0 8
8 00000000c22fdef5 0000000000000000 000000001fbdc088 10 0 8
9 000000002783295b 0000000000000000 00000000c204fc96 10 0 8
a 00000000becca65a 0000000000000000 000000003ffdb1f3 10 0 8
7 00000000c21fe1f6 00000000423f67b5 00000000bf3226c2 10 0 8
8 00000000c0a766b7 0000000000000000 000000003baf32cd 10 0 8
9 000000003c9cd6c6 0000000000000000 00000000c07d2a16 10 0 8
a 00000000bd42cb4e 0000000000000000 000000003fcf26cc 10 0 8
7 00000000c0982ed5 00000000429fbccc 00000000bd739af0 10 0 8
8 0000000042a11488 0000000000000000 0000000079928133 10 0 8
9 000000006b68a2b0 0000000000000000 0000000042739ae1 10 0 8
a 000000003f3b7054 0000000000000000 000000003f3fd080 10 0 8
7 0000000042926fc1 0000000042614bfe 000000003f6a42a7 10 0 8
8 0000000040653536 0000000000000000 00000000420fb0f8 10 0 8
9 000000004170029e 0000000000000000 00000000402d5164 10 0 8
a 000000003d055b78 0000000000000000 000000003fc4e4cf 10 0 8
7 0000000040505eeb 00000000c26a7983 00000000404582ca 10 0 8
8 00000000c2ce39a3 0000000000000000 0000000000000001 18 0 8
9 000000000736ba9f 0000000000000000 00000000c29bf077 10 0 8
a 00000000bf6ff898 0000000000000000 0000000040324b51 10 0 8
7 00000000c2bb7a37 000000004212623f 00000000bf996b64 10 0 8
8 000000004090c830 0000000000000000 0000000042b87cea 10 0 8
9 0000000041f4d964 0000000000000000 00000000405af4f5 10 0 8
a 000000003d28793d 0000000000000000 000000003fc3cbaf 10 0 8
7 0000000040839eb8 00000000c11b310f 00000000402f64b5 10 0 8
8 00000000c2ce861e 0000000000000000 0000000000000001 18 0 8
9 0000000007233634 0000000000000000 00000000c29c2a4c 10 0 8
a 00000000bf705198 0000000000000000 0000000040328b8a 10 0 8
7 00000000c2bbbfbe 00000000426b352a 00000000bf816ef9 10 0 8
8 0000000042d68ded 0000000000000000 000000007f800000 14 0 8
9 000000007a02a8e5 0000000000000000 0000000042a23cd2 10 0 8
a 000000003f79a9ce 0000000000000000 000000003e644f92 10 0 8
7 0000000042c30ca9 00000000c1bf983d 000000003fe7e29c 10 0 8
8 00000000c1c72163 0000000000000000 000000002d882fcb 10 0 8
9 0000000031e60ec7 0000000000000000 00000000c1969317 10 0 8
a 00000000be67b724 0000000000000000 000000003fe64788 10 0 8
7 00000000c1b50714 00000000c2206fa6 00000000c028300d 10 0 8
8 00000000422d39fc 0000000000000000 000000005eb24fac 10 0 8
9 0000000057178b40 0000000000000000 000000004202fcaf 10 0 8
a 000000003ec9929a 0000000000000000 000000003f95444c 10 0 8
7 00000000421d7a88 0000000042b4f740 000000003ed21fdc 10 0 8
8 00000000c1be290b 0000000000000000 000000002e50f5aa 10 0 8
9 000000003286466a 0000000000000000 00000000c18fcaaf 10 0 8
a 00000000be5d4708 0000000000000000 000000003fe4f108 10 0 8
7 00000000c1acdf7e 00000000c1355bcc 00000000c00372d9 10 0 8
8 0000000042d68b9d 0000000000000000 000000007f800000 14 0 8
9 000000007a0236e6 0000000000000000 0000000042a23b12 10 0 8
a 000000003f79a71d 0000000000000000 000000003e64803c 10 0 8
7 0000000042c30a8f 00000000c280488c 000000004009c3ea 10 0 8
8 00000000c1c996d3 0000000000000000 000000002d484d93 10 0 8
9 0000000031b659af 0000000000000000 00000000c1986f0c 10 0 8
a 00000000be6a9394 0000000000000000 000000003fe6a58e 10 0 8
7 00000000c1b7434c 0000000042203d09 00000000bf04fb4c 10 0 8
8 0000000042a5ea3d 0000000000000000 000000007b4d6932 10 0 8
9 000000006cb4e79e 0000000000000000 00000000427aeab0 10 0 8
a 000000003f411091 0000000000000000 000000003f37678c 10 0 8
7 000000004296d4f2 00000000428ce7f9 000000003f51c4b3 10 0 8
8 00000000c2a8a392 0000000000000000 0000000002a37372 10 0 8
9 0000000011815925 0000000000000000 00000000c27f0948 10 0 8
a 00000000bf443c03 0000000000000000 00000000401c6e52 10 0 8
7 00000000c2994ee2 00000000c1acb0a3 00000000bfec3295 10 0 8
8 00000000c24aec03 0000000000000000 000000001ae0a086 10 0 8
9 0000000023c9ec28 0000000000000000 00000000c219710a 10 0 8
a 00000000beec2098 0000000000000000 000000004003354c 10 0 8
7 00000000c2387977 00000000c232f6c3 00000000c015d37e 10 0 8
8 0000000042ab2289 0000000000000000 000000007d2e9447 10 0 8
9 000000006e22ba08 0000000000000000 00000000428167cc 10 0 8
a 000000003f472388 0000000000000000 000000003f2df3d4 10 0 8
7 00000000429b93c2 0000000041f12a8b 000000003f99bd0d 10 0 8
8 00000000c2af31b7 0000000000000000 000000000062a3d0 18 0 8
9 000000000fad96cc 0000000000000000 00000000c2847996 10 0 8
a 00000000bf4bdcc2 0000000000000000 00000000401f7d1e 10 0 8
7 00000000c29f4477 00000000c2a3a448 00000000c017a9d3 10 0 8
8 0000000041f52cf0 0000000000000000 0000000055947ca3 10 0 8
9 00000000502ccee9 0000000000000000 0000000041b9645f 10 0 8
a 000000003e8ea5c8 0000000000000000 000000003fa4ebf9 10 0 8
7 0000000041dee309 00000000c2785236 00000000402e1058 10 0 8
8 00000000c28789ef 0000000000000000 000000000e961005 10 0 8
9 000000001a8656f8 0000000000000000 00000000c24cfa6b 10 0 8
a 00000000bf1db7c7 0000000000000000 00000000400f0306 10 0 8
7 00000000c2766f27 0000000042a20fb7 00000000bf266ad6 10 0 8
8 0000000041ac6b44 0000000000000000 000000004f089223 10 0 8
9 000000004b367db9 0000000000000000 000000004182605f 10 0 8
a 000000003e48a20e 0000000000000000 000000003fafd1cb 10 0 8
7 00000000419cbe9b 00000000c2696b52 0000000040345492 10 0 8
8 00000000c1b4f74c 0000000000000000 000000002f24dddb 10 0 8
9 0000000033201944 0000000000000000 00000000c188d6e0 10 0 8
a 00000000be529421 0000000000000000 000000003fe392cb 10 0 8
7 00000000c1a483b9 000000004151bce1 00000000bf806c12 10 0 8
8 0000000042a0b060 0000000000000000 000000007970f30b 10 0 8
9 000000006b48a60a 0000000000000000 0000000042730369 10 0 8
a 000000003f3afbc8 0000000000000000 000000003f407b5f 10 0 8
7 00000000429214b4 00000000c1cf542d 000000003ff4b477 10 0 8
8 0000000042639077 0000000000000000 000000006886f7e7 10 0 8
9 000000005e85b681 0000000000000000 00000000422c133e 10 0 8
a 000000003f0466ac 0000000000000000 000000003f837c45 10 0 8
7 00000000424ee06c 000000004234cb68 000000003f5a4269 10 0 8
8 00000000c2b5d83f 0000000000000000 0000000000038c23 18 0 8
9 000000000de0b7f7 0000000000000000 00000000c28980f9 10 0 8
a 00000000bf5399e3 0000000000000000 000000004022cd3d 10 0 8
7 00000000c2a55039 000000004112b26d 00000000bfbaebea 10 0 8
8 00000000c2a9fd31 0000000000000000 0000000002266ff7 10 0 8
9 00000000111b4720 0000000000000000 00000000c28089fc 10 0 8
a 00000000bf45ce30 0000000000000000 00000000401d0bca 10 0 8
7 00000000c29a8916 00000000c25049d2 00000000c00a7bbb 10 0 8
8 0000000042082533 0000000000000000 0000000058099260 10 0 8
9 00000000520c1f39 0000000000000000 0000000041cde53b 10 0 8
a 000000003e9e6c73 0000000000000000 000000003fa0cb8f 10 0 8
7 0000000041f78974 00000000c23b1359 000000004023a7ab 10 0 8
8 00000000410b530f 0000000000000000 0000000045bd0e47 10 0 8
9 000000004434f17f 0000000000000000 0000000040d2b40c 10 0 8
a 000000003da21f7d 0000000000000000 000000003fbeeb2b 10 0 8
7 0000000040fd5133 00000000c27aab2e 000000004041051f 10 0 8
8 00000000c2b670f8 0000000000000000 000000000002a1eb 18 0 8
9 000000000db357b1 0000000000000000 00000000c289f474 10 0 8
a 00000000bf544b99 0000000000000000 0000000040231c74 10 0 8
7 00000000c2a5db10 00000000c28d1168 00000000c011a38e 10 0 8
8 00000000428a6979 0000000000000000 000000007165a0c6 10 0 8
9 000000006534b358 0000000000000000 00000000425152ca 10 0 8
a 000000003f210fae 0000000000000000 000000003f63ed84 10 0 8
7 00000000427ba87f 00000000c1be75d6 000000003ff75ded 10 0 8
8 00000000c0931cf6 0000000000000000 000000003c252311 10 0 8
9 000000003cfd503e 0000000000000000 00000000c05e7b77 10 0 8
a 00000000bd2b2faa 0000000000000000 000000003fce69be 10 0 8
7 00000000c085bd3c 0000000042b6c7b0 00000000bd3b2ef7 10 0 8
8 0000000040ca73ab 0000000000000000 00000000440bd0d3 10 0 8
9 0000000042ef262c 0000000000000000 0000000040991609 10 0 8
a 000000003d6b948f 0000000000000000 000000003fc1b22c 10 0 8
7 0000000040b80c0f 00000000c18c249c 000000004034c253 10 0 8
8 000000004290f3f9 0000000000000000 0000000073bce71e 10 0 8
9 000000006705ecc7 0000000000000000 00000000425b372b 10 0 8
a 000000003f28ac2f 0000000000000000 000000003f59fa01 10 0 8
7 000000004283c685 0000000042506f61 000000003f66d246 10 0 8
8 0000000042c9903f 0000000000000000 000000007f800000 14 0 8
9 0000000076763432 0000000000000000 0000000042986a13 10 0 8
a 000000003f6a8bed 0000000000000000 000000003ed31a4b 10 0 8
7 0000000042b73d51 00000000c259aaa8 000000004006d4f6 10 0 8
8 00000000c19ccbed 0000000000000000 00000000315364f4 10 0 8
9 0000000034c4891b 0000000000000000 00000000c16d2076 10 0 8
a 00000000be367447 0000000000000000 000000003fdffdbb 10 0 8
7 00000000c18e8ad8 000000004240f181 00000000beb52ad7 10 0 8
8 00000000c2b1adb2 0000000000000000 00000000001c7bc9 18 0 8
9 000000000f07b79d 0000000000000000 00000000c2865a7d 10 0 8
a 00000000bf4ec0cf 0000000000000000 000000004020b2df 10 0 8
7 00000000c2a186a1 0000000041a60caa 00000000bfa8dcd4 10 0 8
8 00000000c1617ede 0000000000000000 00000000354b4af9 10 0 8
9 0000000037c571bf 0000000000000000 00000000c12a82c7 10 0 8
a 00000000be03328a 0000000000000000 000000003fd981be 10 0 8
7 00000000c14cfef8 00000000c2a957a8 00000000c03f7355 10 0 8
8 00000000be5d48d5 0000000000000000 000000003f4e3f7d 10 0 8
9 000000003f596845 0000000000000000 00000000be27539c 10 0 8
a 00000000bb00bf52 0000000000000000 000000003fc9503a 10 0 8
7 00000000be492af0 0000000042c371ea 00000000bb03bf6c 10 0 8
8 00000000c2720c32 0000000000000000 0000000013cfe739 10 0 8
9 000000001e7db465 0000000000000000 00000000c23706e2 10 0 8
a 00000000bf0cd3e5 0000000000000000 000000004009cf82 10 0 8
7 00000000c25c0b17 0000000042c7d5c7 00000000bf00d69f 10 0 8
8 00000000c1205701 0000000000000000 00000000383a6b43 10 0 8
9 000000003a062733 0000000000000000 00000000c0f27c40 10 0 8
a 00000000bdba93c9 0000000000000000 000000003fd4bd3c 10 0 8
7 00000000c111c375 00000000c2845784 00000000c0404e3f 10 0 8
8 0000000041445fd8 0000000000000000 000000004850ea3e 10 0 8
9 000000004627a20e 0000000000000000 0000000041147d96 10 0 8
a 000000003de48225 0000000000000000 000000003fbac017 10 0 8
7 00000000413285ad 000000004267f2b3 000000003e42a7b3 10 0 8
8 00000000c2ba8320 0000000000000000 0000000000005807 18 0 8
9 000000000c99ec7c 0000000000000000 00000000c28d087e 10 0 8
a 00000000bf59084a 0000000000000000 000000004025491a 10 0 8
7 00000000c2a98e7a 00000000c171e72f 00000000bfdfa6bf 10 0 8
8 00000000c2c1b006 0000000000000000 000000000000026f 18 0 8
9 000000000aa36549 0000000000000000 00000000c292757b 10 0 8
a 00000000bf6161c5 0000000000000000 0000000040297099 10 0 8
7 00000000c2b01462 00000000c1461337 00000000bfdaf181 10 0 8
8 00000000c2946d44 0000000000000000 0000000009f45444 10 0 8
9 0000000017039744 0000000000000000 00000000c2607811 10 0 8
a 00000000bf2cb700 0000000000000000 000000004013ec82 10 0 8
7 00000000c286eef8 00000000c1676933 00000000bfe417c2 10 0 8
8 000000004096fb17 0000000000000000 0000000042dfec08 10 0 8
9 00000000420dbcb0 0000000000000000 00000000406454dc 10 0 8
a 000000003d2fafd0 0000000000000000 000000003fc391ee 10 0 8
7 000000004089415a 00000000c01ab96b 000000004005610f 10 0 8
8 00000000c2990ebf 0000000000000000 000000000840f9e2 10 0 8
9 0000000015b6ca14 0000000000000000 00000000c26778e4 10 0 8
a 00000000bf321a77 0000000000000000 000000004015c60d 10 0 8
7 00000000c28b24ad 0000000042192e54 00000000bf88a789 10 0 8
8 00000000c2159a68 0000000000000000 000000002483c999 10 0 8
9 000000002b12f22a 0000000000000000 00000000c1e23f7d 10 0 8
a 00000000beae156b 0000000000000000 000000003ff577e0 10 0 8
7 00000000c20800bb 00000000c29e4e2a 00000000c02f1872 10 0 8
8 0000000041eca8dd 0000000000000000 0000000054ccdad4 10 0 8
9 000000004f9a8853 0000000000000000 0000000041b2f3e2 10 0 8
a 000000003e89b160 0000000000000000 000000003fa635ac 10 0 8
7 0000000041d72526 00000000c2c058db 0000000040379c7b 10 0 8
8 00000000c236fe71 0000000000000000 000000001e7fcdf3 10 0 8
9 0000000026887b76 0000000000000000 00000000c20a5f6e 10 0 8
a 00000000bed4f039 0000000000000000 000000003ffff6ef 10 0 8
7 00000000c2265bac 0000000042081255 00000000bf629d13 10 0 8
8 00000000c11badd7 0000000000000000 00000000387975a2 10 0 8
9 000000003a2735ce 0000000000000000 00000000c0eb6fcd 10 0 8
a 00000000bdb52760 0000000000000000 000000003fd4661c 10 0 8
7 00000000c10d86c3 00000000c0cb37ac 00000000c00c61c4 10 0 8
8 00000000c1f8c1c3 0000000000000000 00000000290d0a3a 10 0 8
9 000000002e872af1 0000000000000000 00000000c1bc19a3 10 0 8
a 00000000be90bb35 0000000000000000 000000003fedbead 10 0 8
7 00000000c1e22483 00000000426f8364 00000000bee1d3e2 10 0 8
8 00000000c1063dcf 0000000000000000 00000000396e2387 10 0 8
9 000000003ae644c7 0000000000000000 00000000c0cb0424 10 0 8
a 00000000bd9c354e 0000000000000000 000000003fd2d59e 10 0 8
7 00000000c0f4134a 0000000040d87f11 00000000bf585f77 10 0 8
8 00000000c287ec2f 0000000000000000 000000000e77b8b3 10 0 8
9 000000001a6863ee 0000000000000000 00000000c24d8f00 10 0 8
a 00000000bf1e2a1a 0000000000000000 00000000400f2757 10 0 8
7 00000000c27721c9 000000004231cf07 00000000bf7275cd 10 0 8
8 00000000c26460be 0000000000000000 0000000016461993 10 0 8
9 0000000020522092 0000000000000000 00000000c22cb0bb 10 0 8
a 00000000bf04dfd9 0000000000000000 0000000040077523 10 0 8
7 00000000c24f9dc4 00000000424ad877 00000000bf4c0988 10 0 8
8 0000000041607737 0000000000000000 0000000049972345 10 0 8
9 00000000471e1391 0000000000000000 000000004129bb6b 10 0 8
a 000000003e029925 0000000000000000 000000003fb8b14c 10 0 8
7 00000000414c0f49 00000000c16df84f 00000000401bb254 10 0 8
8 0000000042569d1a 0000000000000000 0000000066298b74 10 0 8
9 000000005cb8f3a4 0000000000000000 000000004222484c 10 0 8
a 000000003ef9bb77 0000000000000000 000000003f87d7e6 10 0 8
7 0000000042431a75 000000004294d1ed 000000003f148a20 10 0 8
8 00000000c254e9fe 0000000000000000 000000001913cc9e 10 0 8
9 0000000022744dfc 0000000000000000 00000000c220ff48 10 0 8
a 00000000bef7c127 0000000000000000 000000004004db7f 10 0 8
7 00000000c2418ee7 00000000c280a592 00000000c01fc8cb 10 0 8
8 0000000042980a3a 0000000000000000 00000000764c2bf5 10 0 8
9 0000000068f40609 0000000000000000 000000004265eee7 10 0 8
a 000000003f30eb51 0000000000000000 000000003f4ecbf1 10 0 8
7 00000000428a37d7 00000000424e808c 000000003f6de095 10 0 8
8 00000000410e7583 0000000000000000 0000000045e5f897 10 0 8
9 000000004451d5e6 0000000000000000 0000000040d7719c 10 0 8
a 000000003da5c540 0000000000000000 000000003fbeb09f 10 0 8
7 000000004101821a 00000000c2c14da7 000000004043b6f1 10 0 8
8 00000000c2ba59da 0000000000000000 0000000000005f6b 18 0 8
9 000000000ca398fb 0000000000000000 00000000c28ce949 10 0 8
a 00000000bf58d844 0000000000000000 000000004025327d 10 0 8
7 00000000c2a968f5 00000000c1b73d19 00000000bfeadd99 10 0 8
8 000000004281446f 0000000000000000 000000006e17ddd3 10 0 8
9 0000000062b6355e 0000000000000000 0000000042437e63 10 0 8
a 000000003f166b8f 0000000000000000 000000003f7156f4 10 0 8
7 00000000426b0810 00000000c2b63b72 00000000402467c5 10 0 8
8 000000004287c635 0000000000000000 000000007075a475 10 0 8
9 0000000064855051 0000000000000000 00000000424d5592 10 0 8
a 000000003f1dfdea 0000000000000000 000000003f67da3a 10 0 8
7 000000004276dcbe 00000000c29c84fb 00000000401e536e 10 0 8
8 00000000c1323789 0000000000000000 000000003773f3de 10 0 8
9 0000000039668916 0000000000000000 00000000c106c2b8 10 0 8
a 00000000bdcf6135 0000000000000000 000000003fd60ba0 10 0 8
7 00000000c12203f1 0000000041b822c9 00000000bed43309 10 0 8
8 00000000c298783f 0000000000000000 0000000008817583 10 0 8
9 0000000015e44959 0000000000000000 00000000c266954a 10 0 8
a 00000000bf316b57 0000000000000000 0000000040158935 10 0 8
7 00000000c28a9bdc 000000004285db55 00000000bf4d86c0 10 0 8
8 00000000c1f36c5f 0000000000000000 0000000029895ba6 10 0 8
9 000000002edfc695 0000000000000000 00000000c1b8112f 10 0 8
a 00000000be8da0cc 0000000000000000 000000003fecefd2 10 0 8
7 00000000c1dd4b3f 00000000c2c122aa 00000000c0373510 10 0 8
8 0000000042943005 0000000000000000 0000000074edfcbf 10 0 8
9 0000000067e37a64 0000000000000000 0000000042601b71 10 0 8
a 000000003f2c6fbb 0000000000000000 000000003f54ede0 10 0 8
7 000000004286b74a 0000000041bfa02a 000000003f9d5433 10 0 8
8 000000004201e286 0000000000000000 0000000056e61742 10 0 8
9 00000000512ba0e1 0000000000000000 0000000041c46d79 10 0 8
a 000000003e972385 0000000000000000 000000003fa2b4ae 10 0 8
7 0000000041ec2780 000000004090029d 000000003fb5b26e 10 0 8
8 00000000425e5340 0000000000000000 000000006791b362 10 0 8
9 000000005dc6a889 0000000000000000 0000000042281d11 10 0 8
a 000000003f015a54 0000000000000000 000000003f854243 10 0 8
7 00000000424a1d23 000000004289252a 000000003f2291e8 10 0 8
8 0000000042a8a3bd 0000000000000000 000000007c488ab4 10 0 8
9 000000006d7d64d4 0000000000000000 00000000427f0988 10 0 8
a 000000003f443c34 0000000000000000 000000003f3285d7 10 0 8
7 0000000042994f09 00000000c2b81699 00000000401c9e6b 10 0 8
8 00000000c09275b0 0000000000000000 000000003c288b28 10 0 8
9 000000003d00a0a4 0000000000000000 00000000c05d7e7e 10 0 8
a 00000000bd2a6d04 0000000000000000 000000003fce63a8 10 0 8
7 00000000c085252b 00000000429a3eb4 00000000bd5cc44b 10 0 8
8 00000000421ea469 0000000000000000 000000005c14e375 10 0 8
9 000000005519ec37 0000000000000000 0000000041efeb02 10 0 8
a 000000003eb89a14 0000000000000000 000000003f99d91d 10 0 8
7 0000000042103860 000000004201de47 000000003f567459 10 0 8
8 00000000c01d23f2 0000000000000000 000000003dafcab0 10 0 8
9 000000003e1ff300 0000000000000000 00000000bfeda593 10 0 8
a 00000000bcb6dab4 0000000000000000 000000003fcbeb55 10 0 8
7 00000000c00edadc 00000000c2963a6b 00000000c0472920 10 0 8
8 00000000426c9854 0000000000000000 000000006a214d4a 10 0 8
9 000000005fb84cf9 0000000000000000 000000004232e761 10 0 8
a 000000003f09a7c1 0000000000000000 000000003f80649e 10 0 8
7 000000004257161e 0000000041ce35e9 000000003f8fd863 10 0 8
8 0000000042d11d1a 0000000000000000 000000007f800000 14 0 8
9 0000000078859f0e 0000000000000000 00000000429e1f9f 10 0 8
a 000000003f735510 0000000000000000 000000003ea1bdd7 10 0 8
7 0000000042be1a75 00000000423ff669 000000003f8d371d 10 0 8
8 0000000042b94f4f 0000000000000000 000000007f800000 14 0 8
9 0000000072071e29 0000000000000000 00000000428c1fbc 10 0 8
a 000000003f57a21b 0000000000000000 000000003f11b8ee 10 0 8
7 0000000042a876a5 00000000409caa26 000000003fc1a16f 10 0 8
8 00000000c284a0a9 0000000000000000 000000000fa0d566 10 0 8
9 000000001b49ed3f 0000000000000000 00000000c2489353 10 0 8
a 00000000bf1a548c 0000000000000000 00000000400df18c 10 0 8
7 00000000c271241b 00000000c26071d6 00000000c0148099 10 0 8
8 00000000c190d7ed 0000000000000000 00000000326b779a 10 0 8
9 00000000359812a4 0000000000000000 00000000c15b0cc2 10 0 8
a 00000000be288b8d 0000000000000000 000000003fde39f4 10 0 8
7 00000000c183ad06 0000000042954fb2 00000000be5e3561 10 0 8
8 00000000c1c6f14b 0000000000000000 000000002d8b6c32 10 0 8
9 0000000031ea2de7 0000000000000000 00000000c1966eb9 10 0 8
a 00000000be677f2e 0000000000000000 000000003fe64059 10 0 8
7 00000000c1b4db5c 00000000c1805046 00000000c00c05cb 10 0 8
8 00000000c2b337f4 0000000000000000 00000000000d3013 18 0 8
9 000000000e97a187 0000000000000000 00000000c287849c 10 0 8
a 00000000bf508b95 0000000000000000 00000000402176fb 10 0 8
7 00000000c2a2ed0c 00000000c1406d2a 00000000bfdbd2cf 10 0 8
8 00000000c179439d 0000000000000000 0000000034381643 10 0 8
9 0000000037006b5f 0000000000000000 00000000c13c7bd3 10 0 8
a 00000000be1106c2 0000000000000000 000000003fdb405b 10 0 8
7 00000000c1629a8f 00000000420f7006 00000000bec09654 10 0 8
8 00000000c015e1d2 0000000000000000 000000003dc4e728 10 0 8
9 000000003e2e4575 0000000000000000 00000000bfe2ab7d 10 0 8
a 00000000bcae6884 0000000000000000 000000003fcbc98a 10 0 8
7 00000000c00841a8 00000000c18c8cbd 00000000c041580c 10 0 8
8 00000000c1a02ed4 0000000000000000 00000000310a7081 10 0 8
9 00000000348eb40a 0000000000000000 00000000c1723f7e 10 0 8
a 00000000be3a6509 0000000000000000 000000003fe07dec 10 0 8
7 00000000c1919eef 00000000c15b2f9b 00000000c00dd230 10 0 8
8 00000000c2c779ca 0000000000000000 0000000000000023 18 0 8
9 0000000009128793 0000000000000000 00000000c296d5f0 10 0 8
a 00000000bf681e03 0000000000000000 00000000402d3284 10 0 8
7 00000000c2b55772 00000000414cea07 00000000bfb719d5 10 0 8
8 0000000041b1e78f 0000000000000000 000000004f878e62 10 0 8
9 000000004b993f05 0000000000000000 000000004186863e 10 0 8
a 000000003e4f0424 0000000000000000 000000003faf015d 10 0 8
7 0000000041a1bb3c 0000000041e58f00 000000003f1d1f73 10 0 8
8 0000000040a46746 0000000000000000 00000000432a4ec3 10 0 8
9 000000004242a3be 0000000000000000 000000004078a178 10 0 8
a 000000003d3f4e48 0000000000000000 000000003fc314da 10 0 8
7 0000000040957528 00000000423ba34c 000000003dcb3d5f 10 0 8
8 00000000c0a2ea70 0000000000000000 000000003bc98f80 10 0 8
9 000000003cae6020 0000000000000000 00000000c0766186 10 0 8
a 00000000bd3d9320 0000000000000000 000000003fcefcfe 10 0 8
7 00000000c0941af1 000000004277f680 00000000bd989f5f 10 0 8
8 00000000bff44c60 0000000000000000 000000003e17d984 10 0 8
9 000000003e71d729 0000000000000000 00000000bfb8ba91 10 0 8
a 00000000bc8e2321 0000000000000000 000000003fcb486e 10 0 8
7 00000000bfde16e3 0000000042a08574 00000000bcb11123 10 0 8
8 00000000c107da9a 0000000000000000 0000000039574f19 10 0 8
9 000000003ad55f77 0000000000000000 00000000c0cd746a 10 0 8
a 00000000bd9e15a5 0000000000000000 000000003fd2f3ba 10 0 8
7 00000000c0f701d2 0000000042bb2541 00000000bda88faf 10 0 8
8 00000000c2a97d6d 0000000000000000 0000000002559cab 10 0 8
9 00000000113b866b 0000000000000000 00000000c280295f 10 0 8
a 00000000bf453983 0000000000000000 00000000401cd15d 10 0 8
7 00000000c29a14ef 00000000c27a8aa7 00000000c0103815 10 0 8
8 00000000c29db129 0000000000000000 0000000006982385 10 0 8
9 00000000147d8e90 0000000000000000 00000000c26e7b22 10 0 8
a 00000000bf377f06 0000000000000000 000000004017ada2 10 0 8
7 00000000c28f5b3c 00000000c1fdfbd8 00000000bffe6e98 10 0 8
8 00000000c1950d0f 0000000000000000 00000000320b2916 10 0 8
9 00000000354c5849 0000000000000000 00000000c16169ba 10 0 8
a 00000000be2d70f1 0000000000000000 000000003fded8dc 10 0 8
7 00000000c187803c 0000000041ae2416 00000000bf2947b6 10 0 8
8 00000000c26ccecb 0000000000000000 0000000014c09fd1 10 0 8
9 000000001f2ac9a5 0000000000000000 00000000c2331090 10 0 8
a 00000000bf09c771 0000000000000000 000000004008e6f2 10 0 8
7 00000000c25747a1 000000004270b984 00000000bf3acac2 10 0 8
8 0000000042624c61 0000000000000000 000000006844b417 10 0 8
9 000000005e52821f 0000000000000000 00000000422b1e2e 10 0 8
a 000000003f03aa1d 0000000000000000 000000003f83ea51 10 0 8
7 00000000424db9cd 00000000c1b0e303 000000003ffd085c 10 0 8
8 0000000041c1bfb2 0000000000000000 0000000050f594c5 10 0 8
9 000000004cab4a17 0000000000000000 0000000041928155 10 0 8
a 000000003e617402 0000000000000000 000000003faca5c2 10 0 8
7 0000000041b022a2 000000004263a0d1 000000003ebd0204 10 0 8
8 00000000c2c08e54 0000000000000000 000000000000044a 18 0 8
9 000000000afaa39a 0000000000000000 00000000c2919a6e 10 0 8
a 00000000bf6010ad 0000000000000000 000000004028c0a5 10 0 8
7 00000000c2af0d07 0000000041d90620 00000000bfa29748 10 0 8
8 0000000042bfa40c 0000000000000000 000000007f800000 14 0 8
9 0000000073b8ff02 0000000000000000 000000004290e946 10 0 8
a 000000003f5f000e 0000000000000000 000000003f036c31 10 0 8
7 0000000042ae380b 00000000c2c31df8 00000000401a69f6 10 0 8
8 00000000c12228d2 0000000000000000 000000003826612f 10 0 8
9 0000000039f63299 0000000000000000 00000000c0f53cb8 10 0 8
a 00000000bdbcb1d4 0000000000000000 000000003fd4df42 10 0 8
7 00000000c1136aee 00000000429c42c7 00000000bdf066f0 10 0 8
8 00000000c25aa459 0000000000000000 00000000180d32a3 10 0 8
9 0000000021a576af 0000000000000000 00000000c2255415 10 0 8
a 00000000befe6b75 0000000000000000 000000004005d03d 10 0 8
7 00000000c246c3f3 00000000c1b90afd 00000000c00069aa 10 0 8
8 00000000c2908265 0000000000000000 000000000b588c05 10 0 8
9 000000001810ae06 0000000000000000 00000000c25a8b67 10 0 8
a 00000000bf282805 0000000000000000 000000004012657b 10 0 8
7 00000000c2835f44 000000004290746d 00000000bf3cedc4 10 0 8
8 00000000429aa4bf 0000000000000000 00000000773ba0d9 10 0 8
9 0000000069a3424f 0000000000000000 000000004269dee5 10 0 8
a 000000003f33f2e7 0000000000000000 000000003f4a9247 10 0 8
7 00000000428c95c5 00000000c2bd62ca 000000004020318e 10 0 8
8 0000000042258467 0000000000000000 000000005d4f9b55 10 0 8
9 00000000560d2593 0000000000000000 0000000041fa50ad 10 0 8
a 000000003ec09a11 0000000000000000 000000003f97b262 10 0 8
7 000000004216785d 00000000c104938c 000000003fe4d038 10 0 8
8 00000000c2acd308 0000000000000000 0000000001214c72 10 0 8
9 000000001054a069 0000000000000000 00000000c282aed6 10 0 8
a 00000000bf491acd 0000000000000000 00000000401e5ca8 10 0 8
7 00000000c29d1cf0 00000000c246140a 00000000c008871e 10 0 8
9 000000003f7fff9c 0000000000000000 00000000b6c80027 10 0 8
a 000000003f7fff9c 0000000000000000 000000003b624637 10 0 8
9 000000003f7fff9d 0000000000000000 00000000b6c60026 10 0 8
a 000000003f7fff9d 0000000000000000 000000003b6123db 10 0 8
9 000000003f7fff9e 0000000000000000 00000000b6c40026 10 0 8
a 000000003f7fff9e 0000000000000000 000000003b600007 10 0 8
9 000000003f7fff9f 0000000000000000 00000000b6c20025 10 0 8
a 000000003f7fff9f 0000000000000000 000000003b5edab5 10 0 8
9 000000003f7fffa0 0000000000000000 00000000b6c00024 10 0 8
a 000000003f7fffa0 0000000000000000 000000003b5db3de 10 0 8
9 000000003f7fffa1 0000000000000000 00000000b6be0023 10 0 8
a 000000003f7fffa1 0000000000000000 000000003b5c8b7e 10 0 8
9 000000003f7fffa2 0000000000000000 00000000b6bc0023 10 0 8
a 000000003f7fffa2 0000000000000000 000000003b5b618c 10 0 8
9 000000003f7fffa3 0000000000000000 00000000b6ba0022 10 0 8
a 000000003f7fffa3 0000000000000000 000000003b5a3605 10 0 8
9 000000003f7fffa4 0000000000000000 00000000b6b80021 10 0 8
a 000000003f7fffa4 0000000000000000 000000003b5908df 10 0 8
9 000000003f7fffa5 0000000000000000 00000000b6b60020 10 0 8
a 000000003f7fffa5 0000000000000000 000000003b57da16 10 0 8
9 000000003f7fffa6 0000000000000000 00000000b6b40020 10 0 8
a 000000003f7fffa6 0000000000000000 000000003b56a9a2 10 0 8
9 000000003f7fffa7 0000000000000000 00000000b6b2001f 10 0 8
a 000000003f7fffa7 0000000000000000 000000003b55777b 10 0 8
9 000000003f7fffa8 0000000000000000 00000000b6b0001e 10 0 8
a 000000003f7fffa8 0000000000000000 000000003b54439b 10 0 8
9 000000003f7fffa9 0000000000000000 00000000b6ae001e 10 0 8
a 000000003f7fffa9 0000000000000000 000000003b530df9 10 0 8
9 000000003f7fffaa 0000000000000000 00000000b6ac001d 10 0 8
a 000000003f7fffaa 0000000000000000 000000003b51d68f 10 0 8
9 000000003f7fffab 0000000000000000 00000000b6aa001c 10 0 8
a 000000003f7fffab 0000000000000000 000000003b509d54 10 0 8
9 000000003f7fffac 0000000000000000 00000000b6a8001c 10 0 8
a 000000003f7fffac 0000000000000000 000000003b4f6240 10 0 8
9 000000003f7fffad 0000000000000000 00000000b6a6001b 10 0 8
a 000000003f7fffad 0000000000000000 000000003b4e254a 10 0 8
9 000000003f7fffae 0000000000000000 00000000b6a4001a 10 0 8
a 000000003f7fffae 0000000000000000 000000003b4ce66a 10 0 8
9 000000003f7fffaf 0000000000000000 00000000b6a2001a 10 0 8
a 000000003f7fffaf 0000000000000000 000000003b4ba597 10 0 8
9 000000003f7fffb0 0000000000000000 00000000b6a00019 10 0 8
a 000000003f7fffb0 0000000000000000 000000003b4a62c7 10 0 8
9 000000003f7fffb1 0000000000000000 00000000b69e0018 10 0 8
a 000000003f7fffb1 0000000000000000 000000003b491df1 10 0 8
9 000000003f7fffb2 0000000000000000 00000000b69c0018 10 0 8
a 000000003f7fffb2 0000000000000000 000000003b47d70b 10 0 8
9 000000003f7fffb3 0000000000000000 00000000b69a0017 10 0 8
a 000000003f7fffb3 0000000000000000 000000003b468e0b 10 0 8
9 000000003f7fffb4 0000000000000000 00000000b6980017 10 0 8
a 000000003f7fffb4 0000000000000000 000000003b4542e6 10 0 8
9 000000003f7fffb5 0000000000000000 00000000b6960016 10 0 8
a 000000003f7fffb5 0000000000000000 000000003b43f592 10 0 8
9 000000003f7fffb6 0000000000000000 00000000b6940015 10 0 8
a 000000003f7fffb6 0000000000000000 000000003b42a602 10 0 8
9 000000003f7fffb7 0000000000000000 00000000b6920015 10 0 8
a 000000003f7fffb7 0000000000000000 000000003b41542d 10 0 8
9 000000003f7fffb8 0000000000000000 00000000b6900014 10 0 8
a 000000003f7fffb8 0000000000000000 000000003b400005 10 0 8
9 000000003f7fffb9 0000000000000000 00000000b68e0014 10 0 8
a 000000003f7fffb9 0000000000000000 000000003b3ea97e 10 0 8
9 000000003f7fffba 0000000000000000 00000000b68c0013 10 0 8
a 000000003f7fffba 0000000000000000 000000003b3d508b 10 0 8
9 000000003f7fffbb 0000000000000000 00000000b68a0013 10 0 8
a 000000003f7fffbb 0000000000000000 000000003b3bf51f 10 0 8
9 000000003f7fffbc 0000000000000000 00000000b6880012 10 0 8
a 000000003f7fffbc 0000000000000000 000000003b3a972d 10 0 8
9 000000003f7fffbd 0000000000000000 00000000b6860012 10 0 8
a 000000003f7fffbd 0000000000000000 000000003b3936a5 10 0 8
9 000000003f7fffbe 0000000000000000 00000000b6840011 10 0 8
a 000000003f7fffbe 0000000000000000 000000003b37d379 10 0 8
9 000000003f7fffbf 0000000000000000 00000000b6820011 10 0 8
a 000000003f7fffbf 0000000000000000 000000003b366d9a 10 0 8
9 000000003f7fffc0 0000000000000000 00000000b6800010 10 0 8
a 000000003f7fffc0 0000000000000000 000000003b3504f7 10 0 8
9 000000003f7fffc1 0000000000000000 00000000b67c001f 10 0 8
a 000000003f7fffc1 0000000000000000 000000003b339980 10 0 8
9 000000003f7fffc2 0000000000000000 00000000b678001e 10 0 8
a 000000003f7fffc2 0000000000000000 000000003b322b24 10 0 8
9 000000003f7fffc3 0000000000000000 00000000b674001d 10 0 8
a 000000003f7fffc3 0000000000000000 000000003b30b9d0 10 0 8
9 000000003f7fffc4 0000000000000000 00000000b670001c 10 0 8
a 000000003f7fffc4 0000000000000000 000000003b2f4572 10 0 8
9 000000003f7fffc5 0000000000000000 00000000b66c001b 10 0 8
a 000000003f7fffc5 0000000000000000 000000003b2dcdf6 10 0 8
9 000000003f7fffc6 0000000000000000 00000000b668001a 10 0 8
a 000000003f7fffc6 0000000000000000 000000003b2c5348 10 0 8
9 000000003f7fffc7 0000000000000000 00000000b6640019 10 0 8
a 000000003f7fffc7 0000000000000000 000000003b2ad553 10 0 8
9 000000003f7fffc8 0000000000000000 00000000b6600019 10 0 8
a 000000003f7fffc8 0000000000000000 000000003b295400 10 0 8
9 000000003f7fffc9 0000000000000000 00000000b65c0018 10 0 8
a 000000003f7fffc9 0000000000000000 000000003b27cf39 10 0 8
9 000000003f7fffca 0000000000000000 00000000b6580017 10 0 8
a 000000003f7fffca 0000000000000000 000000003b2646e4 10 0 8
9 000000003f7fffcb 0000000000000000 00000000b6540016 10 0 8
a 000000003f7fffcb 0000000000000000 000000003b24baea 10 0 8
9 000000003f7fffcc 0000000000000000 00000000b6500015 10 0 8
a 000000003f7fffcc 0000000000000000 000000003b232b2e 10 0 8
9 000000003f7fffcd 0000000000000000 00000000b64c0014 10 0 8
a 000000003f7fffcd 0000000000000000 000000003b219795 10 0 8
9 000000003f7fffce 0000000000000000 00000000b6480014 10 0 8
a 000000003f7fffce 0000000000000000 000000003b200003 10 0 8
9 000000003f7fffcf 0000000000000000 00000000b6440013 10 0 8
a 000000003f7fffcf 0000000000000000 000000003b1e6457 10 0 8
9 000000003f7fffd0 0000000000000000 00000000b6400012 10 0 8
a 000000003f7fffd0 0000000000000000 000000003b1cc473 10 0 8
9 000000003f7fffd1 0000000000000000 00000000b63c0011 10 0 8
a 000000003f7fffd1 0000000000000000 000000003b1b2034 10 0 8
9 000000003f7fffd2 0000000000000000 00000000b6380011 10 0 8
a 000000003f7fffd2 0000000000000000 000000003b197776 10 0 8
9 000000003f7fffd3 0000000000000000 00000000b6340010 10 0 8
a 000000003f7fffd3 0000000000000000 000000003b17ca14 10 0 8
9 000000003f7fffd4 0000000000000000 00000000b630000f 10 0 8
a 000000003f7fffd4 0000000000000000 000000003b1617e5 10 0 8
9 000000003f7fffd5 0000000000000000 00000000b62c000e 10 0 8
a 000000003f7fffd5 0000000000000000 000000003b1460c0 10 0 8
9 000000003f7fffd6 0000000000000000 00000000b628000e 10 0 8
a 000000003f7fffd6 0000000000000000 000000003b12a478 10 0 8
9 000000003f7fffd7 0000000000000000 00000000b624000d 10 0 8
a 000000003f7fffd7 0000000000000000 000000003b10e2dd 10 0 8
9 000000003f7fffd8 0000000000000000 00000000b620000d 10 0 8
a 000000003f7fffd8 0000000000000000 000000003b0f1bbf 10 0 8
9 000000003f7fffd9 0000000000000000 00000000b61c000c 10 0 8
a 000000003f7fffd9 0000000000000000 000000003b0d4ee6 10 0 8
9 000000003f7fffda 0000000000000000 00000000b618000b 10 0 8
a 000000003f7fffda 0000000000000000 000000003b0b7c1b 10 0 8
9 000000003f7fffdb 0000000000000000 00000000b614000b 10 0 8
a 000000003f7fffdb 0000000000000000 000000003b09a321 10 0 8
9 000000003f7fffdc 0000000000000000 00000000b610000a 10 0 8
a 000000003f7fffdc 0000000000000000 000000003b07c3b8 10 0 8
9 000000003f7fffdd 0000000000000000 00000000b60c000a 10 0 8
a 000000003f7fffdd 0000000000000000 000000003b05dd9a 10 0 8
9 000000003f7fffde 0000000000000000 00000000b6080009 10 0 8
a 000000003f7fffde 0000000000000000 000000003b03f07d 10 0 8
9 000000003f7fffdf 0000000000000000 00000000b6040009 10 0 8
a 000000003f7fffdf 0000000000000000 000000003b01fc11 10 0 8
9 000000003f7fffe0 0000000000000000 00000000b6000008 10 0 8
a 000000003f7fffe0 0000000000000000 000000003b000001 10 0 8
9 000000003f7fffe1 0000000000000000 00000000b5f8000f 10 0 8
a 000000003f7fffe1 0000000000000000 000000003afbf7e2 10 0 8
9 000000003f7fffe2 0000000000000000 00000000b5f0000e 10 0 8
a 000000003f7fffe2 0000000000000000 000000003af7def8 10 0 8
9 000000003f7fffe3 0000000000000000 00000000b5e8000d 10 0 8
a 000000003f7fffe3 0000000000000000 000000003af3b46c 10 0 8
9 000000003f7fffe4 0000000000000000 00000000b5e0000c 10 0 8
a 000000003f7fffe4 0000000000000000 000000003aef7753 10 0 8
9 000000003f7fffe5 0000000000000000 00000000b5d8000b 10 0 8
a 000000003f7fffe5 0000000000000000 000000003aeb26ab 10 0 8
9 000000003f7fffe6 0000000000000000 00000000b5d0000b 10 0 8
a 000000003f7fffe6 0000000000000000 000000003ae6c15c 10 0 8
9 000000003f7fffe7 0000000000000000 00000000b5c8000a 10 0 8
a 000000003f7fffe7 0000000000000000 000000003ae24632 10 0 8
9 000000003f7fffe8 0000000000000000 00000000b5c00009 10 0 8
a 000000003f7fffe8 0000000000000000 000000003addb3d9 10 0 8
9 000000003f7fffe9 0000000000000000 00000000b5b80008 10 0 8
a 000000003f7fffe9 0000000000000000 000000003ad908db 10 0 8
9 000000003f7fffea 0000000000000000 00000000b5b00008 10 0 8
a 000000003f7fffea 0000000000000000 000000003ad44396 10 0 8
9 000000003f7fffeb 0000000000000000 00000000b5a80007 10 0 8
a 000000003f7fffeb 0000000000000000 000000003acf623c 10 0 8
9 000000003f7fffec 0000000000000000 00000000b5a00006 10 0 8
a 000000003f7fffec 0000000000000000 000000003aca62c3 10 0 8
9 000000003f7fffed 0000000000000000 00000000b5980006 10 0 8
a 000000003f7fffed 0000000000000000 000000003ac542e2 10 0 8
9 000000003f7fffee 0000000000000000 00000000b5900005 10 0 8
a 000000003f7fffee 0000000000000000 000000003ac00001 10 0 8
9 000000003f7fffef 0000000000000000 00000000b5880005 10 0 8
a 000000003f7fffef 0000000000000000 000000003aba9729 10 0 8
9 000000003f7ffff0 0000000000000000 00000000b5800004 10 0 8
a 000000003f7ffff0 0000000000000000 000000003ab504f4 10 0 8
9 000000003f7ffff1 0000000000000000 00000000b5700007 10 0 8
a 000000003f7ffff1 0000000000000000 000000003aaf456f 10 0 8
9 000000003f7ffff2 0000000000000000 00000000b5600006 10 0 8
a 000000003f7ffff2 0000000000000000 000000003aa953fe 10 0 8
9 000000003f7ffff3 0000000000000000 00000000b5500005 10 0 8
a 000000003f7ffff3 0000000000000000 000000003aa32b2c 10 0 8
9 000000003f7ffff4 0000000000000000 00000000b5400005 10 0 8
a 000000003f7ffff4 0000000000000000 000000003a9cc471 10 0 8
9 000000003f7ffff5 0000000000000000 00000000b5300004 10 0 8
a 000000003f7ffff5 0000000000000000 000000003a9617e3 10 0 8
9 000000003f7ffff6 0000000000000000 00000000b5200003 10 0 8
a 000000003f7ffff6 0000000000000000 000000003a8f1bbd 10 0 8
9 000000003f7ffff7 0000000000000000 00000000b5100003 10 0 8
a 000000003f7ffff7 0000000000000000 000000003a87c3b7 10 0 8
9 000000003f7ffff8 0000000000000000 00000000b5000002 10 0 8
a 000000003f7ffff8 0000000000000000 000000003a800000 10 0 8
9 000000003f7ffff9 0000000000000000 00000000b4e00003 10 0 8
a 000000003f7ffff9 0000000000000000 000000003a6f7751 10 0 8
9 000000003f7ffffa 0000000000000000 00000000b4c00002 10 0 8
a 000000003f7ffffa 0000000000000000 000000003a5db3d8 10 0 8
9 000000003f7ffffb 0000000000000000 00000000b4a00002 10 0 8
a 000000003f7ffffb 0000000000000000 000000003a4a62c2 10 0 8
9 000000003f7ffffc 0000000000000000 00000000b4800001 10 0 8
a 000000003f7ffffc 0000000000000000 000000003a3504f3 10 0 8
9 000000003f7ffffd 0000000000000000 00000000b4400001 10 0 8
a 000000003f7ffffd 0000000000000000 000000003a1cc471 10 0 8
9 000000003f7ffffe 0000000000000000 00000000b4000001 10 0 8
a 000000003f7ffffe 0000000000000000 000000003a000000 10 0 8
9 000000003f7fffff 0000000000000000 00000000b3800000 10 0 8
a 000000003f7fffff 0000000000000000 0000000039b504f3 10 0 8
9 000000003f800000 0000000000000000 0000000000000000 0 0 8
a 000000003f800000 0000000000000000 0000000000000000 0 0 8
9 000000003f800001 0000000000000000 0000000033ffffff 10 0 8
9 000000003f800002 0000000000000000 00000000347ffffe 10 0 8
9 000000003f800003 0000000000000000 0000000034bffffe 10 0 8
9 000000003f800004 0000000000000000 0000000034fffffc 10 0 8
9 000000003f800005 0000000000000000 00000000351ffffd 10 0 8
9 000000003f800006 0000000000000000 00000000353ffffc 10 0 8
9 000000003f800007 0000000000000000 00000000355ffffa 10 0 8
9 000000003f800008 0000000000000000 00000000357ffff8 10 0 8
9 000000003f800009 0000000000000000 00000000358ffffb 10 0 8
9 000000003f80000a 0000000000000000 00000000359ffffa 10 0 8
9 000000003f80000b 0000000000000000 0000000035affff8 10 0 8
9 000000003f80000c 0000000000000000 0000000035bffff7 10 0 8
9 000000003f80000d 0000000000000000 0000000035cffff5 10 0 8
9 000000003f80000e 0000000000000000 0000000035dffff4 10 0 8
9 000000003f80000f 0000000000000000 0000000035effff2 10 0 8
9 000000003f800010 0000000000000000 0000000035fffff0 10 0 8
9 000000003f800011 0000000000000000 000000003607fff7 10 0 8
9 000000003f800012 0000000000000000 00000000360ffff6 10 0 8
9 000000003f800013 0000000000000000 000000003617fff5 10 0 8
9 000000003f800014 0000000000000000 00000000361ffff4 10 0 8
9 000000003f800015 0000000000000000 000000003627fff2 10 0 8
9 000000003f800016 0000000000000000 00000000362ffff1 10 0 8
9 000000003f800017 0000000000000000 000000003637ffef 10 0 8
9 000000003f800018 0000000000000000 00000000363fffee 10 0 8
9 000000003f800019 0000000000000000 000000003647ffec 10 0 8
9 000000003f80001a 0000000000000000 00000000364fffeb 10 0 8
9 000000003f80001b 0000000000000000 000000003657ffe9 10 0 8
9 000000003f80001c 0000000000000000 00000000365fffe8 10 0 8
9 000000003f80001d 0000000000000000 000000003667ffe6 10 0 8
9 000000003f80001e 0000000000000000 00000000366fffe4 10 0 8
9 000000003f80001f 0000000000000000 000000003677ffe2 10 0 8
9 000000003f800020 0000000000000000 00000000367fffe0 10 0 8
9 000000003f800021 0000000000000000 000000003683ffef 10 0 8
9 000000003f800022 0000000000000000 000000003687ffee 10 0 8
9 000000003f800023 0000000000000000 00000000368bffed 10 0 8
9 000000003f800024 0000000000000000 00000000368fffec 10 0 8
9 000000003f800025 0000000000000000 000000003693ffeb 10 0 8
9 000000003f800026 0000000000000000 000000003697ffe9 10 0 8
9 000000003f800027 0000000000000000 00000000369bffe8 10 0 8
9 000000003f800028 0000000000000000 00000000369fffe7 10 0 8
9 000000003f800029 0000000000000000 0000000036a3ffe6 10 0 8
9 000000003f80002a 0000000000000000 0000000036a7ffe4 10 0 8
9 000000003f80002b 0000000000000000 0000000036abffe3 10 0 8
9 000000003f80002c 0000000000000000 0000000036afffe2 10 0 8
9 000000003f80002d 0000000000000000 0000000036b3ffe0 10 0 8
9 000000003f80002e 0000000000000000 0000000036b7ffdf 10 0 8
9 000000003f80002f 0000000000000000 0000000036bbffdd 10 0 8
9 000000003f800030 0000000000000000 0000000036bfffdc 10 0 8
9 000000003f800031 0000000000000000 0000000036c3ffda 10 0 8
9 000000003f800032 0000000000000000 0000000036c7ffd9 10 0 8
9 000000003f800033 0000000000000000 0000000036cbffd7 10 0 8
9 000000003f800034 0000000000000000 0000000036cfffd6 10 0 8
9 000000003f800035 0000000000000000 0000000036d3ffd4 10 0 8
9 000000003f800036 0000000000000000 0000000036d7ffd2 10 0 8
9 000000003f800037 0000000000000000 0000000036dbffd1 10 0 8
9 000000003f800038 0000000000000000 0000000036dfffcf 10 0 8
9 000000003f800039 0000000000000000 0000000036e3ffcd 10 0 8
9 000000003f80003a 0000000000000000 0000000036e7ffcb 10 0 8
9 000000003f80003b 0000000000000000 0000000036ebffca 10 0 8
9 000000003f80003c 0000000000000000 0000000036efffc8 10 0 8
9 000000003f80003d 0000000000000000 0000000036f3ffc6 10 0 8
9 000000003f80003e 0000000000000000 0000000036f7ffc4 10 0 8
9 000000003f80003f 0000000000000000 0000000036fbffc2 10 0 8
9 000000003f800040 0000000000000000 0000000036ffffc0 10 0 8
9 000000003f800041 0000000000000000 000000003701ffdf 10 0 8
9 000000003f800042 0000000000000000 000000003703ffde 10 0 8
9 000000003f800043 0000000000000000 000000003705ffdd 10 0 8
9 000000003f800044 0000000000000000 000000003707ffdc 10 0 8
9 000000003f800045 0000000000000000 000000003709ffdb 10 0 8
9 000000003f800046 0000000000000000 00000000370bffda 10 0 8
9 000000003f800047 0000000000000000 00000000370dffd9 10 0 8
9 000000003f800048 0000000000000000 00000000370fffd8 10 0 8
9 000000003f800049 0000000000000000 000000003711ffd6 10 0 8
9 000000003f80004a 0000000000000000 000000003713ffd5 10 0 8
9 000000003f80004b 0000000000000000 000000003715ffd4 10 0 8
9 000000003f80004c 0000000000000000 000000003717ffd3 10 0 8
9 000000003f80004d 0000000000000000 000000003719ffd2 10 0 8
9 000000003f80004e 0000000000000000 00000000371bffd0 10 0 8
9 000000003f80004f 0000000000000000 00000000371dffcf 10 0 8
9 000000003f800050 0000000000000000 00000000371fffce 10 0 8
9 000000003f800051 0000000000000000 000000003721ffcd 10 0 8
9 000000003f800052 0000000000000000 000000003723ffcb 10 0 8
9 000000003f800053 0000000000000000 000000003725ffca 10 0 8
9 000000003f800054 0000000000000000 000000003727ffc9 10 0 8
9 000000003f800055 0000000000000000 000000003729ffc8 10 0 8
9 000000003f800056 0000000000000000 00000000372bffc6 10 0 8
9 000000003f800057 0000000000000000 00000000372dffc5 10 0 8
9 000000003f800058 0000000000000000 00000000372fffc4 10 0 8
9 000000003f800059 0000000000000000 000000003731ffc2 10 0 8
9 000000003f80005a 0000000000000000 000000003733ffc1 10 0 8
9 000000003f80005b 0000000000000000 000000003735ffbf 10 0 8
9 000000003f80005c 0000000000000000 000000003737ffbe 10 0 8
9 000000003f80005d 0000000000000000 000000003739ffbc 10 0 8
9 000000003f80005e 0000000000000000 00000000373bffbb 10 0 8
9 000000003f80005f 0000000000000000 00000000373dffb9 10 0 8
9 000000003f800060 0000000000000000 00000000373fffb8 10 0 8
9 000000003f800061 0000000000000000 000000003741ffb6 10 0 8
9 000000003f800062 0000000000000000 000000003743ffb5 10 0 8
9 000000003f800063 0000000000000000 000000003745ffb3 10 0 8
9 000000003f800064 0000000000000000 000000003747ffb2 10 0 8
5 0000000040490fdb 0000000000000000 00000000b3bbbd2e 10 0 8
6 0000000040490fdb 0000000000000000 00000000bf800000 10 0 8
8 0000000040490fdb 0000000000000000 0000000041b92025 10 0 8
5 000000003fc90fdb 0000000000000000 000000003f800000 10 0 8
6 000000003fc90fdb 0000000000000000 00000000b33bbd2e 10 0 8
8 000000003fc90fdb 0000000000000000 000000004099ef6f 10 0 8
5 0000000040c90fdb 0000000000000000 00000000343bbd2e 10 0 8
6 0000000040c90fdb 0000000000000000 000000003f800000 10 0 8
8 0000000040c90fdb 0000000000000000 000000004405df79 10 0 8
5 0000000060ad78ec 0000000000000000 000000003f281569 10 0 8
6 0000000060ad78ec 0000000000000000 000000003f411723 10 0 8
8 0000000060ad78ec 0000000000000000 000000007f800000 14 0 8
5 000000007f800000 0000000000000000 000000007fc00000 1 0 0
6 000000007f800000 0000000000000000 000000007fc00000 1 0 0
8 000000007f800000 0000000000000000 000000007f800000 0 0 8
5 000000007f800000 0000000000000000 000000007fc00000 1 0 0
6 000000007f800000 0000000000000000 000000007fc00000 1 0 0
8 000000007f800000 0000000000000000 000000007f800000 0 0 8
5 00000000ff800000 0000000000000000 000000007fc00000 1 0 0
6 00000000ff800000 0000000000000000 000000007fc00000 1 0 0
8 00000000ff800000 0000000000000000 0000000000000000 0 0 8
5 000000002edbe6ff 0000000000000000 000000002edbe6ff 10 0 8
6 000000002edbe6ff 0000000000000000 000000003f800000 10 0 8
8 000000002edbe6ff 0000000000000000 000000003f800000 10 0 8
5 000000001e3ce508 0000000000000000 000000001e3ce508 10 0 8
6 000000001e3ce508 0000000000000000 000000003f800000 10 0 8
8 000000001e3ce508 0000000000000000 000000003f800000 10 0 8
5 0000000000000000 0000000000000000 0000000000000000 0 0 8
6 0000000000000000 0000000000000000 000000003f800000 0 0 8
8 0000000000000000 0000000000000000 000000003f800000 0 0 8
5 0000000000000000 0000000000000000 0000000000000000 0 0 8
6 0000000000000000 0000000000000000 000000003f800000 0 0 8
8 0000000000000000 0000000000000000 000000003f800000 0 0 8
5 0000000044317218 0000000000000000 00000000be5cb16b 10 0 8
6 0000000044317218 0000000000000000 000000003f79fbdc 10 0 8
8 0000000044317218 0000000000000000 000000007f800000 14 0 8
5 00000000c43a4887 0000000000000000 000000003f0b63b1 10 0 8
6 00000000c43a4887 0000000000000000 00000000bf56b976 10 0 8
8 00000000c43a4887 0000000000000000 0000000000000000 18 0 8
